time,y_hif,y_o2,y_p300,y_p53,y_casp,y_kp
0.0000,0.00000000,0.00000000,0.00000000,0.00000000,0.00000000,0.00000000
0.0100,0.01519916,0.01798120,0.00059999,0.00049975,0.00099975,0.00001798
0.0200,0.03039325,0.03592160,0.00119995,0.00099900,0.00199900,0.00007187
0.0300,0.04557726,0.05381642,0.00179984,0.00149775,0.00299775,0.00016156
0.0400,0.06074616,0.07166094,0.00239961,0.00199601,0.00399600,0.00028693
0.0500,0.07589497,0.08945045,0.00299924,0.00249376,0.00499375,0.00044786
0.0600,0.09101876,0.10718030,0.00359869,0.00299102,0.00599100,0.00064421
0.0700,0.10611262,0.12484592,0.00419792,0.00348778,0.00698775,0.00087583
0.0800,0.12117173,0.14244274,0.00479689,0.00398404,0.00798400,0.00114257
0.0900,0.13619127,0.15996631,0.00539558,0.00447981,0.00897975,0.00144427
0.1000,0.15116653,0.17741221,0.00599394,0.00497508,0.00997500,0.00178075
0.1100,0.16609284,0.19477611,0.00659194,0.00546986,0.01096975,0.00215183
0.1200,0.18096560,0.21205376,0.00718955,0.00596414,0.01196400,0.00255731
0.1300,0.19578029,0.22924099,0.00778673,0.00645793,0.01295775,0.00299699
0.1400,0.21053248,0.24633369,0.00838344,0.00695123,0.01395100,0.00347066
0.1500,0.22521780,0.26332789,0.00897966,0.00744403,0.01494375,0.00397810
0.1600,0.23983200,0.28021968,0.00957534,0.00793634,0.01593600,0.00451909
0.1700,0.25437089,0.29700525,0.01017046,0.00842815,0.01692775,0.00509337
0.1800,0.26883040,0.31368090,0.01076498,0.00891948,0.01791900,0.00570072
0.1900,0.28320655,0.33024303,0.01135887,0.00941031,0.01890975,0.00634088
0.2000,0.29749546,0.34668816,0.01195210,0.00990066,0.01990000,0.00701359
0.2100,0.31169337,0.36301291,0.01254463,0.01039051,0.02088975,0.00771858
0.2200,0.32579660,0.37921400,0.01313644,0.01087987,0.02187900,0.00845557
0.2300,0.33980162,0.39528830,0.01372750,0.01136875,0.02286776,0.00922429
0.2400,0.35370498,0.41123277,0.01431777,0.01185713,0.02385601,0.01002445
0.2500,0.36750337,0.42704448,0.01490723,0.01234503,0.02484376,0.01085575
0.2600,0.38119358,0.44272067,0.01549585,0.01283244,0.02583101,0.01171790
0.2700,0.39477253,0.45825864,0.01608359,0.01331936,0.02681776,0.01261058
0.2800,0.40823726,0.47365586,0.01667043,0.01380580,0.02780401,0.01353348
0.2900,0.42158493,0.48890990,0.01725635,0.01429174,0.02878976,0.01448629
0.3000,0.43481281,0.50401847,0.01784132,0.01477721,0.02977502,0.01546869
0.3100,0.44791833,0.51897939,0.01842531,0.01526218,0.03075977,0.01648034
0.3200,0.46089901,0.53379061,0.01900830,0.01574668,0.03174402,0.01752091
0.3300,0.47375249,0.54845022,0.01959025,0.01623069,0.03272777,0.01859008
0.3400,0.48647658,0.56295642,0.02017116,0.01671421,0.03371103,0.01968749
0.3500,0.49906916,0.57730754,0.02075099,0.01719725,0.03469378,0.02081281
0.3600,0.51152826,0.59150203,0.02132972,0.01767981,0.03567603,0.02196569
0.3700,0.52385205,0.60553846,0.02190733,0.01816188,0.03665779,0.02314576
0.3800,0.53603878,0.61941554,0.02248380,0.01864348,0.03763904,0.02435270
0.3900,0.54808686,0.63313208,0.02305910,0.01912459,0.03861980,0.02558612
0.4000,0.55999480,0.64668703,0.02363323,0.01960522,0.03960005,0.02684568
0.4100,0.57176124,0.66007943,0.02420615,0.02008537,0.04057981,0.02813102
0.4200,0.58338493,0.67330847,0.02477785,0.02056504,0.04155906,0.02944177
0.4300,0.59486473,0.68637344,0.02534831,0.02104423,0.04253782,0.03077756
0.4400,0.60619964,0.69927372,0.02591752,0.02152294,0.04351608,0.03213803
0.4500,0.61738876,0.71200885,0.02648545,0.02200117,0.04449383,0.03352282
0.4600,0.62843127,0.72457844,0.02705210,0.02247893,0.04547109,0.03493154
0.4700,0.63932651,0.73698221,0.02761743,0.02295620,0.04644785,0.03636384
0.4800,0.65007390,0.74921999,0.02818145,0.02343300,0.04742411,0.03781934
0.4900,0.66067296,0.76129173,0.02874414,0.02390932,0.04839987,0.03929766
0.5000,0.67112332,0.77319745,0.02930547,0.02438517,0.04937513,0.04079845
0.5100,0.68142470,0.78493727,0.02986545,0.02486054,0.05034989,0.04232133
0.5200,0.69157694,0.79651143,0.03042405,0.02533543,0.05132415,0.04386593
0.5300,0.70157995,0.80792023,0.03098127,0.02580985,0.05229791,0.04543187
0.5400,0.71143374,0.81916407,0.03153709,0.02628380,0.05327117,0.04701879
0.5500,0.72113840,0.83024344,0.03209150,0.02675727,0.05424393,0.04862632
0.5600,0.73069413,0.84115890,0.03264450,0.02723027,0.05521620,0.05025408
0.5700,0.74010120,0.85191110,0.03319607,0.02770279,0.05618796,0.05190173
0.5800,0.74935994,0.86250077,0.03374620,0.02817484,0.05715923,0.05356888
0.5900,0.75847079,0.87292871,0.03429489,0.02864642,0.05812999,0.05525517
0.6000,0.76743425,0.88319577,0.03484213,0.02911753,0.05910026,0.05696025
0.6100,0.77625089,0.89330290,0.03538791,0.02958817,0.06007003,0.05868375
0.6200,0.78492136,0.90325109,0.03593223,0.03005833,0.06103930,0.06042531
0.6300,0.79344636,0.91304141,0.03647507,0.03052803,0.06200807,0.06218457
0.6400,0.80182666,0.92267499,0.03701644,0.03099725,0.06297634,0.06396119
0.6500,0.81006310,0.93215298,0.03755633,0.03146601,0.06394411,0.06575480
0.6600,0.81815657,0.94147664,0.03809472,0.03193430,0.06491138,0.06756506
0.6700,0.82610802,0.95064723,0.03863163,0.03240212,0.06587815,0.06939163
0.6800,0.83391844,0.95966608,0.03916704,0.03286947,0.06684443,0.07123415
0.6900,0.84158888,0.96853458,0.03970096,0.03333635,0.06781020,0.07309228
0.7000,0.84912045,0.97725413,0.04023337,0.03380277,0.06877548,0.07496569
0.7100,0.85651427,0.98582619,0.04076428,0.03426872,0.06974026,0.07685404
0.7200,0.86377153,0.99425225,0.04129368,0.03473421,0.07070454,0.07875699
0.7300,0.87089345,1.00253384,0.04182157,0.03519922,0.07166832,0.08067422
0.7400,0.87788130,1.01067252,0.04234796,0.03566378,0.07263160,0.08260540
0.7500,0.88473635,1.01866988,0.04287284,0.03612787,0.07359438,0.08455020
0.7600,0.89145995,1.02652754,0.04339620,0.03659149,0.07455667,0.08650831
0.7700,0.89805344,1.03424712,0.04391806,0.03705465,0.07551845,0.08847940
0.7800,0.90451821,1.04183030,0.04443841,0.03751735,0.07647974,0.09046317
0.7900,0.91085566,1.04927877,0.04495725,0.03797958,0.07744053,0.09245930
0.8000,0.91706723,1.05659421,0.04547458,0.03844136,0.07840082,0.09446748
0.8100,0.92315437,1.06377835,0.04599040,0.03890267,0.07936061,0.09648742
0.8200,0.92911854,1.07083293,0.04650472,0.03936352,0.08031990,0.09851881
0.8300,0.93496125,1.07775969,0.04701753,0.03982390,0.08127870,0.10056135
0.8400,0.94068399,1.08456037,0.04752884,0.04028383,0.08223699,0.10261476
0.8500,0.94628828,1.09123676,0.04803865,0.04074330,0.08319479,0.10467874
0.8600,0.95177566,1.09779061,0.04854697,0.04120230,0.08415209,0.10675301
0.8700,0.95714765,1.10422370,0.04905379,0.04166085,0.08510889,0.10883729
0.8800,0.96240582,1.11053782,0.04955912,0.04211894,0.08606519,0.11093129
0.8900,0.96755171,1.11673475,0.05006297,0.04257657,0.08702100,0.11303475
0.9000,0.97258688,1.12281626,0.05056533,0.04303375,0.08797630,0.11514740
0.9100,0.97751290,1.12878414,0.05106621,0.04349046,0.08893111,0.11726896
0.9200,0.98233134,1.13464017,0.05156561,0.04394672,0.08988542,0.11939917
0.9300,0.98704376,1.14038612,0.05206355,0.04440252,0.09083923,0.12153778
0.9400,0.99165172,1.14602377,0.05256001,0.04485787,0.09179255,0.12368453
0.9500,0.99615681,1.15155488,0.05305502,0.04531276,0.09274537,0.12583916
0.9600,1.00056057,1.15698121,0.05354856,0.04576720,0.09369768,0.12800143
0.9700,1.00486458,1.16230452,0.05404065,0.04622118,0.09464950,0.13017110
0.9800,1.00907038,1.16752653,0.05453130,0.04667470,0.09560083,0.13234791
0.9900,1.01317952,1.17264899,0.05502050,0.04712778,0.09655165,0.13453164
1.0000,1.01719355,1.17767362,0.05550827,0.04758040,0.09750198,0.13672205
1.0100,1.02111401,1.18260212,0.05599460,0.04803256,0.09845181,0.13891891
1.0200,1.02494241,1.18743619,0.05647951,0.04848428,0.09940114,0.14112199
1.0300,1.02868028,1.19217752,0.05696299,0.04893554,0.10034998,0.14333107
1.0400,1.03232913,1.19682777,0.05744507,0.04938635,0.10129831,0.14554593
1.0500,1.03589044,1.20138860,0.05792573,0.04983671,0.10224615,0.14776635
1.0600,1.03936572,1.20586166,0.05840499,0.05028662,0.10319349,0.14999213
1.0700,1.04275643,1.21024855,0.05888286,0.05073608,0.10414034,0.15222304
1.0800,1.04606403,1.21455090,0.05935933,0.05118509,0.10508668,0.15445889
1.0900,1.04928997,1.21877028,0.05983442,0.05163365,0.10603253,0.15669948
1.1000,1.05243569,1.22290829,0.06030814,0.05208176,0.10697789,0.15894460
1.1100,1.05550260,1.22696647,0.06078048,0.05252942,0.10792274,0.16119405
1.1200,1.05849211,1.23094636,0.06125146,0.05297664,0.10886710,0.16344765
1.1300,1.06140562,1.23484948,0.06172108,0.05342340,0.10981096,0.16570521
1.1400,1.06424450,1.23867733,0.06218935,0.05386972,0.11075433,0.16796654
1.1500,1.06701011,1.24243140,0.06265628,0.05431560,0.11169719,0.17023145
1.1600,1.06970379,1.24611314,0.06312187,0.05476103,0.11263956,0.17249977
1.1700,1.07232687,1.24972401,0.06358613,0.05520601,0.11358144,0.17477132
1.1800,1.07488067,1.25326543,0.06404906,0.05565054,0.11452281,0.17704593
1.1900,1.07736648,1.25673880,0.06451068,0.05609464,0.11546369,0.17932342
1.2000,1.07978557,1.26014551,0.06497098,0.05653828,0.11640407,0.18160363
1.2100,1.08213922,1.26348693,0.06542999,0.05698149,0.11734396,0.18388639
1.2200,1.08442867,1.26676439,0.06588769,0.05742424,0.11828335,0.18617155
1.2300,1.08665513,1.26997923,0.06634411,0.05786656,0.11922224,0.18845893
1.2400,1.08881983,1.27313275,0.06679925,0.05830843,0.12016064,0.19074839
1.2500,1.09092395,1.27622623,0.06725311,0.05874987,0.12109854,0.19303978
1.2600,1.09296868,1.27926095,0.06770570,0.05919086,0.12203594,0.19533293
1.2700,1.09495516,1.28223814,0.06815703,0.05963140,0.12297285,0.19762771
1.2800,1.09688455,1.28515904,0.06860710,0.06007151,0.12390926,0.19992397
1.2900,1.09875796,1.28802484,0.06905593,0.06051118,0.12484517,0.20222156
1.3000,1.10057650,1.29083674,0.06950352,0.06095041,0.12578059,0.20452035
1.3100,1.10234125,1.29359589,0.06994987,0.06138919,0.12671551,0.20682020
1.3200,1.10405330,1.29630345,0.07039500,0.06182754,0.12764994,0.20912097
1.3300,1.10571368,1.29896055,0.07083891,0.06226545,0.12858387,0.21142253
1.3400,1.10732345,1.30156828,0.07128160,0.06270292,0.12951730,0.21372475
1.3500,1.10888361,1.30412773,0.07172309,0.06313996,0.13045024,0.21602750
1.3600,1.11039518,1.30663998,0.07216339,0.06357655,0.13138268,0.21833066
1.3700,1.11185913,1.30910608,0.07260249,0.06401271,0.13231462,0.22063410
1.3800,1.11327643,1.31152705,0.07304040,0.06444843,0.13324608,0.22293770
1.3900,1.11464804,1.31390390,0.07347714,0.06488372,0.13417703,0.22524135
1.4000,1.11597489,1.31623764,0.07391270,0.06531857,0.13510749,0.22754493
1.4100,1.11725790,1.31852922,0.07434710,0.06575299,0.13603745,0.22984832
1.4200,1.11849798,1.32077962,0.07478035,0.06618697,0.13696692,0.23215141
1.4300,1.11969600,1.32298977,0.07521244,0.06662052,0.13789589,0.23445409
1.4400,1.12085284,1.32516060,0.07564339,0.06705363,0.13882437,0.23675625
1.4500,1.12196936,1.32729299,0.07607320,0.06748631,0.13975235,0.23905780
1.4600,1.12304639,1.32938785,0.07650188,0.06791855,0.14067984,0.24135861
1.4700,1.12408476,1.33144603,0.07692944,0.06835037,0.14160683,0.24365859
1.4800,1.12508527,1.33346840,0.07735588,0.06878175,0.14253332,0.24595765
1.4900,1.12604871,1.33545578,0.07778121,0.06921270,0.14345932,0.24825568
1.5000,1.12697588,1.33740900,0.07820543,0.06964321,0.14438483,0.25055258
1.5100,1.12786752,1.33932885,0.07862856,0.07007330,0.14530984,0.25284827
1.5200,1.12872439,1.34121613,0.07905059,0.07050296,0.14623436,0.25514264
1.5300,1.12954722,1.34307161,0.07947154,0.07093218,0.14715838,0.25743561
1.5400,1.13033673,1.34489603,0.07989141,0.07136098,0.14808191,0.25972709
1.5500,1.13109363,1.34669015,0.08031021,0.07178935,0.14900494,0.26201699
1.5600,1.13181861,1.34845468,0.08072795,0.07221729,0.14992747,0.26430522
1.5700,1.13251235,1.35019033,0.08114462,0.07264480,0.15084952,0.26659170
1.5800,1.13317552,1.35189780,0.08156024,0.07307188,0.15177106,0.26887635
1.5900,1.13380876,1.35357778,0.08197482,0.07349853,0.15269212,0.27115908
1.6000,1.13441271,1.35523092,0.08238835,0.07392476,0.15361268,0.27343982
1.6100,1.13498802,1.35685788,0.08280085,0.07435056,0.15453274,0.27571848
1.6200,1.13553527,1.35845929,0.08321232,0.07477594,0.15545231,0.27799500
1.6300,1.13605509,1.36003580,0.08362276,0.07520089,0.15637139,0.28026929
1.6400,1.13654805,1.36158799,0.08403219,0.07562541,0.15728997,0.28254128
1.6500,1.13701474,1.36311648,0.08444061,0.07604951,0.15820806,0.28481091
1.6600,1.13745572,1.36462186,0.08484802,0.07647318,0.15912566,0.28707808
1.6700,1.13787155,1.36610468,0.08525444,0.07689643,0.16004276,0.28934275
1.6800,1.13826276,1.36756553,0.08565986,0.07731926,0.16095936,0.29160484
1.6900,1.13862990,1.36900494,0.08606429,0.07774166,0.16187548,0.29386427
1.7000,1.13897347,1.37042345,0.08646775,0.07816364,0.16279109,0.29612100
1.7100,1.13929399,1.37182159,0.08687022,0.07858520,0.16370622,0.29837494
1.7200,1.13959196,1.37319987,0.08727173,0.07900634,0.16462085,0.30062605
1.7300,1.13986787,1.37455879,0.08767227,0.07942705,0.16553499,0.30287425
1.7400,1.14012219,1.37589886,0.08807185,0.07984734,0.16644864,0.30511948
1.7500,1.14035540,1.37722054,0.08847048,0.08026721,0.16736179,0.30736169
1.7600,1.14056796,1.37852431,0.08886816,0.08068667,0.16827445,0.30960081
1.7700,1.14076030,1.37981062,0.08926490,0.08110570,0.16918661,0.31183680
1.7800,1.14093287,1.38107993,0.08966070,0.08152431,0.17009829,0.31406958
1.7900,1.14108611,1.38233268,0.09005557,0.08194250,0.17100947,0.31629911
1.8000,1.14122043,1.38356930,0.09044951,0.08236028,0.17192015,0.31852533
1.8100,1.14133624,1.38479020,0.09084253,0.08277763,0.17283035,0.32074819
1.8200,1.14143395,1.38599580,0.09123463,0.08319457,0.17374005,0.32296764
1.8300,1.14151395,1.38718649,0.09162583,0.08361109,0.17464925,0.32518362
1.8400,1.14157664,1.38836268,0.09201611,0.08402720,0.17555797,0.32739608
1.8500,1.14162237,1.38952474,0.09240550,0.08444288,0.17646619,0.32960498
1.8600,1.14165154,1.39067305,0.09279399,0.08485815,0.17737392,0.33181026
1.8700,1.14166449,1.39180797,0.09318159,0.08527301,0.17828116,0.33401188
1.8800,1.14166158,1.39292986,0.09356830,0.08568745,0.17918791,0.33620979
1.8900,1.14164316,1.39403908,0.09395414,0.08610147,0.18009416,0.33840395
1.9000,1.14160957,1.39513595,0.09433910,0.08651509,0.18099992,0.34059430
1.9100,1.14156114,1.39622083,0.09472318,0.08692828,0.18190519,0.34278082
1.9200,1.14149819,1.39729402,0.09510640,0.08734106,0.18280997,0.34496344
1.9300,1.14142104,1.39835586,0.09548876,0.08775343,0.18371425,0.34714214
1.9400,1.14133000,1.39940664,0.09587027,0.08816539,0.18461805,0.34931686
1.9500,1.14122537,1.40044668,0.09625092,0.08857693,0.18552135,0.35148757
1.9600,1.14110746,1.40147627,0.09663072,0.08898807,0.18642416,0.35365423
1.9700,1.14097654,1.40249571,0.09700968,0.08939879,0.18732648,0.35581679
1.9800,1.14083292,1.40350526,0.09738781,0.08980909,0.18822830,0.35797523
1.9900,1.14067685,1.40450522,0.09776510,0.09021899,0.18912964,0.36012949
2.0000,1.14050862,1.40549584,0.09814156,0.09062848,0.19003048,0.36227955
2.0100,1.14032850,1.40647740,0.09851719,0.09103756,0.19093083,0.36442536
2.0200,1.14013673,1.40745015,0.09889201,0.09144623,0.19183069,0.36656690
2.0300,1.13993358,1.40841435,0.09926601,0.09185448,0.19273006,0.36870412
2.0400,1.13971930,1.40937023,0.09963920,0.09226233,0.19362894,0.37083700
2.0500,1.13949412,1.41031803,0.10001159,0.09266978,0.19452733,0.37296549
2.0600,1.13925829,1.41125800,0.10038317,0.09307681,0.19542523,0.37508957
2.0700,1.13901203,1.41219035,0.10075395,0.09348344,0.19632263,0.37720919
2.0800,1.13875559,1.41311532,0.10112394,0.09388965,0.19721955,0.37932434
2.0900,1.13848917,1.41403311,0.10149314,0.09429547,0.19811598,0.38143498
2.1000,1.13821300,1.41494395,0.10186156,0.09470087,0.19901191,0.38354107
2.1100,1.13792728,1.41584803,0.10222919,0.09510587,0.19990735,0.38564259
2.1200,1.13763224,1.41674556,0.10259605,0.09551047,0.20080231,0.38773951
2.1300,1.13732807,1.41763674,0.10296213,0.09591466,0.20169677,0.38983180
2.1400,1.13701496,1.41852176,0.10332744,0.09631844,0.20259074,0.39191943
2.1500,1.13669313,1.41940080,0.10369199,0.09672182,0.20348422,0.39400237
2.1600,1.13636274,1.42027406,0.10405578,0.09712480,0.20437722,0.39608059
2.1700,1.13602400,1.42114171,0.10441881,0.09752737,0.20526972,0.39815408
2.1800,1.13567709,1.42200392,0.10478109,0.09792954,0.20616173,0.40022279
2.1900,1.13532217,1.42286087,0.10514262,0.09833130,0.20705326,0.40228671
2.2000,1.13495943,1.42371272,0.10550340,0.09873267,0.20794429,0.40434581
2.2100,1.13458904,1.42455963,0.10586344,0.09913363,0.20883483,0.40640007
2.2200,1.13421117,1.42540176,0.10622275,0.09953419,0.20972489,0.40844946
2.2300,1.13382596,1.42623927,0.10658132,0.09993435,0.21061445,0.41049395
2.2400,1.13343360,1.42707230,0.10693916,0.10033411,0.21150353,0.41253353
2.2500,1.13303422,1.42790101,0.10729627,0.10073347,0.21239211,0.41456817
2.2600,1.13262799,1.42872554,0.10765266,0.10113243,0.21328021,0.41659784
2.2700,1.13221505,1.42954602,0.10800833,0.10153099,0.21416782,0.41862254
2.2800,1.13179555,1.43036259,0.10836329,0.10192915,0.21505494,0.42064222
2.2900,1.13136963,1.43117539,0.10871753,0.10232691,0.21594157,0.42265688
2.3000,1.13093743,1.43198454,0.10907107,0.10272427,0.21682771,0.42466649
2.3100,1.13049909,1.43279017,0.10942390,0.10312123,0.21771336,0.42667103
2.3200,1.13005474,1.43359241,0.10977603,0.10351780,0.21859852,0.42867049
2.3300,1.12960451,1.43439137,0.11012746,0.10391397,0.21948320,0.43066483
2.3400,1.12914853,1.43518717,0.11047820,0.10430974,0.22036738,0.43265405
2.3500,1.12868692,1.43597993,0.11082824,0.10470512,0.22125108,0.43463812
2.3600,1.12821981,1.43676976,0.11117760,0.10510010,0.22213429,0.43661703
2.3700,1.12774731,1.43755676,0.11152628,0.10549469,0.22301701,0.43859075
2.3800,1.12726954,1.43834105,0.11187428,0.10588888,0.22389925,0.44055927
2.3900,1.12678661,1.43912272,0.11222160,0.10628267,0.22478099,0.44252258
2.4000,1.12629865,1.43990187,0.11256824,0.10667607,0.22566225,0.44448065
2.4100,1.12580575,1.44067861,0.11291421,0.10706908,0.22654302,0.44643346
2.4200,1.12530802,1.44145303,0.11325952,0.10746169,0.22742330,0.44838101
2.4300,1.12480558,1.44222522,0.11360416,0.10785391,0.22830310,0.45032328
2.4400,1.12429851,1.44299528,0.11394815,0.10824574,0.22918240,0.45226024
2.4500,1.12378692,1.44376328,0.11429147,0.10863718,0.23006122,0.45419189
2.4600,1.12327091,1.44452933,0.11463414,0.10902822,0.23093956,0.45611821
2.4700,1.12275058,1.44529350,0.11497616,0.10941887,0.23181740,0.45803918
2.4800,1.12222601,1.44605587,0.11531753,0.10980913,0.23269476,0.45995480
2.4900,1.12169730,1.44681652,0.11565826,0.11019900,0.23357163,0.46186504
2.5000,1.12116454,1.44757554,0.11599835,0.11058848,0.23444801,0.46376990
2.5100,1.12062782,1.44833299,0.11633779,0.11097757,0.23532391,0.46566935
2.5200,1.12008722,1.44908895,0.11667660,0.11136626,0.23619932,0.46756339
2.5300,1.11954283,1.44984350,0.11701478,0.11175457,0.23707424,0.46945200
2.5400,1.11899472,1.45059670,0.11735233,0.11214249,0.23794868,0.47133518
2.5500,1.11844299,1.45134862,0.11768925,0.11253002,0.23882263,0.47321290
2.5600,1.11788771,1.45209933,0.11802555,0.11291717,0.23969610,0.47508516
2.5700,1.11732895,1.45284889,0.11836123,0.11330392,0.24056907,0.47695195
2.5800,1.11676679,1.45359737,0.11869629,0.11369029,0.24144157,0.47881324
2.5900,1.11620130,1.45434482,0.11903074,0.11407627,0.24231357,0.48066904
2.6000,1.11563256,1.45509131,0.11936457,0.11446187,0.24318509,0.48251933
2.6100,1.11506064,1.45583689,0.11969780,0.11484708,0.24405613,0.48436410
2.6200,1.11448561,1.45658163,0.12003042,0.11523190,0.24492667,0.48620334
2.6300,1.11390753,1.45732557,0.12036243,0.11561634,0.24579674,0.48803704
2.6400,1.11332647,1.45806876,0.12069385,0.11600039,0.24666631,0.48986520
2.6500,1.11274250,1.45881128,0.12102467,0.11638406,0.24753540,0.49168779
2.6600,1.11215567,1.45955315,0.12135489,0.11676734,0.24840401,0.49350481
2.6700,1.11156606,1.46029444,0.12168452,0.11715024,0.24927213,0.49531625
2.6800,1.11097372,1.46103518,0.12201356,0.11753275,0.25013977,0.49712211
2.6900,1.11037871,1.46177544,0.12234202,0.11791489,0.25100692,0.49892237
2.7000,1.10978110,1.46251524,0.12266989,0.11829664,0.25187358,0.50071702
2.7100,1.10918093,1.46325464,0.12299718,0.11867800,0.25273976,0.50250606
2.7200,1.10857826,1.46399369,0.12332390,0.11905899,0.25360546,0.50428949
2.7300,1.10797315,1.46473241,0.12365003,0.11943959,0.25447067,0.50606728
2.7400,1.10736566,1.46547086,0.12397560,0.11981981,0.25533540,0.50783944
2.7500,1.10675583,1.46620907,0.12430059,0.12019965,0.25619964,0.50960595
2.7600,1.10614371,1.46694708,0.12462502,0.12057912,0.25706340,0.51136681
2.7700,1.10552936,1.46768493,0.12494888,0.12095820,0.25792667,0.51312202
2.7800,1.10491283,1.46842265,0.12527218,0.12133690,0.25878946,0.51487156
2.7900,1.10429416,1.46916029,0.12559492,0.12171522,0.25965177,0.51661543
2.8000,1.10367341,1.46989787,0.12591710,0.12209316,0.26051359,0.51835362
2.8100,1.10305061,1.47063542,0.12623873,0.12247072,0.26137492,0.52008613
2.8200,1.10242582,1.47137299,0.12655980,0.12284791,0.26223578,0.52181295
2.8300,1.10179907,1.47211060,0.12688033,0.12322472,0.26309615,0.52353407
2.8400,1.10117042,1.47284828,0.12720030,0.12360115,0.26395604,0.52524950
2.8500,1.10053990,1.47358607,0.12751973,0.12397720,0.26481544,0.52695922
2.8600,1.09990756,1.47432398,0.12783862,0.12435288,0.26567436,0.52866322
2.8700,1.09927344,1.47506206,0.12815697,0.12472818,0.26653280,0.53036152
2.8800,1.09863757,1.47580033,0.12847479,0.12510310,0.26739075,0.53205409
2.8900,1.09800001,1.47653880,0.12879207,0.12547765,0.26824822,0.53374093
2.9000,1.09736078,1.47727752,0.12910881,0.12585182,0.26910521,0.53542205
2.9100,1.09671992,1.47801650,0.12942503,0.12622562,0.26996171,0.53709743
2.9200,1.09607747,1.47875577,0.12974071,0.12659905,0.27081774,0.53876708
2.9300,1.09543348,1.47949535,0.13005587,0.12697210,0.27167328,0.54043098
2.9400,1.09478797,1.48023527,0.13037051,0.12734477,0.27252833,0.54208914
2.9500,1.09414097,1.48097554,0.13068463,0.12771707,0.27338291,0.54374154
2.9600,1.09349253,1.48171620,0.13099823,0.12808900,0.27423700,0.54538820
2.9700,1.09284268,1.48245725,0.13131131,0.12846056,0.27509061,0.54702910
2.9800,1.09219145,1.48319872,0.13162388,0.12883174,0.27594374,0.54866424
2.9900,1.09153887,1.48394063,0.13193594,0.12920256,0.27679639,0.55029362
3.0000,1.09088497,1.48468300,0.13224749,0.12957300,0.27764856,0.55191724
3.0100,1.09022979,1.48542584,0.13255853,0.12994307,0.27850024,0.55353509
3.0200,1.08957335,1.48616918,0.13286907,0.13031277,0.27935144,0.55514717
3.0300,1.08891570,1.48691302,0.13317910,0.13068210,0.28020216,0.55675348
3.0400,1.08825684,1.48765740,0.13348864,0.13105106,0.28105240,0.55835402
3.0500,1.08759683,1.48840232,0.13379768,0.13141965,0.28190216,0.55994879
3.0600,1.08693567,1.48914780,0.13410622,0.13178787,0.28275144,0.56153777
3.0700,1.08627340,1.48989385,0.13441426,0.13215572,0.28360023,0.56312098
3.0800,1.08561006,1.49064049,0.13472182,0.13252320,0.28444855,0.56469841
3.0900,1.08494565,1.49138774,0.13502889,0.13289031,0.28529638,0.56627006
3.1000,1.08428022,1.49213560,0.13533546,0.13325706,0.28614373,0.56783592
3.1100,1.08361379,1.49288409,0.13564156,0.13362344,0.28699061,0.56939600
3.1200,1.08294638,1.49363322,0.13594717,0.13398945,0.28783700,0.57095030
3.1300,1.08227801,1.49438301,0.13625230,0.13435510,0.28868291,0.57249882
3.1400,1.08160872,1.49513346,0.13655695,0.13472037,0.28952834,0.57404155
3.1500,1.08093852,1.49588460,0.13686113,0.13508529,0.29037330,0.57557849
3.1600,1.08026744,1.49663642,0.13716483,0.13544983,0.29121777,0.57710965
3.1700,1.07959550,1.49738894,0.13746806,0.13581402,0.29206176,0.57863502
3.1800,1.07892273,1.49814217,0.13777082,0.13617783,0.29290527,0.58015461
3.1900,1.07824915,1.49889611,0.13807311,0.13654128,0.29374831,0.58166841
3.2000,1.07757477,1.49965079,0.13837493,0.13690437,0.29459086,0.58317643
3.2100,1.07689962,1.50040621,0.13867629,0.13726710,0.29543293,0.58467866
3.2200,1.07622373,1.50116237,0.13897719,0.13762946,0.29627453,0.58617511
3.2300,1.07554711,1.50191928,0.13927763,0.13799146,0.29711564,0.58766577
3.2400,1.07486978,1.50267696,0.13957761,0.13835309,0.29795628,0.58915066
3.2500,1.07419177,1.50343541,0.13987713,0.13871436,0.29879644,0.59062976
3.2600,1.07351308,1.50419464,0.14017620,0.13907527,0.29963612,0.59210307
3.2700,1.07283375,1.50495465,0.14047482,0.13943582,0.30047532,0.59357061
3.2800,1.07215379,1.50571546,0.14077299,0.13979601,0.30131404,0.59503238
3.2900,1.07147323,1.50647706,0.14107071,0.14015584,0.30215228,0.59648836
3.3000,1.07079206,1.50723947,0.14136798,0.14051530,0.30299004,0.59793857
3.3100,1.07011033,1.50800269,0.14166481,0.14087441,0.30382733,0.59938301
3.3200,1.06942804,1.50876672,0.14196119,0.14123316,0.30466414,0.60082168
3.3300,1.06874521,1.50953158,0.14225714,0.14159154,0.30550047,0.60225457
3.3400,1.06806186,1.51029726,0.14255264,0.14194957,0.30633632,0.60368170
3.3500,1.06737801,1.51106377,0.14284771,0.14230724,0.30717169,0.60510307
3.3600,1.06669367,1.51183112,0.14314235,0.14266455,0.30800659,0.60651867
3.3700,1.06600885,1.51259931,0.14343655,0.14302150,0.30884101,0.60792851
3.3800,1.06532359,1.51336835,0.14373032,0.14337810,0.30967495,0.60933259
3.3900,1.06463788,1.51413823,0.14402366,0.14373433,0.31050842,0.61073092
3.4000,1.06395175,1.51490897,0.14431657,0.14409021,0.31134140,0.61212349
3.4100,1.06326521,1.51568056,0.14460906,0.14444574,0.31217391,0.61351032
3.4200,1.06257828,1.51645301,0.14490112,0.14480090,0.31300595,0.61489140
3.4300,1.06189097,1.51722632,0.14519277,0.14515572,0.31383750,0.61626674
3.4400,1.06120329,1.51800050,0.14548399,0.14551017,0.31466858,0.61763633
3.4500,1.06051527,1.51877555,0.14577479,0.14586427,0.31549919,0.61900019
3.4600,1.05982691,1.51955146,0.14606518,0.14621802,0.31632931,0.62035832
3.4700,1.05913823,1.52032825,0.14635515,0.14657141,0.31715896,0.62171072
3.4800,1.05844924,1.52110591,0.14664471,0.14692445,0.31798814,0.62305739
3.4900,1.05775996,1.52188445,0.14693386,0.14727713,0.31881684,0.62439834
3.5000,1.05707040,1.52266386,0.14722259,0.14762946,0.31964506,0.62573357
3.5100,1.05638057,1.52344416,0.14751092,0.14798144,0.32047281,0.62706308
3.5200,1.05569048,1.52422534,0.14779885,0.14833306,0.32130008,0.62838689
3.5300,1.05500015,1.52500740,0.14808637,0.14868433,0.32212687,0.62970499
3.5400,1.05430960,1.52579034,0.14837348,0.14903525,0.32295319,0.63101739
3.5500,1.05361883,1.52657416,0.14866020,0.14938582,0.32377904,0.63232409
3.5600,1.05292785,1.52735887,0.14894651,0.14973604,0.32460441,0.63362509
3.5700,1.05223668,1.52814447,0.14923243,0.15008590,0.32542930,0.63492041
3.5800,1.05154532,1.52893095,0.14951796,0.15043542,0.32625372,0.63621005
3.5900,1.05085380,1.52971832,0.14980308,0.15078458,0.32707766,0.63749401
3.6000,1.05016212,1.53050658,0.15008782,0.15113340,0.32790113,0.63877229
3.6100,1.04947029,1.53129572,0.15037216,0.15148186,0.32872413,0.64004490
3.6200,1.04877833,1.53208575,0.15065612,0.15182998,0.32954665,0.64131185
3.6300,1.04808624,1.53287667,0.15093969,0.15217774,0.33036869,0.64257315
3.6400,1.04739404,1.53366847,0.15122287,0.15252516,0.33119027,0.64382878
3.6500,1.04670174,1.53446116,0.15150567,0.15287223,0.33201136,0.64507878
3.6600,1.04600934,1.53525474,0.15178808,0.15321895,0.33283199,0.64632312
3.6700,1.04531686,1.53604919,0.15207012,0.15356533,0.33365214,0.64756184
3.6800,1.04462431,1.53684454,0.15235177,0.15391136,0.33447181,0.64879492
3.6900,1.04393170,1.53764076,0.15263305,0.15425704,0.33529102,0.65002237
3.7000,1.04323903,1.53843787,0.15291395,0.15460237,0.33610975,0.65124420
3.7100,1.04254632,1.53923586,0.15319447,0.15494736,0.33692800,0.65246043
3.7200,1.04185358,1.54003473,0.15347462,0.15529200,0.33774579,0.65367104
3.7300,1.04116082,1.54083448,0.15375440,0.15563630,0.33856310,0.65487605
3.7400,1.04046804,1.54163511,0.15403381,0.15598025,0.33937993,0.65607547
3.7500,1.03977526,1.54243662,0.15431285,0.15632386,0.34019630,0.65726929
3.7600,1.03908249,1.54323899,0.15459153,0.15666712,0.34101219,0.65845754
3.7700,1.03838973,1.54404224,0.15486984,0.15701004,0.34182761,0.65964021
3.7800,1.03769699,1.54484637,0.15514778,0.15735261,0.34264255,0.66081730
3.7900,1.03700428,1.54565136,0.15542536,0.15769485,0.34345703,0.66198884
3.8000,1.03631161,1.54645722,0.15570258,0.15803673,0.34427103,0.66315482
3.8100,1.03561899,1.54726395,0.15597944,0.15837828,0.34508456,0.66431524
3.8200,1.03492643,1.54807154,0.15625595,0.15871948,0.34589762,0.66547013
3.8300,1.03423394,1.54887999,0.15653210,0.15906035,0.34671020,0.66661948
3.8400,1.03354152,1.54968931,0.15680789,0.15940087,0.34752232,0.66776330
3.8500,1.03284918,1.55049948,0.15708333,0.15974104,0.34833396,0.66890160
3.8600,1.03215693,1.55131050,0.15735841,0.16008088,0.34914513,0.67003438
3.8700,1.03146478,1.55212238,0.15763315,0.16042038,0.34995583,0.67116166
3.8800,1.03077274,1.55293511,0.15790754,0.16075954,0.35076606,0.67228344
3.8900,1.03008081,1.55374869,0.15818157,0.16109835,0.35157582,0.67339972
3.9000,1.02938900,1.55456311,0.15845527,0.16143683,0.35238510,0.67451052
3.9100,1.02869732,1.55537838,0.15872861,0.16177497,0.35319392,0.67561584
3.9200,1.02800578,1.55619449,0.15900162,0.16211277,0.35400227,0.67671569
3.9300,1.02731438,1.55701144,0.15927428,0.16245023,0.35481014,0.67781008
3.9400,1.02662313,1.55782922,0.15954660,0.16278735,0.35561755,0.67889902
3.9500,1.02593204,1.55864783,0.15981859,0.16312413,0.35642448,0.67998250
3.9600,1.02524112,1.55946728,0.16009023,0.16346058,0.35723095,0.68106055
3.9700,1.02455037,1.56028755,0.16036154,0.16379669,0.35803694,0.68213317
3.9800,1.02385980,1.56110864,0.16063251,0.16413246,0.35884247,0.68320037
3.9900,1.02316942,1.56193056,0.16090315,0.16446790,0.35964752,0.68426215
4.0000,1.02247923,1.56275329,0.16117346,0.16480299,0.36045211,0.68531853
4.0100,1.02178924,1.56357684,0.16144343,0.16513776,0.36125622,0.68636951
4.0200,1.02109945,1.56440120,0.16171308,0.16547219,0.36205987,0.68741509
4.0300,1.02040988,1.56522637,0.16198240,0.16580628,0.36286305,0.68845530
4.0400,1.01972053,1.56605234,0.16225139,0.16614004,0.36366576,0.68949014
4.0500,1.01903141,1.56687912,0.16252006,0.16647346,0.36446800,0.69051961
4.0600,1.01834252,1.56770669,0.16278840,0.16680655,0.36526977,0.69154372
4.0700,1.01765386,1.56853507,0.16305642,0.16713930,0.36607107,0.69256249
4.0800,1.01696545,1.56936423,0.16332411,0.16747173,0.36687190,0.69357593
4.0900,1.01627730,1.57019418,0.16359149,0.16780381,0.36767227,0.69458403
4.1000,1.01558940,1.57102492,0.16385855,0.16813557,0.36847217,0.69558681
4.1100,1.01490176,1.57185644,0.16412529,0.16846699,0.36927160,0.69658428
4.1200,1.01421439,1.57268874,0.16439171,0.16879808,0.37007056,0.69757645
4.1300,1.01352730,1.57352181,0.16465782,0.16912884,0.37086905,0.69856333
4.1400,1.01284049,1.57435566,0.16492361,0.16945927,0.37166708,0.69954492
4.1500,1.01215396,1.57519028,0.16518909,0.16978936,0.37246464,0.70052124
4.1600,1.01146773,1.57602565,0.16545426,0.17011913,0.37326173,0.70149229
4.1700,1.01078180,1.57686179,0.16571913,0.17044856,0.37405835,0.70245809
4.1800,1.01009616,1.57769869,0.16598368,0.17077767,0.37485451,0.70341864
4.1900,1.00941084,1.57853634,0.16624792,0.17110644,0.37565020,0.70437396
4.2000,1.00872583,1.57937474,0.16651186,0.17143488,0.37644542,0.70532404
4.2100,1.00804114,1.58021389,0.16677549,0.17176300,0.37724018,0.70626891
4.2200,1.00735678,1.58105378,0.16703882,0.17209079,0.37803447,0.70720857
4.2300,1.00667274,1.58189441,0.16730185,0.17241824,0.37882829,0.70814303
4.2400,1.00598904,1.58273578,0.16756457,0.17274537,0.37962165,0.70907230
4.2500,1.00530569,1.58357787,0.16782699,0.17307217,0.38041454,0.70999640
4.2600,1.00462267,1.58442070,0.16808912,0.17339865,0.38120696,0.71091532
4.2700,1.00394001,1.58526424,0.16835095,0.17372479,0.38199892,0.71182908
4.2800,1.00325770,1.58610851,0.16861248,0.17405061,0.38279041,0.71273770
4.2900,1.00257576,1.58695350,0.16887371,0.17437610,0.38358144,0.71364118
4.3000,1.00189418,1.58779919,0.16913466,0.17470127,0.38437200,0.71453952
4.3100,1.00121297,1.58864560,0.16939530,0.17502611,0.38516210,0.71543275
4.3200,1.00053213,1.58949270,0.16965566,0.17535063,0.38595173,0.71632087
4.3300,0.99985168,1.59034051,0.16991573,0.17567482,0.38674090,0.71720389
4.3400,0.99917161,1.59118902,0.17017550,0.17599868,0.38752960,0.71808182
4.3500,0.99849192,1.59203822,0.17043499,0.17632222,0.38831783,0.71895468
4.3600,0.99781264,1.59288811,0.17069419,0.17664543,0.38910561,0.71982246
4.3700,0.99713375,1.59373868,0.17095310,0.17696833,0.38989291,0.72068519
4.3800,0.99645526,1.59458993,0.17121173,0.17729089,0.39067976,0.72154288
4.3900,0.99577718,1.59544186,0.17147008,0.17761314,0.39146614,0.72239552
4.4000,0.99509951,1.59629446,0.17172814,0.17793506,0.39225205,0.72324314
4.4100,0.99442226,1.59714774,0.17198592,0.17825666,0.39303750,0.72408575
4.4200,0.99374542,1.59800167,0.17224342,0.17857793,0.39382249,0.72492335
4.4300,0.99306902,1.59885627,0.17250064,0.17889888,0.39460701,0.72575596
4.4400,0.99239304,1.59971152,0.17275758,0.17921952,0.39539107,0.72658359
4.4500,0.99171749,1.60056743,0.17301425,0.17953983,0.39617467,0.72740624
4.4600,0.99104238,1.60142398,0.17327064,0.17985982,0.39695780,0.72822394
4.4700,0.99036771,1.60228118,0.17352675,0.18017948,0.39774047,0.72903668
4.4800,0.98969349,1.60313902,0.17378259,0.18049883,0.39852268,0.72984448
4.4900,0.98901972,1.60399750,0.17403816,0.18081786,0.39930443,0.73064736
4.5000,0.98834640,1.60485661,0.17429345,0.18113657,0.40008571,0.73144532
4.5100,0.98767353,1.60571634,0.17454848,0.18145495,0.40086653,0.73223837
4.5200,0.98700113,1.60657670,0.17480323,0.18177302,0.40164689,0.73302653
4.5300,0.98632919,1.60743768,0.17505772,0.18209077,0.40242678,0.73380981
4.5400,0.98565772,1.60829928,0.17531194,0.18240820,0.40320621,0.73458821
4.5500,0.98498673,1.60916149,0.17556589,0.18272532,0.40398518,0.73536175
4.5600,0.98431621,1.61002431,0.17581958,0.18304211,0.40476369,0.73613045
4.5700,0.98364617,1.61088772,0.17607300,0.18335859,0.40554174,0.73689430
4.5800,0.98297661,1.61175174,0.17632616,0.18367475,0.40631933,0.73765333
4.5900,0.98230754,1.61261636,0.17657905,0.18399059,0.40709645,0.73840754
4.6000,0.98163897,1.61348156,0.17683169,0.18430612,0.40787312,0.73915695
4.6100,0.98097088,1.61434735,0.17708406,0.18462133,0.40864932,0.73990156
4.6200,0.98030330,1.61521373,0.17733618,0.18493622,0.40942506,0.74064139
4.6300,0.97963621,1.61608068,0.17758803,0.18525080,0.41020034,0.74137646
4.6400,0.97896963,1.61694821,0.17783963,0.18556506,0.41097516,0.74210676
4.6500,0.97830356,1.61781631,0.17809097,0.18587901,0.41174952,0.74283232
4.6600,0.97763800,1.61868497,0.17834206,0.18619264,0.41252342,0.74355315
4.6700,0.97697296,1.61955420,0.17859289,0.18650596,0.41329686,0.74426925
4.6800,0.97630843,1.62042399,0.17884347,0.18681896,0.41406984,0.74498064
4.6900,0.97564443,1.62129433,0.17909380,0.18713165,0.41484236,0.74568733
4.7000,0.97498095,1.62216521,0.17934388,0.18744403,0.41561442,0.74638934
4.7100,0.97431800,1.62303665,0.17959370,0.18775609,0.41638602,0.74708667
4.7200,0.97365558,1.62390862,0.17984328,0.18806784,0.41715716,0.74777933
4.7300,0.97299369,1.62478113,0.18009260,0.18837928,0.41792784,0.74846734
4.7400,0.97233234,1.62565418,0.18034168,0.18869041,0.41869806,0.74915072
4.7500,0.97167154,1.62652775,0.18059052,0.18900122,0.41946782,0.74982946
4.7600,0.97101127,1.62740185,0.18083910,0.18931172,0.42023713,0.75050359
4.7700,0.97035156,1.62827647,0.18108744,0.18962191,0.42100597,0.75117312
4.7800,0.96969239,1.62915161,0.18133554,0.18993179,0.42177436,0.75183805
4.7900,0.96903378,1.63002726,0.18158340,0.19024136,0.42254229,0.75249841
4.8000,0.96837572,1.63090341,0.18183101,0.19055062,0.42330976,0.75315419
4.8100,0.96771822,1.63178007,0.18207838,0.19085957,0.42407677,0.75380543
4.8200,0.96706128,1.63265723,0.18232551,0.19116820,0.42484332,0.75445211
4.8300,0.96640491,1.63353489,0.18257240,0.19147653,0.42560942,0.75509427
4.8400,0.96574910,1.63441304,0.18281906,0.19178455,0.42637506,0.75573191
4.8500,0.96509387,1.63529167,0.18306547,0.19209226,0.42714024,0.75636504
4.8600,0.96443920,1.63617079,0.18331165,0.19239966,0.42790496,0.75699368
4.8700,0.96378512,1.63705039,0.18355760,0.19270676,0.42866923,0.75761784
4.8800,0.96313161,1.63793046,0.18380331,0.19301354,0.42943304,0.75823752
4.8900,0.96247868,1.63881101,0.18404878,0.19332002,0.43019639,0.75885275
4.9000,0.96182634,1.63969202,0.18429402,0.19362619,0.43095928,0.75946354
4.9100,0.96117458,1.64057349,0.18453903,0.19393206,0.43172172,0.76006989
4.9200,0.96052341,1.64145542,0.18478381,0.19423761,0.43248370,0.76067183
4.9300,0.95987283,1.64233781,0.18502836,0.19454286,0.43324523,0.76126935
4.9400,0.95922285,1.64322065,0.18527268,0.19484781,0.43400630,0.76186248
4.9500,0.95857346,1.64410393,0.18551676,0.19515245,0.43476691,0.76245123
4.9600,0.95792467,1.64498766,0.18576063,0.19545678,0.43552707,0.76303561
4.9700,0.95727648,1.64587182,0.18600426,0.19576081,0.43628677,0.76361563
4.9800,0.95662890,1.64675642,0.18624767,0.19606453,0.43704602,0.76419131
4.9900,0.95598193,1.64764145,0.18649085,0.19636795,0.43780481,0.76476266
5.0000,0.95533556,1.64852690,0.18673381,0.19667106,0.43856315,0.76532968
5.0100,0.95468980,1.64941278,0.18697654,0.19697387,0.43932103,0.76589240
5.0200,0.95404466,1.65029907,0.18721905,0.19727638,0.44007845,0.76645083
5.0300,0.95340013,1.65118578,0.18746134,0.19757858,0.44083542,0.76700498
5.0400,0.95275622,1.65207290,0.18770341,0.19788048,0.44159194,0.76755485
5.0500,0.95211294,1.65296042,0.18794526,0.19818207,0.44234800,0.76810047
5.0600,0.95147027,1.65384835,0.18818689,0.19848337,0.44310361,0.76864185
5.0700,0.95082823,1.65473667,0.18842829,0.19878436,0.44385876,0.76917900
5.0800,0.95018682,1.65562538,0.18866948,0.19908505,0.44461346,0.76971193
5.0900,0.94954603,1.65651449,0.18891046,0.19938544,0.44536770,0.77024065
5.1000,0.94890588,1.65740398,0.18915122,0.19968553,0.44612149,0.77076518
5.1100,0.94826636,1.65829385,0.18939176,0.19998531,0.44687483,0.77128554
5.1200,0.94762748,1.65918410,0.18963208,0.20028480,0.44762771,0.77180172
5.1300,0.94698923,1.66007472,0.18987219,0.20058398,0.44838014,0.77231376
5.1400,0.94635163,1.66096572,0.19011209,0.20088287,0.44913212,0.77282165
5.1500,0.94571466,1.66185707,0.19035178,0.20118145,0.44988365,0.77332542
5.1600,0.94507834,1.66274879,0.19059125,0.20147974,0.45063472,0.77382507
5.1700,0.94444267,1.66364087,0.19083052,0.20177773,0.45138534,0.77432062
5.1800,0.94380764,1.66453330,0.19106957,0.20207542,0.45213550,0.77481208
5.1900,0.94317327,1.66542608,0.19130841,0.20237280,0.45288522,0.77529946
5.2000,0.94253954,1.66631921,0.19154705,0.20266990,0.45363448,0.77578278
5.2100,0.94190647,1.66721267,0.19178547,0.20296669,0.45438329,0.77626205
5.2200,0.94127406,1.66810648,0.19202369,0.20326318,0.45513164,0.77673729
5.2300,0.94064230,1.66900062,0.19226171,0.20355938,0.45587955,0.77720850
5.2400,0.94001120,1.66989509,0.19249951,0.20385528,0.45662700,0.77767570
5.2500,0.93938076,1.67078988,0.19273712,0.20415089,0.45737401,0.77813890
5.2600,0.93875099,1.67168500,0.19297451,0.20444619,0.45812056,0.77859812
5.2700,0.93812188,1.67258043,0.19321171,0.20474120,0.45886666,0.77905336
5.2800,0.93749344,1.67347618,0.19344870,0.20503592,0.45961231,0.77950465
5.2900,0.93686566,1.67437224,0.19368549,0.20533034,0.46035750,0.77995199
5.3000,0.93623856,1.67526861,0.19392207,0.20562446,0.46110225,0.78039539
5.3100,0.93561212,1.67616528,0.19415846,0.20591829,0.46184655,0.78083488
5.3200,0.93498637,1.67706224,0.19439465,0.20621183,0.46259040,0.78127046
5.3300,0.93436128,1.67795951,0.19463063,0.20650507,0.46333379,0.78170215
5.3400,0.93373687,1.67885706,0.19486642,0.20679801,0.46407674,0.78212996
5.3500,0.93311314,1.67975490,0.19510201,0.20709067,0.46481923,0.78255390
5.3600,0.93249009,1.68065302,0.19533740,0.20738302,0.46556128,0.78297398
5.3700,0.93186772,1.68155143,0.19557260,0.20767509,0.46630288,0.78339022
5.3800,0.93124604,1.68245010,0.19580760,0.20796686,0.46704403,0.78380264
5.3900,0.93062504,1.68334905,0.19604241,0.20825834,0.46778472,0.78421124
5.4000,0.93000472,1.68424827,0.19627702,0.20854953,0.46852497,0.78461604
5.4100,0.92938510,1.68514775,0.19651143,0.20884042,0.46926477,0.78501705
5.4200,0.92876616,1.68604750,0.19674566,0.20913103,0.47000412,0.78541429
5.4300,0.92814791,1.68694750,0.19697969,0.20942134,0.47074303,0.78580776
5.4400,0.92753036,1.68784775,0.19721353,0.20971136,0.47148148,0.78619749
5.4500,0.92691349,1.68874825,0.19744717,0.21000109,0.47221949,0.78658347
5.4600,0.92629733,1.68964900,0.19768063,0.21029053,0.47295704,0.78696574
5.4700,0.92568186,1.69054998,0.19791390,0.21057968,0.47369415,0.78734429
5.4800,0.92506708,1.69145121,0.19814698,0.21086854,0.47443082,0.78771915
5.4900,0.92445301,1.69235267,0.19837987,0.21115710,0.47516703,0.78809033
5.5000,0.92383964,1.69325436,0.19861257,0.21144538,0.47590280,0.78845783
5.5100,0.92322696,1.69415628,0.19884508,0.21173337,0.47663811,0.78882168
5.5200,0.92261499,1.69505842,0.19907741,0.21202108,0.47737299,0.78918189
5.5300,0.92200373,1.69596078,0.19930955,0.21230849,0.47810741,0.78953846
5.5400,0.92139317,1.69686335,0.19954151,0.21259561,0.47884139,0.78989142
5.5500,0.92078332,1.69776614,0.19977328,0.21288245,0.47957492,0.79024077
5.5600,0.92017417,1.69866913,0.20000486,0.21316900,0.48030800,0.79058653
5.5700,0.91956574,1.69957233,0.20023627,0.21345526,0.48104064,0.79092871
5.5800,0.91895801,1.70047573,0.20046749,0.21374123,0.48177283,0.79126733
5.5900,0.91835100,1.70137933,0.20069853,0.21402692,0.48250458,0.79160240
5.6000,0.91774470,1.70228312,0.20092938,0.21431232,0.48323588,0.79193393
5.6100,0.91713911,1.70318710,0.20116006,0.21459743,0.48396673,0.79226193
5.6200,0.91653424,1.70409126,0.20139055,0.21488226,0.48469714,0.79258642
5.6300,0.91593009,1.70499561,0.20162087,0.21516680,0.48542710,0.79290741
5.6400,0.91532665,1.70590014,0.20185100,0.21545106,0.48615662,0.79322492
5.6500,0.91472393,1.70680484,0.20208096,0.21573503,0.48688569,0.79353895
5.6600,0.91412193,1.70770972,0.20231074,0.21601872,0.48761432,0.79384952
5.6700,0.91352065,1.70861476,0.20254034,0.21630212,0.48834250,0.79415665
5.6800,0.91292009,1.70951997,0.20276976,0.21658524,0.48907024,0.79446034
5.6900,0.91232026,1.71042534,0.20299901,0.21686807,0.48979753,0.79476062
5.7000,0.91172115,1.71133086,0.20322808,0.21715062,0.49052438,0.79505748
5.7100,0.91112276,1.71223655,0.20345698,0.21743289,0.49125078,0.79535096
5.7200,0.91052510,1.71314238,0.20368570,0.21771487,0.49197674,0.79564105
5.7300,0.90992817,1.71404835,0.20391425,0.21799657,0.49270226,0.79592777
5.7400,0.90933196,1.71495447,0.20414262,0.21827799,0.49342733,0.79621114
5.7500,0.90873648,1.71586074,0.20437082,0.21855912,0.49415196,0.79649117
5.7600,0.90814173,1.71676713,0.20459885,0.21883998,0.49487614,0.79676787
5.7700,0.90754771,1.71767366,0.20482671,0.21912055,0.49559989,0.79704126
5.7800,0.90695442,1.71858032,0.20505439,0.21940084,0.49632319,0.79731134
5.7900,0.90636187,1.71948711,0.20528191,0.21968085,0.49704604,0.79757813
5.8000,0.90577004,1.72039402,0.20550925,0.21996057,0.49776846,0.79784165
5.8100,0.90517895,1.72130104,0.20573643,0.22024002,0.49849043,0.79810191
5.8200,0.90458860,1.72220819,0.20596344,0.22051919,0.49921195,0.79835891
5.8300,0.90399898,1.72311544,0.20619027,0.22079807,0.49993304,0.79861268
5.8400,0.90341010,1.72402280,0.20641694,0.22107668,0.50065369,0.79886322
5.8500,0.90282195,1.72493027,0.20664344,0.22135501,0.50137389,0.79911056
5.8600,0.90223454,1.72583784,0.20686978,0.22163306,0.50209365,0.79935470
5.8700,0.90164787,1.72674551,0.20709595,0.22191083,0.50281297,0.79959565
5.8800,0.90106194,1.72765327,0.20732195,0.22218832,0.50353184,0.79983343
5.8900,0.90047675,1.72856113,0.20754779,0.22246553,0.50425028,0.80006805
5.9000,0.89989230,1.72946907,0.20777346,0.22274246,0.50496827,0.80029952
5.9100,0.89930859,1.73037710,0.20799896,0.22301912,0.50568583,0.80052787
5.9200,0.89872562,1.73128521,0.20822431,0.22329550,0.50640294,0.80075309
5.9300,0.89814340,1.73219340,0.20844949,0.22357160,0.50711961,0.80097521
5.9400,0.89756192,1.73310166,0.20867451,0.22384742,0.50783584,0.80119423
5.9500,0.89698118,1.73400999,0.20889936,0.22412297,0.50855164,0.80141017
5.9600,0.89640119,1.73491840,0.20912406,0.22439824,0.50926699,0.80162305
5.9700,0.89582194,1.73582686,0.20934859,0.22467323,0.50998190,0.80183286
5.9800,0.89524344,1.73673539,0.20957296,0.22494795,0.51069637,0.80203964
5.9900,0.89466568,1.73764398,0.20979717,0.22522239,0.51141040,0.80224339
6.0000,0.89408867,1.73855262,0.21002122,0.22549656,0.51212399,0.80244412
6.0100,0.89351241,1.73946131,0.21024511,0.22577045,0.51283715,0.80264185
6.0200,0.89293690,1.74037006,0.21046884,0.22604407,0.51354986,0.80283658
6.0300,0.89236214,1.74127884,0.21069242,0.22631741,0.51426214,0.80302834
6.0400,0.89178812,1.74218767,0.21091584,0.22659048,0.51497397,0.80321714
6.0500,0.89121486,1.74309654,0.21113909,0.22686328,0.51568537,0.80340298
6.0600,0.89064234,1.74400544,0.21136220,0.22713580,0.51639633,0.80358588
6.0700,0.89007058,1.74491438,0.21158514,0.22740805,0.51710685,0.80376585
6.0800,0.88949956,1.74582334,0.21180793,0.22768002,0.51781693,0.80394292
6.0900,0.88892930,1.74673233,0.21203057,0.22795172,0.51852657,0.80411708
6.1000,0.88835979,1.74764134,0.21225304,0.22822315,0.51923578,0.80428835
6.1100,0.88779104,1.74855037,0.21247537,0.22849431,0.51994455,0.80445674
6.1200,0.88722303,1.74945942,0.21269754,0.22876519,0.52065288,0.80462228
6.1300,0.88665578,1.75036848,0.21291955,0.22903580,0.52136077,0.80478496
6.1400,0.88608929,1.75127756,0.21314142,0.22930614,0.52206823,0.80494480
6.1500,0.88552355,1.75218663,0.21336313,0.22957621,0.52277525,0.80510182
6.1600,0.88495856,1.75309571,0.21358469,0.22984601,0.52348183,0.80525603
6.1700,0.88439433,1.75400480,0.21380609,0.23011554,0.52418798,0.80540744
6.1800,0.88383085,1.75491388,0.21402735,0.23038480,0.52489369,0.80555606
6.1900,0.88326813,1.75582295,0.21424845,0.23065378,0.52559896,0.80570190
6.2000,0.88270616,1.75673201,0.21446940,0.23092250,0.52630380,0.80584499
6.2100,0.88214495,1.75764107,0.21469021,0.23119095,0.52700820,0.80598532
6.2200,0.88158450,1.75855011,0.21491086,0.23145913,0.52771216,0.80612292
6.2300,0.88102480,1.75945912,0.21513136,0.23172704,0.52841569,0.80625779
6.2400,0.88046587,1.76036812,0.21535172,0.23199468,0.52911878,0.80638995
6.2500,0.87990768,1.76127710,0.21557192,0.23226205,0.52982144,0.80651941
6.2600,0.87935026,1.76218605,0.21579198,0.23252915,0.53052367,0.80664618
6.2700,0.87879360,1.76309496,0.21601189,0.23279599,0.53122545,0.80677028
6.2800,0.87823769,1.76400385,0.21623166,0.23306255,0.53192681,0.80689172
6.2900,0.87768254,1.76491269,0.21645128,0.23332885,0.53262773,0.80701051
6.3000,0.87712815,1.76582150,0.21667075,0.23359489,0.53332821,0.80712666
6.3100,0.87657452,1.76673027,0.21689007,0.23386065,0.53402826,0.80724018
6.3200,0.87602165,1.76763899,0.21710925,0.23412615,0.53472787,0.80735110
6.3300,0.87546954,1.76854766,0.21732828,0.23439138,0.53542706,0.80745941
6.3400,0.87491818,1.76945628,0.21754717,0.23465635,0.53612580,0.80756513
6.3500,0.87436759,1.77036485,0.21776592,0.23492105,0.53682412,0.80766828
6.3600,0.87381776,1.77127336,0.21798452,0.23518548,0.53752200,0.80776887
6.3700,0.87326868,1.77218180,0.21820298,0.23544965,0.53821944,0.80786690
6.3800,0.87272037,1.77309019,0.21842130,0.23571356,0.53891646,0.80796240
6.3900,0.87217282,1.77399851,0.21863947,0.23597720,0.53961304,0.80805537
6.4000,0.87162603,1.77490676,0.21885750,0.23624057,0.54030919,0.80814582
6.4100,0.87107999,1.77581494,0.21907539,0.23650368,0.54100490,0.80823377
6.4200,0.87053472,1.77672305,0.21929313,0.23676653,0.54170018,0.80831923
6.4300,0.86999021,1.77763107,0.21951074,0.23702911,0.54239503,0.80840221
6.4400,0.86944646,1.77853902,0.21972820,0.23729143,0.54308945,0.80848273
6.4500,0.86890347,1.77944688,0.21994553,0.23755348,0.54378344,0.80856079
6.4600,0.86836125,1.78035466,0.22016271,0.23781528,0.54447699,0.80863641
6.4700,0.86781978,1.78126235,0.22037976,0.23807681,0.54517011,0.80870960
6.4800,0.86727907,1.78216995,0.22059666,0.23833807,0.54586281,0.80878038
6.4900,0.86673913,1.78307745,0.22081343,0.23859908,0.54655506,0.80884874
6.5000,0.86619994,1.78398485,0.22103006,0.23885982,0.54724689,0.80891472
6.5100,0.86566152,1.78489216,0.22124655,0.23912030,0.54793829,0.80897831
6.5200,0.86512386,1.78579936,0.22146290,0.23938052,0.54862926,0.80903953
6.5300,0.86458696,1.78670645,0.22167912,0.23964048,0.54931979,0.80909839
6.5400,0.86405082,1.78761344,0.22189520,0.23990018,0.55000990,0.80915491
6.5500,0.86351544,1.78852031,0.22211114,0.24015962,0.55069957,0.80920909
6.5600,0.86298082,1.78942707,0.22232695,0.24041879,0.55138882,0.80926095
6.5700,0.86244697,1.79033372,0.22254262,0.24067771,0.55207763,0.80931050
6.5800,0.86191387,1.79124024,0.22275815,0.24093637,0.55276602,0.80935774
6.5900,0.86138154,1.79214664,0.22297355,0.24119476,0.55345397,0.80940271
6.6000,0.86084997,1.79305292,0.22318881,0.24145290,0.55414150,0.80944539
6.6100,0.86031915,1.79395907,0.22340394,0.24171078,0.55482860,0.80948581
6.6200,0.85978910,1.79486508,0.22361894,0.24196840,0.55551527,0.80952398
6.6300,0.85925981,1.79577097,0.22383380,0.24222576,0.55620150,0.80955991
6.6400,0.85873128,1.79667671,0.22404853,0.24248286,0.55688731,0.80959361
6.6500,0.85820351,1.79758232,0.22426312,0.24273971,0.55757269,0.80962510
6.6600,0.85767650,1.79848779,0.22447759,0.24299630,0.55825765,0.80965437
6.6700,0.85715025,1.79939312,0.22469192,0.24325263,0.55894217,0.80968146
6.6800,0.85662476,1.80029829,0.22490611,0.24350870,0.55962627,0.80970636
6.6900,0.85610003,1.80120332,0.22512018,0.24376451,0.56030994,0.80972909
6.7000,0.85557606,1.80210820,0.22533412,0.24402007,0.56099318,0.80974966
6.7100,0.85505285,1.80301292,0.22554792,0.24427537,0.56167599,0.80976808
6.7200,0.85453039,1.80391748,0.22576159,0.24453042,0.56235838,0.80978436
6.7300,0.85400870,1.80482189,0.22597513,0.24478521,0.56304034,0.80979852
6.7400,0.85348777,1.80572613,0.22618855,0.24503974,0.56372187,0.80981056
6.7500,0.85296759,1.80663020,0.22640183,0.24529402,0.56440297,0.80982051
6.7600,0.85244818,1.80753411,0.22661498,0.24554804,0.56508365,0.80982836
6.7700,0.85192952,1.80843785,0.22682801,0.24580181,0.56576390,0.80983413
6.7800,0.85141162,1.80934142,0.22704090,0.24605532,0.56644372,0.80983783
6.7900,0.85089448,1.81024481,0.22725367,0.24630858,0.56712312,0.80983947
6.8000,0.85037810,1.81114802,0.22746631,0.24656159,0.56780210,0.80983907
6.8100,0.84986247,1.81205105,0.22767882,0.24681434,0.56848064,0.80983663
6.8200,0.84934760,1.81295390,0.22789120,0.24706684,0.56915876,0.80983217
6.8300,0.84883349,1.81385657,0.22810346,0.24731908,0.56983646,0.80982570
6.8400,0.84832014,1.81475904,0.22831558,0.24757107,0.57051373,0.80981722
6.8500,0.84780754,1.81566133,0.22852759,0.24782281,0.57119057,0.80980676
6.8600,0.84729570,1.81656342,0.22873946,0.24807429,0.57186699,0.80979431
6.8700,0.84678462,1.81746532,0.22895121,0.24832552,0.57254299,0.80977989
6.8800,0.84627429,1.81836702,0.22916284,0.24857650,0.57321856,0.80976352
6.8900,0.84576471,1.81926852,0.22937433,0.24882723,0.57389370,0.80974520
6.9000,0.84525589,1.82016982,0.22958571,0.24907771,0.57456843,0.80972495
6.9100,0.84474783,1.82107091,0.22979696,0.24932793,0.57524272,0.80970277
6.9200,0.84424052,1.82197179,0.23000808,0.24957791,0.57591660,0.80967867
6.9300,0.84373396,1.82287247,0.23021908,0.24982763,0.57659004,0.80965267
6.9400,0.84322816,1.82377293,0.23042995,0.25007710,0.57726307,0.80962478
6.9500,0.84272311,1.82467317,0.23064071,0.25032632,0.57793567,0.80959501
6.9600,0.84221882,1.82557320,0.23085134,0.25057529,0.57860785,0.80956337
6.9700,0.84171528,1.82647301,0.23106184,0.25082401,0.57927961,0.80952987
6.9800,0.84121249,1.82737260,0.23127222,0.25107249,0.57995094,0.80949452
6.9900,0.84071045,1.82827196,0.23148248,0.25132071,0.58062185,0.80945733
7.0000,0.84020917,1.82917110,0.23169262,0.25156868,0.58129234,0.80941831
7.0100,0.83970863,1.83007000,0.23190264,0.25181641,0.58196240,0.80937748
7.0200,0.83920885,1.83096868,0.23211253,0.25206388,0.58263205,0.80933484
7.0300,0.83870982,1.83186712,0.23232230,0.25231111,0.58330127,0.80929040
7.0400,0.83821153,1.83276532,0.23253195,0.25255809,0.58397007,0.80924418
7.0500,0.83771400,1.83366329,0.23274148,0.25280482,0.58463844,0.80919618
7.0600,0.83721722,1.83456101,0.23295089,0.25305130,0.58530640,0.80914642
7.0700,0.83672119,1.83545850,0.23316018,0.25329754,0.58597393,0.80909490
7.0800,0.83622590,1.83635573,0.23336935,0.25354352,0.58664105,0.80904164
7.0900,0.83573136,1.83725272,0.23357840,0.25378926,0.58730774,0.80898665
7.1000,0.83523758,1.83814946,0.23378733,0.25403476,0.58797401,0.80892993
7.1100,0.83474453,1.83904595,0.23399614,0.25428001,0.58863986,0.80887150
7.1200,0.83425224,1.83994218,0.23420483,0.25452501,0.58930529,0.80881137
7.1300,0.83376069,1.84083816,0.23441341,0.25476977,0.58997030,0.80874955
7.1400,0.83326989,1.84173387,0.23462186,0.25501428,0.59063489,0.80868604
7.1500,0.83277983,1.84262933,0.23483020,0.25525854,0.59129906,0.80862087
7.1600,0.83229052,1.84352452,0.23503841,0.25550256,0.59196281,0.80855403
7.1700,0.83180196,1.84441945,0.23524652,0.25574633,0.59262614,0.80848554
7.1800,0.83131413,1.84531411,0.23545450,0.25598986,0.59328905,0.80841541
7.1900,0.83082705,1.84620849,0.23566236,0.25623315,0.59395154,0.80834365
7.2000,0.83034072,1.84710261,0.23587011,0.25647619,0.59461361,0.80827026
7.2100,0.82985513,1.84799645,0.23607774,0.25671899,0.59527526,0.80819527
7.2200,0.82937028,1.84889002,0.23628526,0.25696154,0.59593650,0.80811868
7.2300,0.82888617,1.84978330,0.23649266,0.25720385,0.59659732,0.80804049
7.2400,0.82840280,1.85067631,0.23669994,0.25744592,0.59725771,0.80796073
7.2500,0.82792017,1.85156903,0.23690711,0.25768774,0.59791769,0.80787939
7.2600,0.82743829,1.85246147,0.23711416,0.25792932,0.59857725,0.80779649
7.2700,0.82695714,1.85335362,0.23732109,0.25817066,0.59923640,0.80771204
7.2800,0.82647673,1.85424548,0.23752792,0.25841175,0.59989512,0.80762605
7.2900,0.82599706,1.85513705,0.23773462,0.25865261,0.60055343,0.80753853
7.3000,0.82551813,1.85602832,0.23794121,0.25889322,0.60121132,0.80744948
7.3100,0.82503994,1.85691930,0.23814769,0.25913359,0.60186879,0.80735892
7.3200,0.82456248,1.85780998,0.23835405,0.25937372,0.60252585,0.80726687
7.3300,0.82408576,1.85870037,0.23856030,0.25961360,0.60318249,0.80717331
7.3400,0.82360978,1.85959045,0.23876644,0.25985325,0.60383871,0.80707828
7.3500,0.82313453,1.86048022,0.23897246,0.26009266,0.60449452,0.80698177
7.3600,0.82266001,1.86136969,0.23917837,0.26033182,0.60514991,0.80688380
7.3700,0.82218623,1.86225885,0.23938417,0.26057075,0.60580488,0.80678437
7.3800,0.82171319,1.86314770,0.23958985,0.26080943,0.60645944,0.80668349
7.3900,0.82124088,1.86403624,0.23979542,0.26104788,0.60711358,0.80658119
7.4000,0.82076929,1.86492447,0.24000088,0.26128609,0.60776731,0.80647745
7.4100,0.82029845,1.86581238,0.24020622,0.26152405,0.60842062,0.80637230
7.4200,0.81982833,1.86669997,0.24041146,0.26176178,0.60907352,0.80626574
7.4300,0.81935894,1.86758724,0.24061658,0.26199927,0.60972600,0.80615779
7.4400,0.81889029,1.86847419,0.24082159,0.26223652,0.61037806,0.80604844
7.4500,0.81842236,1.86936081,0.24102649,0.26247353,0.61102971,0.80593772
7.4600,0.81795516,1.87024711,0.24123128,0.26271031,0.61168095,0.80582562
7.4700,0.81748869,1.87113308,0.24143596,0.26294685,0.61233177,0.80571217
7.4800,0.81702295,1.87201872,0.24164053,0.26318315,0.61298218,0.80559736
7.4900,0.81655793,1.87290402,0.24184498,0.26341921,0.61363217,0.80548121
7.5000,0.81609364,1.87378900,0.24204933,0.26365503,0.61428175,0.80536373
7.5100,0.81563008,1.87467364,0.24225357,0.26389062,0.61493092,0.80524493
7.5200,0.81516724,1.87555794,0.24245769,0.26412597,0.61557967,0.80512480
7.5300,0.81470513,1.87644190,0.24266171,0.26436109,0.61622801,0.80500338
7.5400,0.81424374,1.87732552,0.24286562,0.26459597,0.61687594,0.80488065
7.5500,0.81378307,1.87820879,0.24306942,0.26483061,0.61752345,0.80475664
7.5600,0.81332313,1.87909172,0.24327311,0.26506502,0.61817055,0.80463135
7.5700,0.81286391,1.87997430,0.24347669,0.26529919,0.61881724,0.80450479
7.5800,0.81240541,1.88085654,0.24368017,0.26553313,0.61946352,0.80437696
7.5900,0.81194763,1.88173842,0.24388353,0.26576683,0.62010938,0.80424789
7.6000,0.81149057,1.88261995,0.24408679,0.26600030,0.62075483,0.80411757
7.6100,0.81103423,1.88350113,0.24428993,0.26623353,0.62139987,0.80398602
7.6200,0.81057860,1.88438195,0.24449298,0.26646653,0.62204450,0.80385324
7.6300,0.81012370,1.88526241,0.24469591,0.26669930,0.62268872,0.80371924
7.6400,0.80966951,1.88614251,0.24489873,0.26693183,0.62333252,0.80358403
7.6500,0.80921604,1.88702225,0.24510145,0.26716413,0.62397592,0.80344763
7.6600,0.80876329,1.88790162,0.24530406,0.26739619,0.62461890,0.80331003
7.6700,0.80831125,1.88878063,0.24550657,0.26762802,0.62526147,0.80317125
7.6800,0.80785992,1.88965928,0.24570897,0.26785962,0.62590363,0.80303130
7.6900,0.80740931,1.89053755,0.24591126,0.26809099,0.62654538,0.80289018
7.7000,0.80695941,1.89141545,0.24611345,0.26832212,0.62718672,0.80274790
7.7100,0.80651023,1.89229298,0.24631552,0.26855302,0.62782765,0.80260447
7.7200,0.80606175,1.89317014,0.24651750,0.26878369,0.62846817,0.80245991
7.7300,0.80561399,1.89404692,0.24671937,0.26901413,0.62910828,0.80231421
7.7400,0.80516694,1.89492332,0.24692113,0.26924434,0.62974798,0.80216739
7.7500,0.80472059,1.89579934,0.24712279,0.26947431,0.63038728,0.80201945
7.7600,0.80427496,1.89667498,0.24732434,0.26970406,0.63102616,0.80187041
7.7700,0.80383003,1.89755024,0.24752578,0.26993357,0.63166463,0.80172027
7.7800,0.80338581,1.89842511,0.24772713,0.27016285,0.63230270,0.80156904
7.7900,0.80294230,1.89929960,0.24792836,0.27039191,0.63294035,0.80141672
7.8000,0.80249949,1.90017370,0.24812950,0.27062073,0.63357760,0.80126333
7.8100,0.80205739,1.90104741,0.24833053,0.27084932,0.63421444,0.80110888
7.8200,0.80161599,1.90192073,0.24853145,0.27107768,0.63485087,0.80095337
7.8300,0.80117530,1.90279365,0.24873227,0.27130582,0.63548689,0.80079681
7.8400,0.80073531,1.90366618,0.24893299,0.27153372,0.63612251,0.80063921
7.8500,0.80029602,1.90453832,0.24913360,0.27176140,0.63675772,0.80048057
7.8600,0.79985743,1.90541005,0.24933411,0.27198885,0.63739252,0.80032091
7.8700,0.79941954,1.90628139,0.24953452,0.27221606,0.63802691,0.80016024
7.8800,0.79898236,1.90715232,0.24973482,0.27244306,0.63866089,0.79999855
7.8900,0.79854587,1.90802285,0.24993502,0.27266982,0.63929447,0.79983586
7.9000,0.79811008,1.90889298,0.25013512,0.27289635,0.63992764,0.79967218
7.9100,0.79767499,1.90976270,0.25033512,0.27312266,0.64056041,0.79950751
7.9200,0.79724059,1.91063201,0.25053501,0.27334874,0.64119277,0.79934186
7.9300,0.79680689,1.91150092,0.25073480,0.27357459,0.64182472,0.79917525
7.9400,0.79637389,1.91236941,0.25093449,0.27380022,0.64245627,0.79900767
7.9500,0.79594158,1.91323749,0.25113408,0.27402562,0.64308741,0.79883913
7.9600,0.79550996,1.91410516,0.25133356,0.27425079,0.64371815,0.79866965
7.9700,0.79507904,1.91497241,0.25153294,0.27447574,0.64434848,0.79849923
7.9800,0.79464881,1.91583924,0.25173223,0.27470046,0.64497840,0.79832788
7.9900,0.79421927,1.91670566,0.25193141,0.27492495,0.64560792,0.79815561
8.0000,0.79379042,1.91757165,0.25213049,0.27514922,0.64623703,0.79798241
8.0100,0.79336226,1.91843722,0.25232946,0.27537327,0.64686574,0.79780831
8.0200,0.79293480,1.91930237,0.25252834,0.27559709,0.64749405,0.79763331
8.0300,0.79250801,1.92016710,0.25272712,0.27582068,0.64812195,0.79745741
8.0400,0.79208192,1.92103140,0.25292579,0.27604405,0.64874945,0.79728063
8.0500,0.79165651,1.92189527,0.25312437,0.27626720,0.64937654,0.79710296
8.0600,0.79123179,1.92275871,0.25332285,0.27649012,0.65000323,0.79692443
8.0700,0.79080775,1.92362172,0.25352122,0.27671282,0.65062951,0.79674503
8.0800,0.79038440,1.92448430,0.25371950,0.27693529,0.65125539,0.79656477
8.0900,0.78996173,1.92534644,0.25391767,0.27715754,0.65188087,0.79638366
8.1000,0.78953975,1.92620815,0.25411575,0.27737957,0.65250595,0.79620171
8.1100,0.78911844,1.92706943,0.25431372,0.27760137,0.65313062,0.79601893
8.1200,0.78869782,1.92793026,0.25451160,0.27782295,0.65375489,0.79583531
8.1300,0.78827787,1.92879066,0.25470938,0.27804431,0.65437876,0.79565088
8.1400,0.78785861,1.92965061,0.25490706,0.27826545,0.65500222,0.79546563
8.1500,0.78744002,1.93051012,0.25510464,0.27848636,0.65562528,0.79527957
8.1600,0.78702212,1.93136919,0.25530212,0.27870706,0.65624794,0.79509272
8.1700,0.78660488,1.93222782,0.25549950,0.27892753,0.65687020,0.79490507
8.1800,0.78618833,1.93308599,0.25569678,0.27914778,0.65749206,0.79471663
8.1900,0.78577245,1.93394372,0.25589397,0.27936780,0.65811351,0.79452742
8.2000,0.78535724,1.93480100,0.25609106,0.27958761,0.65873457,0.79433743
8.2100,0.78494271,1.93565783,0.25628805,0.27980720,0.65935522,0.79414668
8.2200,0.78452885,1.93651421,0.25648494,0.28002656,0.65997547,0.79395517
8.2300,0.78411566,1.93737013,0.25668173,0.28024571,0.66059532,0.79376291
8.2400,0.78370315,1.93822560,0.25687843,0.28046463,0.66121477,0.79356991
8.2500,0.78329130,1.93908061,0.25707502,0.28068334,0.66183382,0.79337617
8.2600,0.78288012,1.93993516,0.25727152,0.28090182,0.66245247,0.79318169
8.2700,0.78246962,1.94078926,0.25746793,0.28112009,0.66307072,0.79298650
8.2800,0.78205977,1.94164289,0.25766423,0.28133813,0.66368857,0.79279058
8.2900,0.78165060,1.94249607,0.25786044,0.28155596,0.66430602,0.79259395
8.3000,0.78124209,1.94334878,0.25805655,0.28177357,0.66492307,0.79239662
8.3100,0.78083425,1.94420102,0.25825257,0.28199096,0.66553972,0.79219860
8.3200,0.78042707,1.94505281,0.25844849,0.28220813,0.66615597,0.79199988
8.3300,0.78002055,1.94590412,0.25864431,0.28242509,0.66677182,0.79180047
8.3400,0.77961470,1.94675497,0.25884004,0.28264182,0.66738728,0.79160039
8.3500,0.77920951,1.94760534,0.25903566,0.28285834,0.66800233,0.79139964
8.3600,0.77880498,1.94845525,0.25923120,0.28307464,0.66861699,0.79119822
8.3700,0.77840111,1.94930468,0.25942663,0.28329072,0.66923125,0.79099614
8.3800,0.77799790,1.95015365,0.25962198,0.28350659,0.66984511,0.79079341
8.3900,0.77759534,1.95100213,0.25981722,0.28372224,0.67045857,0.79059004
8.4000,0.77719345,1.95185014,0.26001237,0.28393767,0.67107164,0.79038602
8.4100,0.77679221,1.95269768,0.26020743,0.28415288,0.67168430,0.79018138
8.4200,0.77639162,1.95354474,0.26040238,0.28436788,0.67229657,0.78997610
8.4300,0.77599169,1.95439131,0.26059725,0.28458267,0.67290845,0.78977021
8.4400,0.77559242,1.95523741,0.26079202,0.28479724,0.67351992,0.78956370
8.4500,0.77519380,1.95608302,0.26098669,0.28501159,0.67413100,0.78935658
8.4600,0.77479583,1.95692816,0.26118127,0.28522573,0.67474168,0.78914886
8.4700,0.77439851,1.95777280,0.26137575,0.28543965,0.67535197,0.78894054
8.4800,0.77400184,1.95861697,0.26157014,0.28565335,0.67596186,0.78873163
8.4900,0.77360582,1.95946064,0.26176443,0.28586685,0.67657135,0.78852214
8.5000,0.77321045,1.96030383,0.26195863,0.28608012,0.67718045,0.78831208
8.5100,0.77281573,1.96114653,0.26215274,0.28629319,0.67778915,0.78810144
8.5200,0.77242165,1.96198874,0.26234675,0.28650604,0.67839746,0.78789023
8.5300,0.77202822,1.96283046,0.26254067,0.28671867,0.67900537,0.78767846
8.5400,0.77163544,1.96367168,0.26273449,0.28693109,0.67961288,0.78746614
8.5500,0.77124330,1.96451242,0.26292822,0.28714330,0.68022001,0.78725328
8.5600,0.77085180,1.96535265,0.26312185,0.28735530,0.68082673,0.78703987
8.5700,0.77046095,1.96619239,0.26331539,0.28756708,0.68143306,0.78682592
8.5800,0.77007074,1.96703164,0.26350884,0.28777865,0.68203900,0.78661144
8.5900,0.76968117,1.96787039,0.26370219,0.28799001,0.68264454,0.78639644
8.6000,0.76929223,1.96870863,0.26389545,0.28820115,0.68324969,0.78618092
8.6100,0.76890394,1.96954638,0.26408862,0.28841208,0.68385445,0.78596489
8.6200,0.76851629,1.97038363,0.26428170,0.28862280,0.68445881,0.78574835
8.6300,0.76812927,1.97122037,0.26447468,0.28883331,0.68506277,0.78553130
8.6400,0.76774289,1.97205661,0.26466757,0.28904361,0.68566635,0.78531376
8.6500,0.76735714,1.97289235,0.26486036,0.28925369,0.68626953,0.78509573
8.6600,0.76697203,1.97372758,0.26505306,0.28946357,0.68687232,0.78487722
8.6700,0.76658755,1.97456230,0.26524567,0.28967323,0.68747471,0.78465822
8.6800,0.76620371,1.97539652,0.26543819,0.28988269,0.68807671,0.78443875
8.6900,0.76582049,1.97623022,0.26563062,0.29009193,0.68867832,0.78421881
8.7000,0.76543791,1.97706342,0.26582295,0.29030096,0.68927954,0.78399841
8.7100,0.76505596,1.97789611,0.26601519,0.29050978,0.68988037,0.78377755
8.7200,0.76467464,1.97872828,0.26620734,0.29071840,0.69048080,0.78355624
8.7300,0.76429394,1.97955994,0.26639939,0.29092680,0.69108084,0.78333448
8.7400,0.76391387,1.98039109,0.26659136,0.29113499,0.69168049,0.78311229
8.7500,0.76353443,1.98122172,0.26678323,0.29134298,0.69227975,0.78288965
8.7600,0.76315562,1.98205183,0.26697501,0.29155075,0.69287862,0.78266658
8.7700,0.76277743,1.98288143,0.26716670,0.29175832,0.69347709,0.78244309
8.7800,0.76239986,1.98371051,0.26735830,0.29196568,0.69407518,0.78221918
8.7900,0.76202292,1.98453907,0.26754980,0.29217283,0.69467287,0.78199485
8.8000,0.76164659,1.98536712,0.26774122,0.29237977,0.69527018,0.78177011
8.8100,0.76127089,1.98619464,0.26793254,0.29258650,0.69586709,0.78154497
8.8200,0.76089581,1.98702164,0.26812377,0.29279303,0.69646362,0.78131943
8.8300,0.76052135,1.98784811,0.26831491,0.29299934,0.69705975,0.78109349
8.8400,0.76014751,1.98867406,0.26850596,0.29320545,0.69765550,0.78086717
8.8500,0.75977428,1.98949949,0.26869692,0.29341136,0.69825085,0.78064045
8.8600,0.75940167,1.99032439,0.26888779,0.29361706,0.69884582,0.78041336
8.8700,0.75902968,1.99114877,0.26907857,0.29382255,0.69944040,0.78018590
8.8800,0.75865830,1.99197261,0.26926925,0.29402783,0.70003458,0.77995807
8.8900,0.75828753,1.99279593,0.26945985,0.29423291,0.70062838,0.77972987
8.9000,0.75791738,1.99361872,0.26965036,0.29443778,0.70122179,0.77950131
8.9100,0.75754784,1.99444098,0.26984077,0.29464244,0.70181481,0.77927240
8.9200,0.75717891,1.99526270,0.27003110,0.29484690,0.70240745,0.77904313
8.9300,0.75681059,1.99608390,0.27022133,0.29505116,0.70299969,0.77881353
8.9400,0.75644288,1.99690456,0.27041148,0.29525521,0.70359155,0.77858358
8.9500,0.75607578,1.99772469,0.27060153,0.29545905,0.70418302,0.77835329
8.9600,0.75570928,1.99854428,0.27079150,0.29566269,0.70477410,0.77812268
8.9700,0.75534340,1.99936334,0.27098137,0.29586612,0.70536480,0.77789174
8.9800,0.75497811,2.00018186,0.27117116,0.29606935,0.70595511,0.77766048
8.9900,0.75461344,2.00099984,0.27136085,0.29627238,0.70654503,0.77742890
9.0000,0.75424936,2.00181728,0.27155046,0.29647520,0.70713456,0.77719701
9.0100,0.75388589,2.00263419,0.27173998,0.29667782,0.70772371,0.77696481
9.0200,0.75352302,2.00345055,0.27192940,0.29688023,0.70831247,0.77673232
9.0300,0.75316076,2.00426637,0.27211874,0.29708244,0.70890084,0.77649952
9.0400,0.75279909,2.00508165,0.27230799,0.29728445,0.70948883,0.77626643
9.0500,0.75243802,2.00589639,0.27249715,0.29748626,0.71007643,0.77603305
9.0600,0.75207755,2.00671059,0.27268622,0.29768786,0.71066365,0.77579938
9.0700,0.75171768,2.00752424,0.27287520,0.29788926,0.71125048,0.77556544
9.0800,0.75135840,2.00833735,0.27306409,0.29809045,0.71183693,0.77533122
9.0900,0.75099972,2.00914991,0.27325290,0.29829145,0.71242299,0.77509673
9.1000,0.75064164,2.00996192,0.27344161,0.29849224,0.71300867,0.77486197
9.1100,0.75028415,2.01077338,0.27363024,0.29869283,0.71359396,0.77462695
9.1200,0.74992725,2.01158430,0.27381878,0.29889322,0.71417886,0.77439167
9.1300,0.74957094,2.01239467,0.27400722,0.29909341,0.71476339,0.77415613
9.1400,0.74921523,2.01320449,0.27419558,0.29929339,0.71534752,0.77392035
9.1500,0.74886010,2.01401376,0.27438386,0.29949318,0.71593128,0.77368433
9.1600,0.74850557,2.01482247,0.27457204,0.29969276,0.71651465,0.77344806
9.1700,0.74815162,2.01563064,0.27476014,0.29989215,0.71709763,0.77321155
9.1800,0.74779826,2.01643825,0.27494814,0.30009133,0.71768024,0.77297482
9.1900,0.74744548,2.01724530,0.27513606,0.30029032,0.71826246,0.77273785
9.2000,0.74709329,2.01805181,0.27532389,0.30048910,0.71884429,0.77250066
9.2100,0.74674169,2.01885775,0.27551164,0.30068768,0.71942575,0.77226325
9.2200,0.74639067,2.01966314,0.27569929,0.30088607,0.72000682,0.77202562
9.2300,0.74604023,2.02046798,0.27588686,0.30108425,0.72058750,0.77178779
9.2400,0.74569038,2.02127225,0.27607434,0.30128224,0.72116781,0.77154974
9.2500,0.74534111,2.02207597,0.27626173,0.30148002,0.72174773,0.77131149
9.2600,0.74499241,2.02287913,0.27644904,0.30167761,0.72232727,0.77107304
9.2700,0.74464430,2.02368173,0.27663626,0.30187500,0.72290643,0.77083440
9.2800,0.74429676,2.02448377,0.27682339,0.30207219,0.72348521,0.77059556
9.2900,0.74394980,2.02528525,0.27701043,0.30226918,0.72406361,0.77035653
9.3000,0.74360342,2.02608617,0.27719738,0.30246598,0.72464162,0.77011733
9.3100,0.74325761,2.02688652,0.27738425,0.30266258,0.72521926,0.76987794
9.3200,0.74291238,2.02768632,0.27757103,0.30285897,0.72579651,0.76963837
9.3300,0.74256772,2.02848554,0.27775773,0.30305518,0.72637338,0.76939863
9.3400,0.74222364,2.02928421,0.27794433,0.30325118,0.72694987,0.76915873
9.3500,0.74188012,2.03008231,0.27813085,0.30344699,0.72752598,0.76891865
9.3600,0.74153718,2.03087984,0.27831729,0.30364260,0.72810172,0.76867842
9.3700,0.74119481,2.03167680,0.27850363,0.30383801,0.72867707,0.76843803
9.3800,0.74085301,2.03247320,0.27868989,0.30403323,0.72925204,0.76819749
9.3900,0.74051177,2.03326903,0.27887607,0.30422825,0.72982663,0.76795679
9.4000,0.74017110,2.03406430,0.27906215,0.30442308,0.73040084,0.76771595
9.4100,0.73983100,2.03485899,0.27924815,0.30461771,0.73097467,0.76747497
9.4200,0.73949147,2.03565311,0.27943407,0.30481214,0.73154813,0.76723385
9.4300,0.73915250,2.03644667,0.27961989,0.30500638,0.73212120,0.76699259
9.4400,0.73881409,2.03723965,0.27980563,0.30520042,0.73269390,0.76675120
9.4500,0.73847624,2.03803206,0.27999129,0.30539427,0.73326621,0.76650969
9.4600,0.73813896,2.03882390,0.28017685,0.30558792,0.73383815,0.76626804
9.4700,0.73780224,2.03961517,0.28036234,0.30578138,0.73440971,0.76602628
9.4800,0.73746608,2.04040586,0.28054773,0.30597465,0.73498090,0.76578440
9.4900,0.73713048,2.04119598,0.28073304,0.30616772,0.73555170,0.76554240
9.5000,0.73679543,2.04198552,0.28091827,0.30636059,0.73612213,0.76530030
9.5100,0.73646095,2.04277449,0.28110340,0.30655327,0.73669218,0.76505808
9.5200,0.73612702,2.04356289,0.28128846,0.30674576,0.73726185,0.76481577
9.5300,0.73579364,2.04435071,0.28147342,0.30693806,0.73783115,0.76457335
9.5400,0.73546082,2.04513795,0.28165830,0.30713016,0.73840007,0.76433083
9.5500,0.73512856,2.04592461,0.28184310,0.30732207,0.73896861,0.76408822
9.5600,0.73479685,2.04671069,0.28202781,0.30751378,0.73953677,0.76384552
9.5700,0.73446569,2.04749620,0.28221243,0.30770530,0.74010456,0.76360274
9.5800,0.73413508,2.04828113,0.28239697,0.30789663,0.74067197,0.76335986
9.5900,0.73380502,2.04906548,0.28258142,0.30808777,0.74123901,0.76311691
9.6000,0.73347551,2.04984924,0.28276579,0.30827872,0.74180567,0.76287388
9.6100,0.73314655,2.05063243,0.28295007,0.30846947,0.74237196,0.76263078
9.6200,0.73281813,2.05141503,0.28313427,0.30866003,0.74293787,0.76238760
9.6300,0.73249026,2.05219706,0.28331838,0.30885040,0.74350340,0.76214436
9.6400,0.73216294,2.05297850,0.28350241,0.30904058,0.74406856,0.76190105
9.6500,0.73183616,2.05375936,0.28368635,0.30923057,0.74463335,0.76165768
9.6600,0.73150993,2.05453963,0.28387020,0.30942037,0.74519776,0.76141425
9.6700,0.73118424,2.05531932,0.28405397,0.30960997,0.74576179,0.76117077
9.6800,0.73085909,2.05609843,0.28423766,0.30979939,0.74632545,0.76092723
9.6900,0.73053449,2.05687695,0.28442126,0.30998861,0.74688874,0.76068364
9.7000,0.73021042,2.05765489,0.28460478,0.31017765,0.74745165,0.76044001
9.7100,0.72988689,2.05843224,0.28478821,0.31036649,0.74801419,0.76019633
9.7200,0.72956390,2.05920900,0.28497156,0.31055515,0.74857636,0.75995262
9.7300,0.72924145,2.05998518,0.28515482,0.31074361,0.74913815,0.75970886
9.7400,0.72891954,2.06076077,0.28533800,0.31093189,0.74969957,0.75946507
9.7500,0.72859816,2.06153577,0.28552109,0.31111997,0.75026061,0.75922125
9.7600,0.72827732,2.06231019,0.28570410,0.31130787,0.75082129,0.75897740
9.7700,0.72795701,2.06308401,0.28588703,0.31149558,0.75138159,0.75873353
9.7800,0.72763723,2.06385725,0.28606987,0.31168310,0.75194151,0.75848963
9.7900,0.72731799,2.06462990,0.28625262,0.31187043,0.75250107,0.75824571
9.8000,0.72699927,2.06540195,0.28643530,0.31205757,0.75306025,0.75800177
9.8100,0.72668109,2.06617342,0.28661788,0.31224453,0.75361906,0.75775782
9.8200,0.72636344,2.06694429,0.28680039,0.31243129,0.75417750,0.75751386
9.8300,0.72604631,2.06771458,0.28698281,0.31261787,0.75473557,0.75726989
9.8400,0.72572972,2.06848427,0.28716514,0.31280426,0.75529327,0.75702591
9.8500,0.72541365,2.06925337,0.28734739,0.31299047,0.75585059,0.75678193
9.8600,0.72509811,2.07002187,0.28752956,0.31317648,0.75640755,0.75653794
9.8700,0.72478309,2.07078979,0.28771164,0.31336231,0.75696413,0.75629396
9.8800,0.72446859,2.07155711,0.28789364,0.31354796,0.75752034,0.75604999
9.8900,0.72415462,2.07232383,0.28807556,0.31373341,0.75807619,0.75580602
9.9000,0.72384118,2.07308996,0.28825739,0.31391868,0.75863166,0.75556206
9.9100,0.72352825,2.07385550,0.28843914,0.31410376,0.75918676,0.75531811
9.9200,0.72321584,2.07462044,0.28862080,0.31428866,0.75974149,0.75507418
9.9300,0.72290396,2.07538479,0.28880238,0.31447337,0.76029586,0.75483026
9.9400,0.72259259,2.07614854,0.28898388,0.31465790,0.76084985,0.75458637
9.9500,0.72228174,2.07691169,0.28916529,0.31484224,0.76140347,0.75434249
9.9600,0.72197141,2.07767425,0.28934662,0.31502639,0.76195673,0.75409865
9.9700,0.72166160,2.07843621,0.28952787,0.31521036,0.76250961,0.75385483
9.9800,0.72135230,2.07919757,0.28970903,0.31539415,0.76306213,0.75361104
9.9900,0.72104351,2.07995834,0.28989011,0.31557775,0.76361428,0.75336728
10.0000,0.72073524,2.08071850,0.29007111,0.31576116,0.76416605,0.75312355
10.0100,0.72042748,2.08147807,0.29025203,0.31594439,0.76471747,0.75287987
10.0200,0.72012024,2.08223704,0.29043286,0.31612744,0.76526851,0.75263622
10.0300,0.71981350,2.08299541,0.29061360,0.31631030,0.76581918,0.75239262
10.0400,0.71950728,2.08375318,0.29079427,0.31649298,0.76636949,0.75214906
10.0500,0.71920156,2.08451035,0.29097485,0.31667548,0.76691943,0.75190554
10.0600,0.71889635,2.08526692,0.29115535,0.31685779,0.76746900,0.75166208
10.0700,0.71859165,2.08602289,0.29133576,0.31703992,0.76801821,0.75141867
10.0800,0.71828746,2.08677826,0.29151609,0.31722186,0.76856705,0.75117531
10.0900,0.71798377,2.08753303,0.29169634,0.31740362,0.76911552,0.75093201
10.1000,0.71768059,2.08828720,0.29187651,0.31758520,0.76966362,0.75068876
10.1100,0.71737791,2.08904076,0.29205659,0.31776660,0.77021136,0.75044558
10.1200,0.71707574,2.08979372,0.29223659,0.31794781,0.77075873,0.75020246
10.1300,0.71677406,2.09054608,0.29241651,0.31812884,0.77130574,0.74995940
10.1400,0.71647289,2.09129784,0.29259634,0.31830969,0.77185238,0.74971641
10.1500,0.71617222,2.09204899,0.29277610,0.31849036,0.77239865,0.74947349
10.1600,0.71587205,2.09279954,0.29295577,0.31867085,0.77294456,0.74923064
10.1700,0.71557238,2.09354949,0.29313536,0.31885115,0.77349011,0.74898787
10.1800,0.71527321,2.09429883,0.29331486,0.31903128,0.77403528,0.74874517
10.1900,0.71497453,2.09504757,0.29349428,0.31921122,0.77458010,0.74850254
10.2000,0.71467635,2.09579570,0.29367362,0.31939098,0.77512455,0.74826000
10.2100,0.71437867,2.09654323,0.29385288,0.31957056,0.77566863,0.74801754
10.2200,0.71408148,2.09729015,0.29403206,0.31974996,0.77621235,0.74777517
10.2300,0.71378478,2.09803647,0.29421115,0.31992918,0.77675571,0.74753288
10.2400,0.71348858,2.09878219,0.29439016,0.32010822,0.77729870,0.74729067
10.2500,0.71319287,2.09952729,0.29456909,0.32028708,0.77784133,0.74704856
10.2600,0.71289765,2.10027179,0.29474793,0.32046576,0.77838359,0.74680654
10.2700,0.71260292,2.10101569,0.29492670,0.32064426,0.77892549,0.74656461
10.2800,0.71230868,2.10175897,0.29510538,0.32082258,0.77946703,0.74632278
10.2900,0.71201493,2.10250165,0.29528398,0.32100072,0.78000820,0.74608105
10.3000,0.71172166,2.10324373,0.29546250,0.32117868,0.78054901,0.74583942
10.3100,0.71142889,2.10398519,0.29564093,0.32135647,0.78108946,0.74559789
10.3200,0.71113659,2.10472605,0.29581929,0.32153407,0.78162955,0.74535646
10.3300,0.71084479,2.10546630,0.29599756,0.32171150,0.78216927,0.74511514
10.3400,0.71055347,2.10620594,0.29617575,0.32188874,0.78270863,0.74487393
10.3500,0.71026263,2.10694498,0.29635386,0.32206581,0.78324763,0.74463282
10.3600,0.70997228,2.10768340,0.29653188,0.32224270,0.78378627,0.74439183
10.3700,0.70968240,2.10842122,0.29670983,0.32241941,0.78432454,0.74415095
10.3800,0.70939301,2.10915843,0.29688769,0.32259595,0.78486246,0.74391018
10.3900,0.70910410,2.10989503,0.29706547,0.32277231,0.78540001,0.74366953
10.4000,0.70881567,2.11063101,0.29724317,0.32294849,0.78593720,0.74342900
10.4100,0.70852771,2.11136639,0.29742079,0.32312449,0.78647403,0.74318859
10.4200,0.70824024,2.11210116,0.29759833,0.32330032,0.78701050,0.74294830
10.4300,0.70795324,2.11283532,0.29777578,0.32347597,0.78754661,0.74270813
10.4400,0.70766672,2.11356887,0.29795316,0.32365144,0.78808236,0.74246809
10.4500,0.70738067,2.11430181,0.29813045,0.32382673,0.78861775,0.74222817
10.4600,0.70709509,2.11503414,0.29830766,0.32400185,0.78915278,0.74198839
10.4700,0.70680999,2.11576586,0.29848479,0.32417680,0.78968745,0.74174873
10.4800,0.70652537,2.11649696,0.29866184,0.32435157,0.79022176,0.74150921
10.4900,0.70624121,2.11722746,0.29883880,0.32452616,0.79075571,0.74126982
10.5000,0.70595752,2.11795734,0.29901569,0.32470057,0.79128930,0.74103056
10.5100,0.70567431,2.11868662,0.29919249,0.32487481,0.79182253,0.74079144
10.5200,0.70539156,2.11941528,0.29936921,0.32504888,0.79235540,0.74055246
10.5300,0.70510929,2.12014333,0.29954585,0.32522277,0.79288792,0.74031362
10.5400,0.70482748,2.12087077,0.29972241,0.32539649,0.79342007,0.74007492
10.5500,0.70454614,2.12159759,0.29989889,0.32557003,0.79395187,0.73983637
10.5600,0.70426526,2.12232381,0.30007529,0.32574339,0.79448331,0.73959795
10.5700,0.70398485,2.12304941,0.30025161,0.32591658,0.79501439,0.73935969
10.5800,0.70370490,2.12377440,0.30042784,0.32608960,0.79554511,0.73912157
10.5900,0.70342542,2.12449877,0.30060400,0.32626245,0.79607548,0.73888360
10.6000,0.70314640,2.12522253,0.30078007,0.32643512,0.79660549,0.73864578
10.6100,0.70286784,2.12594568,0.30095606,0.32660761,0.79713514,0.73840812
10.6200,0.70258974,2.12666822,0.30113198,0.32677994,0.79766443,0.73817060
10.6300,0.70231210,2.12739015,0.30130781,0.32695208,0.79819337,0.73793325
10.6400,0.70203492,2.12811146,0.30148356,0.32712406,0.79872195,0.73769604
10.6500,0.70175820,2.12883215,0.30165923,0.32729586,0.79925017,0.73745900
10.6600,0.70148194,2.12955224,0.30183482,0.32746749,0.79977804,0.73722211
10.6700,0.70120614,2.13027171,0.30201032,0.32763895,0.80030555,0.73698539
10.6800,0.70093079,2.13099056,0.30218575,0.32781024,0.80083271,0.73674883
10.6900,0.70065590,2.13170881,0.30236110,0.32798135,0.80135951,0.73651243
10.7000,0.70038146,2.13242643,0.30253636,0.32815229,0.80188595,0.73627619
10.7100,0.70010747,2.13314345,0.30271155,0.32832306,0.80241204,0.73604012
10.7200,0.69983394,2.13385985,0.30288665,0.32849366,0.80293778,0.73580422
10.7300,0.69956086,2.13457563,0.30306168,0.32866408,0.80346315,0.73556849
10.7400,0.69928823,2.13529081,0.30323662,0.32883434,0.80398818,0.73533293
10.7500,0.69901605,2.13600536,0.30341148,0.32900442,0.80451285,0.73509753
10.7600,0.69874433,2.13671931,0.30358627,0.32917433,0.80503716,0.73486232
10.7700,0.69847305,2.13743263,0.30376097,0.32934407,0.80556112,0.73462727
10.7800,0.69820222,2.13814535,0.30393559,0.32951364,0.80608473,0.73439240
10.7900,0.69793183,2.13885745,0.30411013,0.32968304,0.80660798,0.73415770
10.8000,0.69766189,2.13956893,0.30428459,0.32985227,0.80713088,0.73392319
10.8100,0.69739240,2.14027980,0.30445897,0.33002133,0.80765342,0.73368885
10.8200,0.69712336,2.14099005,0.30463327,0.33019022,0.80817561,0.73345469
10.8300,0.69685475,2.14169969,0.30480749,0.33035894,0.80869745,0.73322071
10.8400,0.69658659,2.14240871,0.30498163,0.33052749,0.80921894,0.73298692
10.8500,0.69631888,2.14311712,0.30515569,0.33069587,0.80974007,0.73275330
10.8600,0.69605160,2.14382492,0.30532967,0.33086408,0.81026085,0.73251988
10.8700,0.69578477,2.14453209,0.30550357,0.33103212,0.81078127,0.73228663
10.8800,0.69551837,2.14523866,0.30567739,0.33119999,0.81130135,0.73205358
10.8900,0.69525242,2.14594460,0.30585113,0.33136769,0.81182107,0.73182071
10.9000,0.69498690,2.14664994,0.30602479,0.33153523,0.81234044,0.73158803
10.9100,0.69472182,2.14735465,0.30619837,0.33170260,0.81285946,0.73135554
10.9200,0.69445718,2.14805875,0.30637187,0.33186979,0.81337813,0.73112324
10.9300,0.69419298,2.14876224,0.30654529,0.33203682,0.81389644,0.73089114
10.9400,0.69392921,2.14946511,0.30671862,0.33220368,0.81441441,0.73065923
10.9500,0.69366587,2.15016736,0.30689188,0.33237038,0.81493202,0.73042751
10.9600,0.69340297,2.15086900,0.30706506,0.33253690,0.81544929,0.73019599
10.9700,0.69314050,2.15157003,0.30723816,0.33270326,0.81596620,0.72996466
10.9800,0.69287847,2.15227043,0.30741118,0.33286945,0.81648276,0.72973353
10.9900,0.69261686,2.15297023,0.30758412,0.33303548,0.81699897,0.72950260
11.0000,0.69235569,2.15366940,0.30775698,0.33320133,0.81751483,0.72927187
11.0100,0.69209494,2.15436796,0.30792976,0.33336702,0.81803034,0.72904134
11.0200,0.69183463,2.15506591,0.30810246,0.33353255,0.81854551,0.72881101
11.0300,0.69157474,2.15576324,0.30827508,0.33369790,0.81906032,0.72858088
11.0400,0.69131528,2.15645995,0.30844762,0.33386309,0.81957478,0.72835096
11.0500,0.69105625,2.15715605,0.30862008,0.33402812,0.82008890,0.72812124
11.0600,0.69079765,2.15785153,0.30879247,0.33419297,0.82060266,0.72789172
11.0700,0.69053946,2.15854640,0.30896477,0.33435767,0.82111608,0.72766241
11.0800,0.69028171,2.15924065,0.30913699,0.33452219,0.82162914,0.72743331
11.0900,0.69002438,2.15993428,0.30930913,0.33468655,0.82214186,0.72720442
11.1000,0.68976747,2.16062730,0.30948120,0.33485075,0.82265423,0.72697573
11.1100,0.68951098,2.16131971,0.30965318,0.33501478,0.82316626,0.72674726
11.1200,0.68925491,2.16201149,0.30982508,0.33517865,0.82367793,0.72651899
11.1300,0.68899927,2.16270267,0.30999691,0.33534235,0.82418926,0.72629094
11.1400,0.68874405,2.16339322,0.31016866,0.33550588,0.82470024,0.72606309
11.1500,0.68848924,2.16408317,0.31034032,0.33566925,0.82521087,0.72583547
11.1600,0.68823485,2.16477249,0.31051191,0.33583246,0.82572115,0.72560805
11.1700,0.68798088,2.16546120,0.31068342,0.33599550,0.82623109,0.72538085
11.1800,0.68772733,2.16614930,0.31085484,0.33615838,0.82674068,0.72515386
11.1900,0.68747419,2.16683678,0.31102619,0.33632110,0.82724993,0.72492709
11.2000,0.68722147,2.16752364,0.31119746,0.33648365,0.82775882,0.72470054
11.2100,0.68696917,2.16820989,0.31136865,0.33664603,0.82826738,0.72447421
11.2200,0.68671727,2.16889553,0.31153976,0.33680826,0.82877558,0.72424809
11.2300,0.68646579,2.16958054,0.31171079,0.33697032,0.82928344,0.72402219
11.2400,0.68621473,2.17026495,0.31188175,0.33713222,0.82979096,0.72379652
11.2500,0.68596407,2.17094874,0.31205262,0.33729395,0.83029812,0.72357106
11.2600,0.68571383,2.17163191,0.31222341,0.33745552,0.83080495,0.72334582
11.2700,0.68546399,2.17231447,0.31239413,0.33761693,0.83131143,0.72312081
11.2800,0.68521457,2.17299641,0.31256476,0.33777818,0.83181756,0.72289602
11.2900,0.68496555,2.17367774,0.31273532,0.33793927,0.83232335,0.72267145
11.3000,0.68471694,2.17435845,0.31290580,0.33810019,0.83282879,0.72244711
11.3100,0.68446874,2.17503855,0.31307620,0.33826095,0.83333389,0.72222299
11.3200,0.68422094,2.17571804,0.31324652,0.33842155,0.83383864,0.72199910
11.3300,0.68397356,2.17639691,0.31341676,0.33858199,0.83434306,0.72177544
11.3400,0.68372657,2.17707516,0.31358692,0.33874226,0.83484712,0.72155200
11.3500,0.68347999,2.17775280,0.31375700,0.33890238,0.83535085,0.72132879
11.3600,0.68323381,2.17842983,0.31392701,0.33906233,0.83585423,0.72110580
11.3700,0.68298804,2.17910624,0.31409693,0.33922212,0.83635726,0.72088305
11.3800,0.68274267,2.17978204,0.31426678,0.33938176,0.83685996,0.72066053
11.3900,0.68249770,2.18045722,0.31443655,0.33954123,0.83736231,0.72043823
11.4000,0.68225313,2.18113179,0.31460623,0.33970054,0.83786431,0.72021617
11.4100,0.68200896,2.18180575,0.31477584,0.33985969,0.83836598,0.71999433
11.4200,0.68176518,2.18247909,0.31494537,0.34001868,0.83886730,0.71977273
11.4300,0.68152181,2.18315182,0.31511483,0.34017751,0.83936828,0.71955136
11.4400,0.68127884,2.18382393,0.31528420,0.34033618,0.83986892,0.71933023
11.4500,0.68103626,2.18449543,0.31545349,0.34049469,0.84036922,0.71910933
11.4600,0.68079407,2.18516632,0.31562271,0.34065304,0.84086917,0.71888866
11.4700,0.68055229,2.18583659,0.31579185,0.34081123,0.84136878,0.71866823
11.4800,0.68031089,2.18650626,0.31596091,0.34096927,0.84186806,0.71844803
11.4900,0.68006990,2.18717530,0.31612989,0.34112714,0.84236699,0.71822806
11.5000,0.67982929,2.18784374,0.31629879,0.34128486,0.84286558,0.71800834
11.5100,0.67958908,2.18851156,0.31646761,0.34144241,0.84336382,0.71778885
11.5200,0.67934926,2.18917877,0.31663636,0.34159981,0.84386173,0.71756960
11.5300,0.67910983,2.18984537,0.31680502,0.34175705,0.84435930,0.71735058
11.5400,0.67887079,2.19051135,0.31697361,0.34191413,0.84485653,0.71713180
11.5500,0.67863214,2.19117672,0.31714212,0.34207105,0.84535342,0.71691327
11.5600,0.67839388,2.19184148,0.31731055,0.34222782,0.84584996,0.71669497
11.5700,0.67815601,2.19250563,0.31747890,0.34238443,0.84634617,0.71647691
11.5800,0.67791852,2.19316917,0.31764717,0.34254088,0.84684204,0.71625909
11.5900,0.67768142,2.19383209,0.31781537,0.34269717,0.84733757,0.71604151
11.6000,0.67744471,2.19449440,0.31798348,0.34285330,0.84783276,0.71582417
11.6100,0.67720838,2.19515610,0.31815152,0.34300928,0.84832761,0.71560707
11.6200,0.67697244,2.19581719,0.31831948,0.34316510,0.84882212,0.71539022
11.6300,0.67673688,2.19647767,0.31848736,0.34332077,0.84931630,0.71517361
11.6400,0.67650171,2.19713753,0.31865517,0.34347627,0.84981013,0.71495724
11.6500,0.67626692,2.19779679,0.31882289,0.34363163,0.85030363,0.71474111
11.6600,0.67603251,2.19845543,0.31899054,0.34378682,0.85079679,0.71452522
11.6700,0.67579848,2.19911347,0.31915811,0.34394186,0.85128961,0.71430958
11.6800,0.67556483,2.19977089,0.31932560,0.34409674,0.85178209,0.71409419
11.6900,0.67533156,2.20042770,0.31949301,0.34425147,0.85227424,0.71387904
11.7000,0.67509867,2.20108391,0.31966034,0.34440604,0.85276605,0.71366413
11.7100,0.67486616,2.20173950,0.31982760,0.34456045,0.85325752,0.71344947
11.7200,0.67463403,2.20239448,0.31999477,0.34471471,0.85374865,0.71323505
11.7300,0.67440227,2.20304885,0.32016187,0.34486882,0.85423945,0.71302088
11.7400,0.67417089,2.20370262,0.32032889,0.34502277,0.85472991,0.71280696
11.7500,0.67393989,2.20435577,0.32049584,0.34517656,0.85522004,0.71259328
11.7600,0.67370926,2.20500831,0.32066270,0.34533020,0.85570983,0.71237985
11.7700,0.67347900,2.20566025,0.32082949,0.34548369,0.85619928,0.71216667
11.7800,0.67324912,2.20631158,0.32099620,0.34563702,0.85668839,0.71195373
11.7900,0.67301961,2.20696229,0.32116283,0.34579019,0.85717717,0.71174105
11.8000,0.67279047,2.20761240,0.32132938,0.34594322,0.85766562,0.71152861
11.8100,0.67256171,2.20826190,0.32149586,0.34609609,0.85815373,0.71131642
11.8200,0.67233331,2.20891079,0.32166225,0.34624880,0.85864150,0.71110448
11.8300,0.67210529,2.20955908,0.32182857,0.34640136,0.85912894,0.71089278
11.8400,0.67187763,2.21020675,0.32199481,0.34655377,0.85961605,0.71068134
11.8500,0.67165035,2.21085382,0.32216098,0.34670602,0.86010282,0.71047015
11.8600,0.67142343,2.21150028,0.32232706,0.34685812,0.86058926,0.71025920
11.8700,0.67119688,2.21214614,0.32249307,0.34701007,0.86107536,0.71004851
11.8800,0.67097069,2.21279138,0.32265900,0.34716186,0.86156113,0.70983806
11.8900,0.67074487,2.21343602,0.32282485,0.34731350,0.86204656,0.70962787
11.9000,0.67051942,2.21408006,0.32299062,0.34746499,0.86253166,0.70941793
11.9100,0.67029433,2.21472348,0.32315632,0.34761633,0.86301643,0.70920824
11.9200,0.67006961,2.21536630,0.32332194,0.34776751,0.86350086,0.70899880
11.9300,0.66984525,2.21600852,0.32348748,0.34791855,0.86398496,0.70878961
11.9400,0.66962125,2.21665013,0.32365294,0.34806943,0.86446873,0.70858067
11.9500,0.66939762,2.21729113,0.32381832,0.34822015,0.86495216,0.70837199
11.9600,0.66917434,2.21793153,0.32398363,0.34837073,0.86543526,0.70816355
11.9700,0.66895143,2.21857132,0.32414886,0.34852116,0.86591803,0.70795537
11.9800,0.66872887,2.21921050,0.32431401,0.34867143,0.86640047,0.70774745
11.9900,0.66850668,2.21984909,0.32447909,0.34882155,0.86688257,0.70753977
12.0000,0.66828484,2.22048706,0.32464408,0.34897152,0.86736435,0.70733235
12.0100,0.66806336,2.22112443,0.32480900,0.34912134,0.86784579,0.70712518
12.0200,0.66784224,2.22176120,0.32497384,0.34927101,0.86832690,0.70691826
12.0300,0.66762148,2.22239737,0.32513861,0.34942053,0.86880768,0.70671160
12.0400,0.66740107,2.22303293,0.32530329,0.34956990,0.86928812,0.70650519
12.0500,0.66718102,2.22366788,0.32546790,0.34971912,0.86976824,0.70629903
12.0600,0.66696132,2.22430224,0.32563243,0.34986818,0.87024803,0.70609313
12.0700,0.66674198,2.22493599,0.32579689,0.35001710,0.87072748,0.70588748
12.0800,0.66652299,2.22556914,0.32596126,0.35016587,0.87120661,0.70568209
12.0900,0.66630435,2.22620168,0.32612556,0.35031449,0.87168540,0.70547695
12.1000,0.66608607,2.22683362,0.32628978,0.35046296,0.87216386,0.70527206
12.1100,0.66586813,2.22746496,0.32645392,0.35061127,0.87264200,0.70506743
12.1200,0.66565055,2.22809570,0.32661799,0.35075944,0.87311980,0.70486306
12.1300,0.66543332,2.22872584,0.32678198,0.35090746,0.87359728,0.70465893
12.1400,0.66521644,2.22935537,0.32694589,0.35105534,0.87407442,0.70445507
12.1500,0.66499990,2.22998431,0.32710972,0.35120306,0.87455124,0.70425145
12.1600,0.66478371,2.23061264,0.32727348,0.35135063,0.87502773,0.70404810
12.1700,0.66456788,2.23124037,0.32743716,0.35149806,0.87550388,0.70384499
12.1800,0.66435239,2.23186750,0.32760076,0.35164533,0.87597971,0.70364215
12.1900,0.66413724,2.23249403,0.32776429,0.35179246,0.87645522,0.70343955
12.2000,0.66392244,2.23311996,0.32792773,0.35193944,0.87693039,0.70323722
12.2100,0.66370799,2.23374530,0.32809110,0.35208628,0.87740523,0.70303514
12.2200,0.66349388,2.23437003,0.32825440,0.35223296,0.87787975,0.70283331
12.2300,0.66328011,2.23499416,0.32841761,0.35237950,0.87835394,0.70263174
12.2400,0.66306669,2.23561769,0.32858075,0.35252589,0.87882780,0.70243042
12.2500,0.66285361,2.23624063,0.32874381,0.35267213,0.87930134,0.70222936
12.2600,0.66264087,2.23686296,0.32890680,0.35281822,0.87977454,0.70202856
12.2700,0.66242847,2.23748470,0.32906970,0.35296417,0.88024742,0.70182801
12.2800,0.66221641,2.23810584,0.32923253,0.35310997,0.88071998,0.70162772
12.2900,0.66200470,2.23872638,0.32939529,0.35325563,0.88119220,0.70142768
12.3000,0.66179332,2.23934633,0.32955796,0.35340113,0.88166410,0.70122790
12.3100,0.66158228,2.23996568,0.32972056,0.35354649,0.88213568,0.70102837
12.3200,0.66137158,2.24058443,0.32988308,0.35369171,0.88260693,0.70082910
12.3300,0.66116122,2.24120258,0.33004552,0.35383678,0.88307785,0.70063009
12.3400,0.66095119,2.24182014,0.33020789,0.35398170,0.88354844,0.70043133
12.3500,0.66074150,2.24243710,0.33037018,0.35412648,0.88401871,0.70023283
12.3600,0.66053215,2.24305346,0.33053239,0.35427111,0.88448866,0.70003458
12.3700,0.66032313,2.24366923,0.33069453,0.35441559,0.88495828,0.69983659
12.3800,0.66011444,2.24428441,0.33085659,0.35455993,0.88542757,0.69963886
12.3900,0.65990609,2.24489899,0.33101857,0.35470413,0.88589654,0.69944138
12.4000,0.65969807,2.24551297,0.33118048,0.35484818,0.88636519,0.69924415
12.4100,0.65949039,2.24612636,0.33134230,0.35499208,0.88683351,0.69904718
12.4200,0.65928303,2.24673916,0.33150406,0.35513584,0.88730151,0.69885047
12.4300,0.65907601,2.24735136,0.33166573,0.35527945,0.88776918,0.69865402
12.4400,0.65886932,2.24796297,0.33182733,0.35542292,0.88823653,0.69845781
12.4500,0.65866295,2.24857398,0.33198885,0.35556625,0.88870355,0.69826187
12.4600,0.65845692,2.24918440,0.33215029,0.35570943,0.88917025,0.69806618
12.4700,0.65825122,2.24979423,0.33231166,0.35585247,0.88963663,0.69787075
12.4800,0.65804584,2.25040347,0.33247295,0.35599536,0.89010268,0.69767557
12.4900,0.65784079,2.25101211,0.33263416,0.35613811,0.89056842,0.69748064
12.5000,0.65763607,2.25162016,0.33279530,0.35628071,0.89103382,0.69728597
12.5100,0.65743168,2.25222762,0.33295636,0.35642318,0.89149891,0.69709156
12.5200,0.65722761,2.25283449,0.33311734,0.35656550,0.89196367,0.69689740
12.5300,0.65702387,2.25344077,0.33327825,0.35670767,0.89242811,0.69670350
12.5400,0.65682045,2.25404646,0.33343908,0.35684970,0.89289223,0.69650985
12.5500,0.65661735,2.25465156,0.33359983,0.35699159,0.89335603,0.69631646
12.5600,0.65641458,2.25525606,0.33376050,0.35713334,0.89381950,0.69612333
12.5700,0.65621213,2.25585998,0.33392110,0.35727494,0.89428266,0.69593044
12.5800,0.65601001,2.25646331,0.33408163,0.35741640,0.89474549,0.69573782
12.5900,0.65580820,2.25706604,0.33424207,0.35755772,0.89520800,0.69554544
12.6000,0.65560672,2.25766819,0.33440244,0.35769890,0.89567019,0.69535332
12.6100,0.65540556,2.25826975,0.33456273,0.35783993,0.89613206,0.69516146
12.6200,0.65520471,2.25887073,0.33472295,0.35798082,0.89659360,0.69496985
12.6300,0.65500419,2.25947111,0.33488309,0.35812157,0.89705483,0.69477850
12.6400,0.65480398,2.26007091,0.33504315,0.35826218,0.89751574,0.69458740
12.6500,0.65460409,2.26067012,0.33520314,0.35840265,0.89797632,0.69439655
12.6600,0.65440452,2.26126874,0.33536305,0.35854297,0.89843659,0.69420596
12.6700,0.65420527,2.26186677,0.33552288,0.35868316,0.89889654,0.69401562
12.6800,0.65400633,2.26246422,0.33568264,0.35882320,0.89935616,0.69382553
12.6900,0.65380771,2.26306108,0.33584232,0.35896310,0.89981547,0.69363570
12.7000,0.65360941,2.26365736,0.33600192,0.35910286,0.90027446,0.69344612
12.7100,0.65341141,2.26425305,0.33616145,0.35924248,0.90073313,0.69325680
12.7200,0.65321374,2.26484816,0.33632090,0.35938196,0.90119148,0.69306773
12.7300,0.65301637,2.26544268,0.33648027,0.35952130,0.90164951,0.69287891
12.7400,0.65281932,2.26603661,0.33663957,0.35966050,0.90210722,0.69269034
12.7500,0.65262258,2.26662996,0.33679879,0.35979956,0.90256461,0.69250203
12.7600,0.65242615,2.26722273,0.33695794,0.35993848,0.90302169,0.69231397
12.7700,0.65223004,2.26781492,0.33711701,0.36007726,0.90347845,0.69212617
12.7800,0.65203423,2.26840652,0.33727600,0.36021589,0.90393489,0.69193861
12.7900,0.65183874,2.26899754,0.33743491,0.36035439,0.90439101,0.69175131
12.8000,0.65164355,2.26958797,0.33759375,0.36049275,0.90484681,0.69156426
12.8100,0.65144867,2.27017783,0.33775252,0.36063097,0.90530230,0.69137746
12.8200,0.65125410,2.27076710,0.33791120,0.36076906,0.90575747,0.69119091
12.8300,0.65105984,2.27135579,0.33806981,0.36090700,0.90621233,0.69100462
12.8400,0.65086588,2.27194389,0.33822835,0.36104480,0.90666686,0.69081858
12.8500,0.65067224,2.27253142,0.33838681,0.36118247,0.90712108,0.69063278
12.8600,0.65047889,2.27311837,0.33854519,0.36131999,0.90757498,0.69044724
12.8700,0.65028586,2.27370474,0.33870349,0.36145738,0.90802857,0.69026195
12.8800,0.65009312,2.27429052,0.33886172,0.36159463,0.90848184,0.69007691
12.8900,0.64990069,2.27487573,0.33901988,0.36173174,0.90893480,0.68989212
12.9000,0.64970857,2.27546036,0.33917795,0.36186871,0.90938744,0.68970759
12.9100,0.64951675,2.27604441,0.33933595,0.36200555,0.90983976,0.68952330
12.9200,0.64932523,2.27662788,0.33949388,0.36214224,0.91029177,0.68933926
12.9300,0.64913401,2.27721077,0.33965173,0.36227880,0.91074346,0.68915547
12.9400,0.64894310,2.27779308,0.33980950,0.36241523,0.91119484,0.68897193
12.9500,0.64875248,2.27837482,0.33996720,0.36255151,0.91164590,0.68878865
12.9600,0.64856217,2.27895598,0.34012482,0.36268766,0.91209665,0.68860561
12.9700,0.64837215,2.27953656,0.34028236,0.36282367,0.91254708,0.68842282
12.9800,0.64818244,2.28011656,0.34043983,0.36295954,0.91299720,0.68824027
12.9900,0.64799302,2.28069599,0.34059722,0.36309528,0.91344701,0.68805798
13.0000,0.64780390,2.28127485,0.34075454,0.36323088,0.91389650,0.68787594
13.0100,0.64761508,2.28185313,0.34091178,0.36336634,0.91434568,0.68769414
13.0200,0.64742656,2.28243083,0.34106894,0.36350167,0.91479454,0.68751259
13.0300,0.64723833,2.28300796,0.34122603,0.36363686,0.91524309,0.68733129
13.0400,0.64705040,2.28358451,0.34138304,0.36377191,0.91569133,0.68715024
13.0500,0.64686276,2.28416049,0.34153998,0.36390683,0.91613925,0.68696944
13.0600,0.64667542,2.28473590,0.34169684,0.36404161,0.91658686,0.68678888
13.0700,0.64648837,2.28531073,0.34185362,0.36417626,0.91703416,0.68660857
13.0800,0.64630162,2.28588499,0.34201033,0.36431077,0.91748115,0.68642850
13.0900,0.64611516,2.28645867,0.34216696,0.36444515,0.91792782,0.68624869
13.1000,0.64592899,2.28703179,0.34232352,0.36457939,0.91837418,0.68606911
13.1100,0.64574312,2.28760433,0.34248000,0.36471349,0.91882023,0.68588979
13.1200,0.64555753,2.28817630,0.34263640,0.36484746,0.91926597,0.68571071
13.1300,0.64537224,2.28874770,0.34279273,0.36498130,0.91971139,0.68553188
13.1400,0.64518724,2.28931853,0.34294899,0.36511500,0.92015651,0.68535329
13.1500,0.64500253,2.28988879,0.34310516,0.36524856,0.92060131,0.68517495
13.1600,0.64481810,2.29045848,0.34326127,0.36538199,0.92104580,0.68499685
13.1700,0.64463397,2.29102760,0.34341729,0.36551529,0.92148998,0.68481899
13.1800,0.64445012,2.29159615,0.34357324,0.36564845,0.92193385,0.68464138
13.1900,0.64426657,2.29216413,0.34372912,0.36578148,0.92237741,0.68446402
13.2000,0.64408330,2.29273154,0.34388491,0.36591437,0.92282066,0.68428690
13.2100,0.64390031,2.29329838,0.34404064,0.36604713,0.92326360,0.68411002
13.2200,0.64371761,2.29386466,0.34419628,0.36617976,0.92370623,0.68393339
13.2300,0.64353520,2.29443036,0.34435186,0.36631225,0.92414855,0.68375700
13.2400,0.64335308,2.29499550,0.34450735,0.36644461,0.92459056,0.68358085
13.2500,0.64317123,2.29556008,0.34466277,0.36657684,0.92503226,0.68340494
13.2600,0.64298967,2.29612408,0.34481812,0.36670893,0.92547365,0.68322928
13.2700,0.64280840,2.29668753,0.34497338,0.36684089,0.92591473,0.68305386
13.2800,0.64262741,2.29725040,0.34512858,0.36697272,0.92635550,0.68287868
13.2900,0.64244670,2.29781271,0.34528369,0.36710442,0.92679596,0.68270375
13.3000,0.64226627,2.29837446,0.34543874,0.36723598,0.92723612,0.68252905
13.3100,0.64208613,2.29893564,0.34559370,0.36736741,0.92767596,0.68235460
13.3200,0.64190626,2.29949625,0.34574859,0.36749870,0.92811550,0.68218038
13.3300,0.64172668,2.30005631,0.34590341,0.36762987,0.92855473,0.68200641
13.3400,0.64154738,2.30061580,0.34605815,0.36776090,0.92899365,0.68183268
13.3500,0.64136835,2.30117472,0.34621281,0.36789180,0.92943226,0.68165919
13.3600,0.64118961,2.30173308,0.34636740,0.36802257,0.92987057,0.68148593
13.3700,0.64101114,2.30229089,0.34652191,0.36815321,0.93030857,0.68131292
13.3800,0.64083295,2.30284812,0.34667635,0.36828371,0.93074626,0.68114015
13.3900,0.64065504,2.30340480,0.34683071,0.36841409,0.93118364,0.68096761
13.4000,0.64047740,2.30396092,0.34698500,0.36854433,0.93162072,0.68079532
13.4100,0.64030005,2.30451647,0.34713921,0.36867444,0.93205749,0.68062326
13.4200,0.64012296,2.30507147,0.34729335,0.36880442,0.93249395,0.68045144
13.4300,0.63994616,2.30562591,0.34744741,0.36893427,0.93293011,0.68027986
13.4400,0.63976962,2.30617978,0.34760139,0.36906399,0.93336596,0.68010851
13.4500,0.63959337,2.30673310,0.34775530,0.36919357,0.93380151,0.67993741
13.4600,0.63941738,2.30728586,0.34790914,0.36932303,0.93423674,0.67976654
13.4700,0.63924167,2.30783806,0.34806290,0.36945236,0.93467168,0.67959590
13.4800,0.63906623,2.30838970,0.34821658,0.36958156,0.93510631,0.67942550
13.4900,0.63889107,2.30894078,0.34837019,0.36971062,0.93554063,0.67925534
13.5000,0.63871617,2.30949131,0.34852372,0.36983956,0.93597465,0.67908542
13.5100,0.63854155,2.31004128,0.34867718,0.36996837,0.93640836,0.67891573
13.5200,0.63836720,2.31059069,0.34883056,0.37009704,0.93684177,0.67874627
13.5300,0.63819312,2.31113955,0.34898387,0.37022559,0.93727487,0.67857706
13.5400,0.63801931,2.31168785,0.34913710,0.37035401,0.93770767,0.67840807
13.5500,0.63784576,2.31223559,0.34929026,0.37048229,0.93814016,0.67823932
13.5600,0.63767249,2.31278278,0.34944334,0.37061045,0.93857235,0.67807080
13.5700,0.63749949,2.31332942,0.34959635,0.37073848,0.93900424,0.67790252
13.5800,0.63732675,2.31387550,0.34974928,0.37086638,0.93943582,0.67773447
13.5900,0.63715428,2.31442103,0.34990214,0.37099416,0.93986710,0.67756666
13.6000,0.63698208,2.31496601,0.35005492,0.37112180,0.94029807,0.67739907
13.6100,0.63681014,2.31551043,0.35020762,0.37124932,0.94072875,0.67723172
13.6200,0.63663847,2.31605430,0.35036025,0.37137670,0.94115912,0.67706460
13.6300,0.63646706,2.31659762,0.35051281,0.37150396,0.94158918,0.67689772
13.6400,0.63629592,2.31714038,0.35066529,0.37163109,0.94201895,0.67673106
13.6500,0.63612505,2.31768260,0.35081770,0.37175809,0.94244841,0.67656464
13.6600,0.63595444,2.31822426,0.35097003,0.37188496,0.94287757,0.67639845
13.6700,0.63578409,2.31876537,0.35112228,0.37201171,0.94330642,0.67623249
13.6800,0.63561400,2.31930594,0.35127446,0.37213833,0.94373498,0.67606675
13.6900,0.63544418,2.31984595,0.35142657,0.37226482,0.94416323,0.67590125
13.7000,0.63527462,2.32038541,0.35157860,0.37239118,0.94459118,0.67573598
13.7100,0.63510532,2.32092433,0.35173055,0.37251742,0.94501883,0.67557094
13.7200,0.63493628,2.32146270,0.35188243,0.37264353,0.94544618,0.67540613
13.7300,0.63476750,2.32200051,0.35203424,0.37276951,0.94587322,0.67524154
13.7400,0.63459898,2.32253778,0.35218597,0.37289536,0.94629997,0.67507719
13.7500,0.63443073,2.32307451,0.35233762,0.37302109,0.94672641,0.67491306
13.7600,0.63426273,2.32361068,0.35248921,0.37314669,0.94715256,0.67474916
13.7700,0.63409499,2.32414631,0.35264071,0.37327217,0.94757840,0.67458549
13.7800,0.63392750,2.32468140,0.35279214,0.37339752,0.94800395,0.67442204
13.7900,0.63376028,2.32521594,0.35294350,0.37352274,0.94842919,0.67425882
13.8000,0.63359331,2.32574993,0.35309478,0.37364783,0.94885413,0.67409583
13.8100,0.63342660,2.32628338,0.35324599,0.37377280,0.94927878,0.67393307
13.8200,0.63326015,2.32681628,0.35339712,0.37389765,0.94970312,0.67377053
13.8300,0.63309395,2.32734864,0.35354817,0.37402237,0.95012717,0.67360821
13.8400,0.63292801,2.32788046,0.35369916,0.37414696,0.95055091,0.67344612
13.8500,0.63276232,2.32841173,0.35385006,0.37427143,0.95097436,0.67328426
13.8600,0.63259688,2.32894246,0.35400089,0.37439577,0.95139751,0.67312262
13.8700,0.63243171,2.32947265,0.35415165,0.37451998,0.95182035,0.67296121
13.8800,0.63226678,2.33000230,0.35430233,0.37464407,0.95224291,0.67280002
13.8900,0.63210211,2.33053140,0.35445294,0.37476804,0.95266516,0.67263905
13.9000,0.63193769,2.33105996,0.35460348,0.37489188,0.95308711,0.67247831
13.9100,0.63177352,2.33158799,0.35475393,0.37501560,0.95350877,0.67231779
13.9200,0.63160960,2.33211547,0.35490432,0.37513919,0.95393012,0.67215749
13.9300,0.63144593,2.33264241,0.35505463,0.37526266,0.95435118,0.67199741
13.9400,0.63128252,2.33316881,0.35520486,0.37538600,0.95477195,0.67183756
13.9500,0.63111935,2.33369468,0.35535502,0.37550922,0.95519241,0.67167793
13.9600,0.63095644,2.33422000,0.35550511,0.37563231,0.95561258,0.67151852
13.9700,0.63079377,2.33474479,0.35565512,0.37575528,0.95603245,0.67135933
13.9800,0.63063136,2.33526904,0.35580506,0.37587813,0.95645203,0.67120036
13.9900,0.63046919,2.33579275,0.35595492,0.37600085,0.95687130,0.67104161
14.0000,0.63030727,2.33631593,0.35610470,0.37612345,0.95729029,0.67088308
14.0100,0.63014560,2.33683857,0.35625442,0.37624593,0.95770897,0.67072477
14.0200,0.62998417,2.33736067,0.35640405,0.37636828,0.95812736,0.67056668
14.0300,0.62982299,2.33788224,0.35655362,0.37649051,0.95854545,0.67040881
14.0400,0.62966206,2.33840327,0.35670311,0.37661261,0.95896325,0.67025116
14.0500,0.62950137,2.33892376,0.35685252,0.37673459,0.95938075,0.67009373
14.0600,0.62934093,2.33944373,0.35700186,0.37685645,0.95979796,0.66993651
14.0700,0.62918073,2.33996315,0.35715113,0.37697819,0.96021487,0.66977951
14.0800,0.62902078,2.34048205,0.35730032,0.37709981,0.96063148,0.66962273
14.0900,0.62886107,2.34100041,0.35744944,0.37722130,0.96104781,0.66946617
14.1000,0.62870161,2.34151824,0.35759848,0.37734267,0.96146383,0.66930982
14.1100,0.62854238,2.34203553,0.35774745,0.37746391,0.96187956,0.66915369
14.1200,0.62838340,2.34255230,0.35789634,0.37758504,0.96229500,0.66899778
14.1300,0.62822467,2.34306853,0.35804516,0.37770604,0.96271014,0.66884208
14.1400,0.62806617,2.34358423,0.35819390,0.37782692,0.96312499,0.66868659
14.1500,0.62790792,2.34409941,0.35834257,0.37794768,0.96353955,0.66853132
14.1600,0.62774990,2.34461405,0.35849117,0.37806832,0.96395381,0.66837627
14.1700,0.62759213,2.34512816,0.35863969,0.37818883,0.96436778,0.66822143
14.1800,0.62743460,2.34564174,0.35878814,0.37830923,0.96478145,0.66806680
14.1900,0.62727730,2.34615479,0.35893651,0.37842950,0.96519483,0.66791239
14.2000,0.62712025,2.34666732,0.35908481,0.37854965,0.96560792,0.66775819
14.2100,0.62696343,2.34717932,0.35923304,0.37866968,0.96602072,0.66760421
14.2200,0.62680686,2.34769078,0.35938119,0.37878959,0.96643322,0.66745043
14.2300,0.62665052,2.34820173,0.35952926,0.37890938,0.96684543,0.66729687
14.2400,0.62649441,2.34871214,0.35967727,0.37902905,0.96725735,0.66714352
14.2500,0.62633855,2.34922203,0.35982519,0.37914860,0.96766897,0.66699038
14.2600,0.62618292,2.34973139,0.35997305,0.37926802,0.96808031,0.66683746
14.2700,0.62602753,2.35024023,0.36012083,0.37938733,0.96849135,0.66668474
14.2800,0.62587237,2.35074854,0.36026853,0.37950651,0.96890210,0.66653223
14.2900,0.62571745,2.35125633,0.36041617,0.37962558,0.96931256,0.66637994
14.3000,0.62556276,2.35176360,0.36056372,0.37974453,0.96972272,0.66622785
14.3100,0.62540831,2.35227034,0.36071121,0.37986335,0.97013260,0.66607598
14.3200,0.62525409,2.35277655,0.36085861,0.37998206,0.97054219,0.66592431
14.3300,0.62510010,2.35328225,0.36100595,0.38010065,0.97095148,0.66577285
14.3400,0.62494635,2.35378742,0.36115321,0.38021911,0.97136048,0.66562160
14.3500,0.62479283,2.35429207,0.36130040,0.38033746,0.97176920,0.66547056
14.3600,0.62463954,2.35479619,0.36144751,0.38045569,0.97217762,0.66531973
14.3700,0.62448648,2.35529980,0.36159455,0.38057380,0.97258575,0.66516910
14.3800,0.62433366,2.35580289,0.36174152,0.38069179,0.97299360,0.66501868
14.3900,0.62418107,2.35630545,0.36188841,0.38080966,0.97340115,0.66486847
14.4000,0.62402870,2.35680750,0.36203522,0.38092742,0.97380841,0.66471846
14.4100,0.62387657,2.35730902,0.36218197,0.38104505,0.97421539,0.66456866
14.4200,0.62372467,2.35781003,0.36232864,0.38116257,0.97462207,0.66441907
14.4300,0.62357299,2.35831052,0.36247523,0.38127996,0.97502847,0.66426968
14.4400,0.62342155,2.35881049,0.36262175,0.38139724,0.97543458,0.66412049
14.4500,0.62327033,2.35930994,0.36276820,0.38151440,0.97584039,0.66397151
14.4600,0.62311934,2.35980888,0.36291457,0.38163145,0.97624592,0.66382274
14.4700,0.62296858,2.36030730,0.36306087,0.38174837,0.97665117,0.66367417
14.4800,0.62281805,2.36080520,0.36320710,0.38186518,0.97705612,0.66352580
14.4900,0.62266774,2.36130259,0.36335325,0.38198187,0.97746078,0.66337764
14.5000,0.62251766,2.36179946,0.36349933,0.38209844,0.97786516,0.66322967
14.5100,0.62236781,2.36229582,0.36364534,0.38221489,0.97826925,0.66308191
14.5200,0.62221818,2.36279166,0.36379127,0.38233123,0.97867305,0.66293436
14.5300,0.62206877,2.36328699,0.36393712,0.38244745,0.97907657,0.66278700
14.5400,0.62191959,2.36378180,0.36408291,0.38256355,0.97947979,0.66263985
14.5500,0.62177064,2.36427610,0.36422862,0.38267953,0.97988273,0.66249290
14.5600,0.62162191,2.36476989,0.36437425,0.38279540,0.98028539,0.66234615
14.5700,0.62147340,2.36526316,0.36451982,0.38291115,0.98068775,0.66219960
14.5800,0.62132512,2.36575593,0.36466530,0.38302679,0.98108983,0.66205324
14.5900,0.62117705,2.36624818,0.36481072,0.38314231,0.98149163,0.66190709
14.6000,0.62102922,2.36673992,0.36495606,0.38325771,0.98189314,0.66176114
14.6100,0.62088160,2.36723115,0.36510133,0.38337299,0.98229436,0.66161539
14.6200,0.62073420,2.36772187,0.36524652,0.38348816,0.98269529,0.66146984
14.6300,0.62058703,2.36821208,0.36539164,0.38360322,0.98309594,0.66132448
14.6400,0.62044007,2.36870178,0.36553669,0.38371815,0.98349631,0.66117932
14.6500,0.62029334,2.36919097,0.36568166,0.38383297,0.98389639,0.66103437
14.6600,0.62014683,2.36967965,0.36582656,0.38394768,0.98429618,0.66088960
14.6700,0.62000053,2.37016783,0.36597139,0.38406227,0.98469569,0.66074504
14.6800,0.61985446,2.37065550,0.36611614,0.38417674,0.98509491,0.66060067
14.6900,0.61970860,2.37114266,0.36626082,0.38429110,0.98549385,0.66045650
14.7000,0.61956296,2.37162931,0.36640543,0.38440535,0.98589251,0.66031252
14.7100,0.61941754,2.37211546,0.36654996,0.38451948,0.98629088,0.66016874
14.7200,0.61927234,2.37260110,0.36669442,0.38463349,0.98668897,0.66002516
14.7300,0.61912736,2.37308624,0.36683880,0.38474739,0.98708677,0.65988177
14.7400,0.61898259,2.37357087,0.36698312,0.38486117,0.98748429,0.65973857
14.7500,0.61883804,2.37405500,0.36712735,0.38497484,0.98788152,0.65959557
14.7600,0.61869370,2.37453862,0.36727152,0.38508840,0.98827847,0.65945277
14.7700,0.61854958,2.37502174,0.36741561,0.38520184,0.98867514,0.65931015
14.7800,0.61840567,2.37550435,0.36755963,0.38531516,0.98907153,0.65916773
14.7900,0.61826198,2.37598647,0.36770357,0.38542837,0.98946763,0.65902551
14.8000,0.61811851,2.37646808,0.36784745,0.38554147,0.98986345,0.65888347
14.8100,0.61797525,2.37694919,0.36799125,0.38565445,0.99025899,0.65874163
14.8200,0.61783220,2.37742980,0.36813497,0.38576732,0.99065424,0.65859998
14.8300,0.61768936,2.37790990,0.36827862,0.38588008,0.99104921,0.65845852
14.8400,0.61754674,2.37838951,0.36842220,0.38599272,0.99144390,0.65831725
14.8500,0.61740433,2.37886862,0.36856571,0.38610525,0.99183831,0.65817618
14.8600,0.61726213,2.37934722,0.36870914,0.38621766,0.99223244,0.65803529
14.8700,0.61712015,2.37982533,0.36885250,0.38632997,0.99262628,0.65789459
14.8800,0.61697837,2.38030294,0.36899578,0.38644215,0.99301984,0.65775409
14.8900,0.61683681,2.38078005,0.36913900,0.38655423,0.99341312,0.65761377
14.9000,0.61669546,2.38125667,0.36928214,0.38666619,0.99380613,0.65747364
14.9100,0.61655431,2.38173278,0.36942520,0.38677804,0.99419884,0.65733371
14.9200,0.61641338,2.38220840,0.36956819,0.38688978,0.99459128,0.65719396
14.9300,0.61627266,2.38268352,0.36971111,0.38700140,0.99498344,0.65705439
14.9400,0.61613214,2.38315815,0.36985396,0.38711291,0.99537532,0.65691502
14.9500,0.61599184,2.38363228,0.36999674,0.38722431,0.99576692,0.65677583
14.9600,0.61585174,2.38410592,0.37013944,0.38733560,0.99615823,0.65663683
14.9700,0.61571185,2.38457906,0.37028206,0.38744677,0.99654927,0.65649802
14.9800,0.61557217,2.38505170,0.37042462,0.38755784,0.99694003,0.65635940
14.9900,0.61543269,2.38552386,0.37056710,0.38766879,0.99733051,0.65622096
15.0000,0.61529343,2.38599552,0.37070951,0.38777963,0.99772071,0.65608270
15.0100,0.61515437,2.38646668,0.37085185,0.38789035,0.99811063,0.65594463
15.0200,0.61501551,2.38693736,0.37099411,0.38800097,0.99850027,0.65580675
15.0300,0.61487686,2.38740754,0.37113630,0.38811147,0.99888963,0.65566905
15.0400,0.61473842,2.38787723,0.37127841,0.38822186,0.99927871,0.65553154
15.0500,0.61460018,2.38834643,0.37142046,0.38833215,0.99966751,0.65539421
15.0600,0.61446214,2.38881514,0.37156243,0.38844232,1.00005604,0.65525706
15.0700,0.61432431,2.38928336,0.37170433,0.38855237,1.00044429,0.65512010
15.0800,0.61418669,2.38975109,0.37184615,0.38866232,1.00083226,0.65498332
15.0900,0.61404927,2.39021832,0.37198791,0.38877216,1.00121995,0.65484672
15.1000,0.61391205,2.39068507,0.37212959,0.38888189,1.00160736,0.65471030
15.1100,0.61377503,2.39115134,0.37227119,0.38899150,1.00199450,0.65457407
15.1200,0.61363822,2.39161711,0.37241273,0.38910101,1.00238135,0.65443802
15.1300,0.61350160,2.39208240,0.37255419,0.38921040,1.00276793,0.65430215
15.1400,0.61336519,2.39254720,0.37269558,0.38931969,1.00315424,0.65416646
15.1500,0.61322898,2.39301151,0.37283689,0.38942886,1.00354027,0.65403096
15.1600,0.61309298,2.39347534,0.37297813,0.38953792,1.00392602,0.65389563
15.1700,0.61295717,2.39393868,0.37311930,0.38964688,1.00431149,0.65376048
15.1800,0.61282156,2.39440153,0.37326040,0.38975572,1.00469669,0.65362551
15.1900,0.61268616,2.39486390,0.37340143,0.38986446,1.00508161,0.65349073
15.2000,0.61255095,2.39532579,0.37354238,0.38997308,1.00546625,0.65335612
15.2100,0.61241594,2.39578719,0.37368326,0.39008160,1.00585062,0.65322169
15.2200,0.61228113,2.39624811,0.37382407,0.39019000,1.00623471,0.65308744
15.2300,0.61214652,2.39670855,0.37396480,0.39029830,1.00661853,0.65295336
15.2400,0.61201211,2.39716850,0.37410546,0.39040649,1.00700207,0.65281947
15.2500,0.61187789,2.39762797,0.37424605,0.39051457,1.00738534,0.65268575
15.2600,0.61174387,2.39808696,0.37438657,0.39062254,1.00776833,0.65255221
15.2700,0.61161005,2.39854547,0.37452701,0.39073040,1.00815105,0.65241885
15.2800,0.61147643,2.39900349,0.37466738,0.39083815,1.00853349,0.65228566
15.2900,0.61134300,2.39946104,0.37480768,0.39094579,1.00891566,0.65215265
15.3000,0.61120977,2.39991811,0.37494791,0.39105333,1.00929755,0.65201981
15.3100,0.61107673,2.40037469,0.37508806,0.39116075,1.00967917,0.65188715
15.3200,0.61094389,2.40083080,0.37522814,0.39126807,1.01006051,0.65175467
15.3300,0.61081125,2.40128643,0.37536815,0.39137528,1.01044159,0.65162236
15.3400,0.61067880,2.40174158,0.37550809,0.39148238,1.01082238,0.65149022
15.3500,0.61054654,2.40219626,0.37564795,0.39158938,1.01120291,0.65135826
15.3600,0.61041448,2.40265045,0.37578774,0.39169626,1.01158316,0.65122647
15.3700,0.61028261,2.40310417,0.37592746,0.39180304,1.01196313,0.65109486
15.3800,0.61015093,2.40355742,0.37606711,0.39190971,1.01234284,0.65096342
15.3900,0.61001945,2.40401018,0.37620668,0.39201627,1.01272227,0.65083215
15.4000,0.60988816,2.40446248,0.37634619,0.39212273,1.01310142,0.65070106
15.4100,0.60975706,2.40491429,0.37648562,0.39222908,1.01348031,0.65057013
15.4200,0.60962616,2.40536564,0.37662497,0.39233532,1.01385892,0.65043938
15.4300,0.60949544,2.40581650,0.37676426,0.39244145,1.01423726,0.65030880
15.4400,0.60936492,2.40626690,0.37690347,0.39254748,1.01461533,0.65017840
15.4500,0.60923459,2.40671682,0.37704261,0.39265340,1.01499313,0.65004816
15.4600,0.60910445,2.40716627,0.37718168,0.39275921,1.01537065,0.64991809
15.4700,0.60897449,2.40761525,0.37732068,0.39286491,1.01574790,0.64978820
15.4800,0.60884473,2.40806375,0.37745960,0.39297051,1.01612488,0.64965847
15.4900,0.60871516,2.40851178,0.37759845,0.39307601,1.01650159,0.64952892
15.5000,0.60858578,2.40895935,0.37773723,0.39318139,1.01687803,0.64939953
15.5100,0.60845658,2.40940644,0.37787594,0.39328667,1.01725420,0.64927031
15.5200,0.60832758,2.40985306,0.37801458,0.39339185,1.01763010,0.64914126
15.5300,0.60819876,2.41029921,0.37815314,0.39349692,1.01800572,0.64901238
15.5400,0.60807013,2.41074489,0.37829163,0.39360188,1.01838108,0.64888367
15.5500,0.60794169,2.41119011,0.37843005,0.39370673,1.01875617,0.64875513
15.5600,0.60781343,2.41163485,0.37856840,0.39381148,1.01913098,0.64862675
15.5700,0.60768536,2.41207913,0.37870667,0.39391613,1.01950553,0.64849854
15.5800,0.60755748,2.41252294,0.37884488,0.39402067,1.01987980,0.64837050
15.5900,0.60742978,2.41296628,0.37898301,0.39412510,1.02025381,0.64824262
15.6000,0.60730227,2.41340916,0.37912107,0.39422943,1.02062755,0.64811491
15.6100,0.60717495,2.41385157,0.37925906,0.39433365,1.02100101,0.64798737
15.6200,0.60704781,2.41429352,0.37939697,0.39443777,1.02137421,0.64785999
15.6300,0.60692086,2.41473500,0.37953481,0.39454179,1.02174714,0.64773278
15.6400,0.60679409,2.41517601,0.37967259,0.39464569,1.02211980,0.64760573
15.6500,0.60666750,2.41561657,0.37981028,0.39474950,1.02249219,0.64747885
15.6600,0.60654110,2.41605665,0.37994791,0.39485320,1.02286431,0.64735213
15.6700,0.60641488,2.41649628,0.38008547,0.39495679,1.02323617,0.64722557
15.6800,0.60628885,2.41693544,0.38022295,0.39506028,1.02360776,0.64709918
15.6900,0.60616299,2.41737414,0.38036036,0.39516367,1.02397907,0.64697296
15.7000,0.60603733,2.41781237,0.38049770,0.39526695,1.02435013,0.64684689
15.7100,0.60591184,2.41825015,0.38063497,0.39537012,1.02472091,0.64672099
15.7200,0.60578653,2.41868746,0.38077217,0.39547320,1.02509142,0.64659525
15.7300,0.60566141,2.41912432,0.38090929,0.39557617,1.02546167,0.64646968
15.7400,0.60553647,2.41956071,0.38104635,0.39567903,1.02583165,0.64634426
15.7500,0.60541171,2.41999664,0.38118333,0.39578179,1.02620137,0.64621901
15.7600,0.60528713,2.42043212,0.38132024,0.39588445,1.02657081,0.64609392
15.7700,0.60516273,2.42086713,0.38145708,0.39598701,1.02693999,0.64596899
15.7800,0.60503850,2.42130169,0.38159384,0.39608946,1.02730891,0.64584422
15.7900,0.60491446,2.42173579,0.38173054,0.39619180,1.02767756,0.64571961
15.8000,0.60479060,2.42216943,0.38186716,0.39629405,1.02804594,0.64559516
15.8100,0.60466692,2.42260261,0.38200371,0.39639619,1.02841405,0.64547087
15.8200,0.60454342,2.42303534,0.38214019,0.39649823,1.02878190,0.64534674
15.8300,0.60442009,2.42346761,0.38227660,0.39660016,1.02914948,0.64522277
15.8400,0.60429695,2.42389943,0.38241294,0.39670199,1.02951680,0.64509896
15.8500,0.60417398,2.42433079,0.38254920,0.39680372,1.02988385,0.64497531
15.8600,0.60405119,2.42476169,0.38268540,0.39690535,1.03025064,0.64485181
15.8700,0.60392857,2.42519215,0.38282152,0.39700688,1.03061716,0.64472847
15.8800,0.60380613,2.42562214,0.38295757,0.39710830,1.03098342,0.64460530
15.8900,0.60368387,2.42605169,0.38309355,0.39720962,1.03134941,0.64448227
15.9000,0.60356179,2.42648078,0.38322946,0.39731083,1.03171514,0.64435941
15.9100,0.60343988,2.42690941,0.38336529,0.39741195,1.03208061,0.64423670
15.9200,0.60331815,2.42733760,0.38350106,0.39751296,1.03244580,0.64411415
15.9300,0.60319659,2.42776533,0.38363675,0.39761388,1.03281074,0.64399176
15.9400,0.60307521,2.42819262,0.38377237,0.39771469,1.03317541,0.64386952
15.9500,0.60295400,2.42861945,0.38390793,0.39781539,1.03353982,0.64374744
15.9600,0.60283297,2.42904583,0.38404340,0.39791600,1.03390396,0.64362551
15.9700,0.60271211,2.42947176,0.38417881,0.39801651,1.03426784,0.64350374
15.9800,0.60259142,2.42989724,0.38431415,0.39811691,1.03463146,0.64338212
15.9900,0.60247091,2.43032228,0.38444942,0.39821721,1.03499481,0.64326066
16.0000,0.60235057,2.43074686,0.38458461,0.39831741,1.03535790,0.64313935
16.0100,0.60223040,2.43117100,0.38471973,0.39841751,1.03572073,0.64301819
16.0200,0.60211041,2.43159468,0.38485478,0.39851751,1.03608330,0.64289719
16.0300,0.60199059,2.43201792,0.38498976,0.39861741,1.03644560,0.64277634
16.0400,0.60187094,2.43244072,0.38512467,0.39871721,1.03680764,0.64265565
16.0500,0.60175146,2.43286307,0.38525951,0.39881690,1.03716942,0.64253511
16.0600,0.60163216,2.43328497,0.38539428,0.39891650,1.03753094,0.64241472
16.0700,0.60151302,2.43370642,0.38552898,0.39901600,1.03789219,0.64229448
16.0800,0.60139406,2.43412744,0.38566360,0.39911539,1.03825318,0.64217439
16.0900,0.60127526,2.43454800,0.38579815,0.39921469,1.03861392,0.64205446
16.1000,0.60115664,2.43496812,0.38593264,0.39931388,1.03897439,0.64193468
16.1100,0.60103819,2.43538780,0.38606705,0.39941298,1.03933459,0.64181505
16.1200,0.60091990,2.43580704,0.38620139,0.39951197,1.03969454,0.64169557
16.1300,0.60080179,2.43622583,0.38633566,0.39961087,1.04005423,0.64157624
16.1400,0.60068384,2.43664418,0.38646986,0.39970966,1.04041366,0.64145706
16.1500,0.60056606,2.43706209,0.38660398,0.39980836,1.04077282,0.64133803
16.1600,0.60044846,2.43747956,0.38673804,0.39990696,1.04113173,0.64121915
16.1700,0.60033102,2.43789658,0.38687202,0.40000545,1.04149037,0.64110041
16.1800,0.60021374,2.43831317,0.38700594,0.40010385,1.04184876,0.64098183
16.1900,0.60009664,2.43872931,0.38713978,0.40020215,1.04220688,0.64086340
16.2000,0.59997970,2.43914501,0.38727356,0.40030035,1.04256475,0.64074511
16.2100,0.59986293,2.43956028,0.38740726,0.40039845,1.04292235,0.64062698
16.2200,0.59974632,2.43997511,0.38754089,0.40049645,1.04327970,0.64050899
16.2300,0.59962989,2.44038950,0.38767445,0.40059435,1.04363679,0.64039115
16.2400,0.59951361,2.44080345,0.38780794,0.40069215,1.04399362,0.64027346
16.2500,0.59939751,2.44121696,0.38794136,0.40078986,1.04435018,0.64015591
16.2600,0.59928157,2.44163003,0.38807470,0.40088746,1.04470649,0.64003851
16.2700,0.59916579,2.44204267,0.38820798,0.40098497,1.04506255,0.63992126
16.2800,0.59905018,2.44245488,0.38834119,0.40108238,1.04541834,0.63980415
16.2900,0.59893473,2.44286664,0.38847432,0.40117969,1.04577387,0.63968719
16.3000,0.59881945,2.44327797,0.38860739,0.40127690,1.04612915,0.63957038
16.3100,0.59870433,2.44368887,0.38874038,0.40137402,1.04648417,0.63945371
16.3200,0.59858938,2.44409933,0.38887330,0.40147104,1.04683893,0.63933718
16.3300,0.59847459,2.44450936,0.38900616,0.40156795,1.04719343,0.63922081
16.3400,0.59835996,2.44491895,0.38913894,0.40166478,1.04754768,0.63910457
16.3500,0.59824550,2.44532812,0.38927165,0.40176150,1.04790167,0.63898848
16.3600,0.59813120,2.44573684,0.38940429,0.40185812,1.04825540,0.63887254
16.3700,0.59801706,2.44614514,0.38953686,0.40195465,1.04860887,0.63875673
16.3800,0.59790308,2.44655301,0.38966936,0.40205108,1.04896209,0.63864108
16.3900,0.59778927,2.44696044,0.38980179,0.40214742,1.04931505,0.63852556
16.4000,0.59767561,2.44736744,0.38993415,0.40224365,1.04966776,0.63841019
16.4100,0.59756212,2.44777401,0.39006644,0.40233979,1.05002020,0.63829496
16.4200,0.59744879,2.44818015,0.39019865,0.40243584,1.05037240,0.63817987
16.4300,0.59733562,2.44858587,0.39033080,0.40253178,1.05072433,0.63806493
16.4400,0.59722260,2.44899115,0.39046288,0.40262763,1.05107601,0.63795013
16.4500,0.59710975,2.44939600,0.39059488,0.40272338,1.05142743,0.63783547
16.4600,0.59699706,2.44980043,0.39072682,0.40281904,1.05177860,0.63772095
16.4700,0.59688453,2.45020443,0.39085868,0.40291460,1.05212952,0.63760657
16.4800,0.59677216,2.45060800,0.39099048,0.40301006,1.05248017,0.63749233
16.4900,0.59665995,2.45101114,0.39112220,0.40310542,1.05283057,0.63737824
16.5000,0.59654789,2.45141386,0.39125386,0.40320069,1.05318072,0.63726428
16.5100,0.59643600,2.45181615,0.39138544,0.40329587,1.05353061,0.63715047
16.5200,0.59632426,2.45221801,0.39151696,0.40339095,1.05388025,0.63703679
16.5300,0.59621268,2.45261945,0.39164840,0.40348593,1.05422964,0.63692325
16.5400,0.59610126,2.45302047,0.39177977,0.40358081,1.05457877,0.63680986
16.5500,0.59598999,2.45342106,0.39191107,0.40367560,1.05492764,0.63669660
16.5600,0.59587889,2.45382122,0.39204231,0.40377030,1.05527626,0.63658348
16.5700,0.59576793,2.45422097,0.39217347,0.40386490,1.05562463,0.63647050
16.5800,0.59565714,2.45462029,0.39230456,0.40395940,1.05597274,0.63635766
16.5900,0.59554650,2.45501919,0.39243558,0.40405381,1.05632060,0.63624496
16.6000,0.59543602,2.45541766,0.39256654,0.40414812,1.05666821,0.63613239
16.6100,0.59532569,2.45581571,0.39269742,0.40424234,1.05701556,0.63601996
16.6200,0.59521552,2.45621335,0.39282823,0.40433646,1.05736266,0.63590767
16.6300,0.59510551,2.45661056,0.39295897,0.40443049,1.05770951,0.63579552
16.6400,0.59499565,2.45700735,0.39308964,0.40452442,1.05805610,0.63568350
16.6500,0.59488594,2.45740372,0.39322024,0.40461826,1.05840245,0.63557162
16.6600,0.59477639,2.45779967,0.39335078,0.40471200,1.05874854,0.63545987
16.6700,0.59466699,2.45819520,0.39348124,0.40480565,1.05909437,0.63534827
16.6800,0.59455775,2.45859031,0.39361163,0.40489921,1.05943996,0.63523679
16.6900,0.59444866,2.45898501,0.39374195,0.40499267,1.05978529,0.63512546
16.7000,0.59433972,2.45937928,0.39387220,0.40508603,1.06013037,0.63501426
16.7100,0.59423094,2.45977314,0.39400238,0.40517930,1.06047520,0.63490319
16.7200,0.59412231,2.46016659,0.39413250,0.40527248,1.06081978,0.63479226
16.7300,0.59401383,2.46055961,0.39426254,0.40536556,1.06116411,0.63468146
16.7400,0.59390550,2.46095222,0.39439251,0.40545855,1.06150818,0.63457080
16.7500,0.59379733,2.46134442,0.39452241,0.40555145,1.06185201,0.63446027
16.7600,0.59368931,2.46173619,0.39465224,0.40564425,1.06219558,0.63434988
16.7700,0.59358144,2.46212756,0.39478201,0.40573696,1.06253891,0.63423961
16.7800,0.59347372,2.46251851,0.39491170,0.40582957,1.06288198,0.63412949
16.7900,0.59336615,2.46290904,0.39504132,0.40592209,1.06322480,0.63401949
16.8000,0.59325873,2.46329916,0.39517088,0.40601452,1.06356737,0.63390963
16.8100,0.59315146,2.46368887,0.39530036,0.40610686,1.06390970,0.63379990
16.8200,0.59304435,2.46407817,0.39542977,0.40619910,1.06425177,0.63369030
16.8300,0.59293738,2.46446705,0.39555912,0.40629125,1.06459359,0.63358084
16.8400,0.59283056,2.46485552,0.39568839,0.40638330,1.06493516,0.63347150
16.8500,0.59272390,2.46524359,0.39581760,0.40647526,1.06527649,0.63336230
16.8600,0.59261738,2.46563123,0.39594673,0.40656713,1.06561756,0.63325323
16.8700,0.59251101,2.46601847,0.39607580,0.40665891,1.06595839,0.63314429
16.8800,0.59240479,2.46640530,0.39620479,0.40675059,1.06629896,0.63303549
16.8900,0.59229871,2.46679172,0.39633372,0.40684218,1.06663929,0.63292681
16.9000,0.59219279,2.46717773,0.39646258,0.40693368,1.06697937,0.63281826
16.9100,0.59208701,2.46756333,0.39659136,0.40702509,1.06731920,0.63270984
16.9200,0.59198138,2.46794852,0.39672008,0.40711641,1.06765878,0.63260156
16.9300,0.59187590,2.46833331,0.39684873,0.40720763,1.06799811,0.63249340
16.9400,0.59177057,2.46871769,0.39697731,0.40729876,1.06833720,0.63238537
16.9500,0.59166538,2.46910166,0.39710582,0.40738980,1.06867604,0.63227747
16.9600,0.59156034,2.46948522,0.39723426,0.40748074,1.06901463,0.63216970
16.9700,0.59145544,2.46986838,0.39736263,0.40757160,1.06935297,0.63206206
16.9800,0.59135069,2.47025113,0.39749093,0.40766236,1.06969106,0.63195455
16.9900,0.59124609,2.47063347,0.39761916,0.40775303,1.07002891,0.63184717
17.0000,0.59114163,2.47101541,0.39774733,0.40784361,1.07036651,0.63173991
17.0100,0.59103732,2.47139695,0.39787542,0.40793410,1.07070387,0.63163278
17.0200,0.59093316,2.47177808,0.39800344,0.40802450,1.07104097,0.63152578
17.0300,0.59082914,2.47215881,0.39813140,0.40811480,1.07137783,0.63141891
17.0400,0.59072526,2.47253914,0.39825928,0.40820502,1.07171445,0.63131217
17.0500,0.59062153,2.47291906,0.39838710,0.40829514,1.07205081,0.63120555
17.0600,0.59051794,2.47329858,0.39851484,0.40838518,1.07238694,0.63109905
17.0700,0.59041449,2.47367770,0.39864252,0.40847512,1.07272281,0.63099269
17.0800,0.59031119,2.47405641,0.39877013,0.40856497,1.07305844,0.63088645
17.0900,0.59020804,2.47443473,0.39889767,0.40865473,1.07339382,0.63078033
17.1000,0.59010502,2.47481264,0.39902514,0.40874440,1.07372896,0.63067435
17.1100,0.59000215,2.47519015,0.39915254,0.40883398,1.07406386,0.63056848
17.1200,0.58989942,2.47556727,0.39927987,0.40892347,1.07439850,0.63046275
17.1300,0.58979684,2.47594398,0.39940714,0.40901287,1.07473291,0.63035714
17.1400,0.58969439,2.47632030,0.39953433,0.40910217,1.07506706,0.63025165
17.1500,0.58959209,2.47669621,0.39966145,0.40919139,1.07540098,0.63014629
17.1600,0.58948993,2.47707173,0.39978851,0.40928052,1.07573464,0.63004105
17.1700,0.58938791,2.47744685,0.39991550,0.40936956,1.07606807,0.62993593
17.1800,0.58928603,2.47782158,0.40004241,0.40945851,1.07640125,0.62983094
17.1900,0.58918430,2.47819590,0.40016926,0.40954737,1.07673418,0.62972608
17.2000,0.58908270,2.47856983,0.40029604,0.40963613,1.07706687,0.62962134
17.2100,0.58898125,2.47894337,0.40042275,0.40972481,1.07739932,0.62951672
17.2200,0.58887993,2.47931651,0.40054940,0.40981340,1.07773152,0.62941222
17.2300,0.58877876,2.47968925,0.40067597,0.40990190,1.07806348,0.62930785
17.2400,0.58867772,2.48006160,0.40080247,0.40999032,1.07839520,0.62920360
17.2500,0.58857683,2.48043355,0.40092891,0.41007864,1.07872667,0.62909947
17.2600,0.58847607,2.48080511,0.40105527,0.41016687,1.07905790,0.62899546
17.2700,0.58837545,2.48117628,0.40118157,0.41025501,1.07938889,0.62889158
17.2800,0.58827497,2.48154705,0.40130780,0.41034307,1.07971964,0.62878781
17.2900,0.58817463,2.48191743,0.40143396,0.41043103,1.08005014,0.62868417
17.3000,0.58807443,2.48228742,0.40156005,0.41051891,1.08038040,0.62858065
17.3100,0.58797437,2.48265701,0.40168608,0.41060670,1.08071042,0.62847725
17.3200,0.58787445,2.48302622,0.40181203,0.41069440,1.08104019,0.62837398
17.3300,0.58777466,2.48339503,0.40193792,0.41078201,1.08136972,0.62827082
17.3400,0.58767501,2.48376345,0.40206373,0.41086953,1.08169902,0.62816778
17.3500,0.58757550,2.48413148,0.40218948,0.41095697,1.08202807,0.62806487
17.3600,0.58747612,2.48449913,0.40231516,0.41104431,1.08235687,0.62796207
17.3700,0.58737688,2.48486638,0.40244077,0.41113157,1.08268544,0.62785940
17.3800,0.58727778,2.48523324,0.40256631,0.41121874,1.08301377,0.62775684
17.3900,0.58717881,2.48559972,0.40269179,0.41130582,1.08334185,0.62765440
17.4000,0.58707998,2.48596581,0.40281719,0.41139282,1.08366969,0.62755208
17.4100,0.58698129,2.48633151,0.40294253,0.41147972,1.08399730,0.62744988
17.4200,0.58688273,2.48669682,0.40306780,0.41156654,1.08432466,0.62734780
17.4300,0.58678431,2.48706174,0.40319300,0.41165327,1.08465178,0.62724584
17.4400,0.58668602,2.48742628,0.40331813,0.41173992,1.08497866,0.62714400
17.4500,0.58658787,2.48779043,0.40344319,0.41182647,1.08530530,0.62704227
17.4600,0.58648985,2.48815420,0.40356819,0.41191294,1.08563170,0.62694067
17.4700,0.58639196,2.48851758,0.40369311,0.41199932,1.08595787,0.62683918
17.4800,0.58629421,2.48888058,0.40381797,0.41208561,1.08628379,0.62673780
17.4900,0.58619660,2.48924319,0.40394276,0.41217182,1.08660947,0.62663655
17.5000,0.58609912,2.48960542,0.40406748,0.41225794,1.08693491,0.62653541
17.5100,0.58600177,2.48996727,0.40419213,0.41234397,1.08726012,0.62643439
17.5200,0.58590455,2.49032873,0.40431672,0.41242992,1.08758508,0.62633349
17.5300,0.58580747,2.49068981,0.40444123,0.41251578,1.08790981,0.62623270
17.5400,0.58571052,2.49105050,0.40456568,0.41260155,1.08823429,0.62613203
17.5500,0.58561370,2.49141082,0.40469006,0.41268724,1.08855854,0.62603147
17.5600,0.58551702,2.49177075,0.40481437,0.41277284,1.08888255,0.62593103
17.5700,0.58542047,2.49213030,0.40493862,0.41285835,1.08920632,0.62583071
17.5800,0.58532405,2.49248947,0.40506279,0.41294378,1.08952985,0.62573050
17.5900,0.58522776,2.49284826,0.40518690,0.41302912,1.08985315,0.62563041
17.6000,0.58513161,2.49320667,0.40531094,0.41311437,1.09017621,0.62553043
17.6100,0.58503558,2.49356471,0.40543491,0.41319954,1.09049903,0.62543056
17.6200,0.58493969,2.49392236,0.40555881,0.41328462,1.09082161,0.62533082
17.6300,0.58484392,2.49427963,0.40568265,0.41336962,1.09114395,0.62523118
17.6400,0.58474829,2.49463653,0.40580642,0.41345453,1.09146606,0.62513166
17.6500,0.58465279,2.49499304,0.40593011,0.41353935,1.09178793,0.62503226
17.6600,0.58455742,2.49534918,0.40605375,0.41362409,1.09210956,0.62493296
17.6700,0.58446218,2.49570495,0.40617731,0.41370875,1.09243096,0.62483379
17.6800,0.58436706,2.49606033,0.40630080,0.41379331,1.09275212,0.62473472
17.6900,0.58427208,2.49641534,0.40642423,0.41387780,1.09307304,0.62463577
17.7000,0.58417723,2.49676998,0.40654759,0.41396219,1.09339373,0.62453693
17.7100,0.58408251,2.49712423,0.40667088,0.41404651,1.09371418,0.62443821
17.7200,0.58398791,2.49747812,0.40679410,0.41413073,1.09403439,0.62433959
17.7300,0.58389345,2.49783163,0.40691726,0.41421488,1.09435437,0.62424109
17.7400,0.58379911,2.49818476,0.40704035,0.41429893,1.09467411,0.62414271
17.7500,0.58370490,2.49853752,0.40716337,0.41438291,1.09499362,0.62404443
17.7600,0.58361082,2.49888991,0.40728632,0.41446679,1.09531289,0.62394627
17.7700,0.58351686,2.49924192,0.40740921,0.41455060,1.09563193,0.62384821
17.7800,0.58342304,2.49959357,0.40753202,0.41463431,1.09595073,0.62375027
17.7900,0.58332934,2.49994484,0.40765477,0.41471795,1.09626929,0.62365244
17.8000,0.58323577,2.50029573,0.40777745,0.41480150,1.09658763,0.62355473
17.8100,0.58314233,2.50064626,0.40790007,0.41488496,1.09690572,0.62345712
17.8200,0.58304901,2.50099642,0.40802261,0.41496834,1.09722358,0.62335962
17.8300,0.58295582,2.50134620,0.40814509,0.41505164,1.09754121,0.62326224
17.8400,0.58286275,2.50169562,0.40826750,0.41513485,1.09785860,0.62316496
17.8500,0.58276982,2.50204466,0.40838985,0.41521798,1.09817576,0.62306780
17.8600,0.58267700,2.50239334,0.40851212,0.41530102,1.09849269,0.62297074
17.8700,0.58258432,2.50274164,0.40863433,0.41538398,1.09880938,0.62287379
17.8800,0.58249176,2.50308958,0.40875647,0.41546686,1.09912584,0.62277696
17.8900,0.58239932,2.50343715,0.40887855,0.41554965,1.09944206,0.62268023
17.9000,0.58230701,2.50378435,0.40900055,0.41563236,1.09975805,0.62258362
17.9100,0.58221482,2.50413119,0.40912249,0.41571499,1.10007381,0.62248711
17.9200,0.58212276,2.50447766,0.40924436,0.41579753,1.10038934,0.62239071
17.9300,0.58203083,2.50482376,0.40936617,0.41587999,1.10070463,0.62229442
17.9400,0.58193902,2.50516949,0.40948790,0.41596237,1.10101969,0.62219824
17.9500,0.58184733,2.50551486,0.40960957,0.41604466,1.10133451,0.62210216
17.9600,0.58175576,2.50585987,0.40973117,0.41612687,1.10164911,0.62200620
17.9700,0.58166432,2.50620451,0.40985271,0.41620900,1.10196347,0.62191034
17.9800,0.58157301,2.50654878,0.40997417,0.41629104,1.10227760,0.62181459
17.9900,0.58148181,2.50689269,0.41009557,0.41637300,1.10259150,0.62171895
18.0000,0.58139074,2.50723624,0.41021691,0.41645488,1.10290516,0.62162341
18.0100,0.58129979,2.50757942,0.41033817,0.41653667,1.10321860,0.62152799
18.0200,0.58120897,2.50792224,0.41045937,0.41661839,1.10353180,0.62143267
18.0300,0.58111827,2.50826470,0.41058050,0.41670002,1.10384477,0.62133745
18.0400,0.58102769,2.50860679,0.41070157,0.41678156,1.10415751,0.62124235
18.0500,0.58093723,2.50894853,0.41082256,0.41686303,1.10447002,0.62114735
18.0600,0.58084689,2.50928990,0.41094349,0.41694441,1.10478229,0.62105245
18.0700,0.58075668,2.50963091,0.41106435,0.41702571,1.10509434,0.62095766
18.0800,0.58066658,2.50997156,0.41118515,0.41710693,1.10540616,0.62086298
18.0900,0.58057661,2.51031185,0.41130588,0.41718807,1.10571774,0.62076841
18.1000,0.58048676,2.51065178,0.41142654,0.41726913,1.10602910,0.62067394
18.1100,0.58039703,2.51099135,0.41154713,0.41735010,1.10634022,0.62057957
18.1200,0.58030742,2.51133056,0.41166766,0.41743099,1.10665112,0.62048531
18.1300,0.58021793,2.51166942,0.41178812,0.41751180,1.10696178,0.62039116
18.1400,0.58012856,2.51200791,0.41190852,0.41759253,1.10727222,0.62029711
18.1500,0.58003931,2.51234605,0.41202884,0.41767318,1.10758242,0.62020316
18.1600,0.57995018,2.51268383,0.41214910,0.41775374,1.10789240,0.62010932
18.1700,0.57986117,2.51302125,0.41226929,0.41783422,1.10820215,0.62001559
18.1800,0.57977228,2.51335832,0.41238942,0.41791463,1.10851166,0.61992196
18.1900,0.57968351,2.51369503,0.41250948,0.41799495,1.10882095,0.61982843
18.2000,0.57959486,2.51403138,0.41262947,0.41807519,1.10913001,0.61973501
18.2100,0.57950633,2.51436738,0.41274940,0.41815535,1.10943884,0.61964169
18.2200,0.57941791,2.51470302,0.41286926,0.41823543,1.10974744,0.61954847
18.2300,0.57932962,2.51503831,0.41298905,0.41831542,1.11005582,0.61945536
18.2400,0.57924144,2.51537325,0.41310877,0.41839534,1.11036396,0.61936235
18.2500,0.57915338,2.51570783,0.41322843,0.41847518,1.11067188,0.61926944
18.2600,0.57906544,2.51604205,0.41334803,0.41855493,1.11097957,0.61917664
18.2700,0.57897761,2.51637593,0.41346755,0.41863461,1.11128703,0.61908394
18.2800,0.57888991,2.51670945,0.41358701,0.41871420,1.11159427,0.61899134
18.2900,0.57880232,2.51704262,0.41370640,0.41879371,1.11190127,0.61889884
18.3000,0.57871485,2.51737543,0.41382573,0.41887315,1.11220805,0.61880645
18.3100,0.57862749,2.51770790,0.41394499,0.41895250,1.11251460,0.61871416
18.3200,0.57854025,2.51804001,0.41406418,0.41903177,1.11282093,0.61862196
18.3300,0.57845313,2.51837177,0.41418331,0.41911097,1.11312702,0.61852988
18.3400,0.57836612,2.51870319,0.41430237,0.41919008,1.11343289,0.61843789
18.3500,0.57827923,2.51903425,0.41442136,0.41926911,1.11373854,0.61834600
18.3600,0.57819246,2.51936496,0.41454029,0.41934807,1.11404396,0.61825422
18.3700,0.57810580,2.51969532,0.41465915,0.41942694,1.11434915,0.61816254
18.3800,0.57801926,2.52002534,0.41477794,0.41950573,1.11465411,0.61807095
18.3900,0.57793283,2.52035500,0.41489667,0.41958445,1.11495885,0.61797947
18.4000,0.57784652,2.52068432,0.41501533,0.41966308,1.11526336,0.61788809
18.4100,0.57776032,2.52101329,0.41513392,0.41974164,1.11556765,0.61779681
18.4200,0.57767424,2.52134191,0.41525245,0.41982012,1.11587171,0.61770563
18.4300,0.57758827,2.52167019,0.41537091,0.41989851,1.11617555,0.61761455
18.4400,0.57750242,2.52199812,0.41548931,0.41997683,1.11647916,0.61752357
18.4500,0.57741668,2.52232570,0.41560764,0.42005507,1.11678254,0.61743269
18.4600,0.57733106,2.52265294,0.41572590,0.42013323,1.11708570,0.61734191
18.4700,0.57724555,2.52297983,0.41584410,0.42021131,1.11738864,0.61725122
18.4800,0.57716015,2.52330638,0.41596223,0.42028931,1.11769135,0.61716064
18.4900,0.57707487,2.52363258,0.41608030,0.42036723,1.11799383,0.61707016
18.5000,0.57698970,2.52395843,0.41619830,0.42044508,1.11829609,0.61697977
18.5100,0.57690464,2.52428395,0.41631623,0.42052284,1.11859813,0.61688949
18.5200,0.57681970,2.52460912,0.41643410,0.42060053,1.11889994,0.61679930
18.5300,0.57673486,2.52493394,0.41655190,0.42067814,1.11920153,0.61670921
18.5400,0.57665014,2.52525843,0.41666963,0.42075567,1.11950290,0.61661922
18.5500,0.57656554,2.52558257,0.41678730,0.42083312,1.11980404,0.61652933
18.5600,0.57648104,2.52590637,0.41690490,0.42091050,1.12010495,0.61643953
18.5700,0.57639666,2.52622983,0.41702244,0.42098779,1.12040565,0.61634983
18.5800,0.57631239,2.52655294,0.41713991,0.42106501,1.12070612,0.61626023
18.5900,0.57622823,2.52687572,0.41725731,0.42114215,1.12100637,0.61617073
18.6000,0.57614418,2.52719815,0.41737465,0.42121921,1.12130639,0.61608133
18.6100,0.57606025,2.52752025,0.41749193,0.42129619,1.12160619,0.61599202
18.6200,0.57597642,2.52784200,0.41760913,0.42137310,1.12190577,0.61590281
18.6300,0.57589271,2.52816342,0.41772627,0.42144993,1.12220513,0.61581370
18.6400,0.57580911,2.52848450,0.41784335,0.42152668,1.12250426,0.61572468
18.6500,0.57572561,2.52880524,0.41796036,0.42160335,1.12280317,0.61563576
18.6600,0.57564223,2.52912563,0.41807730,0.42167995,1.12310186,0.61554694
18.6700,0.57555896,2.52944570,0.41819418,0.42175647,1.12340033,0.61545821
18.6800,0.57547580,2.52976542,0.41831099,0.42183291,1.12369857,0.61536958
18.6900,0.57539275,2.53008481,0.41842774,0.42190927,1.12399660,0.61528104
18.7000,0.57530980,2.53040386,0.41854442,0.42198556,1.12429440,0.61519260
18.7100,0.57522697,2.53072257,0.41866104,0.42206177,1.12459198,0.61510426
18.7200,0.57514425,2.53104095,0.41877759,0.42213790,1.12488934,0.61501601
18.7300,0.57506163,2.53135899,0.41889407,0.42221396,1.12518648,0.61492786
18.7400,0.57497913,2.53167670,0.41901049,0.42228994,1.12548339,0.61483980
18.7500,0.57489673,2.53199407,0.41912684,0.42236584,1.12578009,0.61475184
18.7600,0.57481444,2.53231111,0.41924313,0.42244166,1.12607656,0.61466397
18.7700,0.57473226,2.53262782,0.41935935,0.42251741,1.12637282,0.61457619
18.7800,0.57465019,2.53294419,0.41947551,0.42259309,1.12666885,0.61448852
18.7900,0.57456823,2.53326022,0.41959160,0.42266868,1.12696467,0.61440093
18.8000,0.57448637,2.53357593,0.41970763,0.42274420,1.12726026,0.61431344
18.8100,0.57440462,2.53389130,0.41982359,0.42281965,1.12755564,0.61422605
18.8200,0.57432298,2.53420634,0.41993948,0.42289501,1.12785079,0.61413874
18.8300,0.57424145,2.53452104,0.42005531,0.42297030,1.12814572,0.61405154
18.8400,0.57416002,2.53483542,0.42017108,0.42304552,1.12844044,0.61396442
18.8500,0.57407871,2.53514946,0.42028678,0.42312066,1.12873493,0.61387740
18.8600,0.57399749,2.53546318,0.42040241,0.42319572,1.12902921,0.61379047
18.8700,0.57391639,2.53577656,0.42051798,0.42327071,1.12932327,0.61370364
18.8800,0.57383539,2.53608961,0.42063348,0.42334562,1.12961711,0.61361690
18.8900,0.57375450,2.53640233,0.42074892,0.42342046,1.12991072,0.61353025
18.9000,0.57367371,2.53671473,0.42086429,0.42349522,1.13020413,0.61344370
18.9100,0.57359303,2.53702679,0.42097960,0.42356990,1.13049731,0.61335724
18.9200,0.57351246,2.53733853,0.42109484,0.42364451,1.13079027,0.61327087
18.9300,0.57343199,2.53764994,0.42121002,0.42371904,1.13108302,0.61318459
18.9400,0.57335163,2.53796102,0.42132513,0.42379350,1.13137554,0.61309840
18.9500,0.57327137,2.53827177,0.42144018,0.42386788,1.13166785,0.61301231
18.9600,0.57319122,2.53858219,0.42155516,0.42394219,1.13195994,0.61292631
18.9700,0.57311117,2.53889229,0.42167008,0.42401643,1.13225182,0.61284040
18.9800,0.57303122,2.53920206,0.42178493,0.42409058,1.13254347,0.61275458
18.9900,0.57295139,2.53951151,0.42189972,0.42416467,1.13283491,0.61266886
19.0000,0.57287165,2.53982063,0.42201444,0.42423868,1.13312613,0.61258322
19.0100,0.57279202,2.54012943,0.42212909,0.42431261,1.13341714,0.61249768
19.0200,0.57271250,2.54043790,0.42224369,0.42438647,1.13370792,0.61241223
19.0300,0.57263308,2.54074604,0.42235821,0.42446025,1.13399849,0.61232687
19.0400,0.57255376,2.54105386,0.42247268,0.42453396,1.13428885,0.61224160
19.0500,0.57247455,2.54136136,0.42258707,0.42460760,1.13457898,0.61215642
19.0600,0.57239543,2.54166854,0.42270141,0.42468116,1.13486890,0.61207133
19.0700,0.57231643,2.54197539,0.42281567,0.42475465,1.13515861,0.61198633
19.0800,0.57223752,2.54228191,0.42292988,0.42482806,1.13544810,0.61190142
19.0900,0.57215872,2.54258812,0.42304402,0.42490140,1.13573737,0.61181660
19.1000,0.57208002,2.54289400,0.42315809,0.42497466,1.13602642,0.61173188
19.1100,0.57200143,2.54319957,0.42327210,0.42504785,1.13631526,0.61164724
19.1200,0.57192294,2.54350481,0.42338604,0.42512097,1.13660389,0.61156269
19.1300,0.57184454,2.54380973,0.42349992,0.42519401,1.13689230,0.61147823
19.1400,0.57176626,2.54411433,0.42361374,0.42526698,1.13718049,0.61139386
19.1500,0.57168807,2.54441860,0.42372749,0.42533987,1.13746847,0.61130958
19.1600,0.57160998,2.54472256,0.42384117,0.42541269,1.13775624,0.61122539
19.1700,0.57153200,2.54502620,0.42395479,0.42548544,1.13804378,0.61114129
19.1800,0.57145412,2.54532952,0.42406835,0.42555811,1.13833112,0.61105728
19.1900,0.57137634,2.54563252,0.42418184,0.42563071,1.13861824,0.61097335
19.2000,0.57129866,2.54593521,0.42429527,0.42570324,1.13890514,0.61088952
19.2100,0.57122108,2.54623757,0.42440863,0.42577570,1.13919183,0.61080577
19.2200,0.57114360,2.54653962,0.42452193,0.42584808,1.13947831,0.61072211
19.2300,0.57106623,2.54684135,0.42463516,0.42592038,1.13976457,0.61063854
19.2400,0.57098895,2.54714276,0.42474833,0.42599262,1.14005062,0.61055506
19.2500,0.57091177,2.54744386,0.42486144,0.42606478,1.14033646,0.61047167
19.2600,0.57083470,2.54774464,0.42497448,0.42613687,1.14062208,0.61038836
19.2700,0.57075772,2.54804510,0.42508746,0.42620888,1.14090749,0.61030514
19.2800,0.57068085,2.54834525,0.42520037,0.42628083,1.14119268,0.61022201
19.2900,0.57060407,2.54864508,0.42531322,0.42635270,1.14147766,0.61013897
19.3000,0.57052739,2.54894460,0.42542600,0.42642449,1.14176243,0.61005601
19.3100,0.57045082,2.54924380,0.42553872,0.42649622,1.14204699,0.60997315
19.3200,0.57037434,2.54954269,0.42565137,0.42656787,1.14233133,0.60989036
19.3300,0.57029796,2.54984127,0.42576396,0.42663945,1.14261546,0.60980767
19.3400,0.57022168,2.55013953,0.42587649,0.42671096,1.14289938,0.60972506
19.3500,0.57014550,2.55043748,0.42598895,0.42678240,1.14318308,0.60964254
19.3600,0.57006942,2.55073512,0.42610135,0.42685376,1.14346658,0.60956011
19.3700,0.56999343,2.55103244,0.42621369,0.42692505,1.14374986,0.60947776
19.3800,0.56991755,2.55132945,0.42632596,0.42699627,1.14403293,0.60939550
19.3900,0.56984176,2.55162615,0.42643816,0.42706742,1.14431579,0.60931332
19.4000,0.56976607,2.55192254,0.42655031,0.42713849,1.14459843,0.60923123
19.4100,0.56969048,2.55221862,0.42666238,0.42720950,1.14488087,0.60914923
19.4200,0.56961498,2.55251438,0.42677440,0.42728043,1.14516309,0.60906731
19.4300,0.56953959,2.55280984,0.42688635,0.42735129,1.14544510,0.60898548
19.4400,0.56946429,2.55310499,0.42699824,0.42742208,1.14572690,0.60890373
19.4500,0.56938908,2.55339982,0.42711006,0.42749279,1.14600849,0.60882207
19.4600,0.56931398,2.55369435,0.42722182,0.42756344,1.14628987,0.60874050
19.4700,0.56923897,2.55398857,0.42733351,0.42763401,1.14657104,0.60865901
19.4800,0.56916406,2.55428248,0.42744514,0.42770452,1.14685200,0.60857760
19.4900,0.56908924,2.55457608,0.42755671,0.42777495,1.14713274,0.60849628
19.5000,0.56901453,2.55486937,0.42766821,0.42784531,1.14741328,0.60841505
19.5100,0.56893990,2.55516236,0.42777965,0.42791560,1.14769361,0.60833389
19.5200,0.56886538,2.55545504,0.42789103,0.42798582,1.14797372,0.60825283
19.5300,0.56879095,2.55574741,0.42800234,0.42805596,1.14825363,0.60817185
19.5400,0.56871661,2.55603948,0.42811359,0.42812604,1.14853333,0.60809095
19.5500,0.56864238,2.55633124,0.42822477,0.42819605,1.14881282,0.60801013
19.5600,0.56856823,2.55662269,0.42833589,0.42826598,1.14909210,0.60792941
19.5700,0.56849418,2.55691384,0.42844695,0.42833585,1.14937116,0.60784876
19.5800,0.56842023,2.55720468,0.42855794,0.42840564,1.14965003,0.60776820
19.5900,0.56834637,2.55749522,0.42866888,0.42847536,1.14992868,0.60768772
19.6000,0.56827261,2.55778546,0.42877974,0.42854502,1.15020712,0.60760733
19.6100,0.56819894,2.55807539,0.42889054,0.42861460,1.15048535,0.60752701
19.6200,0.56812537,2.55836501,0.42900128,0.42868411,1.15076338,0.60744679
19.6300,0.56805189,2.55865433,0.42911196,0.42875355,1.15104119,0.60736664
19.6400,0.56797851,2.55894335,0.42922257,0.42882292,1.15131880,0.60728658
19.6500,0.56790522,2.55923207,0.42933312,0.42889222,1.15159620,0.60720660
19.6600,0.56783202,2.55952049,0.42944361,0.42896146,1.15187339,0.60712671
19.6700,0.56775892,2.55980860,0.42955403,0.42903062,1.15215038,0.60704689
19.6800,0.56768591,2.56009641,0.42966439,0.42909971,1.15242715,0.60696716
19.6900,0.56761300,2.56038392,0.42977469,0.42916873,1.15270372,0.60688752
19.7000,0.56754017,2.56067113,0.42988492,0.42923768,1.15298008,0.60680795
19.7100,0.56746745,2.56095803,0.42999509,0.42930657,1.15325624,0.60672847
19.7200,0.56739481,2.56124464,0.43010519,0.42937538,1.15353219,0.60664907
19.7300,0.56732227,2.56153095,0.43021524,0.42944412,1.15380792,0.60656975
19.7400,0.56724982,2.56181696,0.43032522,0.42951279,1.15408346,0.60649051
19.7500,0.56717746,2.56210267,0.43043513,0.42958140,1.15435878,0.60641136
19.7600,0.56710520,2.56238807,0.43054499,0.42964993,1.15463390,0.60633228
19.7700,0.56703303,2.56267319,0.43065478,0.42971840,1.15490882,0.60625329
19.7800,0.56696095,2.56295800,0.43076450,0.42978680,1.15518352,0.60617438
19.7900,0.56688896,2.56324251,0.43087417,0.42985512,1.15545802,0.60609555
19.8000,0.56681706,2.56352673,0.43098377,0.42992338,1.15573232,0.60601680
19.8100,0.56674526,2.56381065,0.43109330,0.42999157,1.15600640,0.60593814
19.8200,0.56667355,2.56409427,0.43120278,0.43005969,1.15628029,0.60585955
19.8300,0.56660193,2.56437760,0.43131219,0.43012774,1.15655396,0.60578105
19.8400,0.56653040,2.56466063,0.43142154,0.43019572,1.15682743,0.60570262
19.8500,0.56645896,2.56494336,0.43153083,0.43026364,1.15710070,0.60562428
19.8600,0.56638761,2.56522580,0.43164005,0.43033148,1.15737376,0.60554602
19.8700,0.56631636,2.56550794,0.43174921,0.43039926,1.15764662,0.60546783
19.8800,0.56624519,2.56578979,0.43185830,0.43046697,1.15791927,0.60538973
19.8900,0.56617412,2.56607134,0.43196734,0.43053461,1.15819171,0.60531171
19.9000,0.56610314,2.56635260,0.43207631,0.43060218,1.15846395,0.60523377
19.9100,0.56603224,2.56663357,0.43218522,0.43066968,1.15873599,0.60515590
19.9200,0.56596144,2.56691424,0.43229406,0.43073712,1.15900782,0.60507812
19.9300,0.56589073,2.56719462,0.43240285,0.43080449,1.15927945,0.60500042
19.9400,0.56582010,2.56747470,0.43251157,0.43087178,1.15955087,0.60492280
19.9500,0.56574957,2.56775450,0.43262023,0.43093901,1.15982209,0.60484525
19.9600,0.56567913,2.56803400,0.43272882,0.43100618,1.16009310,0.60476779
19.9700,0.56560877,2.56831320,0.43283735,0.43107327,1.16036391,0.60469040
19.9800,0.56553851,2.56859212,0.43294582,0.43114030,1.16063452,0.60461310
19.9900,0.56546833,2.56887075,0.43305423,0.43120726,1.16090493,0.60453587
20.0000,0.56539825,2.56914908,0.43316257,0.43127415,1.16117513,0.60445872
20.0100,0.56532825,2.56942712,0.43327086,0.43134097,1.16144512,0.60438165
20.0200,0.56525834,2.56970488,0.43337908,0.43140773,1.16171492,0.60430466
20.0300,0.56518852,2.56998234,0.43348723,0.43147442,1.16198451,0.60422775
20.0400,0.56511879,2.57025952,0.43359533,0.43154104,1.16225390,0.60415092
20.0500,0.56504915,2.57053640,0.43370336,0.43160759,1.16252308,0.60407417
20.0600,0.56497959,2.57081300,0.43381133,0.43167408,1.16279207,0.60399749
20.0700,0.56491013,2.57108930,0.43391923,0.43174050,1.16306085,0.60392089
20.0800,0.56484075,2.57136532,0.43402708,0.43180685,1.16332943,0.60384437
20.0900,0.56477146,2.57164105,0.43413486,0.43187314,1.16359780,0.60376793
20.1000,0.56470225,2.57191649,0.43424258,0.43193936,1.16386598,0.60369156
20.1100,0.56463314,2.57219165,0.43435024,0.43200551,1.16413395,0.60361528
20.1200,0.56456411,2.57246652,0.43445783,0.43207159,1.16440172,0.60353907
20.1300,0.56449517,2.57274110,0.43456537,0.43213761,1.16466929,0.60346294
20.1400,0.56442632,2.57301540,0.43467284,0.43220356,1.16493666,0.60338688
20.1500,0.56435755,2.57328940,0.43478025,0.43226945,1.16520382,0.60331091
20.1600,0.56428887,2.57356313,0.43488759,0.43233527,1.16547079,0.60323501
20.1700,0.56422028,2.57383657,0.43499488,0.43240102,1.16573755,0.60315919
20.1800,0.56415178,2.57410972,0.43510210,0.43246670,1.16600412,0.60308344
20.1900,0.56408336,2.57438259,0.43520926,0.43253232,1.16627048,0.60300777
20.2000,0.56401502,2.57465517,0.43531636,0.43259787,1.16653664,0.60293218
20.2100,0.56394678,2.57492747,0.43542339,0.43266336,1.16680260,0.60285667
20.2200,0.56387862,2.57519949,0.43553037,0.43272878,1.16706836,0.60278123
20.2300,0.56381054,2.57547122,0.43563728,0.43279413,1.16733392,0.60270587
20.2400,0.56374255,2.57574267,0.43574413,0.43285942,1.16759928,0.60263058
20.2500,0.56367465,2.57601384,0.43585092,0.43292464,1.16786444,0.60255537
20.2600,0.56360683,2.57628472,0.43595764,0.43298980,1.16812940,0.60248024
20.2700,0.56353910,2.57655532,0.43606431,0.43305488,1.16839416,0.60240518
20.2800,0.56347146,2.57682564,0.43617091,0.43311991,1.16865872,0.60233020
20.2900,0.56340389,2.57709568,0.43627745,0.43318487,1.16892308,0.60225530
20.3000,0.56333642,2.57736544,0.43638393,0.43324976,1.16918725,0.60218047
20.3100,0.56326903,2.57763491,0.43649034,0.43331459,1.16945121,0.60210571
20.3200,0.56320172,2.57790411,0.43659670,0.43337935,1.16971497,0.60203104
20.3300,0.56313450,2.57817303,0.43670299,0.43344404,1.16997854,0.60195643
20.3400,0.56306736,2.57844166,0.43680922,0.43350867,1.17024190,0.60188191
20.3500,0.56300031,2.57871002,0.43691539,0.43357324,1.17050507,0.60180745
20.3600,0.56293334,2.57897809,0.43702150,0.43363774,1.17076804,0.60173308
20.3700,0.56286645,2.57924589,0.43712755,0.43370217,1.17103081,0.60165878
20.3800,0.56279965,2.57951341,0.43723353,0.43376654,1.17129338,0.60158455
20.3900,0.56273294,2.57978065,0.43733945,0.43383085,1.17155576,0.60151040
20.4000,0.56266630,2.58004761,0.43744532,0.43389509,1.17181793,0.60143632
20.4100,0.56259975,2.58031430,0.43755112,0.43395926,1.17207991,0.60136232
20.4200,0.56253329,2.58058071,0.43765685,0.43402337,1.17234169,0.60128839
20.4300,0.56246691,2.58084684,0.43776253,0.43408741,1.17260328,0.60121453
20.4400,0.56240061,2.58111269,0.43786815,0.43415139,1.17286466,0.60114075
20.4500,0.56233439,2.58137827,0.43797370,0.43421531,1.17312585,0.60106705
20.4600,0.56226826,2.58164357,0.43807919,0.43427916,1.17338684,0.60099342
20.4700,0.56220221,2.58190859,0.43818462,0.43434295,1.17364763,0.60091986
20.4800,0.56213624,2.58217334,0.43828999,0.43440667,1.17390823,0.60084638
20.4900,0.56207035,2.58243782,0.43839530,0.43447033,1.17416863,0.60077297
20.5000,0.56200455,2.58270201,0.43850055,0.43453392,1.17442883,0.60069963
20.5100,0.56193883,2.58296594,0.43860573,0.43459745,1.17468884,0.60062637
20.5200,0.56187319,2.58322959,0.43871085,0.43466091,1.17494865,0.60055318
20.5300,0.56180764,2.58349297,0.43881592,0.43472431,1.17520827,0.60048007
20.5400,0.56174216,2.58375607,0.43892092,0.43478765,1.17546768,0.60040703
20.5500,0.56167677,2.58401890,0.43902586,0.43485092,1.17572691,0.60033406
20.5600,0.56161146,2.58428146,0.43913074,0.43491413,1.17598593,0.60026116
20.5700,0.56154623,2.58454374,0.43923556,0.43497727,1.17624476,0.60018834
20.5800,0.56148108,2.58480575,0.43934031,0.43504035,1.17650340,0.60011559
20.5900,0.56141602,2.58506749,0.43944501,0.43510337,1.17676184,0.60004292
20.6000,0.56135103,2.58532896,0.43954964,0.43516632,1.17702008,0.59997031
20.6100,0.56128613,2.58559015,0.43965422,0.43522921,1.17727813,0.59989778
20.6200,0.56122131,2.58585108,0.43975873,0.43529204,1.17753598,0.59982533
20.6300,0.56115656,2.58611173,0.43986318,0.43535480,1.17779364,0.59975294
20.6400,0.56109190,2.58637212,0.43996757,0.43541750,1.17805110,0.59968063
20.6500,0.56102732,2.58663223,0.44007190,0.43548013,1.17830837,0.59960839
20.6600,0.56096282,2.58689207,0.44017617,0.43554270,1.17856545,0.59953622
20.6700,0.56089840,2.58715165,0.44028038,0.43560521,1.17882233,0.59946412
20.6800,0.56083406,2.58741095,0.44038452,0.43566766,1.17907901,0.59939210
20.6900,0.56076980,2.58766998,0.44048861,0.43573004,1.17933551,0.59932014
20.7000,0.56070562,2.58792875,0.44059263,0.43579236,1.17959180,0.59924826
20.7100,0.56064152,2.58818725,0.44069660,0.43585461,1.17984791,0.59917645
20.7200,0.56057750,2.58844548,0.44080050,0.43591681,1.18010382,0.59910472
20.7300,0.56051356,2.58870344,0.44090434,0.43597894,1.18035953,0.59903305
20.7400,0.56044970,2.58896114,0.44100812,0.43604100,1.18061505,0.59896146
20.7500,0.56038592,2.58921856,0.44111184,0.43610301,1.18087038,0.59888993
20.7600,0.56032221,2.58947572,0.44121551,0.43616495,1.18112552,0.59881848
20.7700,0.56025859,2.58973262,0.44131910,0.43622683,1.18138046,0.59874710
20.7800,0.56019505,2.58998925,0.44142264,0.43628865,1.18163521,0.59867579
20.7900,0.56013158,2.59024561,0.44152612,0.43635040,1.18188977,0.59860455
20.8000,0.56006819,2.59050170,0.44162954,0.43641209,1.18214413,0.59853338
20.8100,0.56000489,2.59075753,0.44173290,0.43647372,1.18239831,0.59846229
20.8200,0.55994166,2.59101310,0.44183619,0.43653529,1.18265229,0.59839126
20.8300,0.55987850,2.59126840,0.44193943,0.43659679,1.18290607,0.59832030
20.8400,0.55981543,2.59152344,0.44204260,0.43665824,1.18315967,0.59824942
20.8500,0.55975244,2.59177821,0.44214572,0.43671962,1.18341307,0.59817860
20.8600,0.55968952,2.59203272,0.44224877,0.43678094,1.18366628,0.59810786
20.8700,0.55962668,2.59228696,0.44235177,0.43684219,1.18391930,0.59803719
20.8800,0.55956392,2.59254095,0.44245470,0.43690339,1.18417213,0.59796658
20.8900,0.55950124,2.59279466,0.44255758,0.43696452,1.18442476,0.59789605
20.9000,0.55943863,2.59304812,0.44266039,0.43702559,1.18467721,0.59782558
20.9100,0.55937610,2.59330131,0.44276314,0.43708660,1.18492946,0.59775519
20.9200,0.55931365,2.59355425,0.44286583,0.43714755,1.18518152,0.59768487
20.9300,0.55925128,2.59380692,0.44296847,0.43720843,1.18543339,0.59761461
20.9400,0.55918898,2.59405932,0.44307104,0.43726926,1.18568507,0.59754443
20.9500,0.55912676,2.59431147,0.44317355,0.43733002,1.18593656,0.59747431
20.9600,0.55906462,2.59456336,0.44327600,0.43739072,1.18618786,0.59740427
20.9700,0.55900255,2.59481498,0.44337839,0.43745136,1.18643896,0.59733429
20.9800,0.55894056,2.59506635,0.44348072,0.43751194,1.18668988,0.59726438
20.9900,0.55887865,2.59531745,0.44358299,0.43757246,1.18694061,0.59719454
21.0000,0.55881681,2.59556830,0.44368520,0.43763291,1.18719115,0.59712477
21.0100,0.55875505,2.59581889,0.44378735,0.43769331,1.18744149,0.59705507
21.0200,0.55869337,2.59606921,0.44388945,0.43775364,1.18769165,0.59698544
21.0300,0.55863176,2.59631928,0.44399148,0.43781391,1.18794162,0.59691588
21.0400,0.55857022,2.59656909,0.44409345,0.43787412,1.18819139,0.59684639
21.0500,0.55850877,2.59681864,0.44419536,0.43793428,1.18844098,0.59677696
21.0600,0.55844739,2.59706794,0.44429721,0.43799437,1.18869038,0.59670761
21.0700,0.55838608,2.59731697,0.44439900,0.43805439,1.18893959,0.59663832
21.0800,0.55832485,2.59756575,0.44450073,0.43811436,1.18918861,0.59656910
21.0900,0.55826370,2.59781428,0.44460240,0.43817427,1.18943744,0.59649995
21.1000,0.55820262,2.59806254,0.44470401,0.43823412,1.18968608,0.59643086
21.1100,0.55814161,2.59831055,0.44480556,0.43829390,1.18993454,0.59636185
21.1200,0.55808068,2.59855830,0.44490706,0.43835363,1.19018280,0.59629290
21.1300,0.55801983,2.59880580,0.44500849,0.43841330,1.19043088,0.59622402
21.1400,0.55795905,2.59905304,0.44510986,0.43847290,1.19067877,0.59615521
21.1500,0.55789835,2.59930003,0.44521117,0.43853245,1.19092647,0.59608647
21.1600,0.55783772,2.59954676,0.44531242,0.43859193,1.19117398,0.59601780
21.1700,0.55777716,2.59979323,0.44541362,0.43865136,1.19142130,0.59594919
21.1800,0.55771668,2.60003946,0.44551475,0.43871072,1.19166844,0.59588065
21.1900,0.55765627,2.60028542,0.44561582,0.43877003,1.19191539,0.59581217
21.2000,0.55759594,2.60053114,0.44571684,0.43882927,1.19216215,0.59574377
21.2100,0.55753568,2.60077660,0.44581779,0.43888846,1.19240872,0.59567543
21.2200,0.55747549,2.60102180,0.44591869,0.43894758,1.19265511,0.59560716
21.2300,0.55741538,2.60126676,0.44601952,0.43900665,1.19290131,0.59553896
21.2400,0.55735534,2.60151146,0.44612030,0.43906565,1.19314732,0.59547082
21.2500,0.55729538,2.60175591,0.44622102,0.43912460,1.19339314,0.59540275
21.2600,0.55723549,2.60200011,0.44632167,0.43918348,1.19363878,0.59533475
21.2700,0.55717567,2.60224405,0.44642227,0.43924231,1.19388423,0.59526681
21.2800,0.55711593,2.60248775,0.44652281,0.43930108,1.19412950,0.59519894
21.2900,0.55705626,2.60273119,0.44662329,0.43935979,1.19437458,0.59513114
21.3000,0.55699666,2.60297438,0.44672371,0.43941843,1.19461947,0.59506340
21.3100,0.55693713,2.60321732,0.44682407,0.43947702,1.19486417,0.59499573
21.3200,0.55687768,2.60346001,0.44692437,0.43953555,1.19510869,0.59492813
21.3300,0.55681830,2.60370245,0.44702461,0.43959402,1.19535303,0.59486059
21.3400,0.55675899,2.60394464,0.44712479,0.43965243,1.19559718,0.59479312
21.3500,0.55669976,2.60418658,0.44722491,0.43971079,1.19584114,0.59472571
21.3600,0.55664060,2.60442828,0.44732498,0.43976908,1.19608492,0.59465837
21.3700,0.55658151,2.60466972,0.44742498,0.43982731,1.19632851,0.59459110
21.3800,0.55652249,2.60491091,0.44752493,0.43988549,1.19657191,0.59452389
21.3900,0.55646354,2.60515186,0.44762481,0.43994361,1.19681513,0.59445675
21.4000,0.55640467,2.60539256,0.44772464,0.44000166,1.19705817,0.59438968
21.4100,0.55634587,2.60563301,0.44782441,0.44005966,1.19730102,0.59432267
21.4200,0.55628713,2.60587321,0.44792412,0.44011760,1.19754369,0.59425572
21.4300,0.55622848,2.60611316,0.44802377,0.44017548,1.19778617,0.59418884
21.4400,0.55616989,2.60635287,0.44812336,0.44023331,1.19802847,0.59412203
21.4500,0.55611137,2.60659233,0.44822289,0.44029107,1.19827058,0.59405528
21.4600,0.55605293,2.60683155,0.44832237,0.44034878,1.19851251,0.59398860
21.4700,0.55599455,2.60707052,0.44842178,0.44040643,1.19875425,0.59392198
21.4800,0.55593625,2.60730924,0.44852114,0.44046402,1.19899581,0.59385543
21.4900,0.55587802,2.60754772,0.44862043,0.44052155,1.19923719,0.59378894
21.5000,0.55581986,2.60778595,0.44871967,0.44057902,1.19947838,0.59372252
21.5100,0.55576177,2.60802394,0.44881885,0.44063644,1.19971939,0.59365616
21.5200,0.55570375,2.60826168,0.44891797,0.44069379,1.19996021,0.59358986
21.5300,0.55564580,2.60849918,0.44901703,0.44075109,1.20020086,0.59352364
21.5400,0.55558792,2.60873643,0.44911603,0.44080833,1.20044131,0.59345747
21.5500,0.55553011,2.60897344,0.44921498,0.44086552,1.20068159,0.59339137
21.5600,0.55547237,2.60921021,0.44931386,0.44092264,1.20092168,0.59332534
21.5700,0.55541471,2.60944673,0.44941269,0.44097971,1.20116159,0.59325937
21.5800,0.55535711,2.60968301,0.44951146,0.44103672,1.20140132,0.59319346
21.5900,0.55529958,2.60991905,0.44961017,0.44109367,1.20164086,0.59312762
21.6000,0.55524212,2.61015484,0.44970882,0.44115056,1.20188022,0.59306184
21.6100,0.55518473,2.61039040,0.44980741,0.44120740,1.20211940,0.59299612
21.6200,0.55512741,2.61062571,0.44990595,0.44126418,1.20235840,0.59293047
21.6300,0.55507016,2.61086078,0.45000442,0.44132090,1.20259722,0.59286489
21.6400,0.55501298,2.61109560,0.45010284,0.44137757,1.20283585,0.59279936
21.6500,0.55495587,2.61133019,0.45020120,0.44143417,1.20307430,0.59273391
21.6600,0.55489883,2.61156454,0.45029950,0.44149072,1.20331257,0.59266851
21.6700,0.55484186,2.61179864,0.45039774,0.44154722,1.20355066,0.59260318
21.6800,0.55478496,2.61203251,0.45049592,0.44160365,1.20378856,0.59253791
21.6900,0.55472812,2.61226613,0.45059404,0.44166003,1.20402629,0.59247271
21.7000,0.55467135,2.61249952,0.45069211,0.44171635,1.20426383,0.59240756
21.7100,0.55461466,2.61273266,0.45079012,0.44177262,1.20450119,0.59234249
21.7200,0.55455803,2.61296557,0.45088807,0.44182882,1.20473837,0.59227747
21.7300,0.55450147,2.61319823,0.45098596,0.44188497,1.20497537,0.59221252
21.7400,0.55444498,2.61343066,0.45108379,0.44194107,1.20521219,0.59214763
21.7500,0.55438855,2.61366285,0.45118157,0.44199710,1.20544883,0.59208280
21.7600,0.55433220,2.61389481,0.45127929,0.44205308,1.20568529,0.59201804
21.7700,0.55427591,2.61412652,0.45137694,0.44210901,1.20592157,0.59195334
21.7800,0.55421969,2.61435800,0.45147454,0.44216488,1.20615766,0.59188870
21.7900,0.55416354,2.61458924,0.45157209,0.44222069,1.20639358,0.59182413
21.8000,0.55410745,2.61482024,0.45166957,0.44227644,1.20662932,0.59175962
21.8100,0.55405144,2.61505100,0.45176700,0.44233214,1.20686487,0.59169517
21.8200,0.55399549,2.61528153,0.45186437,0.44238778,1.20710025,0.59163078
21.8300,0.55393961,2.61551183,0.45196168,0.44244336,1.20733545,0.59156646
21.8400,0.55388379,2.61574188,0.45205893,0.44249889,1.20757047,0.59150219
21.8500,0.55382805,2.61597171,0.45215612,0.44255437,1.20780531,0.59143799
21.8600,0.55377237,2.61620129,0.45225326,0.44260978,1.20803997,0.59137386
21.8700,0.55371676,2.61643064,0.45235034,0.44266514,1.20827445,0.59130978
21.8800,0.55366121,2.61665976,0.45244736,0.44272045,1.20850875,0.59124576
21.8900,0.55360573,2.61688864,0.45254432,0.44277570,1.20874287,0.59118181
21.9000,0.55355032,2.61711729,0.45264123,0.44283089,1.20897681,0.59111792
21.9100,0.55349497,2.61734570,0.45273807,0.44288603,1.20921058,0.59105409
21.9200,0.55343969,2.61757388,0.45283486,0.44294111,1.20944416,0.59099033
21.9300,0.55338448,2.61780182,0.45293160,0.44299613,1.20967757,0.59092662
21.9400,0.55332934,2.61802954,0.45302827,0.44305110,1.20991080,0.59086298
21.9500,0.55327426,2.61825701,0.45312489,0.44310601,1.21014385,0.59079940
21.9600,0.55321924,2.61848426,0.45322145,0.44316087,1.21037672,0.59073588
21.9700,0.55316430,2.61871128,0.45331795,0.44321568,1.21060942,0.59067242
21.9800,0.55310941,2.61893806,0.45341439,0.44327042,1.21084194,0.59060902
21.9900,0.55305460,2.61916461,0.45351078,0.44332512,1.21107428,0.59054568
22.0000,0.55299985,2.61939093,0.45360710,0.44337975,1.21130644,0.59048240
22.0100,0.55294516,2.61961701,0.45370337,0.44343433,1.21153842,0.59041919
22.0200,0.55289055,2.61984287,0.45379959,0.44348886,1.21177023,0.59035604
22.0300,0.55283599,2.62006849,0.45389574,0.44354333,1.21200186,0.59029294
22.0400,0.55278151,2.62029389,0.45399184,0.44359775,1.21223331,0.59022991
22.0500,0.55272708,2.62051905,0.45408788,0.44365211,1.21246459,0.59016694
22.0600,0.55267273,2.62074398,0.45418387,0.44370641,1.21269569,0.59010403
22.0700,0.55261843,2.62096869,0.45427979,0.44376066,1.21292661,0.59004118
22.0800,0.55256421,2.62119316,0.45437566,0.44381486,1.21315736,0.58997839
22.0900,0.55251004,2.62141741,0.45447147,0.44386900,1.21338793,0.58991566
22.1000,0.55245595,2.62164142,0.45456723,0.44392309,1.21361832,0.58985299
22.1100,0.55240191,2.62186521,0.45466292,0.44397712,1.21384854,0.58979038
22.1200,0.55234795,2.62208877,0.45475856,0.44403110,1.21407858,0.58972784
22.1300,0.55229404,2.62231210,0.45485414,0.44408502,1.21430844,0.58966535
22.1400,0.55224020,2.62253520,0.45494967,0.44413889,1.21453813,0.58960292
22.1500,0.55218643,2.62275807,0.45504514,0.44419270,1.21476764,0.58954055
22.1600,0.55213272,2.62298072,0.45514055,0.44424646,1.21499698,0.58947824
22.1700,0.55207907,2.62320314,0.45523590,0.44430016,1.21522614,0.58941600
22.1800,0.55202549,2.62342533,0.45533120,0.44435381,1.21545513,0.58935381
22.1900,0.55197197,2.62364730,0.45542644,0.44440741,1.21568394,0.58929168
22.2000,0.55191852,2.62386904,0.45552162,0.44446095,1.21591257,0.58922961
22.2100,0.55186513,2.62409055,0.45561674,0.44451444,1.21614104,0.58916760
22.2200,0.55181180,2.62431184,0.45571181,0.44456787,1.21636932,0.58910565
22.2300,0.55175854,2.62453290,0.45580682,0.44462125,1.21659743,0.58904376
22.2400,0.55170534,2.62475374,0.45590178,0.44467458,1.21682537,0.58898193
22.2500,0.55165220,2.62497435,0.45599668,0.44472785,1.21705313,0.58892016
22.2600,0.55159913,2.62519473,0.45609152,0.44478106,1.21728072,0.58885845
22.2700,0.55154612,2.62541490,0.45618630,0.44483423,1.21750813,0.58879680
22.2800,0.55149317,2.62563483,0.45628103,0.44488734,1.21773537,0.58873521
22.2900,0.55144029,2.62585455,0.45637570,0.44494039,1.21796244,0.58867367
22.3000,0.55138747,2.62607403,0.45647031,0.44499339,1.21818933,0.58861220
22.3100,0.55133471,2.62629330,0.45656487,0.44504634,1.21841604,0.58855078
22.3200,0.55128201,2.62651234,0.45665937,0.44509924,1.21864259,0.58848942
22.3300,0.55122938,2.62673116,0.45675381,0.44515208,1.21886896,0.58842812
22.3400,0.55117681,2.62694976,0.45684819,0.44520487,1.21909515,0.58836688
22.3500,0.55112430,2.62716813,0.45694252,0.44525760,1.21932118,0.58830570
22.3600,0.55107186,2.62738628,0.45703680,0.44531028,1.21954703,0.58824458
22.3700,0.55101948,2.62760421,0.45713101,0.44536291,1.21977270,0.58818352
22.3800,0.55096716,2.62782192,0.45722517,0.44541549,1.21999821,0.58812251
22.3900,0.55091490,2.62803940,0.45731928,0.44546801,1.22022354,0.58806156
22.4000,0.55086270,2.62825667,0.45741332,0.44552048,1.22044870,0.58800068
22.4100,0.55081057,2.62847371,0.45750731,0.44557289,1.22067368,0.58793985
22.4200,0.55075850,2.62869053,0.45760125,0.44562525,1.22089849,0.58787907
22.4300,0.55070648,2.62890713,0.45769512,0.44567756,1.22112314,0.58781836
22.4400,0.55065454,2.62912351,0.45778894,0.44572982,1.22134760,0.58775770
22.4500,0.55060265,2.62933967,0.45788271,0.44578202,1.22157190,0.58769710
22.4600,0.55055082,2.62955562,0.45797642,0.44583417,1.22179602,0.58763656
22.4700,0.55049906,2.62977134,0.45807007,0.44588627,1.22201998,0.58757608
22.4800,0.55044735,2.62998684,0.45816366,0.44593831,1.22224376,0.58751566
22.4900,0.55039571,2.63020212,0.45825720,0.44599031,1.22246737,0.58745529
22.5000,0.55034413,2.63041719,0.45835068,0.44604225,1.22269080,0.58739498
22.5100,0.55029261,2.63063203,0.45844411,0.44609413,1.22291407,0.58733473
22.5200,0.55024115,2.63084666,0.45853748,0.44614597,1.22313716,0.58727454
22.5300,0.55018976,2.63106107,0.45863079,0.44619775,1.22336009,0.58721440
22.5400,0.55013842,2.63127526,0.45872405,0.44624948,1.22358284,0.58715432
22.5500,0.55008714,2.63148923,0.45881725,0.44630116,1.22380542,0.58709430
22.5600,0.55003593,2.63170299,0.45891040,0.44635278,1.22402783,0.58703434
22.5700,0.54998477,2.63191653,0.45900349,0.44640435,1.22425007,0.58697443
22.5800,0.54993368,2.63212985,0.45909652,0.44645587,1.22447214,0.58691458
22.5900,0.54988264,2.63234296,0.45918950,0.44650734,1.22469404,0.58685479
22.6000,0.54983167,2.63255585,0.45928242,0.44655876,1.22491576,0.58679505
22.6100,0.54978075,2.63276852,0.45937528,0.44661012,1.22513732,0.58673537
22.6200,0.54972990,2.63298098,0.45946809,0.44666144,1.22535871,0.58667575
22.6300,0.54967910,2.63319322,0.45956084,0.44671270,1.22557993,0.58661618
22.6400,0.54962837,2.63340525,0.45965354,0.44676390,1.22580098,0.58655668
22.6500,0.54957770,2.63361706,0.45974618,0.44681506,1.22602185,0.58649722
22.6600,0.54952708,2.63382865,0.45983877,0.44686617,1.22624256,0.58643783
22.6700,0.54947653,2.63404003,0.45993130,0.44691722,1.22646310,0.58637849
22.6800,0.54942603,2.63425120,0.46002377,0.44696822,1.22668347,0.58631921
22.6900,0.54937560,2.63446215,0.46011619,0.44701917,1.22690367,0.58625998
22.7000,0.54932522,2.63467289,0.46020855,0.44707007,1.22712370,0.58620081
22.7100,0.54927490,2.63488342,0.46030086,0.44712092,1.22734356,0.58614170
22.7200,0.54922464,2.63509373,0.46039311,0.44717171,1.22756326,0.58608264
22.7300,0.54917445,2.63530383,0.46048530,0.44722245,1.22778278,0.58602364
22.7400,0.54912431,2.63551372,0.46057744,0.44727315,1.22800214,0.58596470
22.7500,0.54907422,2.63572339,0.46066953,0.44732379,1.22822132,0.58590581
22.7600,0.54902420,2.63593285,0.46076155,0.44737438,1.22844034,0.58584698
22.7700,0.54897424,2.63614210,0.46085353,0.44742492,1.22865919,0.58578820
22.7800,0.54892434,2.63635113,0.46094544,0.44747540,1.22887787,0.58572948
22.7900,0.54887449,2.63655996,0.46103730,0.44752584,1.22909639,0.58567082
22.8000,0.54882470,2.63676857,0.46112911,0.44757623,1.22931473,0.58561221
22.8100,0.54877497,2.63697697,0.46122086,0.44762656,1.22953291,0.58555366
22.8200,0.54872530,2.63718516,0.46131256,0.44767684,1.22975092,0.58549516
22.8300,0.54867569,2.63739314,0.46140419,0.44772708,1.22996876,0.58543672
22.8400,0.54862614,2.63760091,0.46149578,0.44777726,1.23018644,0.58537833
22.8500,0.54857664,2.63780847,0.46158731,0.44782739,1.23040394,0.58532000
22.8600,0.54852721,2.63801582,0.46167878,0.44787747,1.23062128,0.58526172
22.8700,0.54847783,2.63822296,0.46177020,0.44792750,1.23083845,0.58520350
22.8800,0.54842850,2.63842989,0.46186156,0.44797748,1.23105546,0.58514534
22.8900,0.54837924,2.63863661,0.46195287,0.44802741,1.23127230,0.58508723
22.9000,0.54833003,2.63884312,0.46204412,0.44807728,1.23148897,0.58502917
22.9100,0.54828089,2.63904942,0.46213532,0.44812711,1.23170548,0.58497117
22.9200,0.54823179,2.63925552,0.46222646,0.44817689,1.23192181,0.58491323
22.9300,0.54818276,2.63946140,0.46231754,0.44822661,1.23213799,0.58485534
22.9400,0.54813378,2.63966708,0.46240858,0.44827629,1.23235399,0.58479750
22.9500,0.54808487,2.63987255,0.46249955,0.44832592,1.23256983,0.58473972
22.9600,0.54803600,2.64007781,0.46259047,0.44837549,1.23278550,0.58468200
22.9700,0.54798720,2.64028286,0.46268134,0.44842502,1.23300101,0.58462433
22.9800,0.54793845,2.64048771,0.46277215,0.44847449,1.23321635,0.58456671
22.9900,0.54788976,2.64069235,0.46286291,0.44852392,1.23343153,0.58450915
23.0000,0.54784113,2.64089678,0.46295361,0.44857329,1.23364654,0.58445164
23.0100,0.54779255,2.64110101,0.46304425,0.44862262,1.23386138,0.58439419
23.0200,0.54774403,2.64130503,0.46313484,0.44867189,1.23407606,0.58433679
23.0300,0.54769557,2.64150884,0.46322538,0.44872112,1.23429057,0.58427945
23.0400,0.54764716,2.64171245,0.46331586,0.44877029,1.23450492,0.58422216
23.0500,0.54759881,2.64191585,0.46340629,0.44881942,1.23471910,0.58416493
23.0600,0.54755052,2.64211905,0.46349666,0.44886849,1.23493312,0.58410775
23.0700,0.54750228,2.64232204,0.46358697,0.44891752,1.23514697,0.58405062
23.0800,0.54745410,2.64252483,0.46367723,0.44896650,1.23536066,0.58399355
23.0900,0.54740597,2.64272741,0.46376744,0.44901542,1.23557419,0.58393653
23.1000,0.54735790,2.64292979,0.46385759,0.44906430,1.23578754,0.58387956
23.1100,0.54730989,2.64313197,0.46394769,0.44911313,1.23600074,0.58382265
23.1200,0.54726193,2.64333394,0.46403773,0.44916191,1.23621377,0.58376580
23.1300,0.54721403,2.64353570,0.46412772,0.44921064,1.23642664,0.58370899
23.1400,0.54716619,2.64373727,0.46421766,0.44925932,1.23663934,0.58365224
23.1500,0.54711840,2.64393863,0.46430753,0.44930795,1.23685188,0.58359555
23.1600,0.54707066,2.64413978,0.46439736,0.44935653,1.23706425,0.58353890
23.1700,0.54702298,2.64434074,0.46448713,0.44940506,1.23727646,0.58348231
23.1800,0.54697536,2.64454149,0.46457684,0.44945354,1.23748851,0.58342578
23.1900,0.54692779,2.64474204,0.46466650,0.44950198,1.23770039,0.58336930
23.2000,0.54688028,2.64494238,0.46475611,0.44955036,1.23791211,0.58331287
23.2100,0.54683282,2.64514253,0.46484566,0.44959870,1.23812367,0.58325649
23.2200,0.54678542,2.64534247,0.46493516,0.44964698,1.23833506,0.58320017
23.2300,0.54673807,2.64554221,0.46502460,0.44969522,1.23854629,0.58314390
23.2400,0.54669078,2.64574175,0.46511399,0.44974341,1.23875736,0.58308769
23.2500,0.54664354,2.64594109,0.46520332,0.44979155,1.23896826,0.58303152
23.2600,0.54659636,2.64614023,0.46529260,0.44983964,1.23917900,0.58297541
23.2700,0.54654923,2.64633917,0.46538183,0.44988769,1.23938958,0.58291936
23.2800,0.54650216,2.64653791,0.46547100,0.44993568,1.23960000,0.58286335
23.2900,0.54645514,2.64673644,0.46556012,0.44998363,1.23981026,0.58280740
23.3000,0.54640818,2.64693478,0.46564918,0.45003152,1.24002035,0.58275150
23.3100,0.54636127,2.64713292,0.46573819,0.45007937,1.24023028,0.58269566
23.3200,0.54631441,2.64733086,0.46582714,0.45012717,1.24044005,0.58263986
23.3300,0.54626761,2.64752860,0.46591604,0.45017492,1.24064965,0.58258412
23.3400,0.54622087,2.64772614,0.46600489,0.45022263,1.24085910,0.58252843
23.3500,0.54617417,2.64792348,0.46609368,0.45027028,1.24106838,0.58247280
23.3600,0.54612753,2.64812063,0.46618242,0.45031789,1.24127750,0.58241721
23.3700,0.54608095,2.64831757,0.46627110,0.45036545,1.24148646,0.58236168
23.3800,0.54603442,2.64851432,0.46635973,0.45041296,1.24169526,0.58230621
23.3900,0.54598794,2.64871087,0.46644830,0.45046042,1.24190390,0.58225078
23.4000,0.54594152,2.64890722,0.46653683,0.45050784,1.24211237,0.58219540
23.4100,0.54589515,2.64910338,0.46662529,0.45055520,1.24232069,0.58214008
23.4200,0.54584884,2.64929933,0.46671371,0.45060252,1.24252884,0.58208481
23.4300,0.54580257,2.64949509,0.46680207,0.45064979,1.24273683,0.58202959
23.4400,0.54575636,2.64969066,0.46689037,0.45069701,1.24294467,0.58197443
23.4500,0.54571021,2.64988602,0.46697862,0.45074419,1.24315234,0.58191931
23.4600,0.54566411,2.65008120,0.46706682,0.45079132,1.24335985,0.58186425
23.4700,0.54561806,2.65027617,0.46715497,0.45083839,1.24356720,0.58180924
23.4800,0.54557206,2.65047095,0.46724306,0.45088543,1.24377439,0.58175428
23.4900,0.54552612,2.65066553,0.46733109,0.45093241,1.24398142,0.58169938
23.5000,0.54548023,2.65085992,0.46741908,0.45097935,1.24418829,0.58164452
23.5100,0.54543439,2.65105412,0.46750701,0.45102624,1.24439501,0.58158972
23.5200,0.54538861,2.65124811,0.46759488,0.45107308,1.24460156,0.58153497
23.5300,0.54534288,2.65144192,0.46768271,0.45111987,1.24480795,0.58148026
23.5400,0.54529720,2.65163553,0.46777047,0.45116662,1.24501418,0.58142562
23.5500,0.54525158,2.65182894,0.46785819,0.45121332,1.24522025,0.58137102
23.5600,0.54520600,2.65202216,0.46794585,0.45125997,1.24542617,0.58131647
23.5700,0.54516048,2.65221519,0.46803346,0.45130657,1.24563192,0.58126197
23.5800,0.54511501,2.65240802,0.46812101,0.45135313,1.24583752,0.58120753
23.5900,0.54506960,2.65260066,0.46820851,0.45139964,1.24604295,0.58115314
23.6000,0.54502423,2.65279311,0.46829596,0.45144611,1.24624823,0.58109880
23.6100,0.54497892,2.65298536,0.46838335,0.45149252,1.24645335,0.58104450
23.6200,0.54493366,2.65317742,0.46847069,0.45153889,1.24665831,0.58099026
23.6300,0.54488846,2.65336929,0.46855798,0.45158521,1.24686311,0.58093607
23.6400,0.54484330,2.65356097,0.46864522,0.45163149,1.24706775,0.58088194
23.6500,0.54479820,2.65375245,0.46873240,0.45167772,1.24727224,0.58082785
23.6600,0.54475314,2.65394375,0.46881952,0.45172390,1.24747656,0.58077381
23.6700,0.54470815,2.65413485,0.46890660,0.45177003,1.24768073,0.58071983
23.6800,0.54466320,2.65432576,0.46899362,0.45181612,1.24788474,0.58066589
23.6900,0.54461830,2.65451647,0.46908058,0.45186216,1.24808859,0.58061201
23.7000,0.54457346,2.65470700,0.46916750,0.45190816,1.24829229,0.58055817
23.7100,0.54452866,2.65489734,0.46925436,0.45195411,1.24849583,0.58050439
23.7200,0.54448392,2.65508748,0.46934117,0.45200001,1.24869921,0.58045065
23.7300,0.54443923,2.65527744,0.46942792,0.45204586,1.24890243,0.58039697
23.7400,0.54439459,2.65546720,0.46951462,0.45209167,1.24910549,0.58034334
23.7500,0.54435000,2.65565678,0.46960127,0.45213744,1.24930840,0.58028976
23.7600,0.54430546,2.65584616,0.46968787,0.45218315,1.24951115,0.58023622
23.7700,0.54426098,2.65603536,0.46977441,0.45222882,1.24971374,0.58018274
23.7800,0.54421654,2.65622437,0.46986090,0.45227445,1.24991618,0.58012931
23.7900,0.54417216,2.65641319,0.46994733,0.45232002,1.25011846,0.58007593
23.8000,0.54412782,2.65660181,0.47003372,0.45236555,1.25032058,0.58002260
23.8100,0.54408354,2.65679025,0.47012005,0.45241104,1.25052255,0.57996931
23.8200,0.54403931,2.65697851,0.47020633,0.45245648,1.25072436,0.57991608
23.8300,0.54399513,2.65716657,0.47029255,0.45250187,1.25092602,0.57986290
23.8400,0.54395100,2.65735445,0.47037872,0.45254722,1.25112751,0.57980977
23.8500,0.54390691,2.65754213,0.47046484,0.45259252,1.25132885,0.57975668
23.8600,0.54386288,2.65772963,0.47055091,0.45263777,1.25153004,0.57970365
23.8700,0.54381890,2.65791695,0.47063692,0.45268298,1.25173107,0.57965067
23.8800,0.54377497,2.65810407,0.47072288,0.45272815,1.25193194,0.57959773
23.8900,0.54373110,2.65829101,0.47080879,0.45277327,1.25213266,0.57954485
23.9000,0.54368727,2.65847776,0.47089464,0.45281834,1.25233323,0.57949201
23.9100,0.54364349,2.65866433,0.47098045,0.45286336,1.25253363,0.57943923
23.9200,0.54359976,2.65885071,0.47106620,0.45290835,1.25273388,0.57938649
23.9300,0.54355608,2.65903690,0.47115189,0.45295328,1.25293398,0.57933381
23.9400,0.54351245,2.65922291,0.47123754,0.45299817,1.25313392,0.57928117
23.9500,0.54346887,2.65940873,0.47132313,0.45304301,1.25333371,0.57922858
23.9600,0.54342534,2.65959437,0.47140867,0.45308781,1.25353334,0.57917604
23.9700,0.54338186,2.65977982,0.47149416,0.45313257,1.25373282,0.57912355
23.9800,0.54333843,2.65996508,0.47157959,0.45317728,1.25393214,0.57907111
23.9900,0.54329505,2.66015016,0.47166497,0.45322194,1.25413131,0.57901872
24.0000,0.54325171,2.66033506,0.47175030,0.45326656,1.25433032,0.57896637
24.0100,0.54320843,2.66051977,0.47183558,0.45331113,1.25452918,0.57891408
24.0200,0.54316520,2.66070430,0.47192081,0.45335566,1.25472789,0.57886183
24.0300,0.54312201,2.66088864,0.47200598,0.45340014,1.25492644,0.57880964
24.0400,0.54307888,2.66107280,0.47209110,0.45344458,1.25512483,0.57875749
24.0500,0.54303579,2.66125678,0.47217617,0.45348897,1.25532308,0.57870539
24.0600,0.54299275,2.66144057,0.47226118,0.45353332,1.25552117,0.57865334
24.0700,0.54294977,2.66162418,0.47234614,0.45357762,1.25571910,0.57860134
24.0800,0.54290683,2.66180761,0.47243106,0.45362188,1.25591688,0.57854939
24.0900,0.54286394,2.66199085,0.47251591,0.45366609,1.25611451,0.57849748
24.1000,0.54282110,2.66217391,0.47260072,0.45371026,1.25631199,0.57844562
24.1100,0.54277830,2.66235679,0.47268548,0.45375438,1.25650931,0.57839382
24.1200,0.54273556,2.66253949,0.47277018,0.45379846,1.25670648,0.57834206
24.1300,0.54269286,2.66272200,0.47285483,0.45384249,1.25690349,0.57829035
24.1400,0.54265022,2.66290434,0.47293943,0.45388648,1.25710035,0.57823868
24.1500,0.54260762,2.66308649,0.47302397,0.45393043,1.25729706,0.57818707
24.1600,0.54256507,2.66326846,0.47310847,0.45397433,1.25749362,0.57813550
24.1700,0.54252256,2.66345025,0.47319291,0.45401818,1.25769003,0.57808398
24.1800,0.54248011,2.66363185,0.47327730,0.45406199,1.25788628,0.57803251
24.1900,0.54243770,2.66381328,0.47336164,0.45410576,1.25808238,0.57798109
24.2000,0.54239535,2.66399453,0.47344592,0.45414948,1.25827832,0.57792971
24.2100,0.54235304,2.66417559,0.47353016,0.45419316,1.25847412,0.57787839
24.2200,0.54231077,2.66435648,0.47361434,0.45423679,1.25866976,0.57782711
24.2300,0.54226856,2.66453719,0.47369847,0.45428038,1.25886525,0.57777588
24.2400,0.54222639,2.66471771,0.47378255,0.45432393,1.25906059,0.57772469
24.2500,0.54218428,2.66489806,0.47386657,0.45436743,1.25925578,0.57767356
24.2600,0.54214221,2.66507823,0.47395055,0.45441089,1.25945082,0.57762247
24.2700,0.54210018,2.66525822,0.47403447,0.45445430,1.25964570,0.57757143
24.2800,0.54205821,2.66543803,0.47411834,0.45449767,1.25984043,0.57752043
24.2900,0.54201628,2.66561766,0.47420216,0.45454100,1.26003502,0.57746949
24.3000,0.54197440,2.66579711,0.47428593,0.45458428,1.26022945,0.57741859
24.3100,0.54193256,2.66597639,0.47436965,0.45462752,1.26042372,0.57736774
24.3200,0.54189078,2.66615548,0.47445331,0.45467071,1.26061785,0.57731694
24.3300,0.54184904,2.66633440,0.47453693,0.45471386,1.26081183,0.57726618
24.3400,0.54180735,2.66651314,0.47462049,0.45475697,1.26100566,0.57721547
24.3500,0.54176570,2.66669170,0.47470400,0.45480003,1.26119933,0.57716481
24.3600,0.54172411,2.66687009,0.47478746,0.45484305,1.26139286,0.57711420
24.3700,0.54168256,2.66704830,0.47487086,0.45488602,1.26158623,0.57706363
24.3800,0.54164105,2.66722633,0.47495422,0.45492896,1.26177946,0.57701311
24.3900,0.54159959,2.66740418,0.47503752,0.45497185,1.26197253,0.57696263
24.4000,0.54155818,2.66758186,0.47512078,0.45501469,1.26216546,0.57691221
24.4100,0.54151682,2.66775937,0.47520398,0.45505749,1.26235823,0.57686183
24.4200,0.54147550,2.66793669,0.47528713,0.45510025,1.26255086,0.57681150
24.4300,0.54143423,2.66811384,0.47537023,0.45514297,1.26274333,0.57676121
24.4400,0.54139301,2.66829082,0.47545327,0.45518564,1.26293565,0.57671097
24.4500,0.54135183,2.66846761,0.47553627,0.45522827,1.26312783,0.57666078
24.4600,0.54131070,2.66864424,0.47561921,0.45527085,1.26331986,0.57661063
24.4700,0.54126962,2.66882069,0.47570211,0.45531339,1.26351173,0.57656053
24.4800,0.54122858,2.66899696,0.47578495,0.45535589,1.26370346,0.57651048
24.4900,0.54118759,2.66917306,0.47586774,0.45539835,1.26389504,0.57646047
24.5000,0.54114664,2.66934898,0.47595048,0.45544076,1.26408647,0.57641051
24.5100,0.54110574,2.66952473,0.47603317,0.45548313,1.26427775,0.57636060
24.5200,0.54106489,2.66970031,0.47611581,0.45552546,1.26446888,0.57631073
24.5300,0.54102408,2.66987571,0.47619839,0.45556774,1.26465986,0.57626091
24.5400,0.54098332,2.67005094,0.47628093,0.45560998,1.26485069,0.57621114
24.5500,0.54094260,2.67022599,0.47636341,0.45565218,1.26504138,0.57616141
24.5600,0.54090193,2.67040087,0.47644585,0.45569434,1.26523191,0.57611173
24.5700,0.54086131,2.67057558,0.47652823,0.45573645,1.26542230,0.57606209
24.5800,0.54082073,2.67075011,0.47661056,0.45577852,1.26561254,0.57601250
24.5900,0.54078019,2.67092448,0.47669284,0.45582055,1.26580263,0.57596296
24.6000,0.54073971,2.67109867,0.47677507,0.45586254,1.26599258,0.57591346
24.6100,0.54069926,2.67127268,0.47685725,0.45590448,1.26618237,0.57586401
24.6200,0.54065887,2.67144653,0.47693938,0.45594638,1.26637202,0.57581461
24.6300,0.54061852,2.67162020,0.47702145,0.45598824,1.26656152,0.57576525
24.6400,0.54057821,2.67179370,0.47710348,0.45603005,1.26675088,0.57571593
24.6500,0.54053795,2.67196703,0.47718546,0.45607183,1.26694008,0.57566666
24.6600,0.54049773,2.67214019,0.47726738,0.45611356,1.26712914,0.57561744
24.6700,0.54045756,2.67231317,0.47734925,0.45615524,1.26731805,0.57556826
24.6800,0.54041743,2.67248599,0.47743108,0.45619689,1.26750681,0.57551913
24.6900,0.54037735,2.67265863,0.47751285,0.45623849,1.26769543,0.57547005
24.7000,0.54033732,2.67283111,0.47759457,0.45628006,1.26788390,0.57542101
24.7100,0.54029733,2.67300341,0.47767624,0.45632158,1.26807222,0.57537201
24.7200,0.54025738,2.67317555,0.47775786,0.45636305,1.26826040,0.57532306
24.7300,0.54021748,2.67334751,0.47783943,0.45640449,1.26844843,0.57527416
24.7400,0.54017762,2.67351930,0.47792095,0.45644588,1.26863631,0.57522530
24.7500,0.54013781,2.67369092,0.47800242,0.45648723,1.26882405,0.57517649
24.7600,0.54009804,2.67386238,0.47808384,0.45652854,1.26901164,0.57512772
24.7700,0.54005831,2.67403366,0.47816521,0.45656981,1.26919908,0.57507900
24.7800,0.54001864,2.67420478,0.47824653,0.45661104,1.26938638,0.57503032
24.7900,0.53997900,2.67437572,0.47832779,0.45665222,1.26957353,0.57498169
24.8000,0.53993941,2.67454650,0.47840901,0.45669337,1.26976054,0.57493310
24.8100,0.53989986,2.67471711,0.47849018,0.45673447,1.26994740,0.57488456
24.8200,0.53986036,2.67488755,0.47857129,0.45677553,1.27013411,0.57483606
24.8300,0.53982090,2.67505782,0.47865236,0.45681654,1.27032068,0.57478761
24.8400,0.53978149,2.67522793,0.47873337,0.45685752,1.27050710,0.57473920
24.8500,0.53974212,2.67539786,0.47881434,0.45689845,1.27069338,0.57469083
24.8600,0.53970279,2.67556763,0.47889525,0.45693935,1.27087951,0.57464252
24.8700,0.53966351,2.67573723,0.47897612,0.45698020,1.27106550,0.57459424
24.8800,0.53962427,2.67590667,0.47905693,0.45702101,1.27125134,0.57454601
24.8900,0.53958508,2.67607594,0.47913769,0.45706178,1.27143704,0.57449783
24.9000,0.53954593,2.67624504,0.47921841,0.45710251,1.27162259,0.57444969
24.9100,0.53950682,2.67641397,0.47929907,0.45714319,1.27180800,0.57440160
24.9200,0.53946776,2.67658274,0.47937969,0.45718384,1.27199326,0.57435355
24.9300,0.53942873,2.67675134,0.47946025,0.45722444,1.27217838,0.57430554
24.9400,0.53938976,2.67691977,0.47954076,0.45726500,1.27236335,0.57425758
24.9500,0.53935082,2.67708804,0.47962123,0.45730553,1.27254818,0.57420966
24.9600,0.53931193,2.67725614,0.47970164,0.45734601,1.27273287,0.57416179
24.9700,0.53927309,2.67742408,0.47978200,0.45738645,1.27291741,0.57411396
24.9800,0.53923428,2.67759185,0.47986232,0.45742684,1.27310181,0.57406618
24.9900,0.53919552,2.67775946,0.47994258,0.45746720,1.27328606,0.57401844
25.0000,0.53915681,2.67792690,0.48002279,0.45750752,1.27347017,0.57397074
25.0100,0.53911813,2.67809417,0.48010296,0.45754779,1.27365413,0.57392309
25.0200,0.53907950,2.67826128,0.48018307,0.45758803,1.27383796,0.57387548
25.0300,0.53904091,2.67842823,0.48026314,0.45762822,1.27402163,0.57382792
25.0400,0.53900237,2.67859501,0.48034315,0.45766838,1.27420517,0.57378040
25.0500,0.53896386,2.67876163,0.48042311,0.45770849,1.27438856,0.57373292
25.0600,0.53892540,2.67892809,0.48050303,0.45774856,1.27457181,0.57368549
25.0700,0.53888699,2.67909438,0.48058289,0.45778859,1.27475491,0.57363810
25.0800,0.53884861,2.67926051,0.48066271,0.45782859,1.27493788,0.57359076
25.0900,0.53881028,2.67942647,0.48074248,0.45786854,1.27512070,0.57354346
25.1000,0.53877199,2.67959227,0.48082219,0.45790845,1.27530337,0.57349620
25.1100,0.53873374,2.67975791,0.48090186,0.45794832,1.27548591,0.57344899
25.1200,0.53869554,2.67992338,0.48098147,0.45798815,1.27566830,0.57340182
25.1300,0.53865738,2.68008870,0.48106104,0.45802793,1.27585055,0.57335469
25.1400,0.53861926,2.68025385,0.48114056,0.45806768,1.27603265,0.57330761
25.1500,0.53858118,2.68041883,0.48122003,0.45810739,1.27621462,0.57326057
25.1600,0.53854314,2.68058366,0.48129945,0.45814706,1.27639644,0.57321357
25.1700,0.53850515,2.68074832,0.48137882,0.45818669,1.27657812,0.57316662
25.1800,0.53846720,2.68091282,0.48145814,0.45822627,1.27675966,0.57311971
25.1900,0.53842929,2.68107716,0.48153741,0.45826582,1.27694105,0.57307285
25.2000,0.53839142,2.68124134,0.48161663,0.45830533,1.27712230,0.57302602
25.2100,0.53835360,2.68140536,0.48169580,0.45834480,1.27730342,0.57297925
25.2200,0.53831582,2.68156921,0.48177492,0.45838422,1.27748439,0.57293251
25.2300,0.53827807,2.68173291,0.48185399,0.45842361,1.27766522,0.57288582
25.2400,0.53824037,2.68189644,0.48193302,0.45846296,1.27784590,0.57283917
25.2500,0.53820272,2.68205982,0.48201199,0.45850227,1.27802645,0.57279256
25.2600,0.53816510,2.68222303,0.48209092,0.45854153,1.27820686,0.57274600
25.2700,0.53812752,2.68238608,0.48216979,0.45858076,1.27838712,0.57269948
25.2800,0.53808999,2.68254898,0.48224862,0.45861995,1.27856724,0.57265300
25.2900,0.53805250,2.68271171,0.48232740,0.45865910,1.27874723,0.57260656
25.3000,0.53801505,2.68287429,0.48240612,0.45869821,1.27892707,0.57256017
25.3100,0.53797764,2.68303670,0.48248480,0.45873728,1.27910677,0.57251382
25.3200,0.53794027,2.68319896,0.48256343,0.45877631,1.27928633,0.57246752
25.3300,0.53790294,2.68336105,0.48264201,0.45881530,1.27946575,0.57242125
25.3400,0.53786566,2.68352299,0.48272055,0.45885425,1.27964503,0.57237503
25.3500,0.53782841,2.68368477,0.48279903,0.45889316,1.27982417,0.57232885
25.3600,0.53779121,2.68384639,0.48287746,0.45893203,1.28000317,0.57228272
25.3700,0.53775405,2.68400785,0.48295585,0.45897086,1.28018202,0.57223663
25.3800,0.53771693,2.68416915,0.48303418,0.45900965,1.28036074,0.57219058
25.3900,0.53767985,2.68433030,0.48311247,0.45904841,1.28053932,0.57214457
25.4000,0.53764281,2.68449129,0.48319071,0.45908712,1.28071776,0.57209860
25.4100,0.53760581,2.68465212,0.48326890,0.45912580,1.28089606,0.57205268
25.4200,0.53756885,2.68481279,0.48334704,0.45916443,1.28107422,0.57200680
25.4300,0.53753193,2.68497330,0.48342513,0.45920303,1.28125224,0.57196096
25.4400,0.53749506,2.68513366,0.48350317,0.45924159,1.28143012,0.57191516
25.4500,0.53745822,2.68529386,0.48358117,0.45928011,1.28160786,0.57186941
25.4600,0.53742143,2.68545390,0.48365911,0.45931859,1.28178547,0.57182369
25.4700,0.53738467,2.68561379,0.48373701,0.45935703,1.28196293,0.57177802
25.4800,0.53734796,2.68577352,0.48381486,0.45939543,1.28214025,0.57173240
25.4900,0.53731128,2.68593310,0.48389266,0.45943379,1.28231744,0.57168681
25.5000,0.53727465,2.68609252,0.48397041,0.45947211,1.28249449,0.57164127
25.5100,0.53723805,2.68625178,0.48404811,0.45951040,1.28267140,0.57159576
25.5200,0.53720150,2.68641088,0.48412576,0.45954864,1.28284817,0.57155030
25.5300,0.53716499,2.68656984,0.48420337,0.45958685,1.28302480,0.57150489
25.5400,0.53712851,2.68672863,0.48428092,0.45962502,1.28320129,0.57145951
25.5500,0.53709208,2.68688727,0.48435843,0.45966315,1.28337764,0.57141418
25.5600,0.53705569,2.68704576,0.48443589,0.45970124,1.28355386,0.57136888
25.5700,0.53701933,2.68720409,0.48451330,0.45973929,1.28372994,0.57132363
25.5800,0.53698302,2.68736226,0.48459066,0.45977731,1.28390588,0.57127842
25.5900,0.53694675,2.68752028,0.48466798,0.45981528,1.28408168,0.57123325
25.6000,0.53691051,2.68767815,0.48474524,0.45985322,1.28425735,0.57118813
25.6100,0.53687432,2.68783586,0.48482246,0.45989112,1.28443287,0.57114304
25.6200,0.53683817,2.68799342,0.48489963,0.45992898,1.28460826,0.57109800
25.6300,0.53680205,2.68815082,0.48497675,0.45996680,1.28478352,0.57105300
25.6400,0.53676598,2.68830808,0.48505382,0.46000458,1.28495863,0.57100804
25.6500,0.53672994,2.68846517,0.48513084,0.46004233,1.28513361,0.57096312
25.6600,0.53669395,2.68862212,0.48520782,0.46008003,1.28530845,0.57091824
25.6700,0.53665799,2.68877891,0.48528475,0.46011770,1.28548315,0.57087340
25.6800,0.53662207,2.68893554,0.48536163,0.46015533,1.28565772,0.57082861
25.6900,0.53658619,2.68909203,0.48543846,0.46019293,1.28583215,0.57078385
25.7000,0.53655035,2.68924836,0.48551524,0.46023048,1.28600644,0.57073914
25.7100,0.53651456,2.68940454,0.48559197,0.46026800,1.28618059,0.57069447
25.7200,0.53647880,2.68956057,0.48566866,0.46030547,1.28635461,0.57064984
25.7300,0.53644307,2.68971644,0.48574530,0.46034291,1.28652850,0.57060525
25.7400,0.53640739,2.68987216,0.48582189,0.46038032,1.28670224,0.57056070
25.7500,0.53637175,2.69002774,0.48589843,0.46041768,1.28687585,0.57051619
25.7600,0.53633614,2.69018315,0.48597493,0.46045501,1.28704933,0.57047173
25.7700,0.53630058,2.69033842,0.48605137,0.46049229,1.28722266,0.57042730
25.7800,0.53626505,2.69049354,0.48612777,0.46052954,1.28739586,0.57038291
25.7900,0.53622957,2.69064850,0.48620412,0.46056676,1.28756893,0.57033857
25.8000,0.53619412,2.69080332,0.48628043,0.46060393,1.28774186,0.57029427
25.8100,0.53615871,2.69095798,0.48635668,0.46064107,1.28791465,0.57025000
25.8200,0.53612334,2.69111249,0.48643289,0.46067817,1.28808731,0.57020578
25.8300,0.53608800,2.69126686,0.48650905,0.46071523,1.28825984,0.57016160
25.8400,0.53605271,2.69142107,0.48658516,0.46075226,1.28843222,0.57011746
25.8500,0.53601745,2.69157513,0.48666122,0.46078924,1.28860448,0.57007336
25.8600,0.53598224,2.69172904,0.48673724,0.46082619,1.28877659,0.57002930
25.8700,0.53594706,2.69188280,0.48681321,0.46086311,1.28894858,0.56998528
25.8800,0.53591192,2.69203641,0.48688913,0.46089998,1.28912042,0.56994130
25.8900,0.53587681,2.69218988,0.48696500,0.46093682,1.28929214,0.56989736
25.9000,0.53584175,2.69234319,0.48704082,0.46097362,1.28946371,0.56985347
25.9100,0.53580672,2.69249635,0.48711660,0.46101038,1.28963515,0.56980961
25.9200,0.53577174,2.69264937,0.48719233,0.46104710,1.28980646,0.56976579
25.9300,0.53573679,2.69280223,0.48726801,0.46108379,1.28997764,0.56972201
25.9400,0.53570187,2.69295495,0.48734365,0.46112044,1.29014868,0.56967828
25.9500,0.53566700,2.69310752,0.48741924,0.46115706,1.29031958,0.56963458
25.9600,0.53563217,2.69325994,0.48749477,0.46119363,1.29049035,0.56959092
25.9700,0.53559737,2.69341221,0.48757027,0.46123017,1.29066099,0.56954731
25.9800,0.53556261,2.69356433,0.48764571,0.46126668,1.29083149,0.56950373
25.9900,0.53552789,2.69371631,0.48772111,0.46130314,1.29100186,0.56946019
26.0000,0.53549320,2.69386814,0.48779646,0.46133957,1.29117209,0.56941670
26.0100,0.53545855,2.69401982,0.48787176,0.46137596,1.29134219,0.56937324
26.0200,0.53542395,2.69417135,0.48794702,0.46141232,1.29151216,0.56932982
26.0300,0.53538937,2.69432274,0.48802222,0.46144863,1.29168199,0.56928645
26.0400,0.53535484,2.69447398,0.48809739,0.46148492,1.29185169,0.56924311
26.0500,0.53532034,2.69462507,0.48817250,0.46152116,1.29202126,0.56919981
26.0600,0.53528589,2.69477601,0.48824756,0.46155737,1.29219069,0.56915655
26.0700,0.53525146,2.69492681,0.48832258,0.46159354,1.29235999,0.56911333
26.0800,0.53521708,2.69507747,0.48839755,0.46162967,1.29252916,0.56907016
26.0900,0.53518273,2.69522797,0.48847248,0.46166577,1.29269819,0.56902702
26.1000,0.53514842,2.69537833,0.48854736,0.46170183,1.29286709,0.56898392
26.1100,0.53511415,2.69552854,0.48862219,0.46173785,1.29303586,0.56894086
26.1200,0.53507992,2.69567861,0.48869697,0.46177384,1.29320450,0.56889784
26.1300,0.53504572,2.69582854,0.48877171,0.46180979,1.29337300,0.56885486
26.1400,0.53501156,2.69597831,0.48884639,0.46184571,1.29354137,0.56881192
26.1500,0.53497743,2.69612794,0.48892104,0.46188159,1.29370961,0.56876901
26.1600,0.53494335,2.69627743,0.48899563,0.46191743,1.29387772,0.56872615
26.1700,0.53490930,2.69642677,0.48907018,0.46195323,1.29404569,0.56868333
26.1800,0.53487528,2.69657597,0.48914468,0.46198900,1.29421353,0.56864055
26.1900,0.53484131,2.69672502,0.48921913,0.46202474,1.29438124,0.56859780
26.2000,0.53480737,2.69687393,0.48929354,0.46206043,1.29454882,0.56855509
26.2100,0.53477346,2.69702269,0.48936790,0.46209609,1.29471626,0.56851243
26.2200,0.53473960,2.69717131,0.48944221,0.46213172,1.29488358,0.56846980
26.2300,0.53470577,2.69731979,0.48951648,0.46216731,1.29505076,0.56842721
26.2400,0.53467198,2.69746812,0.48959070,0.46220286,1.29521781,0.56838466
26.2500,0.53463822,2.69761630,0.48966487,0.46223838,1.29538473,0.56834215
26.2600,0.53460450,2.69776435,0.48973900,0.46227386,1.29555152,0.56829968
26.2700,0.53457082,2.69791225,0.48981308,0.46230930,1.29571817,0.56825725
26.2800,0.53453717,2.69806001,0.48988711,0.46234471,1.29588470,0.56821486
26.2900,0.53450356,2.69820762,0.48996110,0.46238008,1.29605109,0.56817250
26.3000,0.53446998,2.69835509,0.49003504,0.46241542,1.29621736,0.56813019
26.3100,0.53443644,2.69850242,0.49010893,0.46245072,1.29638349,0.56808791
26.3200,0.53440294,2.69864960,0.49018278,0.46248598,1.29654949,0.56804567
26.3300,0.53436948,2.69879665,0.49025657,0.46252121,1.29671536,0.56800347
26.3400,0.53433605,2.69894355,0.49033033,0.46255640,1.29688110,0.56796131
26.3500,0.53430265,2.69909031,0.49040403,0.46259156,1.29704671,0.56791919
26.3600,0.53426930,2.69923692,0.49047769,0.46262668,1.29721219,0.56787710
26.3700,0.53423597,2.69938340,0.49055131,0.46266177,1.29737754,0.56783506
26.3800,0.53420269,2.69952973,0.49062487,0.46269682,1.29754276,0.56779305
26.3900,0.53416944,2.69967592,0.49069839,0.46273184,1.29770785,0.56775108
26.4000,0.53413622,2.69982197,0.49077187,0.46276682,1.29787281,0.56770915
26.4100,0.53410305,2.69996788,0.49084530,0.46280176,1.29803764,0.56766726
26.4200,0.53406990,2.70011365,0.49091868,0.46283667,1.29820234,0.56762541
26.4300,0.53403680,2.70025928,0.49099201,0.46287154,1.29836691,0.56758360
26.4400,0.53400373,2.70040476,0.49106530,0.46290638,1.29853135,0.56754182
26.4500,0.53397069,2.70055011,0.49113854,0.46294118,1.29869566,0.56750008
26.4600,0.53393769,2.70069532,0.49121174,0.46297595,1.29885984,0.56745838
26.4700,0.53390473,2.70084038,0.49128489,0.46301068,1.29902389,0.56741672
26.4800,0.53387180,2.70098531,0.49135799,0.46304538,1.29918781,0.56737510
26.4900,0.53383890,2.70113009,0.49143105,0.46308004,1.29935161,0.56733351
26.5000,0.53380604,2.70127474,0.49150406,0.46311467,1.29951527,0.56729196
26.5100,0.53377322,2.70141924,0.49157703,0.46314926,1.29967880,0.56725045
26.5200,0.53374043,2.70156361,0.49164994,0.46318382,1.29984221,0.56720898
26.5300,0.53370768,2.70170783,0.49172282,0.46321834,1.30000549,0.56716755
26.5400,0.53367496,2.70185192,0.49179564,0.46325283,1.30016864,0.56712615
26.5500,0.53364228,2.70199587,0.49186842,0.46328728,1.30033166,0.56708479
26.5600,0.53360964,2.70213968,0.49194116,0.46332169,1.30049455,0.56704347
26.5700,0.53357702,2.70228335,0.49201385,0.46335608,1.30065731,0.56700219
26.5800,0.53354445,2.70242688,0.49208649,0.46339042,1.30081995,0.56696095
26.5900,0.53351190,2.70257027,0.49215909,0.46342473,1.30098245,0.56691974
26.6000,0.53347940,2.70271353,0.49223164,0.46345901,1.30114483,0.56687857
26.6100,0.53344693,2.70285665,0.49230414,0.46349325,1.30130708,0.56683744
26.6200,0.53341449,2.70299962,0.49237660,0.46352746,1.30146920,0.56679635
26.6300,0.53338209,2.70314247,0.49244902,0.46356163,1.30163120,0.56675529
26.6400,0.53334972,2.70328517,0.49252138,0.46359577,1.30179306,0.56671427
26.6500,0.53331738,2.70342773,0.49259370,0.46362988,1.30195480,0.56667329
26.6600,0.53328509,2.70357016,0.49266598,0.46366394,1.30211641,0.56663235
26.6700,0.53325282,2.70371245,0.49273821,0.46369798,1.30227790,0.56659144
26.6800,0.53322059,2.70385461,0.49281039,0.46373198,1.30243925,0.56655057
26.6900,0.53318840,2.70399662,0.49288253,0.46376594,1.30260048,0.56650974
26.7000,0.53315624,2.70413850,0.49295463,0.46379988,1.30276158,0.56646895
26.7100,0.53312411,2.70428025,0.49302667,0.46383377,1.30292256,0.56642819
26.7200,0.53309202,2.70442186,0.49309867,0.46386763,1.30308341,0.56638747
26.7300,0.53305996,2.70456333,0.49317063,0.46390146,1.30324413,0.56634679
26.7400,0.53302794,2.70470466,0.49324254,0.46393526,1.30340472,0.56630614
26.7500,0.53299595,2.70484586,0.49331441,0.46396902,1.30356519,0.56626554
26.7600,0.53296400,2.70498692,0.49338622,0.46400274,1.30372553,0.56622497
26.7700,0.53293208,2.70512785,0.49345800,0.46403643,1.30388574,0.56618443
26.7800,0.53290019,2.70526864,0.49352973,0.46407009,1.30404583,0.56614394
26.7900,0.53286834,2.70540929,0.49360141,0.46410371,1.30420579,0.56610348
26.8000,0.53283652,2.70554982,0.49367305,0.46413730,1.30436563,0.56606305
26.8100,0.53280474,2.70569020,0.49374464,0.46417085,1.30452534,0.56602267
26.8200,0.53277299,2.70583045,0.49381619,0.46420437,1.30468492,0.56598232
26.8300,0.53274127,2.70597057,0.49388769,0.46423786,1.30484437,0.56594201
26.8400,0.53270959,2.70611055,0.49395914,0.46427131,1.30500370,0.56590173
26.8500,0.53267794,2.70625039,0.49403055,0.46430473,1.30516291,0.56586149
26.8600,0.53264633,2.70639010,0.49410192,0.46433811,1.30532199,0.56582129
26.8700,0.53261475,2.70652968,0.49417324,0.46437147,1.30548094,0.56578113
26.8800,0.53258320,2.70666912,0.49424451,0.46440478,1.30563977,0.56574100
26.8900,0.53255168,2.70680843,0.49431574,0.46443807,1.30579847,0.56570091
26.9000,0.53252020,2.70694761,0.49438693,0.46447131,1.30595705,0.56566085
26.9100,0.53248876,2.70708665,0.49445807,0.46450453,1.30611550,0.56562083
26.9200,0.53245735,2.70722556,0.49452916,0.46453771,1.30627383,0.56558085
26.9300,0.53242597,2.70736433,0.49460021,0.46457086,1.30643203,0.56554091
26.9400,0.53239462,2.70750297,0.49467121,0.46460397,1.30659010,0.56550100
26.9500,0.53236331,2.70764148,0.49474217,0.46463706,1.30674806,0.56546113
26.9600,0.53233203,2.70777985,0.49481308,0.46467010,1.30690588,0.56542129
26.9700,0.53230078,2.70791810,0.49488395,0.46470312,1.30706358,0.56538149
26.9800,0.53226957,2.70805621,0.49495478,0.46473610,1.30722116,0.56534173
26.9900,0.53223839,2.70819418,0.49502555,0.46476904,1.30737861,0.56530200
27.0000,0.53220724,2.70833203,0.49509629,0.46480196,1.30753594,0.56526231
27.0100,0.53217613,2.70846974,0.49516698,0.46483484,1.30769315,0.56522265
27.0200,0.53214505,2.70860732,0.49523762,0.46486768,1.30785023,0.56518304
27.0300,0.53211400,2.70874477,0.49530822,0.46490050,1.30800718,0.56514345
27.0400,0.53208299,2.70888208,0.49537877,0.46493328,1.30816401,0.56510391
27.0500,0.53205201,2.70901927,0.49544928,0.46496603,1.30832072,0.56506440
27.0600,0.53202106,2.70915632,0.49551975,0.46499874,1.30847730,0.56502492
27.0700,0.53199014,2.70929324,0.49559017,0.46503142,1.30863376,0.56498549
27.0800,0.53195926,2.70943003,0.49566054,0.46506407,1.30879010,0.56494608
27.0900,0.53192841,2.70956669,0.49573087,0.46509668,1.30894631,0.56490672
27.1000,0.53189760,2.70970322,0.49580116,0.46512926,1.30910240,0.56486739
27.1100,0.53186681,2.70983962,0.49587140,0.46516181,1.30925836,0.56482809
27.1200,0.53183606,2.70997589,0.49594159,0.46519433,1.30941421,0.56478884
27.1300,0.53180534,2.71011202,0.49601174,0.46522681,1.30956992,0.56474961
27.1400,0.53177465,2.71024803,0.49608185,0.46525926,1.30972552,0.56471043
27.1500,0.53174400,2.71038390,0.49615191,0.46529167,1.30988099,0.56467128
27.1600,0.53171338,2.71051965,0.49622193,0.46532406,1.31003634,0.56463216
27.1700,0.53168279,2.71065526,0.49629190,0.46535641,1.31019157,0.56459308
27.1800,0.53165223,2.71079075,0.49636183,0.46538872,1.31034667,0.56455404
27.1900,0.53162171,2.71092610,0.49643172,0.46542101,1.31050165,0.56451503
27.2000,0.53159122,2.71106133,0.49650156,0.46545326,1.31065651,0.56447606
27.2100,0.53156076,2.71119643,0.49657135,0.46548548,1.31081125,0.56443712
27.2200,0.53153033,2.71133140,0.49664110,0.46551767,1.31096586,0.56439822
27.2300,0.53149994,2.71146623,0.49671081,0.46554982,1.31112035,0.56435935
27.2400,0.53146958,2.71160094,0.49678047,0.46558194,1.31127472,0.56432052
27.2500,0.53143925,2.71173552,0.49685009,0.46561403,1.31142896,0.56428173
27.2600,0.53140895,2.71186998,0.49691966,0.46564609,1.31158309,0.56424297
27.2700,0.53137868,2.71200430,0.49698919,0.46567811,1.31173709,0.56420424
27.2800,0.53134845,2.71213849,0.49705867,0.46571010,1.31189097,0.56416555
27.2900,0.53131824,2.71227256,0.49712811,0.46574206,1.31204473,0.56412690
27.3000,0.53128807,2.71240650,0.49719751,0.46577399,1.31219836,0.56408828
27.3100,0.53125794,2.71254031,0.49726686,0.46580588,1.31235188,0.56404970
27.3200,0.53122783,2.71267399,0.49733617,0.46583774,1.31250527,0.56401115
27.3300,0.53119775,2.71280754,0.49740543,0.46586957,1.31265854,0.56397263
27.3400,0.53116771,2.71294097,0.49747465,0.46590137,1.31281169,0.56393416
27.3500,0.53113770,2.71307427,0.49754383,0.46593314,1.31296472,0.56389571
27.3600,0.53110772,2.71320744,0.49761296,0.46596487,1.31311763,0.56385730
27.3700,0.53107777,2.71334049,0.49768205,0.46599657,1.31327042,0.56381893
27.3800,0.53104786,2.71347341,0.49775109,0.46602824,1.31342308,0.56378059
27.3900,0.53101797,2.71360620,0.49782009,0.46605987,1.31357563,0.56374229
27.4000,0.53098812,2.71373886,0.49788904,0.46609148,1.31372805,0.56370402
27.4100,0.53095830,2.71387140,0.49795795,0.46612305,1.31388036,0.56366579
27.4200,0.53092851,2.71400381,0.49802682,0.46615459,1.31403254,0.56362759
27.4300,0.53089875,2.71413609,0.49809564,0.46618610,1.31418460,0.56358943
27.4400,0.53086902,2.71426825,0.49816442,0.46621757,1.31433654,0.56355130
27.4500,0.53083932,2.71440028,0.49823316,0.46624902,1.31448836,0.56351320
27.4600,0.53080966,2.71453219,0.49830185,0.46628043,1.31464006,0.56347514
27.4700,0.53078003,2.71466397,0.49837050,0.46631181,1.31479164,0.56343712
27.4800,0.53075042,2.71479563,0.49843910,0.46634316,1.31494310,0.56339913
27.4900,0.53072085,2.71492716,0.49850766,0.46637447,1.31509444,0.56336117
27.5000,0.53069131,2.71505856,0.49857618,0.46640576,1.31524566,0.56332325
27.5100,0.53066180,2.71518984,0.49864465,0.46643701,1.31539676,0.56328537
27.5200,0.53063233,2.71532099,0.49871308,0.46646823,1.31554774,0.56324751
27.5300,0.53060288,2.71545202,0.49878147,0.46649942,1.31569860,0.56320970
27.5400,0.53057346,2.71558292,0.49884981,0.46653058,1.31584934,0.56317191
27.5500,0.53054408,2.71571370,0.49891811,0.46656171,1.31599997,0.56313416
27.5600,0.53051472,2.71584436,0.49898636,0.46659280,1.31615047,0.56309645
27.5700,0.53048540,2.71597488,0.49905457,0.46662386,1.31630085,0.56305877
27.5800,0.53045611,2.71610529,0.49912274,0.46665490,1.31645111,0.56302112
27.5900,0.53042685,2.71623557,0.49919086,0.46668590,1.31660126,0.56298351
27.6000,0.53039762,2.71636573,0.49925894,0.46671686,1.31675128,0.56294594
27.6100,0.53036842,2.71649576,0.49932698,0.46674780,1.31690119,0.56290839
27.6200,0.53033925,2.71662567,0.49939497,0.46677871,1.31705098,0.56287088
27.6300,0.53031011,2.71675545,0.49946292,0.46680958,1.31720065,0.56283341
27.6400,0.53028100,2.71688512,0.49953083,0.46684043,1.31735019,0.56279597
27.6500,0.53025192,2.71701466,0.49959869,0.46687124,1.31749963,0.56275856
27.6600,0.53022288,2.71714407,0.49966651,0.46690202,1.31764894,0.56272119
27.6700,0.53019386,2.71727336,0.49973429,0.46693277,1.31779813,0.56268385
27.6800,0.53016487,2.71740253,0.49980202,0.46696349,1.31794721,0.56264655
27.6900,0.53013592,2.71753158,0.49986971,0.46699417,1.31809616,0.56260928
27.7000,0.53010699,2.71766050,0.49993735,0.46702483,1.31824500,0.56257204
27.7100,0.53007810,2.71778930,0.50000496,0.46705545,1.31839372,0.56253484
27.7200,0.53004923,2.71791798,0.50007252,0.46708605,1.31854233,0.56249767
27.7300,0.53002040,2.71804654,0.50014003,0.46711661,1.31869081,0.56246054
27.7400,0.52999160,2.71817497,0.50020751,0.46714714,1.31883918,0.56242343
27.7500,0.52996282,2.71830328,0.50027494,0.46717764,1.31898743,0.56238637
27.7600,0.52993408,2.71843147,0.50034232,0.46720811,1.31913556,0.56234933
27.7700,0.52990536,2.71855954,0.50040967,0.46723855,1.31928357,0.56231233
27.7800,0.52987668,2.71868748,0.50047697,0.46726896,1.31943147,0.56227537
27.7900,0.52984803,2.71881531,0.50054423,0.46729934,1.31957925,0.56223843
27.8000,0.52981940,2.71894301,0.50061144,0.46732968,1.31972691,0.56220154
27.8100,0.52979081,2.71907059,0.50067861,0.46736000,1.31987445,0.56216467
27.8200,0.52976225,2.71919805,0.50074574,0.46739028,1.32002188,0.56212784
27.8300,0.52973371,2.71932539,0.50081283,0.46742054,1.32016919,0.56209104
27.8400,0.52970521,2.71945261,0.50087987,0.46745076,1.32031638,0.56205427
27.8500,0.52967674,2.71957971,0.50094687,0.46748095,1.32046346,0.56201754
27.8600,0.52964829,2.71970669,0.50101383,0.46751111,1.32061042,0.56198085
27.8700,0.52961988,2.71983354,0.50108074,0.46754124,1.32075726,0.56194418
27.8800,0.52959149,2.71996028,0.50114761,0.46757135,1.32090399,0.56190755
27.8900,0.52956314,2.72008690,0.50121444,0.46760142,1.32105059,0.56187095
27.9000,0.52953481,2.72021339,0.50128123,0.46763145,1.32119709,0.56183439
27.9100,0.52950651,2.72033977,0.50134797,0.46766146,1.32134346,0.56179786
27.9200,0.52947825,2.72046602,0.50141467,0.46769144,1.32148972,0.56176136
27.9300,0.52945001,2.72059216,0.50148133,0.46772139,1.32163587,0.56172489
27.9400,0.52942180,2.72071818,0.50154794,0.46775131,1.32178189,0.56168846
27.9500,0.52939363,2.72084407,0.50161451,0.46778120,1.32192781,0.56165206
27.9600,0.52936548,2.72096985,0.50168104,0.46781105,1.32207360,0.56161570
27.9700,0.52933736,2.72109551,0.50174753,0.46784088,1.32221928,0.56157936
27.9800,0.52930927,2.72122105,0.50181397,0.46787068,1.32236484,0.56154306
27.9900,0.52928121,2.72134647,0.50188037,0.46790044,1.32251029,0.56150680
28.0000,0.52925318,2.72147177,0.50194673,0.46793018,1.32265563,0.56147056
28.0100,0.52922517,2.72159695,0.50201305,0.46795989,1.32280084,0.56143436
28.0200,0.52919720,2.72172202,0.50207932,0.46798956,1.32294594,0.56139819
28.0300,0.52916926,2.72184696,0.50214555,0.46801921,1.32309093,0.56136206
28.0400,0.52914134,2.72197179,0.50221174,0.46804882,1.32323580,0.56132596
28.0500,0.52911346,2.72209650,0.50227789,0.46807841,1.32338056,0.56128989
28.0600,0.52908560,2.72222109,0.50234399,0.46810796,1.32352520,0.56125385
28.0700,0.52905777,2.72234556,0.50241005,0.46813749,1.32366972,0.56121785
28.0800,0.52902997,2.72246992,0.50247607,0.46816698,1.32381413,0.56118188
28.0900,0.52900220,2.72259416,0.50254205,0.46819645,1.32395843,0.56114594
28.1000,0.52897446,2.72271828,0.50260798,0.46822589,1.32410261,0.56111003
28.1100,0.52894675,2.72284228,0.50267387,0.46825529,1.32424667,0.56107416
28.1200,0.52891907,2.72296616,0.50273972,0.46828467,1.32439062,0.56103832
28.1300,0.52889141,2.72308993,0.50280553,0.46831401,1.32453446,0.56100251
28.1400,0.52886379,2.72321358,0.50287130,0.46834333,1.32467818,0.56096674
28.1500,0.52883619,2.72333712,0.50293702,0.46837262,1.32482179,0.56093099
28.1600,0.52880862,2.72346053,0.50300270,0.46840187,1.32496529,0.56089528
28.1700,0.52878108,2.72358383,0.50306834,0.46843110,1.32510866,0.56085961
28.1800,0.52875357,2.72370702,0.50313393,0.46846030,1.32525193,0.56082396
28.1900,0.52872609,2.72383008,0.50319949,0.46848947,1.32539508,0.56078835
28.2000,0.52869864,2.72395303,0.50326500,0.46851861,1.32553812,0.56075277
28.2100,0.52867121,2.72407587,0.50333047,0.46854771,1.32568104,0.56071722
28.2200,0.52864382,2.72419859,0.50339590,0.46857679,1.32582385,0.56068170
28.2300,0.52861645,2.72432119,0.50346129,0.46860584,1.32596655,0.56064622
28.2400,0.52858911,2.72444368,0.50352663,0.46863486,1.32610913,0.56061077
28.2500,0.52856180,2.72456605,0.50359193,0.46866385,1.32625160,0.56057535
28.2600,0.52853451,2.72468830,0.50365719,0.46869281,1.32639396,0.56053996
28.2700,0.52850726,2.72481044,0.50372241,0.46872175,1.32653620,0.56050461
28.2800,0.52848003,2.72493247,0.50378759,0.46875065,1.32667833,0.56046928
28.2900,0.52845283,2.72505438,0.50385272,0.46877952,1.32682034,0.56043399
28.3000,0.52842566,2.72517617,0.50391781,0.46880837,1.32696224,0.56039873
28.3100,0.52839852,2.72529785,0.50398286,0.46883718,1.32710403,0.56036351
28.3200,0.52837141,2.72541941,0.50404787,0.46886597,1.32724571,0.56032831
28.3300,0.52834432,2.72554086,0.50411284,0.46889472,1.32738728,0.56029315
28.3400,0.52831726,2.72566220,0.50417776,0.46892345,1.32752873,0.56025802
28.3500,0.52829023,2.72578342,0.50424265,0.46895215,1.32767006,0.56022292
28.3600,0.52826323,2.72590452,0.50430749,0.46898082,1.32781129,0.56018785
28.3700,0.52823626,2.72602552,0.50437229,0.46900946,1.32795240,0.56015282
28.3800,0.52820931,2.72614639,0.50443705,0.46903807,1.32809340,0.56011781
28.3900,0.52818240,2.72626716,0.50450176,0.46906665,1.32823429,0.56008284
28.4000,0.52815551,2.72638781,0.50456644,0.46909520,1.32837507,0.56004790
28.4100,0.52812864,2.72650834,0.50463107,0.46912372,1.32851573,0.56001299
28.4200,0.52810181,2.72662877,0.50469566,0.46915222,1.32865629,0.55997812
28.4300,0.52807500,2.72674907,0.50476021,0.46918068,1.32879673,0.55994327
28.4400,0.52804822,2.72686927,0.50482472,0.46920912,1.32893705,0.55990846
28.4500,0.52802147,2.72698935,0.50488919,0.46923753,1.32907727,0.55987368
28.4600,0.52799475,2.72710932,0.50495361,0.46926591,1.32921737,0.55983893
28.4700,0.52796805,2.72722918,0.50501800,0.46929426,1.32935737,0.55980421
28.4800,0.52794138,2.72734892,0.50508234,0.46932258,1.32949725,0.55976952
28.4900,0.52791474,2.72746855,0.50514664,0.46935087,1.32963702,0.55973487
28.5000,0.52788813,2.72758807,0.50521090,0.46937913,1.32977668,0.55970024
28.5100,0.52786154,2.72770747,0.50527512,0.46940737,1.32991622,0.55966565
28.5200,0.52783499,2.72782677,0.50533929,0.46943558,1.33005566,0.55963109
28.5300,0.52780845,2.72794595,0.50540343,0.46946375,1.33019498,0.55959656
28.5400,0.52778195,2.72806501,0.50546752,0.46949190,1.33033420,0.55956206
28.5500,0.52775547,2.72818397,0.50553158,0.46952002,1.33047330,0.55952759
28.5600,0.52772902,2.72830281,0.50559559,0.46954812,1.33061229,0.55949316
28.5700,0.52770260,2.72842155,0.50565956,0.46957618,1.33075117,0.55945875
28.5800,0.52767621,2.72854017,0.50572349,0.46960421,1.33088994,0.55942438
28.5900,0.52764984,2.72865868,0.50578738,0.46963222,1.33102860,0.55939004
28.6000,0.52762350,2.72877707,0.50585122,0.46966020,1.33116715,0.55935573
28.6100,0.52759719,2.72889536,0.50591503,0.46968815,1.33130558,0.55932145
28.6200,0.52757090,2.72901353,0.50597879,0.46971607,1.33144391,0.55928720
28.6300,0.52754464,2.72913160,0.50604252,0.46974396,1.33158213,0.55925298
28.6400,0.52751841,2.72924955,0.50610620,0.46977183,1.33172023,0.55921879
28.6500,0.52749221,2.72936739,0.50616984,0.46979966,1.33185823,0.55918464
28.6600,0.52746603,2.72948512,0.50623344,0.46982747,1.33199612,0.55915051
28.6700,0.52743988,2.72960274,0.50629700,0.46985525,1.33213389,0.55911642
28.6800,0.52741376,2.72972025,0.50636052,0.46988300,1.33227156,0.55908236
28.6900,0.52738766,2.72983765,0.50642400,0.46991073,1.33240912,0.55904832
28.7000,0.52736159,2.72995494,0.50648743,0.46993842,1.33254656,0.55901432
28.7100,0.52733554,2.73007212,0.50655083,0.46996609,1.33268390,0.55898035
28.7200,0.52730953,2.73018919,0.50661418,0.46999373,1.33282113,0.55894641
28.7300,0.52728354,2.73030615,0.50667750,0.47002134,1.33295825,0.55891251
28.7400,0.52725758,2.73042299,0.50674077,0.47004892,1.33309525,0.55887863
28.7500,0.52723164,2.73053973,0.50680400,0.47007648,1.33323215,0.55884478
28.7600,0.52720573,2.73065636,0.50686719,0.47010401,1.33336894,0.55881096
28.7700,0.52717985,2.73077288,0.50693034,0.47013151,1.33350562,0.55877718
28.7800,0.52715399,2.73088929,0.50699345,0.47015898,1.33364219,0.55874342
28.7900,0.52712816,2.73100560,0.50705652,0.47018642,1.33377866,0.55870970
28.8000,0.52710236,2.73112179,0.50711955,0.47021384,1.33391501,0.55867601
28.8100,0.52707658,2.73123787,0.50718253,0.47024122,1.33405125,0.55864234
28.8200,0.52705083,2.73135384,0.50724548,0.47026858,1.33418739,0.55860871
28.8300,0.52702511,2.73146971,0.50730839,0.47029592,1.33432342,0.55857511
28.8400,0.52699941,2.73158547,0.50737125,0.47032322,1.33445934,0.55854153
28.8500,0.52697374,2.73170112,0.50743408,0.47035050,1.33459514,0.55850799
28.8600,0.52694809,2.73181666,0.50749686,0.47037775,1.33473085,0.55847448
28.8700,0.52692247,2.73193209,0.50755960,0.47040497,1.33486644,0.55844100
28.8800,0.52689688,2.73204741,0.50762231,0.47043216,1.33500192,0.55840755
28.8900,0.52687131,2.73216262,0.50768497,0.47045933,1.33513730,0.55837413
28.9000,0.52684577,2.73227773,0.50774759,0.47048647,1.33527257,0.55834074
28.9100,0.52682026,2.73239273,0.50781017,0.47051358,1.33540773,0.55830738
28.9200,0.52679477,2.73250762,0.50787271,0.47054066,1.33554278,0.55827405
28.9300,0.52676931,2.73262241,0.50793522,0.47056772,1.33567772,0.55824076
28.9400,0.52674388,2.73273708,0.50799768,0.47059474,1.33581256,0.55820749
28.9500,0.52671847,2.73285165,0.50806010,0.47062175,1.33594729,0.55817425
28.9600,0.52669308,2.73296611,0.50812248,0.47064872,1.33608191,0.55814104
28.9700,0.52666773,2.73308047,0.50818481,0.47067566,1.33621642,0.55810786
28.9800,0.52664240,2.73319471,0.50824711,0.47070258,1.33635083,0.55807471
28.9900,0.52661709,2.73330885,0.50830937,0.47072947,1.33648512,0.55804159
29.0000,0.52659181,2.73342289,0.50837159,0.47075634,1.33661932,0.55800851
29.0100,0.52656656,2.73353681,0.50843377,0.47078318,1.33675340,0.55797545
29.0200,0.52654133,2.73365063,0.50849591,0.47080999,1.33688737,0.55794242
29.0300,0.52651613,2.73376435,0.50855800,0.47083677,1.33702124,0.55790942
29.0400,0.52649095,2.73387795,0.50862006,0.47086352,1.33715501,0.55787645
29.0500,0.52646580,2.73399145,0.50868208,0.47089025,1.33728866,0.55784352
29.0600,0.52644067,2.73410485,0.50874406,0.47091695,1.33742221,0.55781061
29.0700,0.52641558,2.73421814,0.50880599,0.47094363,1.33755565,0.55777773
29.0800,0.52639050,2.73433132,0.50886789,0.47097027,1.33768899,0.55774488
29.0900,0.52636545,2.73444440,0.50892975,0.47099689,1.33782221,0.55771206
29.1000,0.52634043,2.73455737,0.50899156,0.47102348,1.33795533,0.55767927
29.1100,0.52631544,2.73467023,0.50905334,0.47105005,1.33808835,0.55764651
29.1200,0.52629046,2.73478299,0.50911508,0.47107659,1.33822126,0.55761378
29.1300,0.52626552,2.73489565,0.50917677,0.47110310,1.33835406,0.55758108
29.1400,0.52624060,2.73500820,0.50923843,0.47112958,1.33848676,0.55754841
29.1500,0.52621570,2.73512064,0.50930005,0.47115604,1.33861935,0.55751577
29.1600,0.52619083,2.73523298,0.50936163,0.47118247,1.33875183,0.55748316
29.1700,0.52616599,2.73534521,0.50942316,0.47120888,1.33888421,0.55745057
29.1800,0.52614117,2.73545734,0.50948466,0.47123525,1.33901648,0.55741802
29.1900,0.52611638,2.73556936,0.50954612,0.47126161,1.33914864,0.55738550
29.2000,0.52609161,2.73568128,0.50960753,0.47128793,1.33928070,0.55735301
29.2100,0.52606687,2.73579310,0.50966891,0.47131423,1.33941266,0.55732054
29.2200,0.52604215,2.73590481,0.50973025,0.47134050,1.33954451,0.55728811
29.2300,0.52601746,2.73601642,0.50979155,0.47136674,1.33967625,0.55725570
29.2400,0.52599279,2.73612792,0.50985281,0.47139296,1.33980789,0.55722333
29.2500,0.52596815,2.73623932,0.50991403,0.47141915,1.33993942,0.55719098
29.2600,0.52594353,2.73635061,0.50997521,0.47144531,1.34007085,0.55715866
29.2700,0.52591894,2.73646180,0.51003635,0.47147145,1.34020217,0.55712637
29.2800,0.52589437,2.73657289,0.51009745,0.47149756,1.34033339,0.55709412
29.2900,0.52586983,2.73668387,0.51015851,0.47152364,1.34046450,0.55706189
29.3000,0.52584531,2.73679475,0.51021953,0.47154970,1.34059551,0.55702969
29.3100,0.52582082,2.73690552,0.51028051,0.47157573,1.34072641,0.55699751
29.3200,0.52579635,2.73701620,0.51034145,0.47160174,1.34085720,0.55696537
29.3300,0.52577191,2.73712677,0.51040235,0.47162771,1.34098790,0.55693326
29.3400,0.52574749,2.73723723,0.51046321,0.47165367,1.34111848,0.55690118
29.3500,0.52572310,2.73734760,0.51052404,0.47167959,1.34124897,0.55686912
29.3600,0.52569873,2.73745786,0.51058482,0.47170549,1.34137934,0.55683709
29.3700,0.52567439,2.73756801,0.51064557,0.47173136,1.34150962,0.55680510
29.3800,0.52565007,2.73767807,0.51070627,0.47175721,1.34163979,0.55677313
29.3900,0.52562578,2.73778802,0.51076694,0.47178303,1.34176985,0.55674119
29.4000,0.52560151,2.73789787,0.51082756,0.47180883,1.34189981,0.55670928
29.4100,0.52557726,2.73800762,0.51088815,0.47183459,1.34202967,0.55667740
29.4200,0.52555304,2.73811726,0.51094870,0.47186033,1.34215942,0.55664555
29.4300,0.52552885,2.73822680,0.51100920,0.47188605,1.34228907,0.55661372
29.4400,0.52550468,2.73833625,0.51106967,0.47191174,1.34241862,0.55658193
29.4500,0.52548053,2.73844558,0.51113010,0.47193740,1.34254806,0.55655016
29.4600,0.52545641,2.73855482,0.51119049,0.47196304,1.34267740,0.55651843
29.4700,0.52543231,2.73866396,0.51125084,0.47198865,1.34280663,0.55648672
29.4800,0.52540824,2.73877299,0.51131116,0.47201424,1.34293576,0.55645504
29.4900,0.52538419,2.73888192,0.51137143,0.47203980,1.34306479,0.55642339
29.5000,0.52536017,2.73899076,0.51143166,0.47206533,1.34319371,0.55639177
29.5100,0.52533617,2.73909948,0.51149186,0.47209084,1.34332253,0.55636017
29.5200,0.52531219,2.73920811,0.51155201,0.47211632,1.34345125,0.55632861
29.5300,0.52528824,2.73931664,0.51161213,0.47214177,1.34357986,0.55629707
29.5400,0.52526431,2.73942507,0.51167221,0.47216720,1.34370837,0.55626556
29.5500,0.52524041,2.73953339,0.51173224,0.47219261,1.34383678,0.55623408
29.5600,0.52521653,2.73964162,0.51179224,0.47221799,1.34396508,0.55620263
29.5700,0.52519268,2.73974974,0.51185220,0.47224334,1.34409329,0.55617121
29.5800,0.52516885,2.73985777,0.51191212,0.47226867,1.34422138,0.55613982
29.5900,0.52514504,2.73996569,0.51197201,0.47229397,1.34434938,0.55610845
29.6000,0.52512126,2.74007351,0.51203185,0.47231924,1.34447727,0.55607712
29.6100,0.52509751,2.74018123,0.51209165,0.47234449,1.34460506,0.55604581
29.6200,0.52507377,2.74028886,0.51215142,0.47236971,1.34473275,0.55601453
29.6300,0.52505006,2.74039638,0.51221115,0.47239491,1.34486034,0.55598327
29.6400,0.52502638,2.74050380,0.51227084,0.47242009,1.34498782,0.55595205
29.6500,0.52500272,2.74061113,0.51233048,0.47244523,1.34511520,0.55592086
29.6600,0.52497908,2.74071835,0.51239009,0.47247035,1.34524248,0.55588969
29.6700,0.52495546,2.74082547,0.51244967,0.47249545,1.34536966,0.55585855
29.6800,0.52493187,2.74093250,0.51250920,0.47252052,1.34549673,0.55582744
29.6900,0.52490831,2.74103942,0.51256869,0.47254557,1.34562371,0.55579636
29.7000,0.52488477,2.74114625,0.51262815,0.47257059,1.34575058,0.55576530
29.7100,0.52486125,2.74125297,0.51268757,0.47259558,1.34587735,0.55573427
29.7200,0.52483775,2.74135960,0.51274694,0.47262055,1.34600401,0.55570328
29.7300,0.52481428,2.74146613,0.51280628,0.47264549,1.34613058,0.55567231
29.7400,0.52479084,2.74157256,0.51286558,0.47267041,1.34625704,0.55564136
29.7500,0.52476741,2.74167889,0.51292485,0.47269530,1.34638341,0.55561045
29.7600,0.52474401,2.74178512,0.51298407,0.47272017,1.34650967,0.55557956
29.7700,0.52472064,2.74189125,0.51304325,0.47274501,1.34663583,0.55554870
29.7800,0.52469728,2.74199729,0.51310240,0.47276983,1.34676188,0.55551787
29.7900,0.52467395,2.74210322,0.51316151,0.47279462,1.34688784,0.55548707
29.8000,0.52465065,2.74220906,0.51322058,0.47281939,1.34701370,0.55545630
29.8100,0.52462737,2.74231480,0.51327961,0.47284413,1.34713945,0.55542555
29.8200,0.52460411,2.74242044,0.51333860,0.47286885,1.34726511,0.55539483
29.8300,0.52458087,2.74252599,0.51339756,0.47289354,1.34739066,0.55536414
29.8400,0.52455766,2.74263143,0.51345647,0.47291820,1.34751611,0.55533348
29.8500,0.52453447,2.74273678,0.51351535,0.47294284,1.34764147,0.55530284
29.8600,0.52451131,2.74284203,0.51357419,0.47296746,1.34776672,0.55527223
29.8700,0.52448817,2.74294719,0.51363299,0.47299205,1.34789187,0.55524165
29.8800,0.52446505,2.74305224,0.51369175,0.47301662,1.34801692,0.55521110
29.8900,0.52444195,2.74315720,0.51375048,0.47304116,1.34814187,0.55518058
29.9000,0.52441888,2.74326206,0.51380916,0.47306567,1.34826672,0.55515008
29.9100,0.52439583,2.74336683,0.51386781,0.47309017,1.34839146,0.55511961
29.9200,0.52437281,2.74347149,0.51392642,0.47311463,1.34851611,0.55508917
29.9300,0.52434980,2.74357606,0.51398499,0.47313907,1.34864066,0.55505875
29.9400,0.52432682,2.74368054,0.51404353,0.47316349,1.34876511,0.55502836
29.9500,0.52430387,2.74378491,0.51410202,0.47318788,1.34888946,0.55499801
29.9600,0.52428094,2.74388919,0.51416048,0.47321225,1.34901371,0.55496767
29.9700,0.52425803,2.74399338,0.51421890,0.47323659,1.34913786,0.55493737
29.9800,0.52423514,2.74409746,0.51427728,0.47326091,1.34926190,0.55490709
29.9900,0.52421228,2.74420145,0.51433562,0.47328520,1.34938585,0.55487684
30.0000,0.52418943,2.74430535,0.51439392,0.47330947,1.34950970,0.55484662
30.0100,0.52416662,2.74440914,0.51445219,0.47333371,1.34963345,0.55481642
30.0200,0.52414382,2.74451285,0.51451042,0.47335793,1.34975710,0.55478626
30.0300,0.52412105,2.74461645,0.51456861,0.47338213,1.34988065,0.55475611
30.0400,0.52409830,2.74471996,0.51462676,0.47340630,1.35000411,0.55472600
30.0500,0.52407557,2.74482338,0.51468488,0.47343044,1.35012746,0.55469592
30.0600,0.52405287,2.74492670,0.51474295,0.47345456,1.35025071,0.55466586
30.0700,0.52403019,2.74502992,0.51480099,0.47347866,1.35037387,0.55463582
30.0800,0.52400753,2.74513305,0.51485899,0.47350273,1.35049692,0.55460582
30.0900,0.52398490,2.74523608,0.51491696,0.47352678,1.35061988,0.55457584
30.1000,0.52396229,2.74533902,0.51497488,0.47355080,1.35074274,0.55454589
30.1100,0.52393970,2.74544186,0.51503277,0.47357480,1.35086549,0.55451597
30.1200,0.52391713,2.74554461,0.51509062,0.47359877,1.35098815,0.55448607
30.1300,0.52389458,2.74564726,0.51514843,0.47362272,1.35111072,0.55445620
30.1400,0.52387206,2.74574982,0.51520621,0.47364665,1.35123318,0.55442636
30.1500,0.52384956,2.74585228,0.51526394,0.47367055,1.35135554,0.55439655
30.1600,0.52382709,2.74595465,0.51532164,0.47369442,1.35147781,0.55436676
30.1700,0.52380463,2.74605692,0.51537930,0.47371828,1.35159998,0.55433700
30.1800,0.52378220,2.74615910,0.51543693,0.47374210,1.35172205,0.55430726
30.1900,0.52375979,2.74626119,0.51549451,0.47376591,1.35184402,0.55427756
30.2000,0.52373740,2.74636318,0.51555206,0.47378969,1.35196589,0.55424787
30.2100,0.52371504,2.74646507,0.51560957,0.47381344,1.35208766,0.55421822
30.2200,0.52369270,2.74656688,0.51566705,0.47383718,1.35220934,0.55418859
30.2300,0.52367038,2.74666858,0.51572448,0.47386088,1.35233092,0.55415899
30.2400,0.52364808,2.74677020,0.51578188,0.47388457,1.35245240,0.55412942
30.2500,0.52362581,2.74687172,0.51583924,0.47390823,1.35257378,0.55409987
30.2600,0.52360355,2.74697315,0.51589656,0.47393186,1.35269507,0.55407035
30.2700,0.52358132,2.74707448,0.51595385,0.47395547,1.35281626,0.55404086
30.2800,0.52355911,2.74717572,0.51601110,0.47397906,1.35293735,0.55401139
30.2900,0.52353693,2.74727687,0.51606831,0.47400262,1.35305834,0.55398195
30.3000,0.52351477,2.74737792,0.51612548,0.47402616,1.35317924,0.55395254
30.3100,0.52349262,2.74747888,0.51618262,0.47404968,1.35330003,0.55392315
30.3200,0.52347050,2.74757975,0.51623972,0.47407317,1.35342074,0.55389379
30.3300,0.52344841,2.74768052,0.51629678,0.47409664,1.35354134,0.55386446
30.3400,0.52342633,2.74778120,0.51635380,0.47412008,1.35366185,0.55383515
30.3500,0.52340428,2.74788179,0.51641079,0.47414350,1.35378226,0.55380587
30.3600,0.52338225,2.74798228,0.51646774,0.47416690,1.35390257,0.55377662
30.3700,0.52336024,2.74808269,0.51652465,0.47419027,1.35402278,0.55374739
30.3800,0.52333825,2.74818300,0.51658153,0.47421362,1.35414290,0.55371819
30.3900,0.52331629,2.74828322,0.51663836,0.47423694,1.35426293,0.55368902
30.4000,0.52329434,2.74838334,0.51669516,0.47426024,1.35438285,0.55365987
30.4100,0.52327242,2.74848337,0.51675193,0.47428352,1.35450268,0.55363075
30.4200,0.52325052,2.74858332,0.51680865,0.47430677,1.35462241,0.55360165
30.4300,0.52322864,2.74868317,0.51686534,0.47433000,1.35474205,0.55357258
30.4400,0.52320679,2.74878292,0.51692200,0.47435321,1.35486159,0.55354354
30.4500,0.52318495,2.74888259,0.51697861,0.47437639,1.35498103,0.55351452
30.4600,0.52316314,2.74898216,0.51703519,0.47439955,1.35510038,0.55348553
30.4700,0.52314135,2.74908164,0.51709173,0.47442269,1.35521963,0.55345656
30.4800,0.52311958,2.74918103,0.51714824,0.47444580,1.35533879,0.55342763
30.4900,0.52309784,2.74928033,0.51720470,0.47446889,1.35545785,0.55339871
30.5000,0.52307611,2.74937954,0.51726113,0.47449195,1.35557681,0.55336983
30.5100,0.52305441,2.74947866,0.51731753,0.47451500,1.35569568,0.55334097
30.5200,0.52303272,2.74957768,0.51737388,0.47453802,1.35581445,0.55331213
30.5300,0.52301106,2.74967662,0.51743020,0.47456101,1.35593312,0.55328333
30.5400,0.52298943,2.74977546,0.51748648,0.47458398,1.35605170,0.55325454
30.5500,0.52296781,2.74987421,0.51754273,0.47460693,1.35617019,0.55322579
30.5600,0.52294621,2.74997287,0.51759894,0.47462986,1.35628858,0.55319706
30.5700,0.52292464,2.75007144,0.51765511,0.47465276,1.35640687,0.55316836
30.5800,0.52290308,2.75016992,0.51771125,0.47467564,1.35652507,0.55313968
30.5900,0.52288155,2.75026831,0.51776735,0.47469849,1.35664317,0.55311103
30.6000,0.52286004,2.75036661,0.51782341,0.47472132,1.35676118,0.55308240
30.6100,0.52283855,2.75046482,0.51787943,0.47474413,1.35687909,0.55305380
30.6200,0.52281709,2.75056294,0.51793542,0.47476692,1.35699691,0.55302523
30.6300,0.52279564,2.75066097,0.51799137,0.47478968,1.35711463,0.55299668
30.6400,0.52277422,2.75075891,0.51804729,0.47481242,1.35723226,0.55296815
30.6500,0.52275281,2.75085675,0.51810317,0.47483514,1.35734979,0.55293966
30.6600,0.52273143,2.75095451,0.51815901,0.47485783,1.35746723,0.55291119
30.6700,0.52271007,2.75105218,0.51821481,0.47488050,1.35758457,0.55288274
30.6800,0.52268873,2.75114976,0.51827058,0.47490315,1.35770182,0.55285432
30.6900,0.52266741,2.75124725,0.51832631,0.47492577,1.35781898,0.55282593
30.7000,0.52264612,2.75134465,0.51838201,0.47494837,1.35793604,0.55279756
30.7100,0.52262484,2.75144196,0.51843767,0.47497095,1.35805300,0.55276922
30.7200,0.52260359,2.75153918,0.51849329,0.47499350,1.35816987,0.55274090
30.7300,0.52258235,2.75163631,0.51854888,0.47501604,1.35828665,0.55271261
30.7400,0.52256114,2.75173335,0.51860443,0.47503855,1.35840333,0.55268434
30.7500,0.52253995,2.75183031,0.51865994,0.47506103,1.35851992,0.55265610
30.7600,0.52251878,2.75192717,0.51871542,0.47508350,1.35863641,0.55262789
30.7700,0.52249763,2.75202395,0.51877086,0.47510594,1.35875281,0.55259970
30.7800,0.52247650,2.75212064,0.51882626,0.47512836,1.35886912,0.55257153
30.7900,0.52245539,2.75221723,0.51888163,0.47515075,1.35898533,0.55254339
30.8000,0.52243431,2.75231374,0.51893696,0.47517312,1.35910145,0.55251528
30.8100,0.52241324,2.75241016,0.51899225,0.47519547,1.35921747,0.55248719
30.8200,0.52239219,2.75250650,0.51904751,0.47521780,1.35933341,0.55245913
30.8300,0.52237117,2.75260274,0.51910274,0.47524010,1.35944924,0.55243109
30.8400,0.52235017,2.75269890,0.51915792,0.47526239,1.35956499,0.55240308
30.8500,0.52232919,2.75279497,0.51921307,0.47528464,1.35968064,0.55237510
30.8600,0.52230822,2.75289095,0.51926819,0.47530688,1.35979620,0.55234713
30.8700,0.52228728,2.75298684,0.51932326,0.47532909,1.35991166,0.55231920
30.8800,0.52226636,2.75308264,0.51937831,0.47535129,1.36002703,0.55229129
30.8900,0.52224546,2.75317836,0.51943331,0.47537345,1.36014231,0.55226340
30.9000,0.52222458,2.75327399,0.51948828,0.47539560,1.36025749,0.55223554
30.9100,0.52220373,2.75336953,0.51954321,0.47541772,1.36037258,0.55220771
30.9200,0.52218289,2.75346498,0.51959811,0.47543982,1.36048758,0.55217990
30.9300,0.52216207,2.75356035,0.51965297,0.47546190,1.36060249,0.55215211
30.9400,0.52214128,2.75365563,0.51970780,0.47548396,1.36071730,0.55212435
30.9500,0.52212050,2.75375082,0.51976259,0.47550599,1.36083202,0.55209662
30.9600,0.52209975,2.75384592,0.51981734,0.47552800,1.36094665,0.55206891
30.9700,0.52207901,2.75394094,0.51987206,0.47554999,1.36106118,0.55204123
30.9800,0.52205830,2.75403587,0.51992674,0.47557196,1.36117563,0.55201357
30.9900,0.52203760,2.75413071,0.51998138,0.47559390,1.36128998,0.55198593
31.0000,0.52201693,2.75422547,0.52003599,0.47561583,1.36140424,0.55195832
31.0100,0.52199628,2.75432014,0.52009057,0.47563773,1.36151840,0.55193074
31.0200,0.52197565,2.75441472,0.52014510,0.47565960,1.36163247,0.55190318
31.0300,0.52195504,2.75450922,0.52019960,0.47568146,1.36174645,0.55187564
31.0400,0.52193444,2.75460363,0.52025407,0.47570329,1.36186034,0.55184813
31.0500,0.52191387,2.75469795,0.52030850,0.47572510,1.36197414,0.55182065
31.0600,0.52189332,2.75479219,0.52036290,0.47574689,1.36208785,0.55179319
31.0700,0.52187279,2.75488634,0.52041725,0.47576866,1.36220146,0.55176575
31.0800,0.52185228,2.75498041,0.52047158,0.47579040,1.36231498,0.55173834
31.0900,0.52183179,2.75507439,0.52052586,0.47581212,1.36242841,0.55171096
31.1000,0.52181132,2.75516828,0.52058012,0.47583382,1.36254175,0.55168360
31.1100,0.52179087,2.75526209,0.52063433,0.47585550,1.36265499,0.55165626
31.1200,0.52177044,2.75535581,0.52068851,0.47587716,1.36276815,0.55162895
31.1300,0.52175003,2.75544945,0.52074266,0.47589879,1.36288121,0.55160166
31.1400,0.52172965,2.75554300,0.52079677,0.47592040,1.36299418,0.55157440
31.1500,0.52170928,2.75563646,0.52085084,0.47594199,1.36310706,0.55154716
31.1600,0.52168893,2.75572984,0.52090488,0.47596356,1.36321985,0.55151995
31.1700,0.52166860,2.75582314,0.52095888,0.47598511,1.36333255,0.55149276
31.1800,0.52164829,2.75591635,0.52101285,0.47600663,1.36344516,0.55146559
31.1900,0.52162800,2.75600947,0.52106678,0.47602813,1.36355767,0.55143845
31.2000,0.52160773,2.75610251,0.52112067,0.47604961,1.36367010,0.55141134
31.2100,0.52158748,2.75619547,0.52117453,0.47607107,1.36378243,0.55138425
31.2200,0.52156726,2.75628834,0.52122836,0.47609251,1.36389468,0.55135718
31.2300,0.52154705,2.75638112,0.52128215,0.47611393,1.36400683,0.55133014
31.2400,0.52152686,2.75647382,0.52133590,0.47613532,1.36411889,0.55130312
31.2500,0.52150669,2.75656643,0.52138962,0.47615669,1.36423086,0.55127613
31.2600,0.52148654,2.75665897,0.52144330,0.47617804,1.36434274,0.55124916
31.2700,0.52146641,2.75675141,0.52149695,0.47619937,1.36445453,0.55122222
31.2800,0.52144630,2.75684377,0.52155056,0.47622067,1.36456623,0.55119530
31.2900,0.52142621,2.75693605,0.52160414,0.47624196,1.36467784,0.55116840
31.3000,0.52140614,2.75702825,0.52165768,0.47626322,1.36478936,0.55114153
31.3100,0.52138609,2.75712035,0.52171119,0.47628446,1.36490079,0.55111469
31.3200,0.52136606,2.75721238,0.52176466,0.47630568,1.36501213,0.55108786
31.3300,0.52134605,2.75730432,0.52181810,0.47632688,1.36512338,0.55106107
31.3400,0.52132606,2.75739618,0.52187150,0.47634806,1.36523454,0.55103429
31.3500,0.52130609,2.75748795,0.52192487,0.47636921,1.36534560,0.55100754
31.3600,0.52128613,2.75757964,0.52197820,0.47639035,1.36545658,0.55098082
31.3700,0.52126620,2.75767125,0.52203149,0.47641146,1.36556747,0.55095411
31.3800,0.52124629,2.75776277,0.52208475,0.47643255,1.36567827,0.55092744
31.3900,0.52122640,2.75785421,0.52213798,0.47645362,1.36578898,0.55090078
31.4000,0.52120652,2.75794557,0.52219117,0.47647467,1.36589960,0.55087415
31.4100,0.52118667,2.75803684,0.52224433,0.47649570,1.36601013,0.55084755
31.4200,0.52116683,2.75812803,0.52229745,0.47651670,1.36612057,0.55082097
31.4300,0.52114702,2.75821914,0.52235053,0.47653768,1.36623092,0.55079441
31.4400,0.52112722,2.75831016,0.52240358,0.47655865,1.36634118,0.55076788
31.4500,0.52110745,2.75840110,0.52245660,0.47657959,1.36645136,0.55074137
31.4600,0.52108769,2.75849196,0.52250958,0.47660051,1.36656144,0.55071488
31.4700,0.52106795,2.75858274,0.52256252,0.47662141,1.36667144,0.55068842
31.4800,0.52104823,2.75867343,0.52261543,0.47664228,1.36678134,0.55066198
31.4900,0.52102854,2.75876404,0.52266831,0.47666314,1.36689116,0.55063557
31.5000,0.52100886,2.75885457,0.52272115,0.47668397,1.36700089,0.55060918
31.5100,0.52098920,2.75894501,0.52277396,0.47670479,1.36711052,0.55058281
31.5200,0.52096956,2.75903538,0.52282673,0.47672558,1.36722007,0.55055647
31.5300,0.52094993,2.75912566,0.52287946,0.47674635,1.36732953,0.55053015
31.5400,0.52093033,2.75921586,0.52293217,0.47676710,1.36743891,0.55050386
31.5500,0.52091075,2.75930597,0.52298483,0.47678783,1.36754819,0.55047758
31.5600,0.52089119,2.75939601,0.52303747,0.47680854,1.36765739,0.55045134
31.5700,0.52087164,2.75948596,0.52309006,0.47682923,1.36776649,0.55042511
31.5800,0.52085212,2.75957583,0.52314263,0.47684989,1.36787551,0.55039891
31.5900,0.52083261,2.75966562,0.52319515,0.47687054,1.36798444,0.55037274
31.6000,0.52081312,2.75975533,0.52324765,0.47689116,1.36809328,0.55034658
31.6100,0.52079365,2.75984495,0.52330011,0.47691176,1.36820204,0.55032045
31.6200,0.52077420,2.75993450,0.52335253,0.47693235,1.36831070,0.55029435
31.6300,0.52075477,2.76002396,0.52340492,0.47695291,1.36841928,0.55026827
31.6400,0.52073536,2.76011334,0.52345728,0.47697345,1.36852777,0.55024221
31.6500,0.52071597,2.76020264,0.52350960,0.47699397,1.36863617,0.55021617
31.6600,0.52069660,2.76029186,0.52356188,0.47701447,1.36874449,0.55019016
31.6700,0.52067724,2.76038100,0.52361413,0.47703494,1.36885271,0.55016418
31.6800,0.52065791,2.76047006,0.52366635,0.47705540,1.36896085,0.55013821
31.6900,0.52063859,2.76055904,0.52371853,0.47707584,1.36906890,0.55011227
31.7000,0.52061929,2.76064793,0.52377068,0.47709625,1.36917687,0.55008635
31.7100,0.52060002,2.76073675,0.52382280,0.47711665,1.36928474,0.55006046
31.7200,0.52058076,2.76082548,0.52387487,0.47713702,1.36939253,0.55003459
31.7300,0.52056151,2.76091413,0.52392692,0.47715737,1.36950023,0.55000874
31.7400,0.52054229,2.76100271,0.52397893,0.47717771,1.36960784,0.54998292
31.7500,0.52052309,2.76109120,0.52403091,0.47719802,1.36971537,0.54995711
31.7600,0.52050390,2.76117961,0.52408285,0.47721831,1.36982281,0.54993134
31.7700,0.52048474,2.76126794,0.52413476,0.47723858,1.36993016,0.54990558
31.7800,0.52046559,2.76135620,0.52418663,0.47725883,1.37003743,0.54987985
31.7900,0.52044646,2.76144437,0.52423847,0.47727906,1.37014460,0.54985414
31.8000,0.52042735,2.76153246,0.52429027,0.47729927,1.37025169,0.54982846
31.8100,0.52040826,2.76162047,0.52434204,0.47731945,1.37035870,0.54980280
31.8200,0.52038919,2.76170840,0.52439378,0.47733962,1.37046562,0.54977716
31.8300,0.52037014,2.76179626,0.52444548,0.47735977,1.37057245,0.54975155
31.8400,0.52035110,2.76188403,0.52449715,0.47737989,1.37067919,0.54972595
31.8500,0.52033208,2.76197172,0.52454878,0.47740000,1.37078585,0.54970038
31.8600,0.52031309,2.76205933,0.52460038,0.47742009,1.37089242,0.54967484
31.8700,0.52029411,2.76214687,0.52465195,0.47744015,1.37099890,0.54964932
31.8800,0.52027515,2.76223432,0.52470348,0.47746020,1.37110530,0.54962382
31.8900,0.52025620,2.76232170,0.52475498,0.47748022,1.37121161,0.54959834
31.9000,0.52023728,2.76240899,0.52480644,0.47750022,1.37131784,0.54957289
31.9100,0.52021837,2.76249621,0.52485787,0.47752021,1.37142398,0.54954746
31.9200,0.52019949,2.76258335,0.52490926,0.47754017,1.37153003,0.54952205
31.9300,0.52018062,2.76267041,0.52496063,0.47756011,1.37163600,0.54949666
31.9400,0.52016177,2.76275739,0.52501195,0.47758004,1.37174188,0.54947130
31.9500,0.52014293,2.76284429,0.52506325,0.47759994,1.37184767,0.54944596
31.9600,0.52012412,2.76293111,0.52511451,0.47761982,1.37195338,0.54942065
31.9700,0.52010533,2.76301786,0.52516573,0.47763968,1.37205901,0.54939535
31.9800,0.52008655,2.76310452,0.52521692,0.47765953,1.37216455,0.54937008
31.9900,0.52006779,2.76319111,0.52526808,0.47767935,1.37227000,0.54934483
32.0000,0.52004905,2.76327762,0.52531920,0.47769915,1.37237536,0.54931961
32.0100,0.52003033,2.76336405,0.52537029,0.47771893,1.37248064,0.54929441
32.0200,0.52001162,2.76345040,0.52542135,0.47773869,1.37258584,0.54926923
32.0300,0.51999294,2.76353667,0.52547237,0.47775843,1.37269095,0.54924407
32.0400,0.51997427,2.76362287,0.52552336,0.47777815,1.37279598,0.54921894
32.0500,0.51995562,2.76370899,0.52557432,0.47779785,1.37290092,0.54919383
32.0600,0.51993699,2.76379502,0.52562524,0.47781754,1.37300577,0.54916874
32.0700,0.51991837,2.76388099,0.52567613,0.47783720,1.37311054,0.54914367
32.0800,0.51989978,2.76396687,0.52572698,0.47785684,1.37321522,0.54911863
32.0900,0.51988120,2.76405268,0.52577780,0.47787646,1.37331982,0.54909361
32.1000,0.51986264,2.76413841,0.52582859,0.47789606,1.37342434,0.54906861
32.1100,0.51984410,2.76422406,0.52587934,0.47791564,1.37352877,0.54904363
32.1200,0.51982558,2.76430963,0.52593006,0.47793520,1.37363311,0.54901868
32.1300,0.51980707,2.76439513,0.52598075,0.47795474,1.37373737,0.54899375
32.1400,0.51978859,2.76448054,0.52603140,0.47797426,1.37384154,0.54896884
32.1500,0.51977012,2.76456589,0.52608202,0.47799377,1.37394564,0.54894396
32.1600,0.51975167,2.76465115,0.52613260,0.47801325,1.37404964,0.54891909
32.1700,0.51973323,2.76473634,0.52618315,0.47803271,1.37415356,0.54889425
32.1800,0.51971482,2.76482145,0.52623367,0.47805215,1.37425740,0.54886944
32.1900,0.51969642,2.76490648,0.52628416,0.47807157,1.37436115,0.54884464
32.2000,0.51967804,2.76499144,0.52633461,0.47809098,1.37446482,0.54881987
32.2100,0.51965968,2.76507632,0.52638503,0.47811036,1.37456840,0.54879511
32.2200,0.51964133,2.76516112,0.52643541,0.47812972,1.37467190,0.54877039
32.2300,0.51962301,2.76524585,0.52648576,0.47814907,1.37477532,0.54874568
32.2400,0.51960470,2.76533050,0.52653608,0.47816839,1.37487865,0.54872100
32.2500,0.51958641,2.76541507,0.52658636,0.47818769,1.37498190,0.54869633
32.2600,0.51956814,2.76549957,0.52663661,0.47820698,1.37508506,0.54867169
32.2700,0.51954988,2.76558399,0.52668683,0.47822624,1.37518814,0.54864708
32.2800,0.51953164,2.76566833,0.52673702,0.47824549,1.37529114,0.54862248
32.2900,0.51951342,2.76575260,0.52678717,0.47826471,1.37539405,0.54859791
32.3000,0.51949522,2.76583680,0.52683729,0.47828392,1.37549688,0.54857336
32.3100,0.51947704,2.76592091,0.52688737,0.47830311,1.37559963,0.54854883
32.3200,0.51945887,2.76600495,0.52693742,0.47832227,1.37570229,0.54852432
32.3300,0.51944072,2.76608892,0.52698744,0.47834142,1.37580487,0.54849984
32.3400,0.51942259,2.76617281,0.52703743,0.47836055,1.37590736,0.54847538
32.3500,0.51940447,2.76625662,0.52708738,0.47837966,1.37600977,0.54845094
32.3600,0.51938638,2.76634036,0.52713730,0.47839875,1.37611210,0.54842652
32.3700,0.51936830,2.76642402,0.52718718,0.47841782,1.37621435,0.54840212
32.3800,0.51935024,2.76650760,0.52723703,0.47843687,1.37631651,0.54837775
32.3900,0.51933219,2.76659112,0.52728685,0.47845590,1.37641859,0.54835340
32.4000,0.51931417,2.76667455,0.52733664,0.47847491,1.37652058,0.54832907
32.4100,0.51929616,2.76675791,0.52738639,0.47849390,1.37662250,0.54830476
32.4200,0.51927817,2.76684120,0.52743611,0.47851287,1.37672433,0.54828047
32.4300,0.51926019,2.76692441,0.52748580,0.47853183,1.37682607,0.54825621
32.4400,0.51924223,2.76700754,0.52753546,0.47855076,1.37692774,0.54823196
32.4500,0.51922429,2.76709060,0.52758508,0.47856968,1.37702932,0.54820774
32.4600,0.51920637,2.76717359,0.52763467,0.47858857,1.37713082,0.54818355
32.4700,0.51918847,2.76725650,0.52768422,0.47860745,1.37723223,0.54815937
32.4800,0.51917058,2.76733933,0.52773375,0.47862631,1.37733357,0.54813521
32.4900,0.51915271,2.76742210,0.52778324,0.47864515,1.37743482,0.54811108
32.5000,0.51913486,2.76750478,0.52783269,0.47866396,1.37753599,0.54808697
32.5100,0.51911702,2.76758739,0.52788212,0.47868276,1.37763708,0.54806288
32.5200,0.51909920,2.76766993,0.52793151,0.47870155,1.37773808,0.54803881
32.5300,0.51908140,2.76775240,0.52798087,0.47872031,1.37783900,0.54801476
32.5400,0.51906362,2.76783478,0.52803019,0.47873905,1.37793984,0.54799074
32.5500,0.51904585,2.76791710,0.52807949,0.47875777,1.37804060,0.54796674
32.5600,0.51902810,2.76799934,0.52812875,0.47877648,1.37814128,0.54794276
32.5700,0.51901037,2.76808151,0.52817798,0.47879516,1.37824187,0.54791880
32.5800,0.51899265,2.76816360,0.52822717,0.47881383,1.37834238,0.54789486
32.5900,0.51897495,2.76824562,0.52827633,0.47883248,1.37844281,0.54787094
32.6000,0.51895727,2.76832756,0.52832546,0.47885111,1.37854316,0.54784705
32.6100,0.51893961,2.76840943,0.52837456,0.47886971,1.37864343,0.54782317
32.6200,0.51892196,2.76849123,0.52842362,0.47888831,1.37874362,0.54779932
32.6300,0.51890433,2.76857296,0.52847266,0.47890688,1.37884372,0.54777549
32.6400,0.51888671,2.76865461,0.52852166,0.47892543,1.37894374,0.54775168
32.6500,0.51886912,2.76873618,0.52857062,0.47894396,1.37904368,0.54772790
32.6600,0.51885154,2.76881769,0.52861956,0.47896248,1.37914354,0.54770413
32.6700,0.51883398,2.76889912,0.52866846,0.47898098,1.37924332,0.54768039
32.6800,0.51881643,2.76898047,0.52871733,0.47899945,1.37934302,0.54765666
32.6900,0.51879890,2.76906176,0.52876616,0.47901791,1.37944263,0.54763296
32.7000,0.51878139,2.76914297,0.52881497,0.47903635,1.37954217,0.54760928
32.7100,0.51876390,2.76922411,0.52886374,0.47905477,1.37964162,0.54758562
32.7200,0.51874642,2.76930517,0.52891248,0.47907317,1.37974099,0.54756199
32.7300,0.51872896,2.76938616,0.52896119,0.47909156,1.37984029,0.54753837
32.7400,0.51871151,2.76946708,0.52900986,0.47910992,1.37993950,0.54751478
32.7500,0.51869408,2.76954793,0.52905850,0.47912827,1.38003863,0.54749120
32.7600,0.51867667,2.76962870,0.52910711,0.47914660,1.38013768,0.54746765
32.7700,0.51865928,2.76970940,0.52915569,0.47916491,1.38023664,0.54744412
32.7800,0.51864190,2.76979003,0.52920424,0.47918320,1.38033553,0.54742061
32.7900,0.51862454,2.76987059,0.52925275,0.47920147,1.38043434,0.54739712
32.8000,0.51860720,2.76995107,0.52930123,0.47921972,1.38053307,0.54737365
32.8100,0.51858987,2.77003148,0.52934968,0.47923795,1.38063171,0.54735021
32.8200,0.51857256,2.77011182,0.52939809,0.47925617,1.38073028,0.54732678
32.8300,0.51855527,2.77019209,0.52944648,0.47927437,1.38082877,0.54730338
32.8400,0.51853799,2.77027229,0.52949483,0.47929255,1.38092717,0.54728000
32.8500,0.51852073,2.77035241,0.52954315,0.47931071,1.38102550,0.54725663
32.8600,0.51850348,2.77043246,0.52959144,0.47932885,1.38112374,0.54723329
32.8700,0.51848626,2.77051244,0.52963969,0.47934697,1.38122191,0.54720997
32.8800,0.51846905,2.77059235,0.52968792,0.47936508,1.38131999,0.54718668
32.8900,0.51845185,2.77067218,0.52973611,0.47938316,1.38141800,0.54716340
32.9000,0.51843467,2.77075195,0.52978427,0.47940123,1.38151592,0.54714014
32.9100,0.51841751,2.77083164,0.52983239,0.47941928,1.38161377,0.54711691
32.9200,0.51840037,2.77091126,0.52988049,0.47943731,1.38171153,0.54709369
32.9300,0.51838324,2.77099081,0.52992855,0.47945533,1.38180922,0.54707050
32.9400,0.51836613,2.77107029,0.52997658,0.47947332,1.38190683,0.54704733
32.9500,0.51834903,2.77114969,0.53002458,0.47949130,1.38200435,0.54702417
32.9600,0.51833195,2.77122903,0.53007255,0.47950926,1.38210180,0.54700104
32.9700,0.51831489,2.77130829,0.53012048,0.47952720,1.38219917,0.54697793
32.9800,0.51829784,2.77138749,0.53016839,0.47954512,1.38229646,0.54695484
32.9900,0.51828081,2.77146661,0.53021626,0.47956302,1.38239366,0.54693178
33.0000,0.51826380,2.77154566,0.53026410,0.47958091,1.38249079,0.54690873
33.0100,0.51824680,2.77162464,0.53031191,0.47959877,1.38258784,0.54688570
33.0200,0.51822982,2.77170355,0.53035968,0.47961662,1.38268482,0.54686270
33.0300,0.51821286,2.77178239,0.53040743,0.47963445,1.38278171,0.54683971
33.0400,0.51819591,2.77186116,0.53045514,0.47965226,1.38287852,0.54681675
33.0500,0.51817898,2.77193986,0.53050282,0.47967006,1.38297526,0.54679380
33.0600,0.51816206,2.77201848,0.53055047,0.47968784,1.38307191,0.54677088
33.0700,0.51814516,2.77209704,0.53059808,0.47970559,1.38316849,0.54674798
33.0800,0.51812828,2.77217553,0.53064567,0.47972333,1.38326499,0.54672510
33.0900,0.51811141,2.77225394,0.53069322,0.47974106,1.38336140,0.54670224
33.1000,0.51809456,2.77233229,0.53074075,0.47975876,1.38345774,0.54667940
33.1100,0.51807772,2.77241056,0.53078824,0.47977645,1.38355401,0.54665658
33.1200,0.51806091,2.77248877,0.53083569,0.47979411,1.38365019,0.54663378
33.1300,0.51804410,2.77256691,0.53088312,0.47981176,1.38374629,0.54661100
33.1400,0.51802732,2.77264497,0.53093052,0.47982940,1.38384232,0.54658824
33.1500,0.51801055,2.77272297,0.53097788,0.47984701,1.38393827,0.54656550
33.1600,0.51799379,2.77280089,0.53102521,0.47986461,1.38403414,0.54654279
33.1700,0.51797705,2.77287875,0.53107251,0.47988218,1.38412993,0.54652009
33.1800,0.51796033,2.77295653,0.53111978,0.47989974,1.38422564,0.54649741
33.1900,0.51794362,2.77303425,0.53116702,0.47991729,1.38432128,0.54647476
33.2000,0.51792693,2.77311190,0.53121422,0.47993481,1.38441683,0.54645212
33.2100,0.51791026,2.77318948,0.53126140,0.47995232,1.38451231,0.54642951
33.2200,0.51789360,2.77326698,0.53130854,0.47996981,1.38460771,0.54640691
33.2300,0.51787696,2.77334442,0.53135565,0.47998728,1.38470304,0.54638434
33.2400,0.51786033,2.77342179,0.53140273,0.48000473,1.38479828,0.54636179
33.2500,0.51784372,2.77349909,0.53144978,0.48002217,1.38489345,0.54633925
33.2600,0.51782712,2.77357632,0.53149680,0.48003959,1.38498854,0.54631674
33.2700,0.51781055,2.77365349,0.53154379,0.48005699,1.38508355,0.54629425
33.2800,0.51779398,2.77373058,0.53159074,0.48007437,1.38517849,0.54627178
33.2900,0.51777743,2.77380760,0.53163766,0.48009173,1.38527334,0.54624932
33.3000,0.51776090,2.77388456,0.53168456,0.48010908,1.38536812,0.54622689
33.3100,0.51774439,2.77396145,0.53173142,0.48012641,1.38546283,0.54620448
33.3200,0.51772789,2.77403826,0.53177825,0.48014372,1.38555745,0.54618209
33.3300,0.51771140,2.77411501,0.53182504,0.48016102,1.38565200,0.54615972
33.3400,0.51769493,2.77419169,0.53187181,0.48017829,1.38574647,0.54613737
33.3500,0.51767848,2.77426831,0.53191855,0.48019555,1.38584086,0.54611504
33.3600,0.51766204,2.77434485,0.53196525,0.48021279,1.38593518,0.54609273
33.3700,0.51764562,2.77442133,0.53201192,0.48023002,1.38602942,0.54607043
33.3800,0.51762922,2.77449773,0.53205857,0.48024722,1.38612358,0.54604816
33.3900,0.51761283,2.77457407,0.53210518,0.48026441,1.38621767,0.54602591
33.4000,0.51759645,2.77465034,0.53215176,0.48028158,1.38631167,0.54600368
33.4100,0.51758009,2.77472654,0.53219831,0.48029874,1.38640560,0.54598147
33.4200,0.51756375,2.77480268,0.53224482,0.48031587,1.38649946,0.54595928
33.4300,0.51754742,2.77487875,0.53229131,0.48033299,1.38659324,0.54593711
33.4400,0.51753111,2.77495474,0.53233777,0.48035009,1.38668694,0.54591496
33.4500,0.51751481,2.77503067,0.53238419,0.48036718,1.38678056,0.54589283
33.4600,0.51749853,2.77510654,0.53243059,0.48038424,1.38687411,0.54587072
33.4700,0.51748227,2.77518233,0.53247695,0.48040129,1.38696758,0.54584863
33.4800,0.51746602,2.77525806,0.53252328,0.48041833,1.38706098,0.54582656
33.4900,0.51744978,2.77533372,0.53256958,0.48043534,1.38715430,0.54580451
33.5000,0.51743357,2.77540931,0.53261585,0.48045234,1.38724754,0.54578248
33.5100,0.51741736,2.77548484,0.53266209,0.48046932,1.38734071,0.54576047
33.5200,0.51740117,2.77556029,0.53270830,0.48048628,1.38743380,0.54573848
33.5300,0.51738500,2.77563568,0.53275448,0.48050323,1.38752681,0.54571651
33.5400,0.51736884,2.77571101,0.53280062,0.48052015,1.38761975,0.54569456
33.5500,0.51735270,2.77578626,0.53284674,0.48053707,1.38771261,0.54567263
33.5600,0.51733658,2.77586145,0.53289282,0.48055396,1.38780540,0.54565072
33.5700,0.51732046,2.77593657,0.53293888,0.48057084,1.38789811,0.54562883
33.5800,0.51730437,2.77601163,0.53298490,0.48058769,1.38799075,0.54560695
33.5900,0.51728829,2.77608662,0.53303089,0.48060454,1.38808331,0.54558510
33.6000,0.51727222,2.77616154,0.53307685,0.48062136,1.38817579,0.54556327
33.6100,0.51725617,2.77623639,0.53312278,0.48063817,1.38826820,0.54554146
33.6200,0.51724014,2.77631118,0.53316868,0.48065496,1.38836053,0.54551966
33.6300,0.51722412,2.77638590,0.53321455,0.48067173,1.38845279,0.54549789
33.6400,0.51720812,2.77646055,0.53326039,0.48068849,1.38854497,0.54547614
33.6500,0.51719213,2.77653514,0.53330620,0.48070523,1.38863707,0.54545440
33.6600,0.51717615,2.77660966,0.53335198,0.48072195,1.38872910,0.54543269
33.6700,0.51716019,2.77668412,0.53339772,0.48073866,1.38882106,0.54541099
33.6800,0.51714425,2.77675850,0.53344344,0.48075535,1.38891294,0.54538932
33.6900,0.51712832,2.77683283,0.53348913,0.48077202,1.38900474,0.54536766
33.7000,0.51711241,2.77690708,0.53353478,0.48078867,1.38909647,0.54534602
33.7100,0.51709651,2.77698127,0.53358041,0.48080531,1.38918813,0.54532441
33.7200,0.51708063,2.77705539,0.53362600,0.48082193,1.38927971,0.54530281
33.7300,0.51706476,2.77712945,0.53367156,0.48083854,1.38937121,0.54528123
33.7400,0.51704891,2.77720344,0.53371710,0.48085512,1.38946264,0.54525967
33.7500,0.51703307,2.77727737,0.53376260,0.48087169,1.38955400,0.54523814
33.7600,0.51701725,2.77735123,0.53380807,0.48088825,1.38964528,0.54521662
33.7700,0.51700144,2.77742502,0.53385351,0.48090478,1.38973648,0.54519512
33.7800,0.51698565,2.77749875,0.53389893,0.48092130,1.38982761,0.54517364
33.7900,0.51696987,2.77757242,0.53394431,0.48093781,1.38991867,0.54515217
33.8000,0.51695411,2.77764601,0.53398966,0.48095429,1.39000965,0.54513073
33.8100,0.51693836,2.77771954,0.53403498,0.48097076,1.39010056,0.54510931
33.8200,0.51692263,2.77779301,0.53408027,0.48098721,1.39019139,0.54508791
33.8300,0.51690691,2.77786641,0.53412553,0.48100365,1.39028215,0.54506652
33.8400,0.51689121,2.77793975,0.53417076,0.48102007,1.39037284,0.54504516
33.8500,0.51687552,2.77801302,0.53421596,0.48103647,1.39046345,0.54502381
33.8600,0.51685985,2.77808622,0.53426112,0.48105285,1.39055398,0.54500249
33.8700,0.51684419,2.77815936,0.53430626,0.48106922,1.39064444,0.54498118
33.8800,0.51682855,2.77823244,0.53435137,0.48108558,1.39073483,0.54495989
33.8900,0.51681292,2.77830545,0.53439645,0.48110191,1.39082515,0.54493862
33.9000,0.51679730,2.77837839,0.53444150,0.48111823,1.39091538,0.54491737
33.9100,0.51678170,2.77845128,0.53448651,0.48113453,1.39100555,0.54489614
33.9200,0.51676612,2.77852409,0.53453150,0.48115082,1.39109564,0.54487493
33.9300,0.51675055,2.77859684,0.53457646,0.48116709,1.39118566,0.54485374
33.9400,0.51673500,2.77866953,0.53462139,0.48118334,1.39127561,0.54483257
33.9500,0.51671946,2.77874215,0.53466628,0.48119957,1.39136548,0.54481142
33.9600,0.51670393,2.77881471,0.53471115,0.48121579,1.39145527,0.54479028
33.9700,0.51668842,2.77888720,0.53475599,0.48123200,1.39154500,0.54476917
33.9800,0.51667293,2.77895963,0.53480080,0.48124818,1.39163465,0.54474807
33.9900,0.51665744,2.77903199,0.53484557,0.48126435,1.39172422,0.54472699
34.0000,0.51664198,2.77910429,0.53489032,0.48128051,1.39181373,0.54470593
34.0100,0.51662653,2.77917653,0.53493504,0.48129664,1.39190316,0.54468490
34.0200,0.51661109,2.77924870,0.53497972,0.48131276,1.39199252,0.54466387
34.0300,0.51659567,2.77932081,0.53502438,0.48132887,1.39208180,0.54464287
34.0400,0.51658026,2.77939285,0.53506901,0.48134496,1.39217101,0.54462189
34.0500,0.51656487,2.77946483,0.53511361,0.48136103,1.39226015,0.54460093
34.0600,0.51654949,2.77953674,0.53515817,0.48137708,1.39234921,0.54457998
34.0700,0.51653412,2.77960859,0.53520271,0.48139312,1.39243820,0.54455906
34.0800,0.51651877,2.77968038,0.53524722,0.48140914,1.39252712,0.54453815
34.0900,0.51650344,2.77975211,0.53529170,0.48142515,1.39261597,0.54451726
34.1000,0.51648812,2.77982377,0.53533614,0.48144114,1.39270474,0.54449639
34.1100,0.51647281,2.77989536,0.53538056,0.48145711,1.39279344,0.54447554
34.1200,0.51645752,2.77996690,0.53542495,0.48147307,1.39288207,0.54445471
34.1300,0.51644224,2.78003837,0.53546931,0.48148901,1.39297062,0.54443390
34.1400,0.51642698,2.78010977,0.53551364,0.48150493,1.39305910,0.54441311
34.1500,0.51641173,2.78018112,0.53555794,0.48152084,1.39314751,0.54439233
34.1600,0.51639650,2.78025240,0.53560221,0.48153673,1.39323585,0.54437157
34.1700,0.51638128,2.78032361,0.53564645,0.48155261,1.39332412,0.54435084
34.1800,0.51636607,2.78039476,0.53569066,0.48156847,1.39341231,0.54433012
34.1900,0.51635088,2.78046585,0.53573484,0.48158431,1.39350043,0.54430942
34.2000,0.51633571,2.78053688,0.53577899,0.48160014,1.39358848,0.54428874
34.2100,0.51632054,2.78060785,0.53582311,0.48161595,1.39367645,0.54426807
34.2200,0.51630540,2.78067875,0.53586720,0.48163175,1.39376435,0.54424743
34.2300,0.51629026,2.78074959,0.53591126,0.48164753,1.39385219,0.54422680
34.2400,0.51627514,2.78082036,0.53595530,0.48166329,1.39393994,0.54420620
34.2500,0.51626004,2.78089107,0.53599930,0.48167904,1.39402763,0.54418561
34.2600,0.51624495,2.78096172,0.53604327,0.48169477,1.39411525,0.54416504
34.2700,0.51622987,2.78103231,0.53608722,0.48171049,1.39420279,0.54414449
34.2800,0.51621481,2.78110284,0.53613113,0.48172618,1.39429026,0.54412395
34.2900,0.51619976,2.78117330,0.53617502,0.48174187,1.39437766,0.54410344
34.3000,0.51618473,2.78124370,0.53621887,0.48175753,1.39446499,0.54408294
34.3100,0.51616971,2.78131404,0.53626270,0.48177319,1.39455225,0.54406247
34.3200,0.51615470,2.78138431,0.53630649,0.48178882,1.39463943,0.54404201
34.3300,0.51613971,2.78145453,0.53635026,0.48180444,1.39472655,0.54402157
34.3400,0.51612473,2.78152468,0.53639400,0.48182004,1.39481359,0.54400115
34.3500,0.51610977,2.78159477,0.53643771,0.48183563,1.39490056,0.54398074
34.3600,0.51609482,2.78166479,0.53648139,0.48185120,1.39498746,0.54396036
34.3700,0.51607988,2.78173476,0.53652504,0.48186676,1.39507429,0.54393999
34.3800,0.51606496,2.78180466,0.53656866,0.48188230,1.39516104,0.54391964
34.3900,0.51605006,2.78187450,0.53661225,0.48189782,1.39524773,0.54389931
34.4000,0.51603516,2.78194428,0.53665581,0.48191333,1.39533434,0.54387900
34.4100,0.51602029,2.78201400,0.53669934,0.48192882,1.39542089,0.54385871
34.4200,0.51600542,2.78208365,0.53674285,0.48194430,1.39550736,0.54383843
34.4300,0.51599057,2.78215325,0.53678632,0.48195976,1.39559376,0.54381818
34.4400,0.51597573,2.78222278,0.53682977,0.48197521,1.39568009,0.54379794
34.4500,0.51596091,2.78229225,0.53687318,0.48199064,1.39576635,0.54377772
34.4600,0.51594610,2.78236166,0.53691657,0.48200605,1.39585254,0.54375752
34.4700,0.51593131,2.78243101,0.53695993,0.48202145,1.39593866,0.54373733
34.4800,0.51591653,2.78250030,0.53700325,0.48203683,1.39602471,0.54371717
34.4900,0.51590176,2.78256952,0.53704655,0.48205220,1.39611068,0.54369702
34.5000,0.51588701,2.78263869,0.53708982,0.48206755,1.39619659,0.54367689
34.5100,0.51587227,2.78270779,0.53713306,0.48208288,1.39628243,0.54365678
34.5200,0.51585754,2.78277683,0.53717628,0.48209820,1.39636819,0.54363669
34.5300,0.51584283,2.78284581,0.53721946,0.48211351,1.39645389,0.54361662
34.5400,0.51582813,2.78291473,0.53726261,0.48212880,1.39653951,0.54359656
34.5500,0.51581345,2.78298359,0.53730574,0.48214407,1.39662506,0.54357652
34.5600,0.51579878,2.78305239,0.53734883,0.48215933,1.39671055,0.54355650
34.5700,0.51578412,2.78312113,0.53739190,0.48217457,1.39679596,0.54353650
34.5800,0.51576948,2.78318980,0.53743494,0.48218980,1.39688131,0.54351651
34.5900,0.51575485,2.78325842,0.53747795,0.48220501,1.39696658,0.54349655
34.6000,0.51574023,2.78332697,0.53752093,0.48222020,1.39705178,0.54347660
34.6100,0.51572563,2.78339547,0.53756388,0.48223538,1.39713692,0.54345667
34.6200,0.51571105,2.78346390,0.53760680,0.48225055,1.39722198,0.54343676
34.6300,0.51569647,2.78353228,0.53764969,0.48226570,1.39730697,0.54341686
34.6400,0.51568191,2.78360059,0.53769256,0.48228083,1.39739190,0.54339699
34.6500,0.51566736,2.78366884,0.53773539,0.48229595,1.39747675,0.54337713
34.6600,0.51565283,2.78373704,0.53777820,0.48231105,1.39756153,0.54335729
34.6700,0.51563831,2.78380517,0.53782098,0.48232614,1.39764625,0.54333747
34.6800,0.51562381,2.78387324,0.53786373,0.48234121,1.39773089,0.54331766
34.6900,0.51560931,2.78394125,0.53790645,0.48235627,1.39781547,0.54329788
34.7000,0.51559484,2.78400921,0.53794914,0.48237131,1.39789998,0.54327811
34.7100,0.51558037,2.78407710,0.53799180,0.48238634,1.39798441,0.54325836
34.7200,0.51556592,2.78414493,0.53803444,0.48240135,1.39806878,0.54323862
34.7300,0.51555148,2.78421270,0.53807704,0.48241634,1.39815308,0.54321891
34.7400,0.51553706,2.78428042,0.53811962,0.48243132,1.39823731,0.54319921
34.7500,0.51552265,2.78434807,0.53816217,0.48244629,1.39832147,0.54317953
34.7600,0.51550825,2.78441566,0.53820469,0.48246124,1.39840556,0.54315987
34.7700,0.51549387,2.78448320,0.53824718,0.48247617,1.39848958,0.54314022
34.7800,0.51547950,2.78455067,0.53828964,0.48249109,1.39857353,0.54312060
34.7900,0.51546514,2.78461808,0.53833208,0.48250599,1.39865741,0.54310099
34.8000,0.51545080,2.78468544,0.53837448,0.48252088,1.39874123,0.54308140
34.8100,0.51543647,2.78475273,0.53841686,0.48253576,1.39882497,0.54306183
34.8200,0.51542215,2.78481997,0.53845921,0.48255062,1.39890865,0.54304227
34.8300,0.51540785,2.78488715,0.53850153,0.48256546,1.39899226,0.54302273
34.8400,0.51539356,2.78495427,0.53854382,0.48258029,1.39907579,0.54300321
34.8500,0.51537928,2.78502132,0.53858608,0.48259510,1.39915926,0.54298371
34.8600,0.51536502,2.78508832,0.53862832,0.48260990,1.39924267,0.54296422
34.8700,0.51535077,2.78515526,0.53867052,0.48262468,1.39932600,0.54294476
34.8800,0.51533653,2.78522215,0.53871270,0.48263945,1.39940926,0.54292531
34.8900,0.51532231,2.78528897,0.53875485,0.48265420,1.39949246,0.54290587
34.9000,0.51530810,2.78535573,0.53879697,0.48266894,1.39957559,0.54288646
34.9100,0.51529391,2.78542244,0.53883906,0.48268366,1.39965865,0.54286706
34.9200,0.51527972,2.78548908,0.53888113,0.48269837,1.39974164,0.54284768
34.9300,0.51526555,2.78555567,0.53892316,0.48271307,1.39982456,0.54282832
34.9400,0.51525140,2.78562220,0.53896517,0.48272774,1.39990741,0.54280897
34.9500,0.51523725,2.78568867,0.53900715,0.48274241,1.39999020,0.54278965
34.9600,0.51522312,2.78575508,0.53904910,0.48275705,1.40007292,0.54277034
34.9700,0.51520901,2.78582143,0.53909102,0.48277169,1.40015557,0.54275104
34.9800,0.51519490,2.78588773,0.53913291,0.48278631,1.40023815,0.54273177
34.9900,0.51518081,2.78595396,0.53917478,0.48280091,1.40032067,0.54271251
35.0000,0.51516674,2.78602014,0.53921662,0.48281550,1.40040311,0.54269327
35.0100,0.51515267,2.78608626,0.53925843,0.48283007,1.40048549,0.54267405
35.0200,0.51513862,2.78615232,0.53930021,0.48284463,1.40056780,0.54265484
35.0300,0.51512458,2.78621832,0.53934196,0.48285917,1.40065004,0.54263565
35.0400,0.51511056,2.78628427,0.53938369,0.48287370,1.40073222,0.54261648
35.0500,0.51509655,2.78635015,0.53942538,0.48288822,1.40081433,0.54259733
35.0600,0.51508255,2.78641598,0.53946705,0.48290272,1.40089637,0.54257819
35.0700,0.51506857,2.78648175,0.53950869,0.48291720,1.40097834,0.54255907
35.0800,0.51505459,2.78654747,0.53955031,0.48293167,1.40106024,0.54253997
35.0900,0.51504063,2.78661312,0.53959189,0.48294613,1.40114208,0.54252089
35.1000,0.51502669,2.78667872,0.53963345,0.48296057,1.40122385,0.54250182
35.1100,0.51501275,2.78674426,0.53967498,0.48297499,1.40130556,0.54248277
35.1200,0.51499883,2.78680974,0.53971648,0.48298941,1.40138719,0.54246373
35.1300,0.51498493,2.78687517,0.53975795,0.48300380,1.40146876,0.54244472
35.1400,0.51497103,2.78694053,0.53979939,0.48301818,1.40155026,0.54242572
35.1500,0.51495715,2.78700584,0.53984081,0.48303255,1.40163170,0.54240674
35.1600,0.51494328,2.78707110,0.53988220,0.48304690,1.40171306,0.54238777
35.1700,0.51492943,2.78713629,0.53992356,0.48306124,1.40179436,0.54236883
35.1800,0.51491559,2.78720143,0.53996489,0.48307556,1.40187560,0.54234990
35.1900,0.51490176,2.78726651,0.54000620,0.48308987,1.40195676,0.54233098
35.2000,0.51488794,2.78733153,0.54004748,0.48310417,1.40203786,0.54231209
35.2100,0.51487414,2.78739650,0.54008872,0.48311845,1.40211890,0.54229321
35.2200,0.51486035,2.78746140,0.54012995,0.48313271,1.40219986,0.54227435
35.2300,0.51484657,2.78752626,0.54017114,0.48314696,1.40228076,0.54225550
35.2400,0.51483280,2.78759105,0.54021230,0.48316120,1.40236159,0.54223667
35.2500,0.51481905,2.78765579,0.54025344,0.48317542,1.40244236,0.54221786
35.2600,0.51480531,2.78772047,0.54029455,0.48318963,1.40252306,0.54219907
35.2700,0.51479159,2.78778509,0.54033564,0.48320382,1.40260369,0.54218029
35.2800,0.51477787,2.78784966,0.54037669,0.48321800,1.40268426,0.54216153
35.2900,0.51476417,2.78791417,0.54041772,0.48323216,1.40276476,0.54214279
35.3000,0.51475048,2.78797862,0.54045872,0.48324631,1.40284520,0.54212406
35.3100,0.51473681,2.78804302,0.54049969,0.48326044,1.40292556,0.54210535
35.3200,0.51472315,2.78810736,0.54054063,0.48327456,1.40300587,0.54208666
35.3300,0.51470950,2.78817165,0.54058155,0.48328867,1.40308610,0.54206798
35.3400,0.51469586,2.78823587,0.54062244,0.48330276,1.40316627,0.54204933
35.3500,0.51468223,2.78830004,0.54066330,0.48331684,1.40324637,0.54203068
35.3600,0.51466862,2.78836416,0.54070413,0.48333090,1.40332641,0.54201206
35.3700,0.51465502,2.78842822,0.54074494,0.48334495,1.40340638,0.54199345
35.3800,0.51464144,2.78849222,0.54078572,0.48335899,1.40348629,0.54197486
35.3900,0.51462786,2.78855617,0.54082647,0.48337301,1.40356613,0.54195628
35.4000,0.51461430,2.78862006,0.54086719,0.48338701,1.40364590,0.54193773
35.4100,0.51460075,2.78868389,0.54090789,0.48340100,1.40372561,0.54191919
35.4200,0.51458722,2.78874767,0.54094855,0.48341498,1.40380525,0.54190066
35.4300,0.51457369,2.78881139,0.54098920,0.48342894,1.40388483,0.54188215
35.4400,0.51456018,2.78887506,0.54102981,0.48344289,1.40396434,0.54186366
35.4500,0.51454668,2.78893867,0.54107039,0.48345683,1.40404379,0.54184519
35.4600,0.51453320,2.78900222,0.54111095,0.48347075,1.40412317,0.54182673
35.4700,0.51451973,2.78906572,0.54115148,0.48348465,1.40420248,0.54180829
35.4800,0.51450626,2.78912916,0.54119199,0.48349854,1.40428173,0.54178987
35.4900,0.51449282,2.78919255,0.54123246,0.48351242,1.40436092,0.54177146
35.5000,0.51447938,2.78925588,0.54127291,0.48352628,1.40444004,0.54175307
35.5100,0.51446596,2.78931916,0.54131333,0.48354013,1.40451909,0.54173469
35.5200,0.51445255,2.78938238,0.54135373,0.48355397,1.40459808,0.54171634
35.5300,0.51443915,2.78944554,0.54139410,0.48356779,1.40467700,0.54169799
35.5400,0.51442576,2.78950865,0.54143444,0.48358160,1.40475586,0.54167967
35.5500,0.51441239,2.78957171,0.54147475,0.48359539,1.40483465,0.54166136
35.5600,0.51439903,2.78963471,0.54151503,0.48360917,1.40491338,0.54164307
35.5700,0.51438568,2.78969765,0.54155529,0.48362294,1.40499204,0.54162480
35.5800,0.51437234,2.78976054,0.54159552,0.48363669,1.40507064,0.54160654
35.5900,0.51435902,2.78982338,0.54163573,0.48365042,1.40514918,0.54158829
35.6000,0.51434571,2.78988615,0.54167590,0.48366415,1.40522765,0.54157007
35.6100,0.51433241,2.78994888,0.54171605,0.48367786,1.40530605,0.54155186
35.6200,0.51431912,2.79001155,0.54175617,0.48369155,1.40538439,0.54153367
35.6300,0.51430585,2.79007416,0.54179627,0.48370523,1.40546266,0.54151549
35.6400,0.51429259,2.79013672,0.54183634,0.48371890,1.40554087,0.54149733
35.6500,0.51427934,2.79019922,0.54187638,0.48373255,1.40561902,0.54147919
35.6600,0.51426610,2.79026167,0.54191639,0.48374619,1.40569710,0.54146106
35.6700,0.51425288,2.79032407,0.54195638,0.48375982,1.40577512,0.54144295
35.6800,0.51423966,2.79038641,0.54199634,0.48377343,1.40585307,0.54142486
35.6900,0.51422646,2.79044869,0.54203627,0.48378703,1.40593096,0.54140678
35.7000,0.51421327,2.79051093,0.54207617,0.48380061,1.40600878,0.54138872
35.7100,0.51420010,2.79057310,0.54211605,0.48381418,1.40608654,0.54137067
35.7200,0.51418693,2.79063522,0.54215590,0.48382773,1.40616424,0.54135264
35.7300,0.51417378,2.79069729,0.54219573,0.48384128,1.40624187,0.54133463
35.7400,0.51416064,2.79075931,0.54223553,0.48385481,1.40631944,0.54131663
35.7500,0.51414752,2.79082126,0.54227530,0.48386832,1.40639694,0.54129865
35.7600,0.51413440,2.79088317,0.54231504,0.48388182,1.40647438,0.54128069
35.7700,0.51412130,2.79094502,0.54235476,0.48389531,1.40655175,0.54126274
35.7800,0.51410821,2.79100682,0.54239445,0.48390878,1.40662907,0.54124481
35.7900,0.51409513,2.79106856,0.54243411,0.48392224,1.40670631,0.54122689
35.8000,0.51408206,2.79113025,0.54247375,0.48393569,1.40678350,0.54120899
35.8100,0.51406901,2.79119188,0.54251335,0.48394912,1.40686062,0.54119111
35.8200,0.51405596,2.79125346,0.54255294,0.48396254,1.40693768,0.54117324
35.8300,0.51404293,2.79131499,0.54259249,0.48397594,1.40701467,0.54115539
35.8400,0.51402992,2.79137646,0.54263202,0.48398933,1.40709160,0.54113756
35.8500,0.51401691,2.79143788,0.54267152,0.48400271,1.40716846,0.54111974
35.8600,0.51400391,2.79149925,0.54271100,0.48401608,1.40724527,0.54110194
35.8700,0.51399093,2.79156056,0.54275045,0.48402943,1.40732201,0.54108415
35.8800,0.51397796,2.79162182,0.54278987,0.48404276,1.40739868,0.54106638
35.8900,0.51396500,2.79168302,0.54282927,0.48405609,1.40747529,0.54104863
35.9000,0.51395206,2.79174418,0.54286863,0.48406940,1.40755184,0.54103089
35.9100,0.51393912,2.79180527,0.54290798,0.48408269,1.40762833,0.54101317
35.9200,0.51392620,2.79186632,0.54294729,0.48409597,1.40770475,0.54099546
35.9300,0.51391329,2.79192731,0.54298658,0.48410924,1.40778111,0.54097777
35.9400,0.51390039,2.79198825,0.54302584,0.48412250,1.40785741,0.54096009
35.9500,0.51388751,2.79204913,0.54306508,0.48413574,1.40793364,0.54094244
35.9600,0.51387463,2.79210996,0.54310429,0.48414897,1.40800981,0.54092479
35.9700,0.51386177,2.79217074,0.54314347,0.48416218,1.40808592,0.54090717
35.9800,0.51384892,2.79223147,0.54318262,0.48417538,1.40816196,0.54088956
35.9900,0.51383608,2.79229214,0.54322175,0.48418857,1.40823795,0.54087196
36.0000,0.51382325,2.79235276,0.54326086,0.48420175,1.40831387,0.54085438
36.0100,0.51381044,2.79241332,0.54329993,0.48421491,1.40838972,0.54083682
36.0200,0.51379764,2.79247384,0.54333898,0.48422806,1.40846552,0.54081927
36.0300,0.51378484,2.79253430,0.54337800,0.48424119,1.40854125,0.54080174
36.0400,0.51377206,2.79259470,0.54341700,0.48425431,1.40861692,0.54078423
36.0500,0.51375930,2.79265506,0.54345597,0.48426742,1.40869252,0.54076673
36.0600,0.51374654,2.79271536,0.54349492,0.48428051,1.40876807,0.54074924
36.0700,0.51373380,2.79277561,0.54353383,0.48429359,1.40884355,0.54073178
36.0800,0.51372106,2.79283581,0.54357272,0.48430666,1.40891897,0.54071432
36.0900,0.51370834,2.79289595,0.54361159,0.48431971,1.40899432,0.54069689
36.1000,0.51369564,2.79295604,0.54365043,0.48433276,1.40906962,0.54067947
36.1100,0.51368294,2.79301608,0.54368924,0.48434578,1.40914485,0.54066206
36.1200,0.51367025,2.79307607,0.54372803,0.48435880,1.40922002,0.54064467
36.1300,0.51365758,2.79313601,0.54376678,0.48437180,1.40929513,0.54062730
36.1400,0.51364492,2.79319589,0.54380552,0.48438479,1.40937017,0.54060994
36.1500,0.51363227,2.79325572,0.54384422,0.48439776,1.40944516,0.54059260
36.1600,0.51361963,2.79331550,0.54388291,0.48441072,1.40952008,0.54057527
36.1700,0.51360700,2.79337522,0.54392156,0.48442367,1.40959494,0.54055796
36.1800,0.51359439,2.79343490,0.54396019,0.48443660,1.40966973,0.54054067
36.1900,0.51358178,2.79349452,0.54399879,0.48444953,1.40974447,0.54052339
36.2000,0.51356919,2.79355409,0.54403737,0.48446243,1.40981915,0.54050612
36.2100,0.51355661,2.79361360,0.54407592,0.48447533,1.40989376,0.54048888
36.2200,0.51354404,2.79367307,0.54411444,0.48448821,1.40996831,0.54047164
36.2300,0.51353148,2.79373248,0.54415294,0.48450108,1.41004280,0.54045443
36.2400,0.51351894,2.79379185,0.54419141,0.48451394,1.41011722,0.54043722
36.2500,0.51350640,2.79385116,0.54422985,0.48452678,1.41019159,0.54042004
36.2600,0.51349388,2.79391042,0.54426827,0.48453961,1.41026590,0.54040287
36.2700,0.51348137,2.79396962,0.54430666,0.48455243,1.41034014,0.54038571
36.2800,0.51346887,2.79402878,0.54434503,0.48456523,1.41041432,0.54036857
36.2900,0.51345638,2.79408788,0.54438337,0.48457802,1.41048844,0.54035145
36.3000,0.51344391,2.79414693,0.54442169,0.48459080,1.41056250,0.54033434
36.3100,0.51343144,2.79420594,0.54445998,0.48460356,1.41063650,0.54031725
36.3200,0.51341899,2.79426489,0.54449824,0.48461631,1.41071043,0.54030017
36.3300,0.51340654,2.79432378,0.54453648,0.48462905,1.41078431,0.54028311
36.3400,0.51339411,2.79438263,0.54457469,0.48464178,1.41085812,0.54026606
36.3500,0.51338169,2.79444143,0.54461287,0.48465449,1.41093188,0.54024903
36.3600,0.51336929,2.79450017,0.54465103,0.48466719,1.41100557,0.54023201
36.3700,0.51335689,2.79455886,0.54468916,0.48467988,1.41107920,0.54021501
36.3800,0.51334451,2.79461751,0.54472727,0.48469255,1.41115277,0.54019803
36.3900,0.51333213,2.79467610,0.54476535,0.48470521,1.41122628,0.54018106
36.4000,0.51331977,2.79473464,0.54480341,0.48471786,1.41129973,0.54016410
36.4100,0.51330742,2.79479313,0.54484144,0.48473049,1.41137311,0.54014716
36.4200,0.51329508,2.79485156,0.54487944,0.48474312,1.41144644,0.54013024
36.4300,0.51328275,2.79490995,0.54491742,0.48475572,1.41151971,0.54011333
36.4400,0.51327044,2.79496829,0.54495537,0.48476832,1.41159291,0.54009644
36.4500,0.51325813,2.79502657,0.54499330,0.48478090,1.41166606,0.54007956
36.4600,0.51324584,2.79508481,0.54503120,0.48479348,1.41173914,0.54006270
36.4700,0.51323355,2.79514299,0.54506907,0.48480603,1.41181217,0.54004585
36.4800,0.51322128,2.79520113,0.54510692,0.48481858,1.41188513,0.54002902
36.4900,0.51320902,2.79525921,0.54514474,0.48483111,1.41195803,0.54001220
36.5000,0.51319677,2.79531724,0.54518254,0.48484363,1.41203088,0.53999540
36.5100,0.51318454,2.79537522,0.54522031,0.48485614,1.41210366,0.53997861
36.5200,0.51317231,2.79543316,0.54525806,0.48486863,1.41217638,0.53996184
36.5300,0.51316009,2.79549104,0.54529578,0.48488111,1.41224904,0.53994508
36.5400,0.51314789,2.79554887,0.54533348,0.48489358,1.41232165,0.53992834
36.5500,0.51313570,2.79560665,0.54537115,0.48490604,1.41239419,0.53991162
36.5600,0.51312352,2.79566438,0.54540879,0.48491848,1.41246667,0.53989490
36.5700,0.51311135,2.79572206,0.54544641,0.48493091,1.41253909,0.53987821
36.5800,0.51309919,2.79577969,0.54548400,0.48494333,1.41261145,0.53986153
36.5900,0.51308704,2.79583727,0.54552157,0.48495573,1.41268376,0.53984486
36.6000,0.51307490,2.79589480,0.54555911,0.48496812,1.41275600,0.53982821
36.6100,0.51306278,2.79595228,0.54559663,0.48498050,1.41282818,0.53981157
36.6200,0.51305066,2.79600971,0.54563412,0.48499287,1.41290030,0.53979495
36.6300,0.51303856,2.79606709,0.54567158,0.48500523,1.41297237,0.53977835
36.6400,0.51302647,2.79612442,0.54570902,0.48501757,1.41304437,0.53976176
36.6500,0.51301438,2.79618170,0.54574644,0.48502990,1.41311631,0.53974518
36.6600,0.51300231,2.79623893,0.54578382,0.48504221,1.41318820,0.53972862
36.6700,0.51299026,2.79629611,0.54582119,0.48505452,1.41326002,0.53971208
36.6800,0.51297821,2.79635324,0.54585853,0.48506681,1.41333178,0.53969554
36.6900,0.51296617,2.79641032,0.54589584,0.48507909,1.41340349,0.53967903
36.7000,0.51295414,2.79646735,0.54593312,0.48509136,1.41347514,0.53966253
36.7100,0.51294213,2.79652433,0.54597039,0.48510361,1.41354672,0.53964604
36.7200,0.51293013,2.79658127,0.54600762,0.48511585,1.41361825,0.53962957
36.7300,0.51291813,2.79663815,0.54604483,0.48512808,1.41368972,0.53961311
36.7400,0.51290615,2.79669498,0.54608202,0.48514030,1.41376113,0.53959667
36.7500,0.51289418,2.79675177,0.54611918,0.48515250,1.41383248,0.53958025
36.7600,0.51288222,2.79680850,0.54615632,0.48516469,1.41390377,0.53956383
36.7700,0.51287027,2.79686519,0.54619343,0.48517687,1.41397500,0.53954744
36.7800,0.51285833,2.79692183,0.54623051,0.48518904,1.41404617,0.53953106
36.7900,0.51284641,2.79697841,0.54626757,0.48520119,1.41411728,0.53951469
36.8000,0.51283449,2.79703495,0.54630460,0.48521334,1.41418834,0.53949834
36.8100,0.51282259,2.79709144,0.54634161,0.48522547,1.41425933,0.53948200
36.8200,0.51281069,2.79714788,0.54637860,0.48523758,1.41433027,0.53946568
36.8300,0.51279881,2.79720427,0.54641555,0.48524969,1.41440115,0.53944937
36.8400,0.51278694,2.79726062,0.54645249,0.48526178,1.41447197,0.53943307
36.8500,0.51277507,2.79731691,0.54648940,0.48527386,1.41454273,0.53941679
36.8600,0.51276322,2.79737315,0.54652628,0.48528593,1.41461343,0.53940053
36.8700,0.51275138,2.79742935,0.54656314,0.48529799,1.41468407,0.53938428
36.8800,0.51273955,2.79748550,0.54659997,0.48531003,1.41475466,0.53936805
36.8900,0.51272774,2.79754159,0.54663678,0.48532206,1.41482518,0.53935183
36.9000,0.51271593,2.79759764,0.54667356,0.48533408,1.41489565,0.53933562
36.9100,0.51270413,2.79765365,0.54671032,0.48534609,1.41496606,0.53931943
36.9200,0.51269235,2.79770960,0.54674705,0.48535808,1.41503641,0.53930326
36.9300,0.51268057,2.79776550,0.54678376,0.48537006,1.41510670,0.53928709
36.9400,0.51266881,2.79782136,0.54682044,0.48538203,1.41517694,0.53927095
36.9500,0.51265705,2.79787716,0.54685710,0.48539399,1.41524711,0.53925482
36.9600,0.51264531,2.79793292,0.54689373,0.48540593,1.41531723,0.53923870
36.9700,0.51263358,2.79798863,0.54693034,0.48541787,1.41538729,0.53922259
36.9800,0.51262186,2.79804429,0.54696692,0.48542979,1.41545729,0.53920651
36.9900,0.51261015,2.79809991,0.54700348,0.48544170,1.41552724,0.53919043
37.0000,0.51259845,2.79815547,0.54704001,0.48545360,1.41559712,0.53917437
37.0100,0.51258676,2.79821099,0.54707652,0.48546548,1.41566695,0.53915833
37.0200,0.51257508,2.79826646,0.54711301,0.48547735,1.41573672,0.53914230
37.0300,0.51256341,2.79832188,0.54714946,0.48548921,1.41580643,0.53912628
37.0400,0.51255176,2.79837725,0.54718590,0.48550106,1.41587608,0.53911028
37.0500,0.51254011,2.79843258,0.54722231,0.48551290,1.41594568,0.53909429
37.0600,0.51252847,2.79848786,0.54725869,0.48552472,1.41601522,0.53907832
37.0700,0.51251685,2.79854309,0.54729505,0.48553653,1.41608470,0.53906236
37.0800,0.51250523,2.79859827,0.54733139,0.48554833,1.41615412,0.53904642
37.0900,0.51249363,2.79865340,0.54736769,0.48556012,1.41622349,0.53903049
37.1000,0.51248204,2.79870849,0.54740398,0.48557190,1.41629280,0.53901458
37.1100,0.51247045,2.79876353,0.54744024,0.48558366,1.41636205,0.53899868
37.1200,0.51245888,2.79881852,0.54747648,0.48559541,1.41643124,0.53898279
37.1300,0.51244732,2.79887346,0.54751269,0.48560715,1.41650037,0.53896692
37.1400,0.51243577,2.79892835,0.54754887,0.48561888,1.41656945,0.53895106
37.1500,0.51242423,2.79898320,0.54758503,0.48563060,1.41663847,0.53893522
37.1600,0.51241270,2.79903800,0.54762117,0.48564230,1.41670744,0.53891939
37.1700,0.51240118,2.79909275,0.54765728,0.48565400,1.41677634,0.53890358
37.1800,0.51238967,2.79914746,0.54769337,0.48566568,1.41684519,0.53888778
37.1900,0.51237817,2.79920212,0.54772943,0.48567734,1.41691398,0.53887199
37.2000,0.51236668,2.79925673,0.54776547,0.48568900,1.41698272,0.53885622
37.2100,0.51235521,2.79931129,0.54780148,0.48570064,1.41705140,0.53884046
37.2200,0.51234374,2.79936581,0.54783747,0.48571228,1.41712002,0.53882472
37.2300,0.51233228,2.79942028,0.54787344,0.48572390,1.41718858,0.53880899
37.2400,0.51232084,2.79947470,0.54790938,0.48573551,1.41725709,0.53879327
37.2500,0.51230940,2.79952907,0.54794529,0.48574710,1.41732554,0.53877757
37.2600,0.51229798,2.79958340,0.54798119,0.48575869,1.41739393,0.53876189
37.2700,0.51228656,2.79963768,0.54801705,0.48577026,1.41746227,0.53874622
37.2800,0.51227516,2.79969192,0.54805289,0.48578183,1.41753055,0.53873056
37.2900,0.51226376,2.79974610,0.54808871,0.48579338,1.41759877,0.53871492
37.3000,0.51225238,2.79980024,0.54812450,0.48580491,1.41766694,0.53869929
37.3100,0.51224101,2.79985434,0.54816027,0.48581644,1.41773505,0.53868367
37.3200,0.51222965,2.79990838,0.54819602,0.48582795,1.41780310,0.53866807
37.3300,0.51221829,2.79996238,0.54823174,0.48583946,1.41787110,0.53865248
37.3400,0.51220695,2.80001634,0.54826743,0.48585095,1.41793904,0.53863691
37.3500,0.51219562,2.80007024,0.54830311,0.48586243,1.41800692,0.53862135
37.3600,0.51218430,2.80012410,0.54833875,0.48587390,1.41807475,0.53860581
37.3700,0.51217299,2.80017792,0.54837437,0.48588535,1.41814252,0.53859028
37.3800,0.51216169,2.80023168,0.54840997,0.48589680,1.41821023,0.53857476
37.3900,0.51215040,2.80028540,0.54844555,0.48590823,1.41827789,0.53855926
37.4000,0.51213912,2.80033908,0.54848110,0.48591965,1.41834549,0.53854377
37.4100,0.51212785,2.80039270,0.54851662,0.48593106,1.41841304,0.53852829
37.4200,0.51211659,2.80044628,0.54855212,0.48594246,1.41848053,0.53851283
37.4300,0.51210534,2.80049982,0.54858760,0.48595384,1.41854796,0.53849739
37.4400,0.51209410,2.80055331,0.54862305,0.48596522,1.41861534,0.53848195
37.4500,0.51208287,2.80060675,0.54865848,0.48597658,1.41868266,0.53846653
37.4600,0.51207165,2.80066015,0.54869389,0.48598793,1.41874993,0.53845113
37.4700,0.51206044,2.80071349,0.54872927,0.48599927,1.41881714,0.53843574
37.4800,0.51204924,2.80076680,0.54876462,0.48601060,1.41888429,0.53842036
37.4900,0.51203805,2.80082006,0.54879995,0.48602192,1.41895139,0.53840500
37.5000,0.51202688,2.80087327,0.54883526,0.48603322,1.41901843,0.53838965
37.5100,0.51201571,2.80092643,0.54887055,0.48604451,1.41908542,0.53837431
37.5200,0.51200455,2.80097955,0.54890580,0.48605580,1.41915235,0.53835899
37.5300,0.51199340,2.80103263,0.54894104,0.48606707,1.41921923,0.53834369
37.5400,0.51198227,2.80108566,0.54897625,0.48607833,1.41928605,0.53832839
37.5500,0.51197114,2.80113864,0.54901144,0.48608957,1.41935281,0.53831311
37.5600,0.51196002,2.80119157,0.54904660,0.48610081,1.41941952,0.53829785
37.5700,0.51194892,2.80124447,0.54908174,0.48611203,1.41948618,0.53828259
37.5800,0.51193782,2.80129731,0.54911686,0.48612325,1.41955277,0.53826736
37.5900,0.51192673,2.80135011,0.54915195,0.48613445,1.41961932,0.53825213
37.6000,0.51191566,2.80140286,0.54918702,0.48614564,1.41968580,0.53823692
37.6100,0.51190459,2.80145557,0.54922206,0.48615682,1.41975224,0.53822172
37.6200,0.51189353,2.80150824,0.54925708,0.48616798,1.41981861,0.53820654
37.6300,0.51188249,2.80156085,0.54929207,0.48617914,1.41988494,0.53819137
37.6400,0.51187145,2.80161343,0.54932704,0.48619029,1.41995120,0.53817621
37.6500,0.51186042,2.80166595,0.54936199,0.48620142,1.42001741,0.53816107
37.6600,0.51184941,2.80171843,0.54939692,0.48621254,1.42008357,0.53814594
37.6700,0.51183840,2.80177087,0.54943182,0.48622365,1.42014967,0.53813083
37.6800,0.51182740,2.80182326,0.54946669,0.48623475,1.42021572,0.53811573
37.6900,0.51181642,2.80187561,0.54950154,0.48624584,1.42028171,0.53810064
37.7000,0.51180544,2.80192791,0.54953637,0.48625692,1.42034765,0.53808557
37.7100,0.51179447,2.80198016,0.54957118,0.48626798,1.42041353,0.53807051
37.7200,0.51178352,2.80203237,0.54960596,0.48627903,1.42047935,0.53805546
37.7300,0.51177257,2.80208454,0.54964071,0.48629008,1.42054513,0.53804043
37.7400,0.51176163,2.80213666,0.54967545,0.48630111,1.42061084,0.53802541
37.7500,0.51175071,2.80218874,0.54971016,0.48631213,1.42067651,0.53801040
37.7600,0.51173979,2.80224077,0.54974484,0.48632314,1.42074212,0.53799541
37.7700,0.51172888,2.80229275,0.54977950,0.48633414,1.42080767,0.53798043
37.7800,0.51171799,2.80234469,0.54981414,0.48634512,1.42087317,0.53796547
37.7900,0.51170710,2.80239659,0.54984876,0.48635610,1.42093861,0.53795052
37.8000,0.51169622,2.80244844,0.54988335,0.48636706,1.42100400,0.53793558
37.8100,0.51168535,2.80250025,0.54991792,0.48637801,1.42106934,0.53792065
37.8200,0.51167450,2.80255201,0.54995246,0.48638896,1.42113462,0.53790574
37.8300,0.51166365,2.80260373,0.54998698,0.48639989,1.42119985,0.53789084
37.8400,0.51165281,2.80265540,0.55002148,0.48641081,1.42126502,0.53787596
37.8500,0.51164198,2.80270703,0.55005595,0.48642171,1.42133014,0.53786109
37.8600,0.51163117,2.80275861,0.55009040,0.48643261,1.42139520,0.53784623
37.8700,0.51162036,2.80281015,0.55012482,0.48644350,1.42146021,0.53783139
37.8800,0.51160956,2.80286165,0.55015923,0.48645437,1.42152517,0.53781656
37.8900,0.51159877,2.80291310,0.55019360,0.48646524,1.42159007,0.53780174
37.9000,0.51158799,2.80296450,0.55022796,0.48647609,1.42165492,0.53778694
37.9100,0.51157722,2.80301587,0.55026229,0.48648693,1.42171972,0.53777215
37.9200,0.51156646,2.80306718,0.55029660,0.48649776,1.42178446,0.53775737
37.9300,0.51155571,2.80311846,0.55033088,0.48650858,1.42184914,0.53774261
37.9400,0.51154497,2.80316969,0.55036514,0.48651939,1.42191377,0.53772786
37.9500,0.51153424,2.80322087,0.55039938,0.48653019,1.42197835,0.53771312
37.9600,0.51152352,2.80327201,0.55043360,0.48654097,1.42204288,0.53769840
37.9700,0.51151281,2.80332311,0.55046779,0.48655175,1.42210735,0.53768369
37.9800,0.51150211,2.80337416,0.55050195,0.48656251,1.42217177,0.53766899
37.9900,0.51149142,2.80342517,0.55053610,0.48657327,1.42223613,0.53765431
38.0000,0.51148074,2.80347614,0.55057022,0.48658401,1.42230044,0.53763964
38.0100,0.51147006,2.80352706,0.55060432,0.48659474,1.42236470,0.53762498
38.0200,0.51145940,2.80357794,0.55063839,0.48660546,1.42242890,0.53761034
38.0300,0.51144875,2.80362877,0.55067244,0.48661617,1.42249305,0.53759571
38.0400,0.51143811,2.80367956,0.55070647,0.48662687,1.42255715,0.53758109
38.0500,0.51142747,2.80373031,0.55074047,0.48663756,1.42262119,0.53756649
38.0600,0.51141685,2.80378101,0.55077445,0.48664823,1.42268518,0.53755190
38.0700,0.51140623,2.80383167,0.55080841,0.48665890,1.42274912,0.53753732
38.0800,0.51139563,2.80388229,0.55084234,0.48666955,1.42281300,0.53752276
38.0900,0.51138503,2.80393286,0.55087625,0.48668020,1.42287683,0.53750821
38.1000,0.51137445,2.80398339,0.55091014,0.48669083,1.42294061,0.53749367
38.1100,0.51136387,2.80403387,0.55094401,0.48670145,1.42300433,0.53747915
38.1200,0.51135331,2.80408431,0.55097785,0.48671207,1.42306800,0.53746463
38.1300,0.51134275,2.80413471,0.55101167,0.48672267,1.42313162,0.53745014
38.1400,0.51133220,2.80418507,0.55104546,0.48673326,1.42319518,0.53743565
38.1500,0.51132167,2.80423538,0.55107923,0.48674384,1.42325870,0.53742118
38.1600,0.51131114,2.80428565,0.55111298,0.48675441,1.42332215,0.53740672
38.1700,0.51130062,2.80433587,0.55114671,0.48676496,1.42338556,0.53739228
38.1800,0.51129011,2.80438605,0.55118041,0.48677551,1.42344891,0.53737784
38.1900,0.51127961,2.80443619,0.55121409,0.48678605,1.42351221,0.53736342
38.2000,0.51126912,2.80448629,0.55124774,0.48679657,1.42357546,0.53734902
38.2100,0.51125864,2.80453634,0.55128138,0.48680709,1.42363865,0.53733462
38.2200,0.51124817,2.80458635,0.55131499,0.48681759,1.42370180,0.53732024
38.2300,0.51123771,2.80463632,0.55134857,0.48682808,1.42376489,0.53730587
38.2400,0.51122725,2.80468624,0.55138214,0.48683857,1.42382792,0.53729152
38.2500,0.51121681,2.80473612,0.55141568,0.48684904,1.42389091,0.53727718
38.2600,0.51120638,2.80478596,0.55144920,0.48685950,1.42395384,0.53726285
38.2700,0.51119595,2.80483575,0.55148269,0.48686995,1.42401672,0.53724853
38.2800,0.51118554,2.80488551,0.55151616,0.48688039,1.42407955,0.53723423
38.2900,0.51117513,2.80493522,0.55154961,0.48689082,1.42414232,0.53721994
38.3000,0.51116474,2.80498488,0.55158304,0.48690124,1.42420504,0.53720567
38.3100,0.51115435,2.80503451,0.55161644,0.48691164,1.42426771,0.53719140
38.3200,0.51114397,2.80508409,0.55164982,0.48692204,1.42433033,0.53717715
38.3300,0.51113361,2.80513363,0.55168318,0.48693243,1.42439290,0.53716291
38.3400,0.51112325,2.80518312,0.55171652,0.48694280,1.42445541,0.53714869
38.3500,0.51111290,2.80523258,0.55174983,0.48695317,1.42451787,0.53713448
38.3600,0.51110256,2.80528199,0.55178312,0.48696352,1.42458028,0.53712028
38.3700,0.51109223,2.80533136,0.55181638,0.48697387,1.42464264,0.53710609
38.3800,0.51108191,2.80538069,0.55184963,0.48698420,1.42470494,0.53709192
38.3900,0.51107160,2.80542997,0.55188285,0.48699452,1.42476720,0.53707776
38.4000,0.51106130,2.80547921,0.55191604,0.48700484,1.42482940,0.53706361
38.4100,0.51105100,2.80552841,0.55194922,0.48701514,1.42489155,0.53704947
38.4200,0.51104072,2.80557757,0.55198237,0.48702543,1.42495365,0.53703535
38.4300,0.51103044,2.80562669,0.55201550,0.48703571,1.42501569,0.53702124
38.4400,0.51102018,2.80567576,0.55204861,0.48704598,1.42507769,0.53700714
38.4500,0.51100992,2.80572479,0.55208169,0.48705624,1.42513963,0.53699306
38.4600,0.51099968,2.80577378,0.55211475,0.48706649,1.42520152,0.53697899
38.4700,0.51098944,2.80582273,0.55214779,0.48707673,1.42526336,0.53696493
38.4800,0.51097921,2.80587163,0.55218081,0.48708696,1.42532515,0.53695089
38.4900,0.51096899,2.80592049,0.55221380,0.48709718,1.42538688,0.53693685
38.5000,0.51095878,2.80596931,0.55224677,0.48710739,1.42544857,0.53692283
38.5100,0.51094858,2.80601809,0.55227972,0.48711758,1.42551020,0.53690882
38.5200,0.51093839,2.80606683,0.55231264,0.48712777,1.42557178,0.53689483
38.5300,0.51092821,2.80611553,0.55234555,0.48713795,1.42563331,0.53688085
38.5400,0.51091803,2.80616418,0.55237843,0.48714811,1.42569479,0.53686688
38.5500,0.51090787,2.80621279,0.55241128,0.48715827,1.42575622,0.53685292
38.5600,0.51089772,2.80626136,0.55244412,0.48716841,1.42581759,0.53683898
38.5700,0.51088757,2.80630989,0.55247693,0.48717855,1.42587892,0.53682504
38.5800,0.51087743,2.80635838,0.55250972,0.48718867,1.42594019,0.53681113
38.5900,0.51086731,2.80640682,0.55254249,0.48719879,1.42600142,0.53679722
38.6000,0.51085719,2.80645523,0.55257523,0.48720889,1.42606259,0.53678333
38.6100,0.51084708,2.80650359,0.55260796,0.48721899,1.42612371,0.53676944
38.6200,0.51083698,2.80655191,0.55264066,0.48722907,1.42618478,0.53675558
38.6300,0.51082689,2.80660019,0.55267333,0.48723914,1.42624580,0.53674172
38.6400,0.51081681,2.80664843,0.55270599,0.48724920,1.42630677,0.53672788
38.6500,0.51080673,2.80669663,0.55273862,0.48725926,1.42636768,0.53671404
38.6600,0.51079667,2.80674478,0.55277123,0.48726930,1.42642855,0.53670023
38.6700,0.51078662,2.80679289,0.55280382,0.48727933,1.42648936,0.53668642
38.6800,0.51077657,2.80684097,0.55283639,0.48728935,1.42655013,0.53667263
38.6900,0.51076653,2.80688900,0.55286893,0.48729937,1.42661084,0.53665885
38.7000,0.51075651,2.80693699,0.55290145,0.48730937,1.42667151,0.53664508
38.7100,0.51074649,2.80698494,0.55293395,0.48731936,1.42673212,0.53663132
38.7200,0.51073648,2.80703285,0.55296642,0.48732934,1.42679268,0.53661758
38.7300,0.51072648,2.80708072,0.55299888,0.48733931,1.42685319,0.53660385
38.7400,0.51071649,2.80712854,0.55303131,0.48734927,1.42691365,0.53659013
38.7500,0.51070650,2.80717633,0.55306372,0.48735922,1.42697406,0.53657642
38.7600,0.51069653,2.80722407,0.55309611,0.48736916,1.42703442,0.53656273
38.7700,0.51068657,2.80727178,0.55312847,0.48737909,1.42709473,0.53654905
38.7800,0.51067661,2.80731944,0.55316081,0.48738901,1.42715499,0.53653538
38.7900,0.51066666,2.80736706,0.55319313,0.48739892,1.42721520,0.53652172
38.8000,0.51065673,2.80741464,0.55322543,0.48740882,1.42727536,0.53650808
38.8100,0.51064680,2.80746218,0.55325771,0.48741871,1.42733547,0.53649445
38.8200,0.51063688,2.80750968,0.55328996,0.48742859,1.42739553,0.53648083
38.8300,0.51062697,2.80755714,0.55332219,0.48743846,1.42745553,0.53646722
38.8400,0.51061706,2.80760456,0.55335440,0.48744832,1.42751549,0.53645362
38.8500,0.51060717,2.80765194,0.55338659,0.48745817,1.42757540,0.53644004
38.8600,0.51059729,2.80769927,0.55341875,0.48746801,1.42763526,0.53642647
38.8700,0.51058741,2.80774657,0.55345090,0.48747784,1.42769506,0.53641291
38.8800,0.51057754,2.80779383,0.55348302,0.48748766,1.42775482,0.53639937
38.8900,0.51056769,2.80784104,0.55351512,0.48749747,1.42781453,0.53638583
38.9000,0.51055784,2.80788822,0.55354719,0.48750726,1.42787419,0.53637231
38.9100,0.51054800,2.80793535,0.55357925,0.48751705,1.42793380,0.53635880
38.9200,0.51053817,2.80798245,0.55361128,0.48752683,1.42799335,0.53634531
38.9300,0.51052834,2.80802950,0.55364329,0.48753660,1.42805286,0.53633182
38.9400,0.51051853,2.80807652,0.55367528,0.48754636,1.42811232,0.53631835
38.9500,0.51050873,2.80812349,0.55370725,0.48755611,1.42817173,0.53630489
38.9600,0.51049893,2.80817042,0.55373919,0.48756585,1.42823109,0.53629144
38.9700,0.51048914,2.80821732,0.55377111,0.48757558,1.42829040,0.53627801
38.9800,0.51047937,2.80826417,0.55380301,0.48758530,1.42834966,0.53626458
38.9900,0.51046960,2.80831099,0.55383489,0.48759501,1.42840887,0.53625117
39.0000,0.51045984,2.80835776,0.55386675,0.48760471,1.42846803,0.53623777
39.0100,0.51045008,2.80840449,0.55389859,0.48761440,1.42852715,0.53622439
39.0200,0.51044034,2.80845119,0.55393040,0.48762408,1.42858621,0.53621101
39.0300,0.51043061,2.80849784,0.55396219,0.48763375,1.42864522,0.53619765
39.0400,0.51042088,2.80854445,0.55399396,0.48764341,1.42870419,0.53618430
39.0500,0.51041116,2.80859103,0.55402571,0.48765306,1.42876310,0.53617096
39.0600,0.51040145,2.80863756,0.55405743,0.48766270,1.42882197,0.53615763
39.0700,0.51039176,2.80868405,0.55408914,0.48767233,1.42888078,0.53614432
39.0800,0.51038206,2.80873051,0.55412082,0.48768195,1.42893955,0.53613102
39.0900,0.51037238,2.80877692,0.55415248,0.48769156,1.42899827,0.53611773
39.1000,0.51036271,2.80882330,0.55418412,0.48770116,1.42905693,0.53610445
39.1100,0.51035304,2.80886963,0.55421573,0.48771075,1.42911555,0.53609118
39.1200,0.51034339,2.80891593,0.55424733,0.48772033,1.42917413,0.53607793
39.1300,0.51033374,2.80896219,0.55427890,0.48772990,1.42923265,0.53606469
39.1400,0.51032410,2.80900840,0.55431045,0.48773947,1.42929112,0.53605146
39.1500,0.51031447,2.80905458,0.55434198,0.48774902,1.42934954,0.53603824
39.1600,0.51030485,2.80910072,0.55437349,0.48775856,1.42940792,0.53602503
39.1700,0.51029524,2.80914682,0.55440498,0.48776809,1.42946624,0.53601184
39.1800,0.51028563,2.80919288,0.55443644,0.48777762,1.42952452,0.53599866
39.1900,0.51027604,2.80923889,0.55446788,0.48778713,1.42958275,0.53598549
39.2000,0.51026645,2.80928487,0.55449930,0.48779663,1.42964093,0.53597233
39.2100,0.51025687,2.80933082,0.55453070,0.48780613,1.42969906,0.53595918
39.2200,0.51024730,2.80937672,0.55456208,0.48781561,1.42975715,0.53594605
39.2300,0.51023774,2.80942258,0.55459344,0.48782508,1.42981518,0.53593293
39.2400,0.51022819,2.80946840,0.55462477,0.48783455,1.42987317,0.53591981
39.2500,0.51021864,2.80951419,0.55465609,0.48784400,1.42993110,0.53590672
39.2600,0.51020911,2.80955993,0.55468738,0.48785345,1.42998899,0.53589363
39.2700,0.51019958,2.80960564,0.55471865,0.48786288,1.43004683,0.53588055
39.2800,0.51019006,2.80965131,0.55474990,0.48787231,1.43010462,0.53586749
39.2900,0.51018055,2.80969693,0.55478112,0.48788173,1.43016237,0.53585444
39.3000,0.51017105,2.80974252,0.55481233,0.48789113,1.43022006,0.53584140
39.3100,0.51016155,2.80978807,0.55484351,0.48790053,1.43027771,0.53582837
39.3200,0.51015207,2.80983359,0.55487467,0.48790992,1.43033531,0.53581536
39.3300,0.51014259,2.80987906,0.55490582,0.48791930,1.43039286,0.53580235
39.3400,0.51013313,2.80992449,0.55493694,0.48792867,1.43045036,0.53578936
39.3500,0.51012367,2.80996989,0.55496803,0.48793802,1.43050781,0.53577638
39.3600,0.51011422,2.81001524,0.55499911,0.48794737,1.43056522,0.53576341
39.3700,0.51010477,2.81006056,0.55503017,0.48795671,1.43062258,0.53575045
39.3800,0.51009534,2.81010584,0.55506120,0.48796604,1.43067989,0.53573751
39.3900,0.51008591,2.81015108,0.55509221,0.48797536,1.43073715,0.53572458
39.4000,0.51007650,2.81019628,0.55512320,0.48798468,1.43079437,0.53571165
39.4100,0.51006709,2.81024144,0.55515417,0.48799398,1.43085153,0.53569874
39.4200,0.51005769,2.81028657,0.55518512,0.48800327,1.43090865,0.53568585
39.4300,0.51004830,2.81033166,0.55521605,0.48801255,1.43096572,0.53567296
39.4400,0.51003891,2.81037670,0.55524695,0.48802182,1.43102274,0.53566009
39.4500,0.51002954,2.81042171,0.55527784,0.48803109,1.43107972,0.53564722
39.4600,0.51002017,2.81046668,0.55530870,0.48804034,1.43113665,0.53563437
39.4700,0.51001081,2.81051162,0.55533954,0.48804959,1.43119353,0.53562153
39.4800,0.51000146,2.81055651,0.55537036,0.48805882,1.43125036,0.53560870
39.4900,0.50999212,2.81060137,0.55540116,0.48806805,1.43130714,0.53559589
39.5000,0.50998279,2.81064618,0.55543194,0.48807727,1.43136388,0.53558308
39.5100,0.50997346,2.81069096,0.55546270,0.48808647,1.43142057,0.53557029
39.5200,0.50996415,2.81073570,0.55549344,0.48809567,1.43147721,0.53555751
39.5300,0.50995484,2.81078041,0.55552415,0.48810486,1.43153381,0.53554474
39.5400,0.50994554,2.81082507,0.55555484,0.48811404,1.43159035,0.53553198
39.5500,0.50993625,2.81086970,0.55558552,0.48812321,1.43164685,0.53551923
39.5600,0.50992696,2.81091429,0.55561617,0.48813237,1.43170331,0.53550650
39.5700,0.50991769,2.81095884,0.55564680,0.48814152,1.43175971,0.53549377
39.5800,0.50990842,2.81100335,0.55567741,0.48815066,1.43181607,0.53548106
39.5900,0.50989916,2.81104783,0.55570799,0.48815979,1.43187238,0.53546836
39.6000,0.50988991,2.81109226,0.55573856,0.48816891,1.43192865,0.53545567
39.6100,0.50988067,2.81113666,0.55576911,0.48817803,1.43198486,0.53544299
39.6200,0.50987144,2.81118102,0.55579963,0.48818713,1.43204103,0.53543033
39.6300,0.50986221,2.81122535,0.55583013,0.48819623,1.43209715,0.53541767
39.6400,0.50985299,2.81126963,0.55586062,0.48820531,1.43215323,0.53540503
39.6500,0.50984378,2.81131388,0.55589108,0.48821439,1.43220926,0.53539240
39.6600,0.50983458,2.81135809,0.55592152,0.48822346,1.43226524,0.53537977
39.6700,0.50982539,2.81140227,0.55595194,0.48823251,1.43232118,0.53536717
39.6800,0.50981621,2.81144640,0.55598233,0.48824156,1.43237706,0.53535457
39.6900,0.50980703,2.81149050,0.55601271,0.48825060,1.43243290,0.53534198
39.7000,0.50979786,2.81153456,0.55604307,0.48825963,1.43248870,0.53532941
39.7100,0.50978870,2.81157858,0.55607340,0.48826865,1.43254445,0.53531684
39.7200,0.50977955,2.81162257,0.55610372,0.48827766,1.43260015,0.53530429
39.7300,0.50977041,2.81166651,0.55613401,0.48828667,1.43265580,0.53529175
39.7400,0.50976127,2.81171042,0.55616429,0.48829566,1.43271141,0.53527922
39.7500,0.50975215,2.81175430,0.55619454,0.48830464,1.43276697,0.53526671
39.7600,0.50974303,2.81179813,0.55622477,0.48831362,1.43282248,0.53525420
39.7700,0.50973392,2.81184193,0.55625498,0.48832258,1.43287795,0.53524170
39.7800,0.50972481,2.81188569,0.55628517,0.48833154,1.43293337,0.53522922
39.7900,0.50971572,2.81192941,0.55631534,0.48834049,1.43298875,0.53521675
39.8000,0.50970663,2.81197310,0.55634548,0.48834943,1.43304408,0.53520429
39.8100,0.50969755,2.81201675,0.55637561,0.48835836,1.43309936,0.53519184
39.8200,0.50968848,2.81206036,0.55640572,0.48836728,1.43315459,0.53517940
39.8300,0.50967942,2.81210394,0.55643580,0.48837619,1.43320978,0.53516697
39.8400,0.50967037,2.81214747,0.55646587,0.48838509,1.43326493,0.53515456
39.8500,0.50966132,2.81219097,0.55649591,0.48839398,1.43332002,0.53514215
39.8600,0.50965228,2.81223444,0.55652593,0.48840286,1.43337508,0.53512976
39.8700,0.50964325,2.81227787,0.55655593,0.48841174,1.43343008,0.53511738
39.8800,0.50963423,2.81232126,0.55658592,0.48842060,1.43348504,0.53510501
39.8900,0.50962521,2.81236461,0.55661588,0.48842946,1.43353995,0.53509265
39.9000,0.50961621,2.81240792,0.55664582,0.48843831,1.43359482,0.53508030
39.9100,0.50960721,2.81245120,0.55667574,0.48844715,1.43364964,0.53506796
39.9200,0.50959822,2.81249445,0.55670563,0.48845598,1.43370441,0.53505564
39.9300,0.50958924,2.81253765,0.55673551,0.48846480,1.43375914,0.53504332
39.9400,0.50958026,2.81258082,0.55676537,0.48847361,1.43381382,0.53503102
39.9500,0.50957130,2.81262395,0.55679521,0.48848241,1.43386846,0.53501873
39.9600,0.50956234,2.81266705,0.55682502,0.48849120,1.43392305,0.53500644
39.9700,0.50955339,2.81271011,0.55685482,0.48849999,1.43397760,0.53499417
39.9800,0.50954445,2.81275313,0.55688459,0.48850876,1.43403210,0.53498192
39.9900,0.50953551,2.81279611,0.55691435,0.48851753,1.43408655,0.53496967
40.0000,0.50952659,2.81283906,0.55694408,0.48852629,1.43414096,0.53495743
40.0100,0.50951767,2.81288198,0.55697379,0.48853503,1.43419532,0.53494521
40.0200,0.50950876,2.81292485,0.55700349,0.48854377,1.43424964,0.53493299
40.0300,0.50949986,2.81296769,0.55703316,0.48855250,1.43430391,0.53492079
40.0400,0.50949096,2.81301050,0.55706281,0.48856123,1.43435814,0.53490859
40.0500,0.50948208,2.81305326,0.55709244,0.48856994,1.43441232,0.53489641
40.0600,0.50947320,2.81309599,0.55712205,0.48857864,1.43446645,0.53488424
40.0700,0.50946433,2.81313869,0.55715164,0.48858734,1.43452054,0.53487208
40.0800,0.50945546,2.81318135,0.55718121,0.48859602,1.43457458,0.53485994
40.0900,0.50944661,2.81322397,0.55721076,0.48860470,1.43462858,0.53484780
40.1000,0.50943776,2.81326655,0.55724029,0.48861337,1.43468254,0.53483567
40.1100,0.50942892,2.81330910,0.55726980,0.48862203,1.43473645,0.53482356
40.1200,0.50942009,2.81335162,0.55729929,0.48863068,1.43479031,0.53481145
40.1300,0.50941127,2.81339409,0.55732876,0.48863932,1.43484413,0.53479936
40.1400,0.50940245,2.81343653,0.55735820,0.48864795,1.43489790,0.53478728
40.1500,0.50939364,2.81347894,0.55738763,0.48865658,1.43495163,0.53477521
40.1600,0.50938484,2.81352131,0.55741704,0.48866519,1.43500531,0.53476315
40.1700,0.50937605,2.81356364,0.55744642,0.48867380,1.43505895,0.53475110
40.1800,0.50936727,2.81360594,0.55747579,0.48868240,1.43511254,0.53473906
40.1900,0.50935849,2.81364820,0.55750513,0.48869099,1.43516609,0.53472703
40.2000,0.50934972,2.81369042,0.55753446,0.48869957,1.43521959,0.53471502
40.2100,0.50934096,2.81373261,0.55756377,0.48870814,1.43527305,0.53470301
40.2200,0.50933221,2.81377477,0.55759305,0.48871670,1.43532646,0.53469102
40.2300,0.50932346,2.81381688,0.55762231,0.48872525,1.43537983,0.53467903
40.2400,0.50931473,2.81385897,0.55765156,0.48873380,1.43543315,0.53466706
40.2500,0.50930600,2.81390101,0.55768078,0.48874234,1.43548643,0.53465510
40.2600,0.50929727,2.81394302,0.55770999,0.48875086,1.43553966,0.53464315
40.2700,0.50928856,2.81398500,0.55773917,0.48875938,1.43559285,0.53463121
40.2800,0.50927985,2.81402694,0.55776833,0.48876789,1.43564599,0.53461928
40.2900,0.50927115,2.81406884,0.55779748,0.48877639,1.43569909,0.53460736
40.3000,0.50926246,2.81411071,0.55782660,0.48878489,1.43575215,0.53459545
40.3100,0.50925378,2.81415254,0.55785570,0.48879337,1.43580516,0.53458355
40.3200,0.50924510,2.81419434,0.55788479,0.48880185,1.43585812,0.53457167
40.3300,0.50923643,2.81423610,0.55791385,0.48881031,1.43591105,0.53455979
40.3400,0.50922777,2.81427783,0.55794289,0.48881877,1.43596392,0.53454793
40.3500,0.50921912,2.81431952,0.55797192,0.48882722,1.43601676,0.53453607
40.3600,0.50921048,2.81436117,0.55800092,0.48883566,1.43606954,0.53452423
40.3700,0.50920184,2.81440279,0.55802990,0.48884409,1.43612229,0.53451240
40.3800,0.50919321,2.81444438,0.55805886,0.48885252,1.43617499,0.53450058
40.3900,0.50918459,2.81448593,0.55808780,0.48886093,1.43622764,0.53448877
40.4000,0.50917597,2.81452744,0.55811673,0.48886934,1.43628025,0.53447697
40.4100,0.50916737,2.81456892,0.55814563,0.48887774,1.43633282,0.53446518
40.4200,0.50915877,2.81461036,0.55817451,0.48888613,1.43638534,0.53445340
40.4300,0.50915017,2.81465177,0.55820337,0.48889451,1.43643782,0.53444163
40.4400,0.50914159,2.81469315,0.55823222,0.48890288,1.43649026,0.53442987
40.4500,0.50913301,2.81473448,0.55826104,0.48891124,1.43654265,0.53441813
40.4600,0.50912445,2.81477579,0.55828984,0.48891960,1.43659500,0.53440639
40.4700,0.50911588,2.81481706,0.55831862,0.48892795,1.43664730,0.53439467
40.4800,0.50910733,2.81485829,0.55834739,0.48893628,1.43669956,0.53438295
40.4900,0.50909879,2.81489949,0.55837613,0.48894461,1.43675177,0.53437125
40.5000,0.50909025,2.81494065,0.55840485,0.48895293,1.43680394,0.53435956
40.5100,0.50908172,2.81498178,0.55843355,0.48896125,1.43685607,0.53434787
40.5200,0.50907319,2.81502287,0.55846224,0.48896955,1.43690815,0.53433620
40.5300,0.50906468,2.81506393,0.55849090,0.48897785,1.43696019,0.53432454
40.5400,0.50905617,2.81510496,0.55851954,0.48898613,1.43701219,0.53431289
40.5500,0.50904767,2.81514595,0.55854817,0.48899441,1.43706414,0.53430125
40.5600,0.50903918,2.81518690,0.55857677,0.48900268,1.43711605,0.53428962
40.5700,0.50903069,2.81522782,0.55860535,0.48901094,1.43716791,0.53427800
40.5800,0.50902221,2.81526871,0.55863392,0.48901920,1.43721973,0.53426639
40.5900,0.50901374,2.81530956,0.55866246,0.48902744,1.43727151,0.53425479
40.6000,0.50900528,2.81535037,0.55869099,0.48903568,1.43732325,0.53424321
40.6100,0.50899682,2.81539116,0.55871949,0.48904391,1.43737494,0.53423163
40.6200,0.50898837,2.81543190,0.55874798,0.48905212,1.43742658,0.53422006
40.6300,0.50897993,2.81547262,0.55877644,0.48906034,1.43747819,0.53420851
40.6400,0.50897150,2.81551329,0.55880489,0.48906854,1.43752975,0.53419696
40.6500,0.50896307,2.81555394,0.55883331,0.48907673,1.43758127,0.53418543
40.6600,0.50895466,2.81559455,0.55886172,0.48908492,1.43763274,0.53417390
40.6700,0.50894625,2.81563512,0.55889010,0.48909310,1.43768417,0.53416239
40.6800,0.50893784,2.81567566,0.55891847,0.48910127,1.43773556,0.53415089
40.6900,0.50892945,2.81571617,0.55894682,0.48910943,1.43778690,0.53413939
40.7000,0.50892106,2.81575664,0.55897515,0.48911758,1.43783820,0.53412791
40.7100,0.50891268,2.81579708,0.55900345,0.48912572,1.43788946,0.53411644
40.7200,0.50890430,2.81583748,0.55903174,0.48913386,1.43794067,0.53410498
40.7300,0.50889594,2.81587785,0.55906001,0.48914199,1.43799185,0.53409353
40.7400,0.50888758,2.81591818,0.55908826,0.48915011,1.43804298,0.53408208
40.7500,0.50887923,2.81595848,0.55911649,0.48915822,1.43809406,0.53407065
40.7600,0.50887088,2.81599875,0.55914470,0.48916632,1.43814510,0.53405923
40.7700,0.50886255,2.81603898,0.55917289,0.48917441,1.43819610,0.53404782
40.7800,0.50885422,2.81607918,0.55920106,0.48918250,1.43824706,0.53403643
40.7900,0.50884590,2.81611934,0.55922921,0.48919058,1.43829797,0.53402504
40.8000,0.50883758,2.81615948,0.55925734,0.48919865,1.43834885,0.53401366
40.8100,0.50882927,2.81619957,0.55928545,0.48920671,1.43839967,0.53400229
40.8200,0.50882097,2.81623963,0.55931355,0.48921476,1.43845046,0.53399093
40.8300,0.50881268,2.81627966,0.55934162,0.48922281,1.43850120,0.53397958
40.8400,0.50880440,2.81631966,0.55936967,0.48923084,1.43855190,0.53396825
40.8500,0.50879612,2.81635962,0.55939771,0.48923887,1.43860256,0.53395692
40.8600,0.50878785,2.81639955,0.55942572,0.48924689,1.43865318,0.53394560
40.8700,0.50877958,2.81643944,0.55945372,0.48925490,1.43870375,0.53393430
40.8800,0.50877133,2.81647930,0.55948169,0.48926291,1.43875428,0.53392300
40.8900,0.50876308,2.81651912,0.55950965,0.48927090,1.43880477,0.53391172
40.9000,0.50875484,2.81655892,0.55953759,0.48927889,1.43885521,0.53390044
40.9100,0.50874660,2.81659867,0.55956550,0.48928687,1.43890561,0.53388917
40.9200,0.50873838,2.81663840,0.55959340,0.48929484,1.43895597,0.53387792
40.9300,0.50873016,2.81667809,0.55962128,0.48930281,1.43900629,0.53386667
40.9400,0.50872195,2.81671775,0.55964914,0.48931076,1.43905657,0.53385544
40.9500,0.50871374,2.81675737,0.55967698,0.48931871,1.43910680,0.53384422
40.9600,0.50870554,2.81679696,0.55970480,0.48932665,1.43915699,0.53383300
40.9700,0.50869735,2.81683652,0.55973260,0.48933458,1.43920714,0.53382180
40.9800,0.50868917,2.81687604,0.55976039,0.48934250,1.43925724,0.53381060
40.9900,0.50868099,2.81691553,0.55978815,0.48935041,1.43930731,0.53379942
41.0000,0.50867282,2.81695499,0.55981589,0.48935832,1.43935733,0.53378825
41.0100,0.50866466,2.81699441,0.55984362,0.48936622,1.43940731,0.53377708
41.0200,0.50865651,2.81703380,0.55987132,0.48937411,1.43945725,0.53376593
41.0300,0.50864836,2.81707316,0.55989901,0.48938199,1.43950714,0.53375479
41.0400,0.50864022,2.81711249,0.55992668,0.48938986,1.43955700,0.53374365
41.0500,0.50863209,2.81715178,0.55995432,0.48939773,1.43960681,0.53373253
41.0600,0.50862396,2.81719103,0.55998195,0.48940559,1.43965658,0.53372142
41.0700,0.50861584,2.81723026,0.56000956,0.48941344,1.43970631,0.53371032
41.0800,0.50860773,2.81726945,0.56003715,0.48942128,1.43975599,0.53369922
41.0900,0.50859963,2.81730861,0.56006472,0.48942911,1.43980564,0.53368814
41.1000,0.50859153,2.81734773,0.56009227,0.48943694,1.43985524,0.53367707
41.1100,0.50858344,2.81738682,0.56011981,0.48944476,1.43990480,0.53366601
41.1200,0.50857536,2.81742588,0.56014732,0.48945257,1.43995432,0.53365496
41.1300,0.50856728,2.81746491,0.56017482,0.48946037,1.44000380,0.53364391
41.1400,0.50855921,2.81750390,0.56020229,0.48946816,1.44005323,0.53363288
41.1500,0.50855115,2.81754286,0.56022975,0.48947595,1.44010263,0.53362186
41.1600,0.50854310,2.81758179,0.56025718,0.48948372,1.44015198,0.53361085
41.1700,0.50853505,2.81762068,0.56028460,0.48949149,1.44020129,0.53359985
41.1800,0.50852701,2.81765954,0.56031200,0.48949926,1.44025056,0.53358885
41.1900,0.50851898,2.81769837,0.56033938,0.48950701,1.44029979,0.53357787
41.2000,0.50851095,2.81773716,0.56036674,0.48951476,1.44034898,0.53356690
41.2100,0.50850293,2.81777593,0.56039409,0.48952250,1.44039812,0.53355594
41.2200,0.50849492,2.81781466,0.56042141,0.48953023,1.44044722,0.53354499
41.2300,0.50848692,2.81785335,0.56044871,0.48953795,1.44049629,0.53353405
41.2400,0.50847892,2.81789202,0.56047600,0.48954566,1.44054531,0.53352311
41.2500,0.50847093,2.81793065,0.56050326,0.48955337,1.44059429,0.53351219
41.2600,0.50846294,2.81796925,0.56053051,0.48956107,1.44064323,0.53350128
41.2700,0.50845497,2.81800782,0.56055774,0.48956876,1.44069212,0.53349038
41.2800,0.50844700,2.81804635,0.56058495,0.48957644,1.44074098,0.53347948
41.2900,0.50843904,2.81808485,0.56061214,0.48958412,1.44078979,0.53346860
41.3000,0.50843108,2.81812332,0.56063931,0.48959178,1.44083857,0.53345773
41.3100,0.50842313,2.81816176,0.56066646,0.48959944,1.44088730,0.53344687
41.3200,0.50841519,2.81820016,0.56069360,0.48960709,1.44093599,0.53343601
41.3300,0.50840726,2.81823853,0.56072071,0.48961474,1.44098464,0.53342517
41.3400,0.50839933,2.81827687,0.56074781,0.48962237,1.44103325,0.53341434
41.3500,0.50839141,2.81831518,0.56077489,0.48963000,1.44108182,0.53340352
41.3600,0.50838349,2.81835346,0.56080195,0.48963762,1.44113035,0.53339270
41.3700,0.50837559,2.81839170,0.56082899,0.48964524,1.44117884,0.53338190
41.3800,0.50836769,2.81842991,0.56085601,0.48965284,1.44122728,0.53337111
41.3900,0.50835979,2.81846809,0.56088301,0.48966044,1.44127569,0.53336032
41.4000,0.50835191,2.81850623,0.56090999,0.48966803,1.44132405,0.53334955
41.4100,0.50834403,2.81854435,0.56093696,0.48967561,1.44137237,0.53333878
41.4200,0.50833616,2.81858243,0.56096390,0.48968318,1.44142066,0.53332803
41.4300,0.50832829,2.81862048,0.56099083,0.48969075,1.44146890,0.53331728
41.4400,0.50832044,2.81865849,0.56101774,0.48969831,1.44151710,0.53330655
41.4500,0.50831258,2.81869648,0.56104463,0.48970586,1.44156526,0.53329582
41.4600,0.50830474,2.81873443,0.56107150,0.48971340,1.44161338,0.53328511
41.4700,0.50829690,2.81877235,0.56109835,0.48972093,1.44166146,0.53327440
41.4800,0.50828907,2.81881024,0.56112519,0.48972846,1.44170950,0.53326371
41.4900,0.50828125,2.81884810,0.56115200,0.48973598,1.44175750,0.53325302
41.5000,0.50827343,2.81888592,0.56117880,0.48974349,1.44180546,0.53324235
41.5100,0.50826562,2.81892372,0.56120558,0.48975100,1.44185338,0.53323168
41.5200,0.50825782,2.81896148,0.56123233,0.48975849,1.44190125,0.53322102
41.5300,0.50825002,2.81899921,0.56125908,0.48976598,1.44194909,0.53321038
41.5400,0.50824223,2.81903691,0.56128580,0.48977347,1.44199689,0.53319974
41.5500,0.50823445,2.81907457,0.56131250,0.48978094,1.44204464,0.53318911
41.5600,0.50822668,2.81911221,0.56133919,0.48978841,1.44209236,0.53317849
41.5700,0.50821891,2.81914981,0.56136585,0.48979586,1.44214004,0.53316788
41.5800,0.50821115,2.81918738,0.56139250,0.48980331,1.44218767,0.53315729
41.5900,0.50820339,2.81922492,0.56141913,0.48981076,1.44223527,0.53314670
41.6000,0.50819564,2.81926243,0.56144574,0.48981819,1.44228282,0.53313612
41.6100,0.50818790,2.81929990,0.56147233,0.48982562,1.44233034,0.53312555
41.6200,0.50818017,2.81933735,0.56149890,0.48983304,1.44237781,0.53311499
41.6300,0.50817244,2.81937476,0.56152546,0.48984045,1.44242525,0.53310444
41.6400,0.50816472,2.81941214,0.56155200,0.48984786,1.44247264,0.53309390
41.6500,0.50815700,2.81944949,0.56157851,0.48985526,1.44252000,0.53308336
41.6600,0.50814930,2.81948681,0.56160501,0.48986265,1.44256731,0.53307284
41.6700,0.50814160,2.81952410,0.56163150,0.48987003,1.44261459,0.53306233
41.6800,0.50813390,2.81956135,0.56165796,0.48987740,1.44266183,0.53305183
41.6900,0.50812621,2.81959858,0.56168440,0.48988477,1.44270902,0.53304133
41.7000,0.50811853,2.81963577,0.56171083,0.48989213,1.44275618,0.53303085
41.7100,0.50811086,2.81967293,0.56173724,0.48989948,1.44280329,0.53302038
41.7200,0.50810319,2.81971006,0.56176363,0.48990683,1.44285037,0.53300991
41.7300,0.50809553,2.81974716,0.56179000,0.48991417,1.44289741,0.53299946
41.7400,0.50808788,2.81978423,0.56181635,0.48992150,1.44294440,0.53298901
41.7500,0.50808023,2.81982126,0.56184268,0.48992882,1.44299136,0.53297858
41.7600,0.50807259,2.81985827,0.56186900,0.48993613,1.44303828,0.53296815
41.7700,0.50806496,2.81989524,0.56189530,0.48994344,1.44308516,0.53295773
41.7800,0.50805733,2.81993219,0.56192158,0.48995074,1.44313199,0.53294733
41.7900,0.50804971,2.81996910,0.56194784,0.48995803,1.44317879,0.53293693
41.8000,0.50804210,2.82000598,0.56197408,0.48996532,1.44322555,0.53292654
41.8100,0.50803449,2.82004283,0.56200030,0.48997259,1.44327227,0.53291616
41.8200,0.50802689,2.82007965,0.56202651,0.48997986,1.44331895,0.53290579
41.8300,0.50801930,2.82011643,0.56205270,0.48998713,1.44336559,0.53289543
41.8400,0.50801171,2.82015319,0.56207887,0.48999438,1.44341220,0.53288508
41.8500,0.50800413,2.82018992,0.56210502,0.49000163,1.44345876,0.53287474
41.8600,0.50799656,2.82022661,0.56213115,0.49000887,1.44350528,0.53286441
41.8700,0.50798899,2.82026328,0.56215727,0.49001610,1.44355177,0.53285408
41.8800,0.50798143,2.82029991,0.56218336,0.49002333,1.44359821,0.53284377
41.8900,0.50797388,2.82033651,0.56220944,0.49003055,1.44364462,0.53283347
41.9000,0.50796633,2.82037308,0.56223550,0.49003776,1.44369098,0.53282317
41.9100,0.50795879,2.82040962,0.56226155,0.49004496,1.44373731,0.53281289
41.9200,0.50795126,2.82044613,0.56228757,0.49005216,1.44378360,0.53280261
41.9300,0.50794373,2.82048261,0.56231358,0.49005935,1.44382985,0.53279235
41.9400,0.50793621,2.82051906,0.56233956,0.49006653,1.44387606,0.53278209
41.9500,0.50792870,2.82055548,0.56236553,0.49007370,1.44392223,0.53277184
41.9600,0.50792119,2.82059187,0.56239149,0.49008087,1.44396836,0.53276161
41.9700,0.50791369,2.82062822,0.56241742,0.49008803,1.44401445,0.53275138
41.9800,0.50790620,2.82066455,0.56244334,0.49009518,1.44406051,0.53274116
41.9900,0.50789871,2.82070084,0.56246923,0.49010232,1.44410652,0.53273095
42.0000,0.50789123,2.82073711,0.56249511,0.49010946,1.44415250,0.53272075
42.0100,0.50788376,2.82077334,0.56252097,0.49011659,1.44419844,0.53271055
42.0200,0.50787629,2.82080955,0.56254682,0.49012371,1.44424433,0.53270037
42.0300,0.50786883,2.82084572,0.56257264,0.49013083,1.44429019,0.53269020
42.0400,0.50786137,2.82088186,0.56259845,0.49013794,1.44433602,0.53268004
42.0500,0.50785392,2.82091798,0.56262424,0.49014504,1.44438180,0.53266988
42.0600,0.50784648,2.82095406,0.56265001,0.49015213,1.44442754,0.53265974
42.0700,0.50783905,2.82099011,0.56267576,0.49015922,1.44447325,0.53264960
42.0800,0.50783162,2.82102613,0.56270150,0.49016630,1.44451891,0.53263947
42.0900,0.50782420,2.82106212,0.56272722,0.49017337,1.44456454,0.53262936
42.1000,0.50781678,2.82109808,0.56275292,0.49018043,1.44461013,0.53261925
42.1100,0.50780937,2.82113402,0.56277860,0.49018749,1.44465568,0.53260915
42.1200,0.50780197,2.82116992,0.56280426,0.49019454,1.44470120,0.53259906
42.1300,0.50779457,2.82120579,0.56282991,0.49020159,1.44474667,0.53258898
42.1400,0.50778718,2.82124163,0.56285554,0.49020862,1.44479211,0.53257891
42.1500,0.50777980,2.82127744,0.56288115,0.49021565,1.44483750,0.53256885
42.1600,0.50777243,2.82131322,0.56290674,0.49022267,1.44488286,0.53255879
42.1700,0.50776505,2.82134897,0.56293231,0.49022969,1.44492818,0.53254875
42.1800,0.50775769,2.82138469,0.56295787,0.49023669,1.44497347,0.53253871
42.1900,0.50775033,2.82142038,0.56298341,0.49024369,1.44501871,0.53252869
42.2000,0.50774298,2.82145604,0.56300893,0.49025068,1.44506392,0.53251867
42.2100,0.50773564,2.82149167,0.56303443,0.49025767,1.44510908,0.53250866
42.2200,0.50772830,2.82152727,0.56305992,0.49026465,1.44515421,0.53249867
42.2300,0.50772097,2.82156284,0.56308539,0.49027162,1.44519930,0.53248868
42.2400,0.50771364,2.82159838,0.56311084,0.49027858,1.44524436,0.53247870
42.2500,0.50770633,2.82163389,0.56313627,0.49028554,1.44528937,0.53246873
42.2600,0.50769901,2.82166937,0.56316168,0.49029249,1.44533435,0.53245876
42.2700,0.50769171,2.82170482,0.56318708,0.49029943,1.44537929,0.53244881
42.2800,0.50768441,2.82174024,0.56321246,0.49030637,1.44542419,0.53243887
42.2900,0.50767711,2.82177563,0.56323782,0.49031330,1.44546905,0.53242893
42.3000,0.50766983,2.82181099,0.56326317,0.49032022,1.44551388,0.53241901
42.3100,0.50766255,2.82184633,0.56328849,0.49032713,1.44555867,0.53240909
42.3200,0.50765527,2.82188163,0.56331380,0.49033404,1.44560342,0.53239918
42.3300,0.50764801,2.82191690,0.56333909,0.49034094,1.44564813,0.53238929
42.3400,0.50764074,2.82195214,0.56336436,0.49034784,1.44569280,0.53237940
42.3500,0.50763349,2.82198736,0.56338962,0.49035472,1.44573744,0.53236952
42.3600,0.50762624,2.82202254,0.56341486,0.49036160,1.44578204,0.53235964
42.3700,0.50761900,2.82205770,0.56344008,0.49036847,1.44582660,0.53234978
42.3800,0.50761176,2.82209282,0.56346528,0.49037534,1.44587112,0.53233993
42.3900,0.50760453,2.82212792,0.56349046,0.49038220,1.44591560,0.53233008
42.4000,0.50759731,2.82216298,0.56351563,0.49038905,1.44596005,0.53232025
42.4100,0.50759009,2.82219802,0.56354078,0.49039589,1.44600446,0.53231042
42.4200,0.50758288,2.82223302,0.56356591,0.49040273,1.44604884,0.53230061
42.4300,0.50757568,2.82226800,0.56359103,0.49040956,1.44609317,0.53229080
42.4400,0.50756848,2.82230295,0.56361612,0.49041638,1.44613747,0.53228100
42.4500,0.50756129,2.82233787,0.56364120,0.49042320,1.44618173,0.53227121
42.4600,0.50755410,2.82237276,0.56366627,0.49043001,1.44622595,0.53226143
42.4700,0.50754692,2.82240762,0.56369131,0.49043681,1.44627014,0.53225165
42.4800,0.50753975,2.82244245,0.56371634,0.49044360,1.44631428,0.53224189
42.4900,0.50753258,2.82247725,0.56374135,0.49045039,1.44635839,0.53223213
42.5000,0.50752542,2.82251202,0.56376634,0.49045717,1.44640247,0.53222239
42.5100,0.50751827,2.82254677,0.56379131,0.49046395,1.44644650,0.53221265
42.5200,0.50751112,2.82258148,0.56381627,0.49047071,1.44649050,0.53220292
42.5300,0.50750398,2.82261617,0.56384121,0.49047748,1.44653446,0.53219320
42.5400,0.50749684,2.82265082,0.56386613,0.49048423,1.44657839,0.53218349
42.5500,0.50748971,2.82268545,0.56389104,0.49049098,1.44662228,0.53217379
42.5600,0.50748259,2.82272005,0.56391593,0.49049772,1.44666613,0.53216410
42.5700,0.50747547,2.82275462,0.56394080,0.49050445,1.44670994,0.53215441
42.5800,0.50746836,2.82278916,0.56396565,0.49051117,1.44675372,0.53214474
42.5900,0.50746126,2.82282367,0.56399049,0.49051789,1.44679745,0.53213507
42.6000,0.50745416,2.82285815,0.56401530,0.49052461,1.44684116,0.53212542
42.6100,0.50744707,2.82289260,0.56404010,0.49053131,1.44688482,0.53211577
42.6200,0.50743998,2.82292703,0.56406489,0.49053801,1.44692845,0.53210613
42.6300,0.50743290,2.82296142,0.56408965,0.49054470,1.44697204,0.53209650
42.6400,0.50742583,2.82299579,0.56411440,0.49055139,1.44701559,0.53208687
42.6500,0.50741876,2.82303013,0.56413914,0.49055806,1.44705911,0.53207726
42.6600,0.50741170,2.82306444,0.56416385,0.49056473,1.44710259,0.53206766
42.6700,0.50740465,2.82309872,0.56418855,0.49057140,1.44714604,0.53205806
42.6800,0.50739760,2.82313297,0.56421323,0.49057806,1.44718944,0.53204847
42.6900,0.50739055,2.82316719,0.56423789,0.49058471,1.44723281,0.53203889
42.7000,0.50738352,2.82320138,0.56426253,0.49059135,1.44727615,0.53202932
42.7100,0.50737649,2.82323555,0.56428716,0.49059799,1.44731944,0.53201976
42.7200,0.50736946,2.82326969,0.56431177,0.49060462,1.44736270,0.53201021
42.7300,0.50736245,2.82330379,0.56433637,0.49061124,1.44740593,0.53200067
42.7400,0.50735543,2.82333787,0.56436094,0.49061786,1.44744911,0.53199113
42.7500,0.50734843,2.82337192,0.56438550,0.49062447,1.44749227,0.53198161
42.7600,0.50734143,2.82340595,0.56441005,0.49063107,1.44753538,0.53197209
42.7700,0.50733443,2.82343994,0.56443457,0.49063767,1.44757846,0.53196258
42.7800,0.50732745,2.82347390,0.56445908,0.49064426,1.44762150,0.53195308
42.7900,0.50732047,2.82350784,0.56448357,0.49065084,1.44766450,0.53194359
42.8000,0.50731349,2.82354175,0.56450804,0.49065742,1.44770747,0.53193411
42.8100,0.50730652,2.82357563,0.56453250,0.49066399,1.44775040,0.53192463
42.8200,0.50729956,2.82360948,0.56455694,0.49067055,1.44779330,0.53191517
42.8300,0.50729260,2.82364331,0.56458136,0.49067710,1.44783616,0.53190571
42.8400,0.50728565,2.82367710,0.56460577,0.49068365,1.44787898,0.53189626
42.8500,0.50727870,2.82371087,0.56463015,0.49069020,1.44792177,0.53188682
42.8600,0.50727176,2.82374461,0.56465453,0.49069673,1.44796452,0.53187739
42.8700,0.50726483,2.82377832,0.56467888,0.49070326,1.44800723,0.53186797
42.8800,0.50725791,2.82381200,0.56470322,0.49070978,1.44804991,0.53185855
42.8900,0.50725098,2.82384565,0.56472754,0.49071630,1.44809255,0.53184915
42.9000,0.50724407,2.82387928,0.56475184,0.49072281,1.44813516,0.53183975
42.9100,0.50723716,2.82391287,0.56477613,0.49072931,1.44817773,0.53183037
42.9200,0.50723026,2.82394644,0.56480040,0.49073581,1.44822026,0.53182099
42.9300,0.50722336,2.82397998,0.56482465,0.49074230,1.44826276,0.53181162
42.9400,0.50721647,2.82401350,0.56484888,0.49074878,1.44830522,0.53180225
42.9500,0.50720959,2.82404698,0.56487310,0.49075525,1.44834764,0.53179290
42.9600,0.50720271,2.82408044,0.56489730,0.49076172,1.44839003,0.53178355
42.9700,0.50719583,2.82411387,0.56492149,0.49076819,1.44843239,0.53177422
42.9800,0.50718897,2.82414727,0.56494565,0.49077464,1.44847471,0.53176489
42.9900,0.50718211,2.82418064,0.56496980,0.49078109,1.44851699,0.53175557
43.0000,0.50717525,2.82421399,0.56499394,0.49078753,1.44855923,0.53174626
43.0100,0.50716840,2.82424730,0.56501806,0.49079397,1.44860144,0.53173696
43.0200,0.50716156,2.82428059,0.56504216,0.49080040,1.44864362,0.53172766
43.0300,0.50715472,2.82431385,0.56506624,0.49080682,1.44868576,0.53171838
43.0400,0.50714789,2.82434709,0.56509030,0.49081324,1.44872786,0.53170910
43.0500,0.50714107,2.82438029,0.56511435,0.49081965,1.44876993,0.53169983
43.0600,0.50713425,2.82441347,0.56513839,0.49082605,1.44881196,0.53169057
43.0700,0.50712743,2.82444662,0.56516240,0.49083245,1.44885396,0.53168132
43.0800,0.50712063,2.82447974,0.56518640,0.49083884,1.44889592,0.53167208
43.0900,0.50711383,2.82451284,0.56521038,0.49084522,1.44893784,0.53166284
43.1000,0.50710703,2.82454590,0.56523435,0.49085160,1.44897973,0.53165361
43.1100,0.50710024,2.82457894,0.56525830,0.49085797,1.44902159,0.53164440
43.1200,0.50709346,2.82461195,0.56528223,0.49086434,1.44906340,0.53163519
43.1300,0.50708668,2.82464494,0.56530614,0.49087069,1.44910519,0.53162599
43.1400,0.50707991,2.82467789,0.56533004,0.49087705,1.44914694,0.53161679
43.1500,0.50707314,2.82471082,0.56535392,0.49088339,1.44918865,0.53160761
43.1600,0.50706638,2.82474372,0.56537779,0.49088973,1.44923033,0.53159843
43.1700,0.50705963,2.82477660,0.56540164,0.49089606,1.44927197,0.53158926
43.1800,0.50705288,2.82480944,0.56542547,0.49090238,1.44931357,0.53158011
43.1900,0.50704614,2.82484226,0.56544928,0.49090870,1.44935514,0.53157095
43.2000,0.50703940,2.82487505,0.56547308,0.49091502,1.44939668,0.53156181
43.2100,0.50703267,2.82490782,0.56549686,0.49092132,1.44943818,0.53155268
43.2200,0.50702594,2.82494056,0.56552063,0.49092762,1.44947965,0.53154355
43.2300,0.50701923,2.82497326,0.56554437,0.49093391,1.44952108,0.53153444
43.2400,0.50701251,2.82500595,0.56556811,0.49094020,1.44956247,0.53152533
43.2500,0.50700581,2.82503860,0.56559182,0.49094648,1.44960383,0.53151623
43.2600,0.50699910,2.82507123,0.56561552,0.49095275,1.44964516,0.53150713
43.2700,0.50699241,2.82510383,0.56563920,0.49095902,1.44968645,0.53149805
43.2800,0.50698572,2.82513640,0.56566287,0.49096528,1.44972770,0.53148897
43.2900,0.50697903,2.82516895,0.56568651,0.49097154,1.44976892,0.53147991
43.3000,0.50697236,2.82520146,0.56571015,0.49097778,1.44981011,0.53147085
43.3100,0.50696568,2.82523395,0.56573376,0.49098403,1.44985126,0.53146180
43.3200,0.50695902,2.82526642,0.56575736,0.49099026,1.44989237,0.53145275
43.3300,0.50695236,2.82529885,0.56578094,0.49099649,1.44993345,0.53144372
43.3400,0.50694570,2.82533126,0.56580451,0.49100271,1.44997450,0.53143469
43.3500,0.50693905,2.82536365,0.56582806,0.49100893,1.45001551,0.53142567
43.3600,0.50693241,2.82539600,0.56585159,0.49101514,1.45005649,0.53141666
43.3700,0.50692577,2.82542833,0.56587511,0.49102134,1.45009743,0.53140766
43.3800,0.50691914,2.82546063,0.56589861,0.49102754,1.45013833,0.53139867
43.3900,0.50691251,2.82549291,0.56592209,0.49103373,1.45017921,0.53138968
43.4000,0.50690589,2.82552515,0.56594556,0.49103991,1.45022004,0.53138071
43.4100,0.50689928,2.82555737,0.56596901,0.49104609,1.45026085,0.53137174
43.4200,0.50689267,2.82558957,0.56599244,0.49105226,1.45030161,0.53136278
43.4300,0.50688606,2.82562173,0.56601586,0.49105843,1.45034235,0.53135383
43.4400,0.50687947,2.82565387,0.56603926,0.49106459,1.45038305,0.53134488
43.4500,0.50687288,2.82568599,0.56606265,0.49107074,1.45042371,0.53133595
43.4600,0.50686629,2.82571807,0.56608601,0.49107688,1.45046434,0.53132702
43.4700,0.50685971,2.82575013,0.56610937,0.49108302,1.45050494,0.53131810
43.4800,0.50685313,2.82578216,0.56613270,0.49108916,1.45054550,0.53130919
43.4900,0.50684657,2.82581417,0.56615602,0.49109529,1.45058602,0.53130028
43.5000,0.50684000,2.82584615,0.56617932,0.49110141,1.45062651,0.53129139
43.5100,0.50683345,2.82587810,0.56620261,0.49110752,1.45066697,0.53128250
43.5200,0.50682689,2.82591003,0.56622588,0.49111363,1.45070740,0.53127362
43.5300,0.50682035,2.82594192,0.56624914,0.49111973,1.45074779,0.53126475
43.5400,0.50681381,2.82597380,0.56627237,0.49112583,1.45078814,0.53125589
43.5500,0.50680727,2.82600564,0.56629559,0.49113192,1.45082846,0.53124704
43.5600,0.50680074,2.82603746,0.56631880,0.49113800,1.45086875,0.53123819
43.5700,0.50679422,2.82606925,0.56634199,0.49114408,1.45090900,0.53122935
43.5800,0.50678770,2.82610102,0.56636516,0.49115015,1.45094922,0.53122052
43.5900,0.50678119,2.82613276,0.56638832,0.49115622,1.45098940,0.53121170
43.6000,0.50677468,2.82616447,0.56641146,0.49116228,1.45102955,0.53120288
43.6100,0.50676818,2.82619616,0.56643458,0.49116833,1.45106967,0.53119408
43.6200,0.50676169,2.82622782,0.56645769,0.49117437,1.45110975,0.53118528
43.6300,0.50675520,2.82625945,0.56648078,0.49118042,1.45114980,0.53117649
43.6400,0.50674871,2.82629106,0.56650386,0.49118645,1.45118981,0.53116771
43.6500,0.50674224,2.82632264,0.56652692,0.49119248,1.45122979,0.53115893
43.6600,0.50673576,2.82635419,0.56654996,0.49119850,1.45126973,0.53115017
43.6700,0.50672930,2.82638572,0.56657299,0.49120451,1.45130965,0.53114141
43.6800,0.50672283,2.82641722,0.56659600,0.49121052,1.45134952,0.53113266
43.6900,0.50671638,2.82644870,0.56661899,0.49121653,1.45138937,0.53112392
43.7000,0.50670993,2.82648015,0.56664197,0.49122252,1.45142918,0.53111519
43.7100,0.50670348,2.82651157,0.56666493,0.49122851,1.45146896,0.53110646
43.7200,0.50669704,2.82654297,0.56668788,0.49123450,1.45150870,0.53109774
43.7300,0.50669061,2.82657434,0.56671081,0.49124048,1.45154841,0.53108903
43.7400,0.50668418,2.82660568,0.56673372,0.49124645,1.45158808,0.53108033
43.7500,0.50667776,2.82663700,0.56675662,0.49125242,1.45162772,0.53107164
43.7600,0.50667134,2.82666829,0.56677950,0.49125838,1.45166733,0.53106295
43.7700,0.50666493,2.82669956,0.56680237,0.49126433,1.45170691,0.53105427
43.7800,0.50665853,2.82673080,0.56682522,0.49127028,1.45174645,0.53104560
43.7900,0.50665213,2.82676201,0.56684805,0.49127622,1.45178595,0.53103694
43.8000,0.50664573,2.82679320,0.56687087,0.49128216,1.45182543,0.53102829
43.8100,0.50663934,2.82682436,0.56689367,0.49128809,1.45186487,0.53101964
43.8200,0.50663296,2.82685550,0.56691645,0.49129401,1.45190427,0.53101100
43.8300,0.50662658,2.82688661,0.56693922,0.49129993,1.45194365,0.53100237
43.8400,0.50662021,2.82691769,0.56696198,0.49130584,1.45198299,0.53099375
43.8500,0.50661384,2.82694875,0.56698472,0.49131175,1.45202229,0.53098513
43.8600,0.50660748,2.82697978,0.56700744,0.49131765,1.45206156,0.53097653
43.8700,0.50660112,2.82701079,0.56703014,0.49132354,1.45210080,0.53096793
43.8800,0.50659477,2.82704177,0.56705283,0.49132943,1.45214001,0.53095934
43.8900,0.50658843,2.82707272,0.56707551,0.49133531,1.45217918,0.53095075
43.9000,0.50658209,2.82710365,0.56709817,0.49134118,1.45221832,0.53094218
43.9100,0.50657576,2.82713455,0.56712081,0.49134705,1.45225743,0.53093361
43.9200,0.50656943,2.82716543,0.56714343,0.49135292,1.45229650,0.53092505
43.9300,0.50656310,2.82719628,0.56716604,0.49135877,1.45233554,0.53091650
43.9400,0.50655679,2.82722710,0.56718864,0.49136463,1.45237455,0.53090795
43.9500,0.50655047,2.82725790,0.56721122,0.49137047,1.45241352,0.53089942
43.9600,0.50654417,2.82728868,0.56723378,0.49137631,1.45245246,0.53089089
43.9700,0.50653787,2.82731943,0.56725633,0.49138214,1.45249137,0.53088237
43.9800,0.50653157,2.82735015,0.56727886,0.49138797,1.45253024,0.53087386
43.9900,0.50652528,2.82738085,0.56730137,0.49139379,1.45256908,0.53086535
44.0000,0.50651900,2.82741152,0.56732387,0.49139961,1.45260789,0.53085685
44.0100,0.50651272,2.82744216,0.56734636,0.49140542,1.45264667,0.53084836
44.0200,0.50650644,2.82747278,0.56736882,0.49141122,1.45268541,0.53083988
44.0300,0.50650017,2.82750338,0.56739128,0.49141702,1.45272412,0.53083141
44.0400,0.50649391,2.82753395,0.56741371,0.49142281,1.45276280,0.53082294
44.0500,0.50648765,2.82756449,0.56743613,0.49142860,1.45280144,0.53081448
44.0600,0.50648140,2.82759501,0.56745854,0.49143438,1.45284005,0.53080603
44.0700,0.50647515,2.82762550,0.56748093,0.49144015,1.45287863,0.53079759
44.0800,0.50646891,2.82765597,0.56750330,0.49144592,1.45291717,0.53078915
44.0900,0.50646268,2.82768641,0.56752566,0.49145168,1.45295569,0.53078073
44.1000,0.50645645,2.82771683,0.56754800,0.49145744,1.45299417,0.53077231
44.1100,0.50645022,2.82774722,0.56757033,0.49146319,1.45303261,0.53076389
44.1200,0.50644400,2.82777759,0.56759264,0.49146893,1.45307103,0.53075549
44.1300,0.50643779,2.82780793,0.56761493,0.49147467,1.45310941,0.53074709
44.1400,0.50643158,2.82783825,0.56763721,0.49148040,1.45314776,0.53073870
44.1500,0.50642537,2.82786854,0.56765947,0.49148613,1.45318607,0.53073032
44.1600,0.50641918,2.82789880,0.56768172,0.49149185,1.45322436,0.53072195
44.1700,0.50641298,2.82792904,0.56770395,0.49149757,1.45326261,0.53071358
44.1800,0.50640679,2.82795926,0.56772617,0.49150328,1.45330083,0.53070523
44.1900,0.50640061,2.82798945,0.56774837,0.49150898,1.45333901,0.53069687
44.2000,0.50639444,2.82801961,0.56777056,0.49151468,1.45337717,0.53068853
44.2100,0.50638826,2.82804975,0.56779273,0.49152037,1.45341529,0.53068020
44.2200,0.50638210,2.82807986,0.56781488,0.49152605,1.45345338,0.53067187
44.2300,0.50637594,2.82810995,0.56783702,0.49153173,1.45349143,0.53066355
44.2400,0.50636978,2.82814002,0.56785914,0.49153741,1.45352946,0.53065524
44.2500,0.50636363,2.82817006,0.56788125,0.49154308,1.45356745,0.53064693
44.2600,0.50635749,2.82820007,0.56790334,0.49154874,1.45360541,0.53063863
44.2700,0.50635135,2.82823006,0.56792542,0.49155440,1.45364334,0.53063034
44.2800,0.50634521,2.82826002,0.56794748,0.49156005,1.45368123,0.53062206
44.2900,0.50633908,2.82828996,0.56796953,0.49156569,1.45371909,0.53061379
44.3000,0.50633296,2.82831988,0.56799156,0.49157133,1.45375692,0.53060552
44.3100,0.50632684,2.82834977,0.56801357,0.49157697,1.45379472,0.53059726
44.3200,0.50632073,2.82837963,0.56803557,0.49158259,1.45383249,0.53058901
44.3300,0.50631462,2.82840947,0.56805755,0.49158822,1.45387022,0.53058077
44.3400,0.50630852,2.82843929,0.56807952,0.49159383,1.45390793,0.53057253
44.3500,0.50630242,2.82846908,0.56810147,0.49159944,1.45394560,0.53056430
44.3600,0.50629633,2.82849884,0.56812341,0.49160505,1.45398323,0.53055608
44.3700,0.50629024,2.82852858,0.56814533,0.49161065,1.45402084,0.53054786
44.3800,0.50628416,2.82855830,0.56816724,0.49161624,1.45405841,0.53053966
44.3900,0.50627808,2.82858799,0.56818913,0.49162183,1.45409595,0.53053146
44.4000,0.50627201,2.82861765,0.56821100,0.49162741,1.45413346,0.53052327
44.4100,0.50626594,2.82864730,0.56823287,0.49163299,1.45417094,0.53051508
44.4200,0.50625988,2.82867691,0.56825471,0.49163856,1.45420839,0.53050691
44.4300,0.50625383,2.82870650,0.56827654,0.49164412,1.45424580,0.53049874
44.4400,0.50624778,2.82873607,0.56829835,0.49164968,1.45428319,0.53049058
44.4500,0.50624173,2.82876562,0.56832015,0.49165523,1.45432054,0.53048242
44.4600,0.50623569,2.82879513,0.56834194,0.49166078,1.45435785,0.53047427
44.4700,0.50622966,2.82882463,0.56836370,0.49166632,1.45439514,0.53046614
44.4800,0.50622363,2.82885410,0.56838546,0.49167186,1.45443240,0.53045800
44.4900,0.50621760,2.82888354,0.56840719,0.49167739,1.45446962,0.53044988
44.5000,0.50621159,2.82891296,0.56842892,0.49168292,1.45450681,0.53044176
44.5100,0.50620557,2.82894236,0.56845062,0.49168844,1.45454397,0.53043365
44.5200,0.50619956,2.82897173,0.56847231,0.49169395,1.45458110,0.53042555
44.5300,0.50619356,2.82900108,0.56849399,0.49169946,1.45461820,0.53041746
44.5400,0.50618756,2.82903040,0.56851565,0.49170496,1.45465526,0.53040937
44.5500,0.50618157,2.82905970,0.56853730,0.49171046,1.45469230,0.53040129
44.5600,0.50617558,2.82908897,0.56855893,0.49171595,1.45472930,0.53039322
44.5700,0.50616960,2.82911822,0.56858054,0.49172143,1.45476627,0.53038515
44.5800,0.50616362,2.82914744,0.56860214,0.49172691,1.45480321,0.53037710
44.5900,0.50615765,2.82917665,0.56862373,0.49173239,1.45484012,0.53036905
44.6000,0.50615168,2.82920582,0.56864530,0.49173786,1.45487700,0.53036100
44.6100,0.50614572,2.82923497,0.56866685,0.49174332,1.45491384,0.53035297
44.6200,0.50613976,2.82926410,0.56868839,0.49174878,1.45495065,0.53034494
44.6300,0.50613381,2.82929321,0.56870992,0.49175423,1.45498744,0.53033692
44.6400,0.50612786,2.82932229,0.56873143,0.49175968,1.45502419,0.53032891
44.6500,0.50612192,2.82935134,0.56875292,0.49176512,1.45506091,0.53032090
44.6600,0.50611599,2.82938037,0.56877440,0.49177055,1.45509760,0.53031290
44.6700,0.50611005,2.82940938,0.56879586,0.49177598,1.45513425,0.53030491
44.6800,0.50610413,2.82943836,0.56881731,0.49178140,1.45517088,0.53029693
44.6900,0.50609821,2.82946732,0.56883875,0.49178682,1.45520747,0.53028895
44.7000,0.50609229,2.82949626,0.56886016,0.49179224,1.45524404,0.53028098
44.7100,0.50608638,2.82952517,0.56888157,0.49179764,1.45528057,0.53027302
44.7200,0.50608047,2.82955405,0.56890296,0.49180305,1.45531707,0.53026506
44.7300,0.50607457,2.82958292,0.56892433,0.49180844,1.45535354,0.53025712
44.7400,0.50606868,2.82961176,0.56894569,0.49181383,1.45538998,0.53024918
44.7500,0.50606279,2.82964057,0.56896703,0.49181922,1.45542639,0.53024124
44.7600,0.50605690,2.82966936,0.56898836,0.49182460,1.45546277,0.53023332
44.7700,0.50605102,2.82969813,0.56900967,0.49182997,1.45549911,0.53022540
44.7800,0.50604515,2.82972687,0.56903097,0.49183534,1.45553543,0.53021749
44.7900,0.50603928,2.82975559,0.56905225,0.49184070,1.45557171,0.53020958
44.8000,0.50603341,2.82978429,0.56907352,0.49184606,1.45560797,0.53020169
44.8100,0.50602755,2.82981296,0.56909477,0.49185141,1.45564419,0.53019380
44.8200,0.50602169,2.82984160,0.56911601,0.49185676,1.45568038,0.53018592
44.8300,0.50601584,2.82987023,0.56913723,0.49186210,1.45571654,0.53017804
44.8400,0.50601000,2.82989883,0.56915844,0.49186744,1.45575267,0.53017017
44.8500,0.50600416,2.82992740,0.56917964,0.49187277,1.45578877,0.53016231
44.8600,0.50599832,2.82995596,0.56920081,0.49187809,1.45582484,0.53015446
44.8700,0.50599249,2.82998449,0.56922198,0.49188341,1.45586088,0.53014662
44.8800,0.50598667,2.83001299,0.56924313,0.49188873,1.45589689,0.53013878
44.8900,0.50598085,2.83004147,0.56926426,0.49189403,1.45593286,0.53013094
44.9000,0.50597503,2.83006993,0.56928538,0.49189934,1.45596881,0.53012312
44.9100,0.50596922,2.83009836,0.56930648,0.49190464,1.45600472,0.53011530
44.9200,0.50596342,2.83012677,0.56932757,0.49190993,1.45604061,0.53010749
44.9300,0.50595762,2.83015516,0.56934865,0.49191521,1.45607646,0.53009969
44.9400,0.50595182,2.83018352,0.56936971,0.49192050,1.45611229,0.53009189
44.9500,0.50594603,2.83021186,0.56939075,0.49192577,1.45614808,0.53008411
44.9600,0.50594025,2.83024018,0.56941178,0.49193104,1.45618384,0.53007632
44.9700,0.50593447,2.83026847,0.56943279,0.49193631,1.45621957,0.53006855
44.9800,0.50592869,2.83029674,0.56945379,0.49194157,1.45625527,0.53006078
44.9900,0.50592292,2.83032499,0.56947478,0.49194682,1.45629095,0.53005302
45.0000,0.50591716,2.83035321,0.56949575,0.49195207,1.45632659,0.53004527
45.0100,0.50591140,2.83038141,0.56951671,0.49195731,1.45636220,0.53003752
45.0200,0.50590564,2.83040959,0.56953765,0.49196255,1.45639778,0.53002979
45.0300,0.50589989,2.83043774,0.56955857,0.49196779,1.45643333,0.53002205
45.0400,0.50589415,2.83046587,0.56957948,0.49197301,1.45646885,0.53001433
45.0500,0.50588841,2.83049397,0.56960038,0.49197823,1.45650433,0.53000661
45.0600,0.50588267,2.83052205,0.56962126,0.49198345,1.45653979,0.52999890
45.0700,0.50587694,2.83055011,0.56964213,0.49198866,1.45657522,0.52999120
45.0800,0.50587122,2.83057815,0.56966298,0.49199387,1.45661062,0.52998350
45.0900,0.50586550,2.83060616,0.56968382,0.49199907,1.45664599,0.52997581
45.1000,0.50585978,2.83063415,0.56970464,0.49200427,1.45668133,0.52996813
45.1100,0.50585407,2.83066211,0.56972545,0.49200946,1.45671663,0.52996046
45.1200,0.50584836,2.83069006,0.56974624,0.49201464,1.45675191,0.52995279
45.1300,0.50584266,2.83071798,0.56976702,0.49201982,1.45678716,0.52994513
45.1400,0.50583697,2.83074587,0.56978779,0.49202499,1.45682238,0.52993747
45.1500,0.50583128,2.83077375,0.56980854,0.49203016,1.45685757,0.52992983
45.1600,0.50582559,2.83080160,0.56982927,0.49203533,1.45689272,0.52992219
45.1700,0.50581991,2.83082942,0.56984999,0.49204048,1.45692785,0.52991455
45.1800,0.50581423,2.83085723,0.56987070,0.49204564,1.45696295,0.52990693
45.1900,0.50580856,2.83088501,0.56989139,0.49205079,1.45699802,0.52989931
45.2000,0.50580289,2.83091276,0.56991207,0.49205593,1.45703305,0.52989170
45.2100,0.50579723,2.83094050,0.56993273,0.49206106,1.45706806,0.52988409
45.2200,0.50579157,2.83096821,0.56995338,0.49206620,1.45710304,0.52987649
45.2300,0.50578592,2.83099590,0.56997401,0.49207132,1.45713799,0.52986890
45.2400,0.50578027,2.83102356,0.56999463,0.49207644,1.45717291,0.52986132
45.2500,0.50577463,2.83105121,0.57001523,0.49208156,1.45720779,0.52985374
45.2600,0.50576899,2.83107883,0.57003582,0.49208667,1.45724265,0.52984617
45.2700,0.50576336,2.83110642,0.57005640,0.49209178,1.45727748,0.52983861
45.2800,0.50575773,2.83113400,0.57007696,0.49209688,1.45731228,0.52983105
45.2900,0.50575211,2.83116155,0.57009750,0.49210197,1.45734705,0.52982350
45.3000,0.50574649,2.83118908,0.57011803,0.49210706,1.45738179,0.52981596
45.3100,0.50574088,2.83121658,0.57013855,0.49211215,1.45741650,0.52980843
45.3200,0.50573527,2.83124406,0.57015905,0.49211723,1.45745118,0.52980090
45.3300,0.50572967,2.83127152,0.57017954,0.49212230,1.45748583,0.52979338
45.3400,0.50572407,2.83129896,0.57020001,0.49212737,1.45752046,0.52978586
45.3500,0.50571847,2.83132637,0.57022047,0.49213243,1.45755505,0.52977835
45.3600,0.50571288,2.83135377,0.57024092,0.49213749,1.45758961,0.52977085
45.3700,0.50570730,2.83138113,0.57026135,0.49214255,1.45762414,0.52976336
45.3800,0.50570172,2.83140848,0.57028176,0.49214759,1.45765865,0.52975587
45.3900,0.50569614,2.83143580,0.57030216,0.49215264,1.45769312,0.52974839
45.4000,0.50569057,2.83146311,0.57032255,0.49215768,1.45772757,0.52974092
45.4100,0.50568501,2.83149038,0.57034292,0.49216271,1.45776198,0.52973345
45.4200,0.50567945,2.83151764,0.57036328,0.49216774,1.45779637,0.52972599
45.4300,0.50567389,2.83154487,0.57038362,0.49217276,1.45783073,0.52971854
45.4400,0.50566834,2.83157208,0.57040395,0.49217778,1.45786505,0.52971110
45.4500,0.50566280,2.83159927,0.57042427,0.49218279,1.45789935,0.52970366
45.4600,0.50565725,2.83162644,0.57044457,0.49218780,1.45793362,0.52969622
45.4700,0.50565172,2.83165358,0.57046486,0.49219280,1.45796786,0.52968880
45.4800,0.50564618,2.83168070,0.57048513,0.49219779,1.45800207,0.52968138
45.4900,0.50564066,2.83170780,0.57050539,0.49220279,1.45803625,0.52967397
45.5000,0.50563514,2.83173487,0.57052563,0.49220777,1.45807040,0.52966656
45.5100,0.50562962,2.83176192,0.57054586,0.49221275,1.45810453,0.52965917
45.5200,0.50562410,2.83178895,0.57056607,0.49221773,1.45813862,0.52965177
45.5300,0.50561860,2.83181596,0.57058627,0.49222270,1.45817268,0.52964439
45.5400,0.50561309,2.83184295,0.57060646,0.49222767,1.45820672,0.52963701
45.5500,0.50560759,2.83186991,0.57062663,0.49223263,1.45824073,0.52962964
45.5600,0.50560210,2.83189685,0.57064679,0.49223759,1.45827470,0.52962228
45.5700,0.50559661,2.83192377,0.57066693,0.49224254,1.45830865,0.52961492
45.5800,0.50559112,2.83195067,0.57068706,0.49224748,1.45834257,0.52960757
45.5900,0.50558564,2.83197754,0.57070718,0.49225242,1.45837646,0.52960022
45.6000,0.50558017,2.83200439,0.57072728,0.49225736,1.45841032,0.52959289
45.6100,0.50557470,2.83203122,0.57074736,0.49226229,1.45844416,0.52958556
45.6200,0.50556923,2.83205803,0.57076744,0.49226722,1.45847796,0.52957823
45.6300,0.50556377,2.83208482,0.57078750,0.49227214,1.45851173,0.52957092
45.6400,0.50555831,2.83211158,0.57080754,0.49227705,1.45854548,0.52956361
45.6500,0.50555286,2.83213832,0.57082757,0.49228196,1.45857920,0.52955630
45.6600,0.50554742,2.83216504,0.57084759,0.49228687,1.45861289,0.52954901
45.6700,0.50554197,2.83219173,0.57086759,0.49229177,1.45864654,0.52954172
45.6800,0.50553653,2.83221841,0.57088757,0.49229666,1.45868018,0.52953443
45.6900,0.50553110,2.83224506,0.57090755,0.49230155,1.45871378,0.52952716
45.7000,0.50552567,2.83227169,0.57092751,0.49230644,1.45874735,0.52951989
45.7100,0.50552025,2.83229830,0.57094745,0.49231132,1.45878090,0.52951262
45.7200,0.50551483,2.83232488,0.57096738,0.49231619,1.45881441,0.52950537
45.7300,0.50550941,2.83235145,0.57098730,0.49232106,1.45884790,0.52949812
45.7400,0.50550400,2.83237799,0.57100720,0.49232593,1.45888136,0.52949087
45.7500,0.50549860,2.83240451,0.57102709,0.49233079,1.45891479,0.52948364
45.7600,0.50549320,2.83243101,0.57104697,0.49233565,1.45894819,0.52947641
45.7700,0.50548780,2.83245749,0.57106683,0.49234050,1.45898156,0.52946918
45.7800,0.50548241,2.83248394,0.57108668,0.49234534,1.45901491,0.52946197
45.7900,0.50547702,2.83251037,0.57110651,0.49235018,1.45904822,0.52945476
45.8000,0.50547164,2.83253678,0.57112633,0.49235502,1.45908151,0.52944755
45.8100,0.50546626,2.83256317,0.57114613,0.49235985,1.45911477,0.52944036
45.8200,0.50546089,2.83258954,0.57116592,0.49236467,1.45914800,0.52943316
45.8300,0.50545552,2.83261588,0.57118570,0.49236949,1.45918120,0.52942598
45.8400,0.50545016,2.83264221,0.57120546,0.49237431,1.45921438,0.52941880
45.8500,0.50544480,2.83266851,0.57122521,0.49237912,1.45924752,0.52941163
45.8600,0.50543944,2.83269479,0.57124495,0.49238393,1.45928064,0.52940447
45.8700,0.50543409,2.83272105,0.57126467,0.49238873,1.45931373,0.52939731
45.8800,0.50542875,2.83274728,0.57128437,0.49239352,1.45934679,0.52939016
45.8900,0.50542341,2.83277350,0.57130407,0.49239831,1.45937982,0.52938302
45.9000,0.50541807,2.83279969,0.57132374,0.49240310,1.45941283,0.52937588
45.9100,0.50541274,2.83282586,0.57134341,0.49240788,1.45944581,0.52936875
45.9200,0.50540741,2.83285201,0.57136306,0.49241266,1.45947875,0.52936163
45.9300,0.50540209,2.83287814,0.57138270,0.49241743,1.45951167,0.52935451
45.9400,0.50539677,2.83290424,0.57140232,0.49242220,1.45954456,0.52934740
45.9500,0.50539146,2.83293033,0.57142193,0.49242696,1.45957743,0.52934029
45.9600,0.50538615,2.83295639,0.57144153,0.49243171,1.45961026,0.52933319
45.9700,0.50538084,2.83298243,0.57146111,0.49243647,1.45964307,0.52932610
45.9800,0.50537555,2.83300845,0.57148068,0.49244121,1.45967585,0.52931902
45.9900,0.50537025,2.83303445,0.57150023,0.49244596,1.45970860,0.52931194
46.0000,0.50536496,2.83306043,0.57151977,0.49245069,1.45974133,0.52930487
46.0100,0.50535967,2.83308638,0.57153930,0.49245543,1.45977402,0.52929780
46.0200,0.50535439,2.83311232,0.57155881,0.49246015,1.45980669,0.52929074
46.0300,0.50534911,2.83313823,0.57157831,0.49246488,1.45983933,0.52928369
46.0400,0.50534384,2.83316412,0.57159779,0.49246959,1.45987194,0.52927664
46.0500,0.50533857,2.83318999,0.57161727,0.49247431,1.45990452,0.52926960
46.0600,0.50533331,2.83321584,0.57163672,0.49247901,1.45993708,0.52926257
46.0700,0.50532805,2.83324166,0.57165617,0.49248372,1.45996961,0.52925554
46.0800,0.50532279,2.83326747,0.57167560,0.49248842,1.46000211,0.52924852
46.0900,0.50531754,2.83329325,0.57169501,0.49249311,1.46003458,0.52924151
46.1000,0.50531230,2.83331902,0.57171442,0.49249780,1.46006702,0.52923450
46.1100,0.50530706,2.83334476,0.57173381,0.49250248,1.46009944,0.52922750
46.1200,0.50530182,2.83337048,0.57175318,0.49250716,1.46013183,0.52922051
46.1300,0.50529659,2.83339618,0.57177254,0.49251184,1.46016419,0.52921352
46.1400,0.50529136,2.83342185,0.57179189,0.49251651,1.46019653,0.52920654
46.1500,0.50528614,2.83344751,0.57181122,0.49252117,1.46022883,0.52919956
46.1600,0.50528092,2.83347315,0.57183054,0.49252583,1.46026111,0.52919259
46.1700,0.50527570,2.83349876,0.57184985,0.49253049,1.46029336,0.52918563
46.1800,0.50527049,2.83352435,0.57186914,0.49253514,1.46032558,0.52917867
46.1900,0.50526529,2.83354993,0.57188842,0.49253978,1.46035778,0.52917172
46.2000,0.50526009,2.83357548,0.57190769,0.49254443,1.46038995,0.52916478
46.2100,0.50525489,2.83360101,0.57192694,0.49254906,1.46042209,0.52915784
46.2200,0.50524970,2.83362651,0.57194618,0.49255369,1.46045420,0.52915091
46.2300,0.50524451,2.83365200,0.57196540,0.49255832,1.46048629,0.52914399
46.2400,0.50523933,2.83367747,0.57198461,0.49256294,1.46051835,0.52913707
46.2500,0.50523415,2.83370291,0.57200381,0.49256756,1.46055038,0.52913016
46.2600,0.50522897,2.83372834,0.57202300,0.49257217,1.46058238,0.52912326
46.2700,0.50522380,2.83375374,0.57204217,0.49257678,1.46061436,0.52911636
46.2800,0.50521864,2.83377912,0.57206132,0.49258138,1.46064631,0.52910947
46.2900,0.50521348,2.83380448,0.57208047,0.49258598,1.46067823,0.52910258
46.3000,0.50520832,2.83382982,0.57209960,0.49259057,1.46071012,0.52909570
46.3100,0.50520317,2.83385514,0.57211871,0.49259516,1.46074199,0.52908883
46.3200,0.50519802,2.83388044,0.57213782,0.49259975,1.46077383,0.52908196
46.3300,0.50519288,2.83390572,0.57215690,0.49260433,1.46080564,0.52907510
46.3400,0.50518774,2.83393097,0.57217598,0.49260890,1.46083743,0.52906825
46.3500,0.50518260,2.83395621,0.57219504,0.49261347,1.46086918,0.52906140
46.3600,0.50517747,2.83398142,0.57221409,0.49261804,1.46090091,0.52905456
46.3700,0.50517235,2.83400662,0.57223313,0.49262260,1.46093262,0.52904772
46.3800,0.50516722,2.83403179,0.57225215,0.49262715,1.46096429,0.52904089
46.3900,0.50516211,2.83405694,0.57227116,0.49263171,1.46099594,0.52903407
46.4000,0.50515699,2.83408208,0.57229015,0.49263625,1.46102757,0.52902725
46.4100,0.50515189,2.83410719,0.57230913,0.49264080,1.46105916,0.52902044
46.4200,0.50514678,2.83413228,0.57232810,0.49264533,1.46109073,0.52901364
46.4300,0.50514168,2.83415735,0.57234705,0.49264987,1.46112227,0.52900684
46.4400,0.50513659,2.83418239,0.57236599,0.49265439,1.46115378,0.52900005
46.4500,0.50513149,2.83420742,0.57238492,0.49265892,1.46118527,0.52899326
46.4600,0.50512641,2.83423243,0.57240384,0.49266344,1.46121673,0.52898649
46.4700,0.50512133,2.83425742,0.57242274,0.49266795,1.46124816,0.52897971
46.4800,0.50511625,2.83428238,0.57244162,0.49267246,1.46127957,0.52897295
46.4900,0.50511117,2.83430733,0.57246050,0.49267696,1.46131095,0.52896619
46.5000,0.50510610,2.83433225,0.57247936,0.49268146,1.46134230,0.52895943
46.5100,0.50510104,2.83435716,0.57249821,0.49268596,1.46137363,0.52895269
46.5200,0.50509598,2.83438204,0.57251704,0.49269045,1.46140493,0.52894594
46.5300,0.50509092,2.83440690,0.57253586,0.49269494,1.46143620,0.52893921
46.5400,0.50508587,2.83443174,0.57255467,0.49269942,1.46146744,0.52893248
46.5500,0.50508082,2.83445657,0.57257346,0.49270390,1.46149866,0.52892576
46.5600,0.50507578,2.83448137,0.57259224,0.49270837,1.46152986,0.52891904
46.5700,0.50507074,2.83450615,0.57261101,0.49271284,1.46156102,0.52891233
46.5800,0.50506570,2.83453091,0.57262976,0.49271730,1.46159216,0.52890563
46.5900,0.50506067,2.83455565,0.57264850,0.49272176,1.46162327,0.52889893
46.6000,0.50505565,2.83458037,0.57266723,0.49272622,1.46165436,0.52889224
46.6100,0.50505063,2.83460507,0.57268594,0.49273067,1.46168541,0.52888555
46.6200,0.50504561,2.83462975,0.57270464,0.49273511,1.46171645,0.52887887
46.6300,0.50504059,2.83465441,0.57272333,0.49273955,1.46174745,0.52887220
46.6400,0.50503559,2.83467904,0.57274201,0.49274399,1.46177843,0.52886553
46.6500,0.50503058,2.83470366,0.57276067,0.49274842,1.46180938,0.52885887
46.6600,0.50502558,2.83472826,0.57277932,0.49275285,1.46184031,0.52885221
46.6700,0.50502058,2.83475284,0.57279795,0.49275727,1.46187121,0.52884556
46.6800,0.50501559,2.83477739,0.57281657,0.49276169,1.46190208,0.52883892
46.6900,0.50501060,2.83480193,0.57283518,0.49276610,1.46193293,0.52883228
46.7000,0.50500562,2.83482645,0.57285377,0.49277051,1.46196375,0.52882565
46.7100,0.50500064,2.83485094,0.57287236,0.49277491,1.46199454,0.52881903
46.7200,0.50499567,2.83487542,0.57289093,0.49277931,1.46202531,0.52881241
46.7300,0.50499069,2.83489987,0.57290948,0.49278371,1.46205605,0.52880580
46.7400,0.50498573,2.83492431,0.57292802,0.49278810,1.46208676,0.52879919
46.7500,0.50498077,2.83494873,0.57294655,0.49279249,1.46211745,0.52879259
46.7600,0.50497581,2.83497312,0.57296507,0.49279687,1.46214811,0.52878600
46.7700,0.50497085,2.83499750,0.57298357,0.49280124,1.46217875,0.52877941
46.7800,0.50496590,2.83502185,0.57300206,0.49280562,1.46220936,0.52877283
46.7900,0.50496096,2.83504619,0.57302054,0.49280999,1.46223994,0.52876625
46.8000,0.50495602,2.83507050,0.57303900,0.49281435,1.46227050,0.52875968
46.8100,0.50495108,2.83509480,0.57305745,0.49281871,1.46230103,0.52875312
46.8200,0.50494615,2.83511907,0.57307589,0.49282306,1.46233153,0.52874656
46.8300,0.50494122,2.83514333,0.57309431,0.49282741,1.46236201,0.52874001
46.8400,0.50493629,2.83516756,0.57311272,0.49283176,1.46239246,0.52873347
46.8500,0.50493137,2.83519177,0.57313112,0.49283610,1.46242289,0.52872693
46.8600,0.50492646,2.83521597,0.57314951,0.49284044,1.46245329,0.52872039
46.8700,0.50492155,2.83524014,0.57316788,0.49284477,1.46248367,0.52871387
46.8800,0.50491664,2.83526430,0.57318624,0.49284910,1.46251401,0.52870734
46.8900,0.50491173,2.83528843,0.57320458,0.49285342,1.46254434,0.52870083
46.9000,0.50490684,2.83531255,0.57322292,0.49285774,1.46257463,0.52869432
46.9100,0.50490194,2.83533664,0.57324124,0.49286206,1.46260490,0.52868782
46.9200,0.50489705,2.83536072,0.57325954,0.49286637,1.46263515,0.52868132
46.9300,0.50489216,2.83538477,0.57327784,0.49287067,1.46266536,0.52867483
46.9400,0.50488728,2.83540881,0.57329612,0.49287498,1.46269556,0.52866834
46.9500,0.50488240,2.83543283,0.57331439,0.49287927,1.46272572,0.52866186
46.9600,0.50487753,2.83545682,0.57333264,0.49288357,1.46275586,0.52865539
46.9700,0.50487266,2.83548080,0.57335088,0.49288785,1.46278598,0.52864892
46.9800,0.50486779,2.83550475,0.57336911,0.49289214,1.46281607,0.52864246
46.9900,0.50486293,2.83552869,0.57338733,0.49289642,1.46284613,0.52863600
47.0000,0.50485807,2.83555261,0.57340553,0.49290069,1.46287617,0.52862956
47.0100,0.50485322,2.83557650,0.57342372,0.49290496,1.46290618,0.52862311
47.0200,0.50484837,2.83560038,0.57344190,0.49290923,1.46293617,0.52861667
47.0300,0.50484352,2.83562424,0.57346007,0.49291349,1.46296613,0.52861024
47.0400,0.50483868,2.83564808,0.57347822,0.49291775,1.46299606,0.52860382
47.0500,0.50483384,2.83567190,0.57349636,0.49292200,1.46302597,0.52859740
47.0600,0.50482901,2.83569570,0.57351448,0.49292625,1.46305585,0.52859098
47.0700,0.50482418,2.83571947,0.57353260,0.49293050,1.46308571,0.52858457
47.0800,0.50481936,2.83574323,0.57355070,0.49293474,1.46311554,0.52857817
47.0900,0.50481454,2.83576697,0.57356878,0.49293897,1.46314535,0.52857178
47.1000,0.50480972,2.83579069,0.57358686,0.49294320,1.46317513,0.52856539
47.1100,0.50480491,2.83581440,0.57360492,0.49294743,1.46320488,0.52855900
47.1200,0.50480010,2.83583808,0.57362297,0.49295165,1.46323461,0.52855262
47.1300,0.50479530,2.83586174,0.57364100,0.49295587,1.46326432,0.52854625
47.1400,0.50479050,2.83588538,0.57365903,0.49296009,1.46329400,0.52853988
47.1500,0.50478570,2.83590900,0.57367704,0.49296430,1.46332365,0.52853352
47.1600,0.50478091,2.83593261,0.57369504,0.49296850,1.46335328,0.52852717
47.1700,0.50477612,2.83595619,0.57371302,0.49297270,1.46338288,0.52852082
47.1800,0.50477134,2.83597976,0.57373099,0.49297690,1.46341246,0.52851447
47.1900,0.50476656,2.83600330,0.57374895,0.49298109,1.46344201,0.52850814
47.2000,0.50476178,2.83602683,0.57376690,0.49298528,1.46347154,0.52850181
47.2100,0.50475701,2.83605033,0.57378483,0.49298946,1.46350104,0.52849548
47.2200,0.50475224,2.83607382,0.57380275,0.49299364,1.46353051,0.52848916
47.2300,0.50474748,2.83609729,0.57382066,0.49299782,1.46355996,0.52848285
47.2400,0.50474272,2.83612074,0.57383856,0.49300199,1.46358939,0.52847654
47.2500,0.50473796,2.83614416,0.57385644,0.49300616,1.46361879,0.52847024
47.2600,0.50473321,2.83616757,0.57387431,0.49301032,1.46364816,0.52846394
47.2700,0.50472846,2.83619096,0.57389217,0.49301448,1.46367751,0.52845765
47.2800,0.50472372,2.83621434,0.57391001,0.49301863,1.46370684,0.52845136
47.2900,0.50471898,2.83623769,0.57392785,0.49302278,1.46373614,0.52844508
47.3000,0.50471425,2.83626102,0.57394566,0.49302693,1.46376541,0.52843881
47.3100,0.50470952,2.83628433,0.57396347,0.49303107,1.46379466,0.52843254
47.3200,0.50470479,2.83630763,0.57398127,0.49303521,1.46382388,0.52842628
47.3300,0.50470007,2.83633090,0.57399905,0.49303934,1.46385308,0.52842002
47.3400,0.50469535,2.83635416,0.57401682,0.49304347,1.46388226,0.52841377
47.3500,0.50469063,2.83637740,0.57403457,0.49304759,1.46391140,0.52840753
47.3600,0.50468592,2.83640061,0.57405232,0.49305171,1.46394053,0.52840129
47.3700,0.50468121,2.83642381,0.57407005,0.49305583,1.46396963,0.52839506
47.3800,0.50467651,2.83644699,0.57408777,0.49305994,1.46399870,0.52838883
47.3900,0.50467181,2.83647015,0.57410547,0.49306405,1.46402775,0.52838261
47.4000,0.50466712,2.83649329,0.57412317,0.49306815,1.46405677,0.52837639
47.4100,0.50466242,2.83651641,0.57414085,0.49307225,1.46408577,0.52837018
47.4200,0.50465774,2.83653952,0.57415851,0.49307634,1.46411475,0.52836398
47.4300,0.50465305,2.83656260,0.57417617,0.49308043,1.46414370,0.52835778
47.4400,0.50464837,2.83658567,0.57419381,0.49308452,1.46417262,0.52835159
47.4500,0.50464370,2.83660871,0.57421144,0.49308860,1.46420152,0.52834540
47.4600,0.50463903,2.83663174,0.57422906,0.49309268,1.46423039,0.52833922
47.4700,0.50463436,2.83665475,0.57424667,0.49309675,1.46425924,0.52833304
47.4800,0.50462970,2.83667774,0.57426426,0.49310082,1.46428807,0.52832687
47.4900,0.50462504,2.83670071,0.57428184,0.49310489,1.46431687,0.52832071
47.5000,0.50462038,2.83672366,0.57429941,0.49310895,1.46434565,0.52831455
47.5100,0.50461573,2.83674659,0.57431696,0.49311301,1.46437440,0.52830840
47.5200,0.50461108,2.83676950,0.57433451,0.49311706,1.46440312,0.52830225
47.5300,0.50460644,2.83679240,0.57435204,0.49312111,1.46443182,0.52829611
47.5400,0.50460180,2.83681527,0.57436956,0.49312515,1.46446050,0.52828997
47.5500,0.50459717,2.83683813,0.57438706,0.49312919,1.46448915,0.52828384
47.5600,0.50459253,2.83686097,0.57440455,0.49313323,1.46451778,0.52827772
47.5700,0.50458791,2.83688379,0.57442203,0.49313726,1.46454638,0.52827160
47.5800,0.50458328,2.83690659,0.57443950,0.49314129,1.46457496,0.52826549
47.5900,0.50457866,2.83692937,0.57445696,0.49314531,1.46460352,0.52825938
47.6000,0.50457405,2.83695213,0.57447440,0.49314933,1.46463205,0.52825328
47.6100,0.50456943,2.83697488,0.57449183,0.49315335,1.46466055,0.52824718
47.6200,0.50456483,2.83699760,0.57450925,0.49315736,1.46468903,0.52824109
47.6300,0.50456022,2.83702031,0.57452666,0.49316137,1.46471749,0.52823500
47.6400,0.50455562,2.83704300,0.57454405,0.49316537,1.46474592,0.52822893
47.6500,0.50455103,2.83706567,0.57456143,0.49316937,1.46477433,0.52822285
47.6600,0.50454643,2.83708832,0.57457880,0.49317337,1.46480271,0.52821678
47.6700,0.50454184,2.83711095,0.57459616,0.49317736,1.46483107,0.52821072
47.6800,0.50453726,2.83713357,0.57461350,0.49318134,1.46485940,0.52820466
47.6900,0.50453268,2.83715616,0.57463084,0.49318533,1.46488771,0.52819861
47.7000,0.50452810,2.83717874,0.57464816,0.49318930,1.46491600,0.52819257
47.7100,0.50452353,2.83720130,0.57466546,0.49319328,1.46494426,0.52818653
47.7200,0.50451896,2.83722383,0.57468276,0.49319725,1.46497250,0.52818049
47.7300,0.50451439,2.83724636,0.57470004,0.49320122,1.46500071,0.52817446
47.7400,0.50450983,2.83726886,0.57471731,0.49320518,1.46502890,0.52816844
47.7500,0.50450528,2.83729134,0.57473457,0.49320914,1.46505706,0.52816242
47.7600,0.50450072,2.83731381,0.57475182,0.49321309,1.46508520,0.52815641
47.7700,0.50449617,2.83733625,0.57476905,0.49321704,1.46511332,0.52815040
47.7800,0.50449163,2.83735868,0.57478627,0.49322099,1.46514141,0.52814440
47.7900,0.50448708,2.83738109,0.57480348,0.49322493,1.46516948,0.52813841
47.8000,0.50448255,2.83740348,0.57482068,0.49322887,1.46519752,0.52813242
47.8100,0.50447801,2.83742586,0.57483786,0.49323280,1.46522554,0.52812643
47.8200,0.50447348,2.83744821,0.57485503,0.49323673,1.46525353,0.52812045
47.8300,0.50446895,2.83747055,0.57487219,0.49324066,1.46528151,0.52811448
47.8400,0.50446443,2.83749286,0.57488934,0.49324458,1.46530945,0.52810851
47.8500,0.50445991,2.83751516,0.57490648,0.49324850,1.46533738,0.52810255
47.8600,0.50445540,2.83753745,0.57492360,0.49325241,1.46536527,0.52809659
47.8700,0.50445089,2.83755971,0.57494071,0.49325632,1.46539315,0.52809064
47.8800,0.50444638,2.83758195,0.57495781,0.49326023,1.46542100,0.52808469
47.8900,0.50444188,2.83760418,0.57497490,0.49326413,1.46544883,0.52807875
47.9000,0.50443738,2.83762639,0.57499197,0.49326802,1.46547663,0.52807282
47.9100,0.50443288,2.83764858,0.57500904,0.49327192,1.46550441,0.52806689
47.9200,0.50442839,2.83767075,0.57502609,0.49327581,1.46553217,0.52806096
47.9300,0.50442390,2.83769290,0.57504313,0.49327969,1.46555990,0.52805505
47.9400,0.50441941,2.83771504,0.57506015,0.49328358,1.46558761,0.52804913
47.9500,0.50441493,2.83773715,0.57507717,0.49328745,1.46561529,0.52804322
47.9600,0.50441046,2.83775925,0.57509417,0.49329133,1.46564295,0.52803732
47.9700,0.50440598,2.83778133,0.57511116,0.49329520,1.46567059,0.52803143
47.9800,0.50440151,2.83780339,0.57512814,0.49329906,1.46569820,0.52802553
47.9900,0.50439705,2.83782544,0.57514510,0.49330292,1.46572579,0.52801965
48.0000,0.50439259,2.83784747,0.57516206,0.49330678,1.46575335,0.52801377
48.0100,0.50438813,2.83786947,0.57517900,0.49331064,1.46578090,0.52800789
48.0200,0.50438367,2.83789146,0.57519593,0.49331449,1.46580841,0.52800202
48.0300,0.50437922,2.83791343,0.57521285,0.49331833,1.46583591,0.52799616
48.0400,0.50437478,2.83793539,0.57522975,0.49332217,1.46586338,0.52799030
48.0500,0.50437033,2.83795732,0.57524664,0.49332601,1.46589083,0.52798445
48.0600,0.50436589,2.83797924,0.57526353,0.49332985,1.46591825,0.52797860
48.0700,0.50436146,2.83800114,0.57528040,0.49333368,1.46594565,0.52797276
48.0800,0.50435703,2.83802302,0.57529725,0.49333750,1.46597302,0.52796692
48.0900,0.50435260,2.83804489,0.57531410,0.49334133,1.46600038,0.52796109
48.1000,0.50434818,2.83806673,0.57533093,0.49334514,1.46602771,0.52795526
48.1100,0.50434375,2.83808856,0.57534775,0.49334896,1.46605501,0.52794944
48.1200,0.50433934,2.83811037,0.57536456,0.49335277,1.46608229,0.52794363
48.1300,0.50433493,2.83813216,0.57538136,0.49335658,1.46610955,0.52793782
48.1400,0.50433052,2.83815394,0.57539815,0.49336038,1.46613679,0.52793201
48.1500,0.50432611,2.83817569,0.57541492,0.49336418,1.46616400,0.52792621
48.1600,0.50432171,2.83819743,0.57543168,0.49336797,1.46619119,0.52792042
48.1700,0.50431731,2.83821915,0.57544843,0.49337176,1.46621835,0.52791463
48.1800,0.50431292,2.83824085,0.57546517,0.49337555,1.46624550,0.52790885
48.1900,0.50430853,2.83826254,0.57548189,0.49337933,1.46627261,0.52790307
48.2000,0.50430414,2.83828421,0.57549861,0.49338311,1.46629971,0.52789730
48.2100,0.50429976,2.83830585,0.57551531,0.49338689,1.46632678,0.52789153
48.2200,0.50429538,2.83832749,0.57553200,0.49339066,1.46635383,0.52788577
48.2300,0.50429100,2.83834910,0.57554868,0.49339443,1.46638085,0.52788001
48.2400,0.50428663,2.83837069,0.57556534,0.49339819,1.46640786,0.52787426
48.2500,0.50428226,2.83839227,0.57558200,0.49340195,1.46643484,0.52786852
48.2600,0.50427790,2.83841383,0.57559864,0.49340571,1.46646179,0.52786277
48.2700,0.50427354,2.83843538,0.57561527,0.49340946,1.46648872,0.52785704
48.2800,0.50426918,2.83845690,0.57563189,0.49341321,1.46651563,0.52785131
48.2900,0.50426483,2.83847841,0.57564850,0.49341695,1.46654252,0.52784558
48.3000,0.50426048,2.83849990,0.57566509,0.49342070,1.46656938,0.52783987
48.3100,0.50425613,2.83852137,0.57568168,0.49342443,1.46659622,0.52783415
48.3200,0.50425179,2.83854282,0.57569825,0.49342817,1.46662304,0.52782844
48.3300,0.50424745,2.83856426,0.57571481,0.49343189,1.46664983,0.52782274
48.3400,0.50424311,2.83858568,0.57573136,0.49343562,1.46667660,0.52781704
48.3500,0.50423878,2.83860708,0.57574789,0.49343934,1.46670335,0.52781135
48.3600,0.50423445,2.83862846,0.57576442,0.49344306,1.46673007,0.52780566
48.3700,0.50423013,2.83864983,0.57578093,0.49344677,1.46675678,0.52779998
48.3800,0.50422581,2.83867118,0.57579743,0.49345048,1.46678345,0.52779430
48.3900,0.50422149,2.83869251,0.57581392,0.49345419,1.46681011,0.52778863
48.4000,0.50421718,2.83871382,0.57583040,0.49345789,1.46683674,0.52778296
48.4100,0.50421287,2.83873512,0.57584686,0.49346159,1.46686335,0.52777730
48.4200,0.50420856,2.83875640,0.57586331,0.49346529,1.46688994,0.52777165
48.4300,0.50420426,2.83877766,0.57587976,0.49346898,1.46691650,0.52776600
48.4400,0.50419996,2.83879891,0.57589619,0.49347266,1.46694304,0.52776035
48.4500,0.50419567,2.83882013,0.57591261,0.49347635,1.46696956,0.52775471
48.4600,0.50419138,2.83884134,0.57592901,0.49348003,1.46699606,0.52774907
48.4700,0.50418709,2.83886253,0.57594541,0.49348370,1.46702253,0.52774344
48.4800,0.50418281,2.83888371,0.57596179,0.49348738,1.46704898,0.52773782
48.4900,0.50417853,2.83890486,0.57597816,0.49349104,1.46707541,0.52773220
48.5000,0.50417425,2.83892600,0.57599452,0.49349471,1.46710181,0.52772659
48.5100,0.50416998,2.83894712,0.57601087,0.49349837,1.46712819,0.52772098
48.5200,0.50416571,2.83896823,0.57602721,0.49350203,1.46715455,0.52771537
48.5300,0.50416144,2.83898932,0.57604353,0.49350568,1.46718089,0.52770977
48.5400,0.50415718,2.83901039,0.57605985,0.49350933,1.46720720,0.52770418
48.5500,0.50415292,2.83903144,0.57607615,0.49351298,1.46723349,0.52769859
48.5600,0.50414866,2.83905248,0.57609244,0.49351662,1.46725976,0.52769301
48.5700,0.50414441,2.83907349,0.57610872,0.49352026,1.46728601,0.52768743
48.5800,0.50414016,2.83909449,0.57612498,0.49352389,1.46731223,0.52768186
48.5900,0.50413592,2.83911548,0.57614124,0.49352752,1.46733843,0.52767629
48.6000,0.50413168,2.83913644,0.57615748,0.49353115,1.46736461,0.52767073
48.6100,0.50412744,2.83915739,0.57617372,0.49353477,1.46739076,0.52766517
48.6200,0.50412321,2.83917833,0.57618994,0.49353839,1.46741689,0.52765962
48.6300,0.50411898,2.83919924,0.57620615,0.49354201,1.46744300,0.52765407
48.6400,0.50411475,2.83922014,0.57622234,0.49354562,1.46746909,0.52764853
48.6500,0.50411053,2.83924102,0.57623853,0.49354923,1.46749516,0.52764299
48.6600,0.50410631,2.83926188,0.57625470,0.49355283,1.46752120,0.52763746
48.6700,0.50410209,2.83928273,0.57627087,0.49355644,1.46754722,0.52763193
48.6800,0.50409788,2.83930356,0.57628702,0.49356003,1.46757322,0.52762641
48.6900,0.50409367,2.83932437,0.57630316,0.49356363,1.46759919,0.52762090
48.7000,0.50408947,2.83934517,0.57631929,0.49356722,1.46762515,0.52761539
48.7100,0.50408527,2.83936594,0.57633540,0.49357080,1.46765108,0.52760988
48.7200,0.50408107,2.83938671,0.57635151,0.49357439,1.46767699,0.52760438
48.7300,0.50407688,2.83940745,0.57636760,0.49357797,1.46770287,0.52759888
48.7400,0.50407268,2.83942818,0.57638368,0.49358154,1.46772874,0.52759339
48.7500,0.50406850,2.83944889,0.57639975,0.49358511,1.46775458,0.52758791
48.7600,0.50406431,2.83946958,0.57641581,0.49358868,1.46778040,0.52758243
48.7700,0.50406013,2.83949026,0.57643186,0.49359224,1.46780620,0.52757695
48.7800,0.50405596,2.83951092,0.57644790,0.49359581,1.46783197,0.52757148
48.7900,0.50405178,2.83953156,0.57646392,0.49359936,1.46785772,0.52756601
48.8000,0.50404761,2.83955218,0.57647994,0.49360292,1.46788345,0.52756055
48.8100,0.50404345,2.83957279,0.57649594,0.49360647,1.46790916,0.52755510
48.8200,0.50403929,2.83959338,0.57651193,0.49361001,1.46793485,0.52754965
48.8300,0.50403513,2.83961396,0.57652791,0.49361355,1.46796051,0.52754420
48.8400,0.50403097,2.83963451,0.57654388,0.49361709,1.46798615,0.52753876
48.8500,0.50402682,2.83965506,0.57655983,0.49362063,1.46801177,0.52753333
48.8600,0.50402267,2.83967558,0.57657578,0.49362416,1.46803737,0.52752790
48.8700,0.50401853,2.83969609,0.57659171,0.49362769,1.46806295,0.52752247
48.8800,0.50401438,2.83971658,0.57660763,0.49363121,1.46808850,0.52751705
48.8900,0.50401025,2.83973705,0.57662355,0.49363473,1.46811403,0.52751164
48.9000,0.50400611,2.83975751,0.57663944,0.49363825,1.46813954,0.52750623
48.9100,0.50400198,2.83977795,0.57665533,0.49364176,1.46816503,0.52750082
48.9200,0.50399785,2.83979837,0.57667121,0.49364527,1.46819050,0.52749542
48.9300,0.50399373,2.83981878,0.57668708,0.49364878,1.46821594,0.52749003
48.9400,0.50398961,2.83983917,0.57670293,0.49365228,1.46824136,0.52748464
48.9500,0.50398549,2.83985954,0.57671877,0.49365578,1.46826676,0.52747925
48.9600,0.50398138,2.83987990,0.57673460,0.49365928,1.46829214,0.52747387
48.9700,0.50397727,2.83990024,0.57675042,0.49366277,1.46831750,0.52746850
48.9800,0.50397316,2.83992056,0.57676623,0.49366626,1.46834283,0.52746313
48.9900,0.50396906,2.83994086,0.57678203,0.49366974,1.46836814,0.52745776
49.0000,0.50396496,2.83996115,0.57679782,0.49367322,1.46839343,0.52745240
49.0100,0.50396086,2.83998143,0.57681359,0.49367670,1.46841870,0.52744705
49.0200,0.50395677,2.84000168,0.57682936,0.49368017,1.46844395,0.52744170
49.0300,0.50395268,2.84002192,0.57684511,0.49368364,1.46846918,0.52743636
49.0400,0.50394859,2.84004215,0.57686085,0.49368711,1.46849438,0.52743101
49.0500,0.50394451,2.84006235,0.57687658,0.49369057,1.46851956,0.52742568
49.0600,0.50394043,2.84008254,0.57689230,0.49369403,1.46854472,0.52742035
49.0700,0.50393636,2.84010272,0.57690801,0.49369749,1.46856986,0.52741502
49.0800,0.50393229,2.84012287,0.57692370,0.49370094,1.46859498,0.52740970
49.0900,0.50392822,2.84014301,0.57693939,0.49370439,1.46862007,0.52740439
49.1000,0.50392415,2.84016314,0.57695506,0.49370784,1.46864514,0.52739908
49.1100,0.50392009,2.84018325,0.57697072,0.49371128,1.46867020,0.52739377
49.1200,0.50391603,2.84020334,0.57698638,0.49371472,1.46869523,0.52738847
49.1300,0.50391198,2.84022341,0.57700202,0.49371815,1.46872024,0.52738318
49.1400,0.50390793,2.84024347,0.57701765,0.49372158,1.46874522,0.52737789
49.1500,0.50390388,2.84026351,0.57703326,0.49372501,1.46877019,0.52737260
49.1600,0.50389983,2.84028354,0.57704887,0.49372843,1.46879513,0.52736732
49.1700,0.50389579,2.84030354,0.57706447,0.49373186,1.46882006,0.52736204
49.1800,0.50389175,2.84032354,0.57708005,0.49373527,1.46884496,0.52735677
49.1900,0.50388772,2.84034351,0.57709562,0.49373869,1.46886984,0.52735151
49.2000,0.50388369,2.84036347,0.57711119,0.49374210,1.46889469,0.52734624
49.2100,0.50387966,2.84038342,0.57712674,0.49374550,1.46891953,0.52734099
49.2200,0.50387564,2.84040334,0.57714228,0.49374891,1.46894435,0.52733574
49.2300,0.50387162,2.84042325,0.57715781,0.49375231,1.46896914,0.52733049
49.2400,0.50386760,2.84044315,0.57717332,0.49375570,1.46899391,0.52732525
49.2500,0.50386358,2.84046303,0.57718883,0.49375910,1.46901866,0.52732001
49.2600,0.50385957,2.84048289,0.57720433,0.49376248,1.46904339,0.52731478
49.2700,0.50385557,2.84050273,0.57721981,0.49376587,1.46906810,0.52730955
49.2800,0.50385156,2.84052256,0.57723529,0.49376925,1.46909279,0.52730433
49.2900,0.50384756,2.84054238,0.57725075,0.49377263,1.46911745,0.52729911
49.3000,0.50384356,2.84056217,0.57726620,0.49377601,1.46914210,0.52729390
49.3100,0.50383957,2.84058195,0.57728164,0.49377938,1.46916672,0.52728869
49.3200,0.50383558,2.84060172,0.57729707,0.49378275,1.46919132,0.52728349
49.3300,0.50383159,2.84062147,0.57731249,0.49378611,1.46921591,0.52727829
49.3400,0.50382761,2.84064120,0.57732789,0.49378947,1.46924046,0.52727310
49.3500,0.50382363,2.84066091,0.57734329,0.49379283,1.46926500,0.52726791
49.3600,0.50381965,2.84068061,0.57735868,0.49379619,1.46928952,0.52726272
49.3700,0.50381568,2.84070030,0.57737405,0.49379954,1.46931402,0.52725755
49.3800,0.50381171,2.84071996,0.57738941,0.49380288,1.46933849,0.52725237
49.3900,0.50380774,2.84073962,0.57740477,0.49380623,1.46936295,0.52724720
49.4000,0.50380378,2.84075925,0.57742011,0.49380957,1.46938738,0.52724204
49.4100,0.50379982,2.84077887,0.57743544,0.49381291,1.46941179,0.52723688
49.4200,0.50379586,2.84079847,0.57745076,0.49381624,1.46943618,0.52723172
49.4300,0.50379191,2.84081806,0.57746606,0.49381957,1.46946055,0.52722657
49.4400,0.50378796,2.84083763,0.57748136,0.49382290,1.46948490,0.52722143
49.4500,0.50378401,2.84085719,0.57749665,0.49382622,1.46950923,0.52721629
49.4600,0.50378007,2.84087672,0.57751192,0.49382954,1.46953353,0.52721115
49.4700,0.50377613,2.84089625,0.57752719,0.49383286,1.46955782,0.52720602
49.4800,0.50377219,2.84091575,0.57754244,0.49383617,1.46958208,0.52720089
49.4900,0.50376825,2.84093525,0.57755769,0.49383948,1.46960633,0.52719577
49.5000,0.50376432,2.84095472,0.57757292,0.49384279,1.46963055,0.52719066
49.5100,0.50376040,2.84097418,0.57758814,0.49384609,1.46965475,0.52718554
49.5200,0.50375647,2.84099362,0.57760335,0.49384939,1.46967893,0.52718044
49.5300,0.50375255,2.84101305,0.57761855,0.49385269,1.46970309,0.52717533
49.5400,0.50374864,2.84103246,0.57763374,0.49385598,1.46972723,0.52717024
49.5500,0.50374472,2.84105186,0.57764891,0.49385927,1.46975135,0.52716514
49.5600,0.50374081,2.84107124,0.57766408,0.49386256,1.46977545,0.52716006
49.5700,0.50373691,2.84109060,0.57767924,0.49386584,1.46979952,0.52715497
49.5800,0.50373300,2.84110995,0.57769438,0.49386912,1.46982358,0.52714989
49.5900,0.50372910,2.84112928,0.57770951,0.49387240,1.46984761,0.52714482
49.6000,0.50372520,2.84114860,0.57772464,0.49387567,1.46987163,0.52713975
49.6100,0.50372131,2.84116790,0.57773975,0.49387894,1.46989562,0.52713469
49.6200,0.50371742,2.84118718,0.57775485,0.49388220,1.46991960,0.52712963
49.6300,0.50371353,2.84120645,0.57776994,0.49388547,1.46994355,0.52712457
49.6400,0.50370965,2.84122570,0.57778502,0.49388873,1.46996748,0.52711952
49.6500,0.50370577,2.84124494,0.57780009,0.49389198,1.46999139,0.52711447
49.6600,0.50370189,2.84126416,0.57781515,0.49389524,1.47001528,0.52710943
49.6700,0.50369801,2.84128337,0.57783020,0.49389848,1.47003915,0.52710440
49.6800,0.50369414,2.84130256,0.57784523,0.49390173,1.47006300,0.52709936
49.6900,0.50369027,2.84132173,0.57786026,0.49390497,1.47008683,0.52709434
49.7000,0.50368641,2.84134089,0.57787528,0.49390821,1.47011064,0.52708931
49.7100,0.50368255,2.84136004,0.57789028,0.49391145,1.47013442,0.52708430
49.7200,0.50367869,2.84137916,0.57790527,0.49391468,1.47015819,0.52707928
49.7300,0.50367484,2.84139827,0.57792026,0.49391791,1.47018194,0.52707428
49.7400,0.50367098,2.84141737,0.57793523,0.49392114,1.47020566,0.52706927
49.7500,0.50366714,2.84143645,0.57795019,0.49392436,1.47022937,0.52706427
49.7600,0.50366329,2.84145552,0.57796514,0.49392758,1.47025305,0.52705928
49.7700,0.50365945,2.84147457,0.57798008,0.49393079,1.47027672,0.52705429
49.7800,0.50365561,2.84149360,0.57799501,0.49393401,1.47030036,0.52704930
49.7900,0.50365178,2.84151262,0.57800993,0.49393722,1.47032398,0.52704432
49.8000,0.50364794,2.84153162,0.57802484,0.49394042,1.47034759,0.52703935
49.8100,0.50364411,2.84155061,0.57803974,0.49394363,1.47037117,0.52703437
49.8200,0.50364029,2.84156958,0.57805462,0.49394682,1.47039473,0.52702941
49.8300,0.50363647,2.84158853,0.57806950,0.49395002,1.47041827,0.52702445
49.8400,0.50363265,2.84160747,0.57808437,0.49395321,1.47044179,0.52701949
49.8500,0.50362883,2.84162640,0.57809922,0.49395640,1.47046530,0.52701454
49.8600,0.50362502,2.84164531,0.57811407,0.49395959,1.47048878,0.52700959
49.8700,0.50362121,2.84166420,0.57812890,0.49396277,1.47051224,0.52700464
49.8800,0.50361740,2.84168308,0.57814372,0.49396595,1.47053568,0.52699970
49.8900,0.50361360,2.84170194,0.57815853,0.49396913,1.47055910,0.52699477
49.9000,0.50360980,2.84172079,0.57817334,0.49397230,1.47058250,0.52698984
49.9100,0.50360600,2.84173962,0.57818813,0.49397547,1.47060588,0.52698491
49.9200,0.50360221,2.84175844,0.57820291,0.49397864,1.47062924,0.52697999
49.9300,0.50359842,2.84177724,0.57821768,0.49398180,1.47065258,0.52697508
49.9400,0.50359463,2.84179603,0.57823244,0.49398496,1.47067590,0.52697017
49.9500,0.50359085,2.84181480,0.57824719,0.49398812,1.47069919,0.52696526
49.9600,0.50358706,2.84183356,0.57826192,0.49399127,1.47072247,0.52696036
49.9700,0.50358329,2.84185230,0.57827665,0.49399443,1.47074573,0.52695546
49.9800,0.50357951,2.84187102,0.57829137,0.49399757,1.47076897,0.52695057
49.9900,0.50357574,2.84188973,0.57830608,0.49400072,1.47079219,0.52694568
50.0000,0.50357197,2.84190842,0.57832077,0.49400386,1.47081539,0.52694079
50.0100,0.50356821,2.84192710,0.57833546,0.49400699,1.47083857,0.52693591
50.0200,0.50356445,2.84194577,0.57835013,0.49401013,1.47086172,0.52693104
50.0300,0.50356069,2.84196442,0.57836480,0.49401326,1.47088486,0.52692617
50.0400,0.50355693,2.84198305,0.57837945,0.49401639,1.47090798,0.52692130
50.0500,0.50355318,2.84200167,0.57839409,0.49401951,1.47093108,0.52691644
50.0600,0.50354943,2.84202027,0.57840873,0.49402263,1.47095416,0.52691158
50.0700,0.50354568,2.84203886,0.57842335,0.49402575,1.47097722,0.52690673
50.0800,0.50354194,2.84205743,0.57843796,0.49402887,1.47100026,0.52690188
50.0900,0.50353820,2.84207599,0.57845256,0.49403198,1.47102327,0.52689704
50.1000,0.50353446,2.84209453,0.57846715,0.49403509,1.47104627,0.52689220
50.1100,0.50353073,2.84211305,0.57848174,0.49403819,1.47106925,0.52688737
50.1200,0.50352700,2.84213157,0.57849631,0.49404130,1.47109221,0.52688254
50.1300,0.50352327,2.84215006,0.57851087,0.49404440,1.47111515,0.52687771
50.1400,0.50351955,2.84216854,0.57852541,0.49404749,1.47113807,0.52687289
50.1500,0.50351583,2.84218701,0.57853995,0.49405058,1.47116097,0.52686807
50.1600,0.50351211,2.84220546,0.57855448,0.49405367,1.47118385,0.52686326
50.1700,0.50350840,2.84222390,0.57856900,0.49405676,1.47120671,0.52685845
50.1800,0.50350468,2.84224232,0.57858351,0.49405984,1.47122955,0.52685365
50.1900,0.50350098,2.84226072,0.57859800,0.49406292,1.47125237,0.52684885
50.2000,0.50349727,2.84227912,0.57861249,0.49406600,1.47127517,0.52684406
50.2100,0.50349357,2.84229749,0.57862697,0.49406907,1.47129795,0.52683927
50.2200,0.50348987,2.84231585,0.57864143,0.49407214,1.47132071,0.52683448
50.2300,0.50348617,2.84233420,0.57865589,0.49407521,1.47134345,0.52682970
50.2400,0.50348248,2.84235253,0.57867034,0.49407828,1.47136618,0.52682493
50.2500,0.50347879,2.84237084,0.57868477,0.49408134,1.47138888,0.52682015
50.2600,0.50347510,2.84238915,0.57869919,0.49408439,1.47141156,0.52681539
50.2700,0.50347142,2.84240743,0.57871361,0.49408745,1.47143422,0.52681062
50.2800,0.50346774,2.84242570,0.57872801,0.49409050,1.47145687,0.52680587
50.2900,0.50346406,2.84244396,0.57874241,0.49409355,1.47147949,0.52680111
50.3000,0.50346039,2.84246220,0.57875679,0.49409660,1.47150209,0.52679636
50.3100,0.50345672,2.84248043,0.57877116,0.49409964,1.47152468,0.52679162
50.3200,0.50345305,2.84249864,0.57878553,0.49410268,1.47154724,0.52678688
50.3300,0.50344938,2.84251683,0.57879988,0.49410571,1.47156979,0.52678214
50.3400,0.50344572,2.84253502,0.57881422,0.49410875,1.47159232,0.52677741
50.3500,0.50344206,2.84255318,0.57882855,0.49411177,1.47161482,0.52677268
50.3600,0.50343841,2.84257133,0.57884287,0.49411480,1.47163731,0.52676796
50.3700,0.50343475,2.84258947,0.57885718,0.49411782,1.47165978,0.52676324
50.3800,0.50343110,2.84260759,0.57887149,0.49412085,1.47168223,0.52675852
50.3900,0.50342746,2.84262570,0.57888578,0.49412386,1.47170466,0.52675381
50.4000,0.50342381,2.84264379,0.57890006,0.49412688,1.47172707,0.52674911
50.4100,0.50342017,2.84266187,0.57891433,0.49412989,1.47174946,0.52674441
50.4200,0.50341654,2.84267994,0.57892859,0.49413290,1.47177183,0.52673971
50.4300,0.50341290,2.84269798,0.57894284,0.49413590,1.47179418,0.52673502
50.4400,0.50340927,2.84271602,0.57895708,0.49413890,1.47181651,0.52673033
50.4500,0.50340564,2.84273404,0.57897131,0.49414190,1.47183882,0.52672565
50.4600,0.50340202,2.84275204,0.57898552,0.49414490,1.47186112,0.52672097
50.4700,0.50339839,2.84277003,0.57899973,0.49414789,1.47188339,0.52671629
50.4800,0.50339478,2.84278801,0.57901393,0.49415088,1.47190564,0.52671162
50.4900,0.50339116,2.84280597,0.57902812,0.49415387,1.47192788,0.52670695
50.5000,0.50338755,2.84282391,0.57904230,0.49415685,1.47195010,0.52670229
50.5100,0.50338394,2.84284184,0.57905647,0.49415983,1.47197229,0.52669763
50.5200,0.50338033,2.84285976,0.57907063,0.49416281,1.47199447,0.52669298
50.5300,0.50337673,2.84287766,0.57908477,0.49416578,1.47201663,0.52668833
50.5400,0.50337312,2.84289555,0.57909891,0.49416875,1.47203877,0.52668369
50.5500,0.50336953,2.84291342,0.57911304,0.49417172,1.47206089,0.52667905
50.5600,0.50336593,2.84293128,0.57912716,0.49417468,1.47208299,0.52667441
50.5700,0.50336234,2.84294912,0.57914126,0.49417765,1.47210507,0.52666978
50.5800,0.50335875,2.84296695,0.57915536,0.49418060,1.47212714,0.52666515
50.5900,0.50335516,2.84298476,0.57916945,0.49418356,1.47214918,0.52666053
50.6000,0.50335158,2.84300256,0.57918352,0.49418651,1.47217121,0.52665591
50.6100,0.50334800,2.84302035,0.57919759,0.49418946,1.47219321,0.52665130
50.6200,0.50334443,2.84303812,0.57921165,0.49419241,1.47221520,0.52664669
50.6300,0.50334085,2.84305587,0.57922569,0.49419535,1.47223717,0.52664208
50.6400,0.50333728,2.84307361,0.57923973,0.49419829,1.47225911,0.52663748
50.6500,0.50333371,2.84309134,0.57925376,0.49420123,1.47228104,0.52663288
50.6600,0.50333015,2.84310905,0.57926777,0.49420417,1.47230295,0.52662829
50.6700,0.50332659,2.84312675,0.57928178,0.49420710,1.47232485,0.52662370
50.6800,0.50332303,2.84314444,0.57929578,0.49421003,1.47234672,0.52661912
50.6900,0.50331947,2.84316210,0.57930976,0.49421295,1.47236857,0.52661454
50.7000,0.50331592,2.84317976,0.57932374,0.49421587,1.47239041,0.52660996
50.7100,0.50331237,2.84319740,0.57933771,0.49421879,1.47241222,0.52660539
50.7200,0.50330882,2.84321503,0.57935166,0.49422171,1.47243402,0.52660082
50.7300,0.50330528,2.84323264,0.57936561,0.49422462,1.47245580,0.52659626
50.7400,0.50330174,2.84325023,0.57937954,0.49422753,1.47247756,0.52659170
50.7500,0.50329820,2.84326782,0.57939347,0.49423044,1.47249930,0.52658715
50.7600,0.50329466,2.84328539,0.57940739,0.49423335,1.47252102,0.52658260
50.7700,0.50329113,2.84330294,0.57942129,0.49423625,1.47254272,0.52657805
50.7800,0.50328760,2.84332048,0.57943519,0.49423915,1.47256441,0.52657351
50.7900,0.50328408,2.84333800,0.57944907,0.49424204,1.47258607,0.52656897
50.8000,0.50328055,2.84335552,0.57946295,0.49424493,1.47260772,0.52656444
50.8100,0.50327703,2.84337301,0.57947682,0.49424782,1.47262935,0.52655991
50.8200,0.50327352,2.84339050,0.57949067,0.49425071,1.47265096,0.52655538
50.8300,0.50327000,2.84340796,0.57950452,0.49425359,1.47267255,0.52655086
50.8400,0.50326649,2.84342542,0.57951836,0.49425648,1.47269412,0.52654635
50.8500,0.50326298,2.84344286,0.57953218,0.49425935,1.47271567,0.52654183
50.8600,0.50325948,2.84346028,0.57954600,0.49426223,1.47273721,0.52653733
50.8700,0.50325597,2.84347769,0.57955980,0.49426510,1.47275872,0.52653282
50.8800,0.50325247,2.84349509,0.57957360,0.49426797,1.47278022,0.52652832
50.8900,0.50324898,2.84351247,0.57958739,0.49427083,1.47280170,0.52652383
50.9000,0.50324548,2.84352984,0.57960116,0.49427370,1.47282316,0.52651934
50.9100,0.50324199,2.84354720,0.57961493,0.49427656,1.47284460,0.52651485
50.9200,0.50323850,2.84356454,0.57962869,0.49427941,1.47286602,0.52651037
50.9300,0.50323502,2.84358187,0.57964244,0.49428227,1.47288743,0.52650589
50.9400,0.50323154,2.84359918,0.57965617,0.49428512,1.47290881,0.52650141
50.9500,0.50322806,2.84361648,0.57966990,0.49428797,1.47293018,0.52649694
50.9600,0.50322458,2.84363376,0.57968362,0.49429081,1.47295153,0.52649248
50.9700,0.50322111,2.84365103,0.57969733,0.49429366,1.47297286,0.52648802
50.9800,0.50321764,2.84366828,0.57971102,0.49429650,1.47299417,0.52648356
50.9900,0.50321417,2.84368553,0.57972471,0.49429933,1.47301546,0.52647910
51.0000,0.50321071,2.84370275,0.57973839,0.49430217,1.47303674,0.52647465
51.0100,0.50320724,2.84371997,0.57975206,0.49430500,1.47305799,0.52647021
51.0200,0.50320379,2.84373717,0.57976572,0.49430782,1.47307923,0.52646577
51.0300,0.50320033,2.84375435,0.57977936,0.49431065,1.47310045,0.52646133
51.0400,0.50319688,2.84377152,0.57979300,0.49431347,1.47312165,0.52645690
51.0500,0.50319343,2.84378868,0.57980663,0.49431629,1.47314283,0.52645247
51.0600,0.50318998,2.84380583,0.57982025,0.49431911,1.47316400,0.52644804
51.0700,0.50318653,2.84382295,0.57983386,0.49432192,1.47318514,0.52644362
51.0800,0.50318309,2.84384007,0.57984746,0.49432473,1.47320627,0.52643921
51.0900,0.50317965,2.84385717,0.57986105,0.49432754,1.47322738,0.52643480
51.1000,0.50317622,2.84387426,0.57987463,0.49433034,1.47324847,0.52643039
51.1100,0.50317279,2.84389133,0.57988820,0.49433314,1.47326954,0.52642598
51.1200,0.50316936,2.84390839,0.57990176,0.49433594,1.47329060,0.52642158
51.1300,0.50316593,2.84392544,0.57991531,0.49433874,1.47331163,0.52641719
51.1400,0.50316251,2.84394247,0.57992885,0.49434153,1.47333265,0.52641280
51.1500,0.50315908,2.84395949,0.57994239,0.49434432,1.47335365,0.52640841
51.1600,0.50315567,2.84397649,0.57995591,0.49434711,1.47337463,0.52640403
51.1700,0.50315225,2.84399348,0.57996942,0.49434989,1.47339560,0.52639965
51.1800,0.50314884,2.84401046,0.57998292,0.49435268,1.47341654,0.52639527
51.1900,0.50314543,2.84402742,0.57999641,0.49435545,1.47343747,0.52639090
51.2000,0.50314202,2.84404437,0.58000990,0.49435823,1.47345838,0.52638653
51.2100,0.50313862,2.84406131,0.58002337,0.49436100,1.47347927,0.52638217
51.2200,0.50313521,2.84407823,0.58003683,0.49436377,1.47350014,0.52637781
51.2300,0.50313182,2.84409513,0.58005029,0.49436654,1.47352100,0.52637346
51.2400,0.50312842,2.84411203,0.58006373,0.49436930,1.47354183,0.52636910
51.2500,0.50312503,2.84412891,0.58007717,0.49437207,1.47356265,0.52636476
51.2600,0.50312164,2.84414577,0.58009059,0.49437482,1.47358345,0.52636042
51.2700,0.50311825,2.84416263,0.58010401,0.49437758,1.47360423,0.52635608
51.2800,0.50311487,2.84417947,0.58011741,0.49438033,1.47362500,0.52635174
51.2900,0.50311149,2.84419629,0.58013081,0.49438308,1.47364575,0.52634741
51.3000,0.50310811,2.84421310,0.58014419,0.49438583,1.47366647,0.52634309
51.3100,0.50310473,2.84422990,0.58015757,0.49438858,1.47368718,0.52633876
51.3200,0.50310136,2.84424668,0.58017094,0.49439132,1.47370788,0.52633444
51.3300,0.50309799,2.84426345,0.58018429,0.49439406,1.47372855,0.52633013
51.3400,0.50309462,2.84428021,0.58019764,0.49439679,1.47374921,0.52632582
51.3500,0.50309126,2.84429695,0.58021098,0.49439953,1.47376985,0.52632151
51.3600,0.50308789,2.84431368,0.58022431,0.49440226,1.47379047,0.52631721
51.3700,0.50308454,2.84433040,0.58023763,0.49440498,1.47381107,0.52631291
51.3800,0.50308118,2.84434710,0.58025094,0.49440771,1.47383165,0.52630862
51.3900,0.50307783,2.84436379,0.58026424,0.49441043,1.47385222,0.52630433
51.4000,0.50307448,2.84438046,0.58027753,0.49441315,1.47387277,0.52630004
51.4100,0.50307113,2.84439712,0.58029081,0.49441587,1.47389330,0.52629576
51.4200,0.50306778,2.84441377,0.58030408,0.49441858,1.47391382,0.52629148
51.4300,0.50306444,2.84443040,0.58031734,0.49442129,1.47393431,0.52628721
51.4400,0.50306110,2.84444702,0.58033059,0.49442400,1.47395479,0.52628294
51.4500,0.50305777,2.84446363,0.58034383,0.49442671,1.47397525,0.52627867
51.4600,0.50305443,2.84448022,0.58035707,0.49442941,1.47399569,0.52627441
51.4700,0.50305110,2.84449680,0.58037029,0.49443211,1.47401612,0.52627015
51.4800,0.50304777,2.84451337,0.58038350,0.49443480,1.47403652,0.52626590
51.4900,0.50304445,2.84452992,0.58039671,0.49443750,1.47405691,0.52626165
51.5000,0.50304113,2.84454646,0.58040990,0.49444019,1.47407729,0.52625740
51.5100,0.50303781,2.84456299,0.58042309,0.49444288,1.47409764,0.52625316
51.5200,0.50303449,2.84457950,0.58043626,0.49444556,1.47411798,0.52624892
51.5300,0.50303118,2.84459600,0.58044943,0.49444825,1.47413830,0.52624468
51.5400,0.50302786,2.84461248,0.58046259,0.49445093,1.47415860,0.52624045
51.5500,0.50302456,2.84462896,0.58047574,0.49445361,1.47417888,0.52623623
51.5600,0.50302125,2.84464541,0.58048887,0.49445628,1.47419915,0.52623201
51.5700,0.50301795,2.84466186,0.58050200,0.49445895,1.47421939,0.52622779
51.5800,0.50301465,2.84467829,0.58051512,0.49446162,1.47423963,0.52622357
51.5900,0.50301135,2.84469471,0.58052823,0.49446429,1.47425984,0.52621936
51.6000,0.50300805,2.84471111,0.58054133,0.49446695,1.47428003,0.52621515
51.6100,0.50300476,2.84472751,0.58055442,0.49446961,1.47430021,0.52621095
51.6200,0.50300147,2.84474388,0.58056750,0.49447227,1.47432037,0.52620675
51.6300,0.50299819,2.84476025,0.58058057,0.49447493,1.47434052,0.52620256
51.6400,0.50299490,2.84477660,0.58059364,0.49447758,1.47436064,0.52619837
51.6500,0.50299162,2.84479294,0.58060669,0.49448023,1.47438075,0.52619418
51.6600,0.50298834,2.84480926,0.58061973,0.49448288,1.47440084,0.52619000
51.6700,0.50298507,2.84482558,0.58063277,0.49448552,1.47442091,0.52618582
51.6800,0.50298180,2.84484187,0.58064579,0.49448816,1.47444097,0.52618164
51.6900,0.50297853,2.84485816,0.58065881,0.49449080,1.47446101,0.52617747
51.7000,0.50297526,2.84487443,0.58067181,0.49449344,1.47448103,0.52617330
51.7100,0.50297199,2.84489069,0.58068481,0.49449607,1.47450103,0.52616914
51.7200,0.50296873,2.84490693,0.58069780,0.49449871,1.47452102,0.52616498
51.7300,0.50296547,2.84492317,0.58071078,0.49450133,1.47454099,0.52616082
51.7400,0.50296222,2.84493939,0.58072375,0.49450396,1.47456094,0.52615667
51.7500,0.50295896,2.84495559,0.58073671,0.49450658,1.47458087,0.52615252
51.7600,0.50295571,2.84497178,0.58074966,0.49450920,1.47460079,0.52614838
51.7700,0.50295246,2.84498796,0.58076260,0.49451182,1.47462069,0.52614424
51.7800,0.50294922,2.84500413,0.58077553,0.49451444,1.47464057,0.52614010
51.7900,0.50294598,2.84502028,0.58078845,0.49451705,1.47466044,0.52613597
51.8000,0.50294274,2.84503642,0.58080136,0.49451966,1.47468029,0.52613184
51.8100,0.50293950,2.84505255,0.58081427,0.49452226,1.47470012,0.52612772
51.8200,0.50293626,2.84506866,0.58082716,0.49452487,1.47471993,0.52612359
51.8300,0.50293303,2.84508476,0.58084005,0.49452747,1.47473973,0.52611948
51.8400,0.50292980,2.84510085,0.58085292,0.49453007,1.47475951,0.52611536
51.8500,0.50292658,2.84511692,0.58086579,0.49453266,1.47477927,0.52611125
51.8600,0.50292335,2.84513298,0.58087864,0.49453526,1.47479901,0.52610715
51.8700,0.50292013,2.84514903,0.58089149,0.49453785,1.47481874,0.52610305
51.8800,0.50291691,2.84516507,0.58090433,0.49454044,1.47483845,0.52609895
51.8900,0.50291370,2.84518109,0.58091716,0.49454302,1.47485815,0.52609485
51.9000,0.50291048,2.84519710,0.58092998,0.49454560,1.47487782,0.52609076
51.9100,0.50290727,2.84521309,0.58094279,0.49454818,1.47489748,0.52608668
51.9200,0.50290406,2.84522908,0.58095559,0.49455076,1.47491712,0.52608260
51.9300,0.50290086,2.84524505,0.58096839,0.49455334,1.47493675,0.52607852
51.9400,0.50289766,2.84526100,0.58098117,0.49455591,1.47495636,0.52607444
51.9500,0.50289446,2.84527695,0.58099394,0.49455848,1.47497595,0.52607037
51.9600,0.50289126,2.84529288,0.58100671,0.49456105,1.47499552,0.52606630
51.9700,0.50288807,2.84530880,0.58101946,0.49456361,1.47501508,0.52606224
51.9800,0.50288487,2.84532470,0.58103221,0.49456617,1.47503462,0.52605818
51.9900,0.50288169,2.84534059,0.58104495,0.49456873,1.47505414,0.52605412
52.0000,0.50287850,2.84535647,0.58105767,0.49457129,1.47507365,0.52605007
52.0100,0.50287532,2.84537234,0.58107039,0.49457384,1.47509314,0.52604602
52.0200,0.50287213,2.84538819,0.58108310,0.49457639,1.47511261,0.52604198
52.0300,0.50286896,2.84540403,0.58109580,0.49457894,1.47513206,0.52603794
52.0400,0.50286578,2.84541986,0.58110850,0.49458149,1.47515150,0.52603390
52.0500,0.50286261,2.84543567,0.58112118,0.49458403,1.47517092,0.52602987
52.0600,0.50285944,2.84545147,0.58113385,0.49458657,1.47519033,0.52602584
52.0700,0.50285627,2.84546726,0.58114651,0.49458911,1.47520972,0.52602181
52.0800,0.50285310,2.84548304,0.58115917,0.49459164,1.47522909,0.52601779
52.0900,0.50284994,2.84549880,0.58117181,0.49459417,1.47524844,0.52601377
52.1000,0.50284678,2.84551455,0.58118445,0.49459670,1.47526778,0.52600976
52.1100,0.50284362,2.84553029,0.58119708,0.49459923,1.47528710,0.52600575
52.1200,0.50284047,2.84554601,0.58120970,0.49460176,1.47530640,0.52600174
52.1300,0.50283732,2.84556173,0.58122231,0.49460428,1.47532569,0.52599774
52.1400,0.50283417,2.84557743,0.58123491,0.49460680,1.47534496,0.52599374
52.1500,0.50283102,2.84559311,0.58124750,0.49460932,1.47536421,0.52598974
52.1600,0.50282788,2.84560879,0.58126008,0.49461183,1.47538345,0.52598575
52.1700,0.50282474,2.84562445,0.58127265,0.49461434,1.47540267,0.52598176
52.1800,0.50282160,2.84564009,0.58128522,0.49461685,1.47542187,0.52597778
52.1900,0.50281846,2.84565573,0.58129777,0.49461936,1.47544106,0.52597380
52.2000,0.50281533,2.84567135,0.58131032,0.49462186,1.47546023,0.52596982
52.2100,0.50281220,2.84568696,0.58132285,0.49462436,1.47547938,0.52596585
52.2200,0.50280907,2.84570256,0.58133538,0.49462686,1.47549852,0.52596188
52.2300,0.50280594,2.84571814,0.58134790,0.49462936,1.47551764,0.52595791
52.2400,0.50280282,2.84573372,0.58136041,0.49463185,1.47553674,0.52595395
52.2500,0.50279970,2.84574927,0.58137291,0.49463434,1.47555583,0.52594999
52.2600,0.50279658,2.84576482,0.58138540,0.49463683,1.47557490,0.52594604
52.2700,0.50279347,2.84578035,0.58139788,0.49463932,1.47559395,0.52594209
52.2800,0.50279035,2.84579588,0.58141036,0.49464180,1.47561299,0.52593814
52.2900,0.50278724,2.84581138,0.58142282,0.49464428,1.47563201,0.52593419
52.3000,0.50278414,2.84582688,0.58143528,0.49464676,1.47565102,0.52593026
52.3100,0.50278103,2.84584236,0.58144772,0.49464924,1.47567000,0.52592632
52.3200,0.50277793,2.84585783,0.58146016,0.49465171,1.47568897,0.52592239
52.3300,0.50277483,2.84587329,0.58147259,0.49465418,1.47570793,0.52591846
52.3400,0.50277173,2.84588874,0.58148501,0.49465665,1.47572687,0.52591453
52.3500,0.50276864,2.84590417,0.58149742,0.49465912,1.47574579,0.52591061
52.3600,0.50276555,2.84591959,0.58150982,0.49466158,1.47576469,0.52590669
52.3700,0.50276246,2.84593500,0.58152222,0.49466404,1.47578358,0.52590278
52.3800,0.50275937,2.84595039,0.58153460,0.49466650,1.47580246,0.52589887
52.3900,0.50275629,2.84596578,0.58154697,0.49466895,1.47582131,0.52589496
52.4000,0.50275320,2.84598115,0.58155934,0.49467141,1.47584015,0.52589106
52.4100,0.50275012,2.84599651,0.58157170,0.49467386,1.47585897,0.52588716
52.4200,0.50274705,2.84601185,0.58158405,0.49467631,1.47587778,0.52588326
52.4300,0.50274397,2.84602718,0.58159639,0.49467875,1.47589657,0.52587937
52.4400,0.50274090,2.84604250,0.58160872,0.49468119,1.47591534,0.52587548
52.4500,0.50273783,2.84605781,0.58162104,0.49468363,1.47593410,0.52587160
52.4600,0.50273477,2.84607311,0.58163335,0.49468607,1.47595284,0.52586772
52.4700,0.50273170,2.84608839,0.58164565,0.49468851,1.47597157,0.52586384
52.4800,0.50272864,2.84610366,0.58165795,0.49469094,1.47599028,0.52585997
52.4900,0.50272558,2.84611892,0.58167023,0.49469337,1.47600897,0.52585610
52.5000,0.50272253,2.84613417,0.58168251,0.49469580,1.47602765,0.52585223
52.5100,0.50271948,2.84614940,0.58169478,0.49469822,1.47604631,0.52584837
52.5200,0.50271642,2.84616462,0.58170704,0.49470065,1.47606495,0.52584451
52.5300,0.50271338,2.84617983,0.58171929,0.49470307,1.47608358,0.52584065
52.5400,0.50271033,2.84619502,0.58173153,0.49470549,1.47610219,0.52583680
52.5500,0.50270729,2.84621021,0.58174376,0.49470790,1.47612078,0.52583295
52.5600,0.50270425,2.84622538,0.58175599,0.49471031,1.47613936,0.52582911
52.5700,0.50270121,2.84624054,0.58176820,0.49471272,1.47615793,0.52582526
52.5800,0.50269817,2.84625569,0.58178041,0.49471513,1.47617647,0.52582143
52.5900,0.50269514,2.84627082,0.58179261,0.49471754,1.47619500,0.52581759
52.6000,0.50269211,2.84628594,0.58180480,0.49471994,1.47621352,0.52581376
52.6100,0.50268908,2.84630105,0.58181698,0.49472234,1.47623202,0.52580994
52.6200,0.50268605,2.84631615,0.58182915,0.49472474,1.47625050,0.52580611
52.6300,0.50268303,2.84633124,0.58184131,0.49472714,1.47626896,0.52580229
52.6400,0.50268001,2.84634631,0.58185346,0.49472953,1.47628741,0.52579848
52.6500,0.50267699,2.84636137,0.58186561,0.49473192,1.47630585,0.52579466
52.6600,0.50267398,2.84637642,0.58187774,0.49473431,1.47632427,0.52579086
52.6700,0.50267096,2.84639146,0.58188987,0.49473669,1.47634267,0.52578705
52.6800,0.50266795,2.84640648,0.58190199,0.49473908,1.47636106,0.52578325
52.6900,0.50266495,2.84642149,0.58191410,0.49474146,1.47637943,0.52577945
52.7000,0.50266194,2.84643649,0.58192620,0.49474384,1.47639778,0.52577565
52.7100,0.50265894,2.84645148,0.58193829,0.49474621,1.47641612,0.52577186
52.7200,0.50265594,2.84646645,0.58195038,0.49474858,1.47643444,0.52576808
52.7300,0.50265294,2.84648142,0.58196245,0.49475096,1.47645275,0.52576429
52.7400,0.50264994,2.84649637,0.58197452,0.49475332,1.47647104,0.52576051
52.7500,0.50264695,2.84651131,0.58198657,0.49475569,1.47648931,0.52575673
52.7600,0.50264396,2.84652623,0.58199862,0.49475805,1.47650757,0.52575296
52.7700,0.50264097,2.84654115,0.58201066,0.49476042,1.47652581,0.52574919
52.7800,0.50263799,2.84655605,0.58202269,0.49476277,1.47654404,0.52574543
52.7900,0.50263500,2.84657094,0.58203472,0.49476513,1.47656225,0.52574166
52.8000,0.50263202,2.84658582,0.58204673,0.49476748,1.47658044,0.52573790
52.8100,0.50262905,2.84660069,0.58205874,0.49476984,1.47659862,0.52573415
52.8200,0.50262607,2.84661554,0.58207073,0.49477219,1.47661679,0.52573040
52.8300,0.50262310,2.84663038,0.58208272,0.49477453,1.47663493,0.52572665
52.8400,0.50262013,2.84664521,0.58209470,0.49477688,1.47665307,0.52572290
52.8500,0.50261716,2.84666003,0.58210667,0.49477922,1.47667118,0.52571916
52.8600,0.50261419,2.84667484,0.58211863,0.49478156,1.47668928,0.52571542
52.8700,0.50261123,2.84668963,0.58213059,0.49478389,1.47670737,0.52571169
52.8800,0.50260827,2.84670441,0.58214253,0.49478623,1.47672543,0.52570796
52.8900,0.50260531,2.84671918,0.58215447,0.49478856,1.47674349,0.52570423
52.9000,0.50260235,2.84673394,0.58216639,0.49479089,1.47676152,0.52570050
52.9100,0.50259940,2.84674869,0.58217831,0.49479322,1.47677955,0.52569678
52.9200,0.50259645,2.84676342,0.58219022,0.49479554,1.47679755,0.52569307
52.9300,0.50259350,2.84677814,0.58220212,0.49479787,1.47681554,0.52568935
52.9400,0.50259056,2.84679285,0.58221402,0.49480019,1.47683352,0.52568564
52.9500,0.50258761,2.84680755,0.58222590,0.49480250,1.47685148,0.52568194
52.9600,0.50258467,2.84682224,0.58223778,0.49480482,1.47686942,0.52567823
52.9700,0.50258173,2.84683691,0.58224964,0.49480713,1.47688735,0.52567453
52.9800,0.50257880,2.84685157,0.58226150,0.49480944,1.47690526,0.52567084
52.9900,0.50257586,2.84686622,0.58227335,0.49481175,1.47692315,0.52566715
53.0000,0.50257293,2.84688086,0.58228519,0.49481406,1.47694104,0.52566346
53.0100,0.50257000,2.84689549,0.58229703,0.49481636,1.47695890,0.52565977
53.0200,0.50256708,2.84691010,0.58230885,0.49481866,1.47697675,0.52565609
53.0300,0.50256415,2.84692471,0.58232067,0.49482096,1.47699458,0.52565241
53.0400,0.50256123,2.84693930,0.58233247,0.49482326,1.47701240,0.52564873
53.0500,0.50255831,2.84695388,0.58234427,0.49482555,1.47703021,0.52564506
53.0600,0.50255540,2.84696844,0.58235606,0.49482784,1.47704799,0.52564139
53.0700,0.50255248,2.84698300,0.58236785,0.49483013,1.47706577,0.52563773
53.0800,0.50254957,2.84699754,0.58237962,0.49483242,1.47708352,0.52563407
53.0900,0.50254666,2.84701207,0.58239138,0.49483470,1.47710126,0.52563041
53.1000,0.50254375,2.84702659,0.58240314,0.49483699,1.47711899,0.52562675
53.1100,0.50254085,2.84704110,0.58241489,0.49483927,1.47713670,0.52562310
53.1200,0.50253795,2.84705560,0.58242663,0.49484154,1.47715439,0.52561945
53.1300,0.50253505,2.84707008,0.58243836,0.49484382,1.47717207,0.52561581
53.1400,0.50253215,2.84708456,0.58245008,0.49484609,1.47718974,0.52561217
53.1500,0.50252926,2.84709902,0.58246179,0.49484836,1.47720739,0.52560853
53.1600,0.50252636,2.84711347,0.58247350,0.49485063,1.47722502,0.52560490
53.1700,0.50252347,2.84712790,0.58248520,0.49485290,1.47724264,0.52560127
53.1800,0.50252059,2.84714233,0.58249688,0.49485516,1.47726024,0.52559764
53.1900,0.50251770,2.84715674,0.58250856,0.49485742,1.47727783,0.52559402
53.2000,0.50251482,2.84717115,0.58252024,0.49485968,1.47729540,0.52559039
53.2100,0.50251194,2.84718554,0.58253190,0.49486194,1.47731296,0.52558678
53.2200,0.50250906,2.84719992,0.58254355,0.49486419,1.47733050,0.52558316
53.2300,0.50250618,2.84721428,0.58255520,0.49486644,1.47734802,0.52557955
53.2400,0.50250331,2.84722864,0.58256684,0.49486869,1.47736553,0.52557595
53.2500,0.50250044,2.84724298,0.58257847,0.49487094,1.47738303,0.52557234
53.2600,0.50249757,2.84725732,0.58259009,0.49487318,1.47740051,0.52556874
53.2700,0.50249471,2.84727164,0.58260170,0.49487543,1.47741798,0.52556515
53.2800,0.50249184,2.84728594,0.58261330,0.49487767,1.47743543,0.52556155
53.2900,0.50248898,2.84730024,0.58262490,0.49487990,1.47745286,0.52555796
53.3000,0.50248612,2.84731453,0.58263649,0.49488214,1.47747028,0.52555438
53.3100,0.50248327,2.84732880,0.58264807,0.49488437,1.47748768,0.52555079
53.3200,0.50248041,2.84734307,0.58265964,0.49488660,1.47750507,0.52554721
53.3300,0.50247756,2.84735732,0.58267120,0.49488883,1.47752245,0.52554364
53.3400,0.50247471,2.84737156,0.58268275,0.49489106,1.47753981,0.52554006
53.3500,0.50247186,2.84738578,0.58269430,0.49489328,1.47755715,0.52553649
53.3600,0.50246902,2.84740000,0.58270583,0.49489551,1.47757448,0.52553293
53.3700,0.50246618,2.84741421,0.58271736,0.49489773,1.47759179,0.52552936
53.3800,0.50246334,2.84742840,0.58272888,0.49489994,1.47760909,0.52552580
53.3900,0.50246050,2.84744258,0.58274040,0.49490216,1.47762637,0.52552225
53.4000,0.50245766,2.84745675,0.58275190,0.49490437,1.47764364,0.52551870
53.4100,0.50245483,2.84747091,0.58276340,0.49490658,1.47766089,0.52551515
53.4200,0.50245200,2.84748506,0.58277488,0.49490879,1.47767813,0.52551160
53.4300,0.50244917,2.84749919,0.58278636,0.49491099,1.47769536,0.52550806
53.4400,0.50244635,2.84751332,0.58279783,0.49491320,1.47771256,0.52550452
53.4500,0.50244352,2.84752743,0.58280929,0.49491540,1.47772976,0.52550098
53.4600,0.50244070,2.84754153,0.58282075,0.49491760,1.47774694,0.52549745
53.4700,0.50243788,2.84755562,0.58283219,0.49491980,1.47776410,0.52549392
53.4800,0.50243507,2.84756970,0.58284363,0.49492199,1.47778125,0.52549039
53.4900,0.50243225,2.84758377,0.58285506,0.49492418,1.47779838,0.52548687
53.5000,0.50242944,2.84759782,0.58286648,0.49492637,1.47781550,0.52548335
53.5100,0.50242663,2.84761187,0.58287789,0.49492856,1.47783260,0.52547983
53.5200,0.50242383,2.84762590,0.58288930,0.49493075,1.47784969,0.52547632
53.5300,0.50242102,2.84763992,0.58290069,0.49493293,1.47786676,0.52547281
53.5400,0.50241822,2.84765393,0.58291208,0.49493511,1.47788382,0.52546930
53.5500,0.50241542,2.84766793,0.58292346,0.49493729,1.47790087,0.52546580
53.5600,0.50241262,2.84768192,0.58293483,0.49493946,1.47791790,0.52546230
53.5700,0.50240983,2.84769589,0.58294620,0.49494164,1.47793491,0.52545880
53.5800,0.50240703,2.84770986,0.58295755,0.49494381,1.47795191,0.52545531
53.5900,0.50240424,2.84772381,0.58296890,0.49494598,1.47796889,0.52545182
53.6000,0.50240145,2.84773776,0.58298024,0.49494815,1.47798586,0.52544833
53.6100,0.50239867,2.84775169,0.58299157,0.49495031,1.47800282,0.52544485
53.6200,0.50239588,2.84776561,0.58300289,0.49495248,1.47801976,0.52544137
53.6300,0.50239310,2.84777951,0.58301420,0.49495464,1.47803668,0.52543789
53.6400,0.50239032,2.84779341,0.58302551,0.49495680,1.47805359,0.52543442
53.6500,0.50238755,2.84780730,0.58303680,0.49495895,1.47807049,0.52543095
53.6600,0.50238477,2.84782117,0.58304809,0.49496111,1.47808737,0.52542748
53.6700,0.50238200,2.84783503,0.58305937,0.49496326,1.47810424,0.52542402
53.6800,0.50237923,2.84784889,0.58307065,0.49496541,1.47812109,0.52542056
53.6900,0.50237646,2.84786273,0.58308191,0.49496756,1.47813793,0.52541710
53.7000,0.50237370,2.84787656,0.58309317,0.49496970,1.47815475,0.52541365
53.7100,0.50237093,2.84789037,0.58310442,0.49497184,1.47817156,0.52541019
53.7200,0.50236817,2.84790418,0.58311566,0.49497398,1.47818835,0.52540675
53.7300,0.50236542,2.84791798,0.58312689,0.49497612,1.47820513,0.52540330
53.7400,0.50236266,2.84793176,0.58313811,0.49497826,1.47822189,0.52539986
53.7500,0.50235991,2.84794553,0.58314933,0.49498039,1.47823864,0.52539642
53.7600,0.50235715,2.84795930,0.58316054,0.49498253,1.47825537,0.52539299
53.7700,0.50235440,2.84797305,0.58317174,0.49498466,1.47827209,0.52538956
53.7800,0.50235166,2.84798679,0.58318293,0.49498678,1.47828880,0.52538613
53.7900,0.50234891,2.84800052,0.58319411,0.49498891,1.47830549,0.52538270
53.8000,0.50234617,2.84801423,0.58320529,0.49499103,1.47832217,0.52537928
53.8100,0.50234343,2.84802794,0.58321645,0.49499315,1.47833883,0.52537586
53.8200,0.50234069,2.84804164,0.58322761,0.49499527,1.47835547,0.52537245
53.8300,0.50233796,2.84805532,0.58323877,0.49499739,1.47837211,0.52536904
53.8400,0.50233522,2.84806899,0.58324991,0.49499950,1.47838873,0.52536563
53.8500,0.50233249,2.84808265,0.58326104,0.49500162,1.47840533,0.52536222
53.8600,0.50232976,2.84809631,0.58327217,0.49500373,1.47842192,0.52535882
53.8700,0.50232704,2.84810995,0.58328329,0.49500583,1.47843849,0.52535542
53.8800,0.50232431,2.84812357,0.58329440,0.49500794,1.47845505,0.52535203
53.8900,0.50232159,2.84813719,0.58330550,0.49501004,1.47847160,0.52534863
53.9000,0.50231887,2.84815080,0.58331660,0.49501214,1.47848813,0.52534524
53.9100,0.50231615,2.84816439,0.58332768,0.49501424,1.47850465,0.52534186
53.9200,0.50231344,2.84817798,0.58333876,0.49501634,1.47852115,0.52533847
53.9300,0.50231073,2.84819155,0.58334983,0.49501844,1.47853764,0.52533509
53.9400,0.50230802,2.84820512,0.58336090,0.49502053,1.47855411,0.52533172
53.9500,0.50230531,2.84821867,0.58337195,0.49502262,1.47857057,0.52532834
53.9600,0.50230260,2.84823221,0.58338300,0.49502471,1.47858701,0.52532497
53.9700,0.50229990,2.84824574,0.58339403,0.49502679,1.47860344,0.52532161
53.9800,0.50229720,2.84825926,0.58340507,0.49502888,1.47861986,0.52531824
53.9900,0.50229450,2.84827276,0.58341609,0.49503096,1.47863626,0.52531488
54.0000,0.50229180,2.84828626,0.58342710,0.49503304,1.47865265,0.52531152
54.0100,0.50228910,2.84829975,0.58343811,0.49503512,1.47866902,0.52530817
54.0200,0.50228641,2.84831322,0.58344911,0.49503719,1.47868538,0.52530482
54.0300,0.50228372,2.84832669,0.58346010,0.49503927,1.47870173,0.52530147
54.0400,0.50228103,2.84834014,0.58347108,0.49504134,1.47871806,0.52529812
54.0500,0.50227835,2.84835358,0.58348206,0.49504341,1.47873437,0.52529478
54.0600,0.50227566,2.84836701,0.58349302,0.49504547,1.47875068,0.52529144
54.0700,0.50227298,2.84838043,0.58350398,0.49504754,1.47876696,0.52528811
54.0800,0.50227030,2.84839384,0.58351493,0.49504960,1.47878324,0.52528477
54.0900,0.50226763,2.84840724,0.58352587,0.49505166,1.47879950,0.52528145
54.1000,0.50226495,2.84842063,0.58353681,0.49505372,1.47881574,0.52527812
54.1100,0.50226228,2.84843400,0.58354774,0.49505578,1.47883197,0.52527480
54.1200,0.50225961,2.84844737,0.58355866,0.49505783,1.47884819,0.52527148
54.1300,0.50225694,2.84846073,0.58356957,0.49505988,1.47886439,0.52526816
54.1400,0.50225427,2.84847407,0.58358047,0.49506193,1.47888058,0.52526485
54.1500,0.50225161,2.84848740,0.58359137,0.49506398,1.47889675,0.52526153
54.1600,0.50224895,2.84850073,0.58360225,0.49506603,1.47891291,0.52525823
54.1700,0.50224629,2.84851404,0.58361313,0.49506807,1.47892906,0.52525492
54.1800,0.50224363,2.84852734,0.58362400,0.49507011,1.47894519,0.52525162
54.1900,0.50224098,2.84854063,0.58363487,0.49507215,1.47896131,0.52524832
54.2000,0.50223832,2.84855391,0.58364572,0.49507419,1.47897741,0.52524503
54.2100,0.50223567,2.84856718,0.58365657,0.49507623,1.47899350,0.52524174
54.2200,0.50223303,2.84858044,0.58366741,0.49507826,1.47900958,0.52523845
54.2300,0.50223038,2.84859368,0.58367824,0.49508029,1.47902564,0.52523516
54.2400,0.50222774,2.84860692,0.58368907,0.49508232,1.47904169,0.52523188
54.2500,0.50222509,2.84862015,0.58369989,0.49508435,1.47905772,0.52522860
54.2600,0.50222245,2.84863336,0.58371069,0.49508637,1.47907374,0.52522532
54.2700,0.50221982,2.84864657,0.58372150,0.49508839,1.47908975,0.52522205
54.2800,0.50221718,2.84865976,0.58373229,0.49509041,1.47910574,0.52521878
54.2900,0.50221455,2.84867294,0.58374307,0.49509243,1.47912172,0.52521551
54.3000,0.50221192,2.84868612,0.58375385,0.49509445,1.47913768,0.52521225
54.3100,0.50220929,2.84869928,0.58376462,0.49509646,1.47915363,0.52520899
54.3200,0.50220666,2.84871243,0.58377538,0.49509848,1.47916957,0.52520573
54.3300,0.50220404,2.84872557,0.58378614,0.49510049,1.47918549,0.52520248
54.3400,0.50220142,2.84873870,0.58379688,0.49510249,1.47920140,0.52519922
54.3500,0.50219880,2.84875182,0.58380762,0.49510450,1.47921729,0.52519598
54.3600,0.50219618,2.84876493,0.58381835,0.49510650,1.47923317,0.52519273
54.3700,0.50219356,2.84877802,0.58382908,0.49510851,1.47924904,0.52518949
54.3800,0.50219095,2.84879111,0.58383979,0.49511051,1.47926489,0.52518625
54.3900,0.50218834,2.84880419,0.58385050,0.49511250,1.47928073,0.52518301
54.4000,0.50218573,2.84881725,0.58386120,0.49511450,1.47929655,0.52517978
54.4100,0.50218312,2.84883031,0.58387189,0.49511649,1.47931236,0.52517655
54.4200,0.50218052,2.84884335,0.58388257,0.49511848,1.47932816,0.52517332
54.4300,0.50217792,2.84885639,0.58389325,0.49512047,1.47934395,0.52517010
54.4400,0.50217532,2.84886941,0.58390392,0.49512246,1.47935971,0.52516687
54.4500,0.50217272,2.84888242,0.58391458,0.49512445,1.47937547,0.52516366
54.4600,0.50217012,2.84889543,0.58392523,0.49512643,1.47939121,0.52516044
54.4700,0.50216753,2.84890842,0.58393588,0.49512841,1.47940694,0.52515723
54.4800,0.50216494,2.84892140,0.58394652,0.49513039,1.47942266,0.52515402
54.4900,0.50216235,2.84893437,0.58395715,0.49513237,1.47943836,0.52515081
54.5000,0.50215976,2.84894733,0.58396777,0.49513434,1.47945404,0.52514761
54.5100,0.50215717,2.84896028,0.58397838,0.49513632,1.47946972,0.52514441
54.5200,0.50215459,2.84897322,0.58398899,0.49513829,1.47948538,0.52514121
54.5300,0.50215201,2.84898615,0.58399959,0.49514026,1.47950102,0.52513802
54.5400,0.50214943,2.84899907,0.58401018,0.49514222,1.47951666,0.52513483
54.5500,0.50214685,2.84901198,0.58402076,0.49514419,1.47953227,0.52513164
54.5600,0.50214428,2.84902487,0.58403134,0.49514615,1.47954788,0.52512846
54.5700,0.50214171,2.84903776,0.58404191,0.49514811,1.47956347,0.52512528
54.5800,0.50213914,2.84905064,0.58405247,0.49515007,1.47957905,0.52512210
54.5900,0.50213657,2.84906350,0.58406302,0.49515203,1.47959461,0.52511892
54.6000,0.50213400,2.84907636,0.58407357,0.49515398,1.47961016,0.52511575
54.6100,0.50213144,2.84908921,0.58408410,0.49515594,1.47962570,0.52511258
54.6200,0.50212888,2.84910204,0.58409463,0.49515789,1.47964122,0.52510941
54.6300,0.50212632,2.84911487,0.58410516,0.49515984,1.47965673,0.52510625
54.6400,0.50212376,2.84912768,0.58411567,0.49516178,1.47967223,0.52510309
54.6500,0.50212120,2.84914048,0.58412618,0.49516373,1.47968771,0.52509993
54.6600,0.50211865,2.84915328,0.58413668,0.49516567,1.47970318,0.52509677
54.6700,0.50211610,2.84916606,0.58414717,0.49516761,1.47971864,0.52509362
54.6800,0.50211355,2.84917883,0.58415765,0.49516955,1.47973408,0.52509047
54.6900,0.50211100,2.84919159,0.58416813,0.49517149,1.47974951,0.52508733
54.7000,0.50210846,2.84920435,0.58417860,0.49517342,1.47976492,0.52508418
54.7100,0.50210592,2.84921709,0.58418906,0.49517536,1.47978033,0.52508104
54.7200,0.50210337,2.84922982,0.58419952,0.49517729,1.47979571,0.52507791
54.7300,0.50210084,2.84924254,0.58420996,0.49517922,1.47981109,0.52507477
54.7400,0.50209830,2.84925525,0.58422040,0.49518114,1.47982645,0.52507164
54.7500,0.50209577,2.84926795,0.58423083,0.49518307,1.47984180,0.52506851
54.7600,0.50209323,2.84928064,0.58424126,0.49518499,1.47985713,0.52506539
54.7700,0.50209070,2.84929332,0.58425167,0.49518691,1.47987245,0.52506227
54.7800,0.50208818,2.84930599,0.58426208,0.49518883,1.47988776,0.52505915
54.7900,0.50208565,2.84931865,0.58427248,0.49519075,1.47990306,0.52505603
54.8000,0.50208313,2.84933130,0.58428287,0.49519266,1.47991834,0.52505292
54.8100,0.50208060,2.84934394,0.58429326,0.49519458,1.47993360,0.52504981
54.8200,0.50207808,2.84935657,0.58430364,0.49519649,1.47994886,0.52504670
54.8300,0.50207557,2.84936919,0.58431401,0.49519840,1.47996410,0.52504359
54.8400,0.50207305,2.84938180,0.58432437,0.49520030,1.47997933,0.52504049
54.8500,0.50207054,2.84939439,0.58433473,0.49520221,1.47999454,0.52503739
54.8600,0.50206803,2.84940698,0.58434508,0.49520411,1.48000974,0.52503430
54.8700,0.50206552,2.84941956,0.58435542,0.49520601,1.48002493,0.52503121
54.8800,0.50206301,2.84943213,0.58436575,0.49520791,1.48004011,0.52502812
54.8900,0.50206050,2.84944468,0.58437607,0.49520981,1.48005527,0.52502503
54.9000,0.50205800,2.84945723,0.58438639,0.49521170,1.48007041,0.52502194
54.9100,0.50205550,2.84946977,0.58439670,0.49521360,1.48008555,0.52501886
54.9200,0.50205300,2.84948229,0.58440701,0.49521549,1.48010067,0.52501578
54.9300,0.50205051,2.84949481,0.58441730,0.49521738,1.48011578,0.52501271
54.9400,0.50204801,2.84950732,0.58442759,0.49521927,1.48013087,0.52500964
54.9500,0.50204552,2.84951981,0.58443787,0.49522115,1.48014596,0.52500657
54.9600,0.50204303,2.84953230,0.58444814,0.49522304,1.48016102,0.52500350
54.9700,0.50204054,2.84954478,0.58445841,0.49522492,1.48017608,0.52500044
54.9800,0.50203805,2.84955724,0.58446867,0.49522680,1.48019112,0.52499738
54.9900,0.50203557,2.84956970,0.58447892,0.49522867,1.48020615,0.52499432
55.0000,0.50203309,2.84958214,0.58448916,0.49523055,1.48022117,0.52499126
55.0100,0.50203061,2.84959458,0.58449940,0.49523242,1.48023617,0.52498821
55.0200,0.50202813,2.84960701,0.58450963,0.49523430,1.48025116,0.52498516
55.0300,0.50202565,2.84961942,0.58451985,0.49523617,1.48026614,0.52498212
55.0400,0.50202318,2.84963183,0.58453006,0.49523803,1.48028110,0.52497907
55.0500,0.50202070,2.84964422,0.58454027,0.49523990,1.48029605,0.52497603
55.0600,0.50201823,2.84965661,0.58455047,0.49524177,1.48031099,0.52497299
55.0700,0.50201577,2.84966898,0.58456066,0.49524363,1.48032591,0.52496996
55.0800,0.50201330,2.84968135,0.58457084,0.49524549,1.48034082,0.52496693
55.0900,0.50201084,2.84969371,0.58458102,0.49524735,1.48035572,0.52496390
55.1000,0.50200838,2.84970605,0.58459119,0.49524920,1.48037061,0.52496087
55.1100,0.50200592,2.84971839,0.58460135,0.49525106,1.48038548,0.52495785
55.1200,0.50200346,2.84973071,0.58461150,0.49525291,1.48040034,0.52495483
55.1300,0.50200100,2.84974303,0.58462165,0.49525476,1.48041518,0.52495181
55.1400,0.50199855,2.84975533,0.58463179,0.49525661,1.48043002,0.52494879
55.1500,0.50199610,2.84976763,0.58464192,0.49525846,1.48044484,0.52494578
55.1600,0.50199365,2.84977991,0.58465205,0.49526030,1.48045964,0.52494277
55.1700,0.50199120,2.84979219,0.58466216,0.49526215,1.48047444,0.52493977
55.1800,0.50198875,2.84980446,0.58467227,0.49526399,1.48048922,0.52493676
55.1900,0.50198631,2.84981671,0.58468238,0.49526583,1.48050399,0.52493376
55.2000,0.50198387,2.84982896,0.58469247,0.49526766,1.48051874,0.52493077
55.2100,0.50198143,2.84984119,0.58470256,0.49526950,1.48053348,0.52492777
55.2200,0.50197899,2.84985342,0.58471264,0.49527133,1.48054821,0.52492478
55.2300,0.50197656,2.84986564,0.58472272,0.49527316,1.48056293,0.52492179
55.2400,0.50197412,2.84987784,0.58473278,0.49527499,1.48057763,0.52491880
55.2500,0.50197169,2.84989004,0.58474284,0.49527682,1.48059233,0.52491582
55.2600,0.50196926,2.84990223,0.58475289,0.49527865,1.48060700,0.52491284
55.2700,0.50196683,2.84991440,0.58476294,0.49528047,1.48062167,0.52490986
55.2800,0.50196441,2.84992657,0.58477297,0.49528230,1.48063632,0.52490689
55.2900,0.50196199,2.84993873,0.58478300,0.49528412,1.48065096,0.52490391
55.3000,0.50195956,2.84995087,0.58479303,0.49528593,1.48066559,0.52490094
55.3100,0.50195715,2.84996301,0.58480304,0.49528775,1.48068020,0.52489798
55.3200,0.50195473,2.84997514,0.58481305,0.49528957,1.48069480,0.52489501
55.3300,0.50195231,2.84998726,0.58482305,0.49529138,1.48070939,0.52489205
55.3400,0.50194990,2.84999936,0.58483304,0.49529319,1.48072397,0.52488909
55.3500,0.50194749,2.85001146,0.58484303,0.49529500,1.48073853,0.52488614
55.3600,0.50194508,2.85002355,0.58485301,0.49529681,1.48075308,0.52488319
55.3700,0.50194267,2.85003563,0.58486298,0.49529861,1.48076762,0.52488024
55.3800,0.50194027,2.85004770,0.58487294,0.49530042,1.48078214,0.52487729
55.3900,0.50193786,2.85005976,0.58488290,0.49530222,1.48079665,0.52487434
55.4000,0.50193546,2.85007181,0.58489285,0.49530402,1.48081115,0.52487140
55.4100,0.50193306,2.85008384,0.58490279,0.49530582,1.48082564,0.52486846
55.4200,0.50193066,2.85009587,0.58491273,0.49530761,1.48084011,0.52486553
55.4300,0.50192827,2.85010789,0.58492265,0.49530941,1.48085457,0.52486260
55.4400,0.50192587,2.85011991,0.58493258,0.49531120,1.48086902,0.52485967
55.4500,0.50192348,2.85013191,0.58494249,0.49531299,1.48088346,0.52485674
55.4600,0.50192109,2.85014390,0.58495240,0.49531478,1.48089788,0.52485381
55.4700,0.50191871,2.85015588,0.58496229,0.49531656,1.48091229,0.52485089
55.4800,0.50191632,2.85016785,0.58497219,0.49531835,1.48092669,0.52484797
55.4900,0.50191394,2.85017981,0.58498207,0.49532013,1.48094108,0.52484506
55.5000,0.50191156,2.85019176,0.58499195,0.49532191,1.48095545,0.52484214
55.5100,0.50190918,2.85020371,0.58500182,0.49532369,1.48096981,0.52483923
55.5200,0.50190680,2.85021564,0.58501168,0.49532547,1.48098416,0.52483632
55.5300,0.50190442,2.85022756,0.58502154,0.49532725,1.48099849,0.52483342
55.5400,0.50190205,2.85023947,0.58503139,0.49532902,1.48101281,0.52483051
55.5500,0.50189968,2.85025138,0.58504123,0.49533079,1.48102712,0.52482761
55.5600,0.50189731,2.85026327,0.58505106,0.49533256,1.48104142,0.52482472
55.5700,0.50189494,2.85027516,0.58506089,0.49533433,1.48105571,0.52482182
55.5800,0.50189257,2.85028703,0.58507071,0.49533610,1.48106998,0.52481893
55.5900,0.50189021,2.85029890,0.58508052,0.49533786,1.48108424,0.52481604
55.6000,0.50188785,2.85031075,0.58509033,0.49533963,1.48109849,0.52481316
55.6100,0.50188549,2.85032260,0.58510013,0.49534139,1.48111272,0.52481027
55.6200,0.50188313,2.85033444,0.58510992,0.49534315,1.48112694,0.52480739
55.6300,0.50188077,2.85034626,0.58511970,0.49534491,1.48114115,0.52480451
55.6400,0.50187842,2.85035808,0.58512948,0.49534666,1.48115535,0.52480164
55.6500,0.50187607,2.85036989,0.58513925,0.49534842,1.48116954,0.52479877
55.6600,0.50187372,2.85038169,0.58514902,0.49535017,1.48118371,0.52479590
55.6700,0.50187137,2.85039348,0.58515877,0.49535192,1.48119787,0.52479303
55.6800,0.50186902,2.85040526,0.58516852,0.49535367,1.48121202,0.52479016
55.6900,0.50186668,2.85041703,0.58517826,0.49535541,1.48122615,0.52478730
55.7000,0.50186434,2.85042879,0.58518800,0.49535716,1.48124028,0.52478444
55.7100,0.50186199,2.85044054,0.58519773,0.49535890,1.48125439,0.52478159
55.7200,0.50185966,2.85045228,0.58520745,0.49536064,1.48126848,0.52477873
55.7300,0.50185732,2.85046401,0.58521716,0.49536238,1.48128257,0.52477588
55.7400,0.50185498,2.85047573,0.58522687,0.49536412,1.48129664,0.52477303
55.7500,0.50185265,2.85048744,0.58523657,0.49536586,1.48131071,0.52477019
55.7600,0.50185032,2.85049915,0.58524626,0.49536759,1.48132475,0.52476735
55.7700,0.50184799,2.85051084,0.58525594,0.49536932,1.48133879,0.52476451
55.7800,0.50184566,2.85052253,0.58526562,0.49537105,1.48135282,0.52476167
55.7900,0.50184334,2.85053420,0.58527529,0.49537278,1.48136683,0.52475883
55.8000,0.50184102,2.85054587,0.58528496,0.49537451,1.48138083,0.52475600
55.8100,0.50183870,2.85055752,0.58529461,0.49537624,1.48139481,0.52475317
55.8200,0.50183638,2.85056917,0.58530426,0.49537796,1.48140879,0.52475035
55.8300,0.50183406,2.85058081,0.58531391,0.49537968,1.48142275,0.52474752
55.8400,0.50183174,2.85059243,0.58532354,0.49538140,1.48143670,0.52474470
55.8500,0.50182943,2.85060405,0.58533317,0.49538312,1.48145064,0.52474188
55.8600,0.50182712,2.85061566,0.58534279,0.49538483,1.48146457,0.52473907
55.8700,0.50182481,2.85062726,0.58535241,0.49538655,1.48147848,0.52473625
55.8800,0.50182250,2.85063885,0.58536202,0.49538826,1.48149238,0.52473344
55.8900,0.50182019,2.85065043,0.58537162,0.49538997,1.48150627,0.52473064
55.9000,0.50181789,2.85066200,0.58538121,0.49539168,1.48152015,0.52472783
55.9100,0.50181559,2.85067357,0.58539080,0.49539339,1.48153402,0.52472503
55.9200,0.50181329,2.85068512,0.58540038,0.49539510,1.48154787,0.52472223
55.9300,0.50181099,2.85069666,0.58540995,0.49539680,1.48156171,0.52471943
55.9400,0.50180869,2.85070820,0.58541952,0.49539850,1.48157554,0.52471664
55.9500,0.50180640,2.85071972,0.58542908,0.49540020,1.48158936,0.52471384
55.9600,0.50180411,2.85073124,0.58543863,0.49540190,1.48160316,0.52471105
55.9700,0.50180181,2.85074274,0.58544818,0.49540360,1.48161696,0.52470827
55.9800,0.50179953,2.85075424,0.58545771,0.49540529,1.48163074,0.52470548
55.9900,0.50179724,2.85076573,0.58546724,0.49540699,1.48164450,0.52470270
56.0000,0.50179495,2.85077720,0.58547677,0.49540868,1.48165826,0.52469992
56.0100,0.50179267,2.85078867,0.58548629,0.49541037,1.48167201,0.52469715
56.0200,0.50179039,2.85080013,0.58549580,0.49541206,1.48168574,0.52469437
56.0300,0.50178811,2.85081158,0.58550530,0.49541374,1.48169946,0.52469160
56.0400,0.50178583,2.85082302,0.58551480,0.49541543,1.48171317,0.52468884
56.0500,0.50178356,2.85083446,0.58552429,0.49541711,1.48172686,0.52468607
56.0600,0.50178128,2.85084588,0.58553377,0.49541879,1.48174055,0.52468331
56.0700,0.50177901,2.85085729,0.58554325,0.49542047,1.48175422,0.52468055
56.0800,0.50177674,2.85086870,0.58555271,0.49542215,1.48176788,0.52467779
56.0900,0.50177447,2.85088009,0.58556218,0.49542383,1.48178153,0.52467503
56.1000,0.50177221,2.85089148,0.58557163,0.49542550,1.48179516,0.52467228
56.1100,0.50176994,2.85090285,0.58558108,0.49542717,1.48180879,0.52466953
56.1200,0.50176768,2.85091422,0.58559052,0.49542884,1.48182240,0.52466678
56.1300,0.50176542,2.85092558,0.58559996,0.49543051,1.48183600,0.52466404
56.1400,0.50176316,2.85093693,0.58560938,0.49543218,1.48184959,0.52466130
56.1500,0.50176090,2.85094827,0.58561881,0.49543384,1.48186317,0.52465856
56.1600,0.50175865,2.85095960,0.58562822,0.49543551,1.48187673,0.52465582
56.1700,0.50175640,2.85097092,0.58563763,0.49543717,1.48189028,0.52465309
56.1800,0.50175414,2.85098223,0.58564703,0.49543883,1.48190382,0.52465036
56.1900,0.50175189,2.85099354,0.58565642,0.49544049,1.48191735,0.52464763
56.2000,0.50174965,2.85100483,0.58566581,0.49544215,1.48193087,0.52464490
56.2100,0.50174740,2.85101612,0.58567519,0.49544380,1.48194438,0.52464218
56.2200,0.50174516,2.85102739,0.58568456,0.49544546,1.48195787,0.52463946
56.2300,0.50174291,2.85103866,0.58569393,0.49544711,1.48197135,0.52463674
56.2400,0.50174067,2.85104992,0.58570328,0.49544876,1.48198482,0.52463402
56.2500,0.50173844,2.85106117,0.58571264,0.49545041,1.48199828,0.52463131
56.2600,0.50173620,2.85107240,0.58572198,0.49545205,1.48201173,0.52462860
56.2700,0.50173397,2.85108364,0.58573132,0.49545370,1.48202516,0.52462589
56.2800,0.50173173,2.85109486,0.58574065,0.49545534,1.48203858,0.52462318
56.2900,0.50172950,2.85110607,0.58574998,0.49545698,1.48205199,0.52462048
56.3000,0.50172727,2.85111727,0.58575930,0.49545862,1.48206539,0.52461778
56.3100,0.50172505,2.85112847,0.58576861,0.49546026,1.48207878,0.52461508
56.3200,0.50172282,2.85113965,0.58577791,0.49546190,1.48209216,0.52461238
56.3300,0.50172060,2.85115083,0.58578721,0.49546353,1.48210552,0.52460969
56.3400,0.50171837,2.85116199,0.58579650,0.49546517,1.48211887,0.52460700
56.3500,0.50171615,2.85117315,0.58580579,0.49546680,1.48213221,0.52460431
56.3600,0.50171394,2.85118430,0.58581506,0.49546843,1.48214554,0.52460163
56.3700,0.50171172,2.85119544,0.58582434,0.49547006,1.48215886,0.52459895
56.3800,0.50170951,2.85120657,0.58583360,0.49547168,1.48217216,0.52459627
56.3900,0.50170729,2.85121769,0.58584286,0.49547331,1.48218546,0.52459359
56.4000,0.50170508,2.85122881,0.58585211,0.49547493,1.48219874,0.52459091
56.4100,0.50170287,2.85123991,0.58586135,0.49547655,1.48221201,0.52458824
56.4200,0.50170067,2.85125101,0.58587059,0.49547817,1.48222527,0.52458557
56.4300,0.50169846,2.85126209,0.58587982,0.49547979,1.48223852,0.52458290
56.4400,0.50169626,2.85127317,0.58588904,0.49548141,1.48225175,0.52458024
56.4500,0.50169406,2.85128424,0.58589826,0.49548302,1.48226497,0.52457758
56.4600,0.50169186,2.85129530,0.58590747,0.49548464,1.48227819,0.52457492
56.4700,0.50168966,2.85130635,0.58591667,0.49548625,1.48229139,0.52457226
56.4800,0.50168746,2.85131739,0.58592587,0.49548786,1.48230458,0.52456960
56.4900,0.50168527,2.85132842,0.58593506,0.49548946,1.48231775,0.52456695
56.5000,0.50168307,2.85133944,0.58594424,0.49549107,1.48233092,0.52456430
56.5100,0.50168088,2.85135046,0.58595342,0.49549268,1.48234407,0.52456165
56.5200,0.50167870,2.85136146,0.58596259,0.49549428,1.48235722,0.52455901
56.5300,0.50167651,2.85137246,0.58597175,0.49549588,1.48237035,0.52455637
56.5400,0.50167432,2.85138345,0.58598091,0.49549748,1.48238347,0.52455373
56.5500,0.50167214,2.85139443,0.58599006,0.49549908,1.48239658,0.52455109
56.5600,0.50166996,2.85140540,0.58599920,0.49550068,1.48240967,0.52454846
56.5700,0.50166778,2.85141636,0.58600834,0.49550227,1.48242276,0.52454582
56.5800,0.50166560,2.85142731,0.58601747,0.49550386,1.48243583,0.52454319
56.5900,0.50166342,2.85143826,0.58602659,0.49550545,1.48244889,0.52454057
56.6000,0.50166125,2.85144919,0.58603571,0.49550704,1.48246195,0.52453794
56.6100,0.50165908,2.85146012,0.58604482,0.49550863,1.48247498,0.52453532
56.6200,0.50165690,2.85147103,0.58605392,0.49551022,1.48248801,0.52453270
56.6300,0.50165474,2.85148194,0.58606302,0.49551180,1.48250103,0.52453008
56.6400,0.50165257,2.85149284,0.58607211,0.49551339,1.48251403,0.52452747
56.6500,0.50165040,2.85150373,0.58608119,0.49551497,1.48252703,0.52452486
56.6600,0.50164824,2.85151461,0.58609027,0.49551655,1.48254001,0.52452225
56.6700,0.50164608,2.85152549,0.58609934,0.49551813,1.48255298,0.52451964
56.6800,0.50164392,2.85153635,0.58610841,0.49551971,1.48256594,0.52451704
56.6900,0.50164176,2.85154721,0.58611746,0.49552128,1.48257889,0.52451443
56.7000,0.50163960,2.85155805,0.58612651,0.49552285,1.48259183,0.52451183
56.7100,0.50163745,2.85156889,0.58613556,0.49552443,1.48260475,0.52450924
56.7200,0.50163529,2.85157972,0.58614459,0.49552600,1.48261766,0.52450664
56.7300,0.50163314,2.85159054,0.58615362,0.49552756,1.48263057,0.52450405
56.7400,0.50163099,2.85160135,0.58616265,0.49552913,1.48264346,0.52450146
56.7500,0.50162884,2.85161216,0.58617167,0.49553070,1.48265634,0.52449887
56.7600,0.50162670,2.85162295,0.58618068,0.49553226,1.48266921,0.52449629
56.7700,0.50162455,2.85163374,0.58618968,0.49553382,1.48268206,0.52449370
56.7800,0.50162241,2.85164451,0.58619868,0.49553538,1.48269491,0.52449112
56.7900,0.50162027,2.85165528,0.58620767,0.49553694,1.48270775,0.52448855
56.8000,0.50161813,2.85166604,0.58621665,0.49553850,1.48272057,0.52448597
56.8100,0.50161600,2.85167679,0.58622563,0.49554006,1.48273338,0.52448340
56.8200,0.50161386,2.85168753,0.58623460,0.49554161,1.48274618,0.52448083
56.8300,0.50161173,2.85169827,0.58624357,0.49554316,1.48275897,0.52447826
56.8400,0.50160959,2.85170899,0.58625253,0.49554471,1.48277175,0.52447570
56.8500,0.50160746,2.85171971,0.58626148,0.49554626,1.48278452,0.52447313
56.8600,0.50160534,2.85173042,0.58627042,0.49554781,1.48279727,0.52447057
56.8700,0.50160321,2.85174112,0.58627936,0.49554936,1.48281002,0.52446802
56.8800,0.50160108,2.85175181,0.58628829,0.49555090,1.48282275,0.52446546
56.8900,0.50159896,2.85176249,0.58629722,0.49555244,1.48283548,0.52446291
56.9000,0.50159684,2.85177316,0.58630614,0.49555399,1.48284819,0.52446036
56.9100,0.50159472,2.85178382,0.58631505,0.49555553,1.48286089,0.52445781
56.9200,0.50159260,2.85179448,0.58632396,0.49555706,1.48287358,0.52445526
56.9300,0.50159049,2.85180513,0.58633286,0.49555860,1.48288625,0.52445272
56.9400,0.50158837,2.85181577,0.58634175,0.49556014,1.48289892,0.52445018
56.9500,0.50158626,2.85182640,0.58635064,0.49556167,1.48291158,0.52444764
56.9600,0.50158415,2.85183702,0.58635952,0.49556320,1.48292422,0.52444510
56.9700,0.50158204,2.85184763,0.58636839,0.49556473,1.48293685,0.52444257
56.9800,0.50157993,2.85185823,0.58637726,0.49556626,1.48294948,0.52444004
56.9900,0.50157783,2.85186883,0.58638612,0.49556779,1.48296209,0.52443751
57.0000,0.50157572,2.85187942,0.58639497,0.49556931,1.48297469,0.52443498
57.0100,0.50157362,2.85189000,0.58640382,0.49557084,1.48298728,0.52443246
57.0200,0.50157152,2.85190057,0.58641266,0.49557236,1.48299986,0.52442994
57.0300,0.50156942,2.85191113,0.58642150,0.49557388,1.48301242,0.52442742
57.0400,0.50156732,2.85192168,0.58643033,0.49557540,1.48302498,0.52442490
57.0500,0.50156523,2.85193222,0.58643915,0.49557692,1.48303752,0.52442239
57.0600,0.50156314,2.85194276,0.58644796,0.49557843,1.48305006,0.52441987
57.0700,0.50156104,2.85195329,0.58645677,0.49557995,1.48306258,0.52441736
57.0800,0.50155895,2.85196381,0.58646558,0.49558146,1.48307509,0.52441486
57.0900,0.50155687,2.85197432,0.58647437,0.49558297,1.48308759,0.52441235
57.1000,0.50155478,2.85198482,0.58648316,0.49558448,1.48310008,0.52440985
57.1100,0.50155269,2.85199531,0.58649195,0.49558599,1.48311256,0.52440735
57.1200,0.50155061,2.85200580,0.58650072,0.49558750,1.48312503,0.52440485
57.1300,0.50154853,2.85201627,0.58650949,0.49558900,1.48313749,0.52440236
57.1400,0.50154645,2.85202674,0.58651826,0.49559050,1.48314993,0.52439986
57.1500,0.50154437,2.85203720,0.58652701,0.49559201,1.48316237,0.52439737
57.1600,0.50154230,2.85204765,0.58653577,0.49559351,1.48317479,0.52439488
57.1700,0.50154022,2.85205810,0.58654451,0.49559501,1.48318721,0.52439240
57.1800,0.50153815,2.85206853,0.58655325,0.49559650,1.48319961,0.52438991
57.1900,0.50153608,2.85207896,0.58656198,0.49559800,1.48321200,0.52438743
57.2000,0.50153401,2.85208937,0.58657071,0.49559949,1.48322438,0.52438495
57.2100,0.50153194,2.85209978,0.58657943,0.49560099,1.48323675,0.52438248
57.2200,0.50152987,2.85211018,0.58658814,0.49560248,1.48324911,0.52438000
57.2300,0.50152781,2.85212057,0.58659685,0.49560397,1.48326146,0.52437753
57.2400,0.50152575,2.85213096,0.58660555,0.49560545,1.48327379,0.52437506
57.2500,0.50152369,2.85214133,0.58661424,0.49560694,1.48328612,0.52437260
57.2600,0.50152163,2.85215170,0.58662293,0.49560843,1.48329843,0.52437013
57.2700,0.50151957,2.85216206,0.58663161,0.49560991,1.48331074,0.52436767
57.2800,0.50151751,2.85217241,0.58664029,0.49561139,1.48332303,0.52436521
57.2900,0.50151546,2.85218275,0.58664895,0.49561287,1.48333532,0.52436275
57.3000,0.50151341,2.85219309,0.58665762,0.49561435,1.48334759,0.52436030
57.3100,0.50151136,2.85220341,0.58666627,0.49561583,1.48335985,0.52435784
57.3200,0.50150931,2.85221373,0.58667492,0.49561730,1.48337210,0.52435539
57.3300,0.50150726,2.85222404,0.58668356,0.49561878,1.48338434,0.52435295
57.3400,0.50150521,2.85223434,0.58669220,0.49562025,1.48339657,0.52435050
57.3500,0.50150317,2.85224463,0.58670083,0.49562172,1.48340879,0.52434806
57.3600,0.50150113,2.85225491,0.58670946,0.49562319,1.48342099,0.52434561
57.3700,0.50149909,2.85226519,0.58671808,0.49562466,1.48343319,0.52434318
57.3800,0.50149705,2.85227546,0.58672669,0.49562613,1.48344538,0.52434074
57.3900,0.50149501,2.85228571,0.58673529,0.49562759,1.48345755,0.52433831
57.4000,0.50149297,2.85229597,0.58674389,0.49562905,1.48346972,0.52433587
57.4100,0.50149094,2.85230621,0.58675248,0.49563052,1.48348187,0.52433344
57.4200,0.50148891,2.85231644,0.58676107,0.49563198,1.48349402,0.52433102
57.4300,0.50148688,2.85232667,0.58676965,0.49563344,1.48350615,0.52432859
57.4400,0.50148485,2.85233689,0.58677823,0.49563489,1.48351827,0.52432617
57.4500,0.50148282,2.85234709,0.58678679,0.49563635,1.48353038,0.52432375
57.4600,0.50148080,2.85235730,0.58679535,0.49563780,1.48354248,0.52432133
57.4700,0.50147877,2.85236749,0.58680391,0.49563926,1.48355457,0.52431891
57.4800,0.50147675,2.85237767,0.58681246,0.49564071,1.48356665,0.52431650
57.4900,0.50147473,2.85238785,0.58682100,0.49564216,1.48357872,0.52431409
57.5000,0.50147271,2.85239802,0.58682954,0.49564361,1.48359078,0.52431168
57.5100,0.50147069,2.85240818,0.58683807,0.49564506,1.48360283,0.52430928
57.5200,0.50146868,2.85241833,0.58684659,0.49564650,1.48361486,0.52430687
57.5300,0.50146666,2.85242847,0.58685511,0.49564794,1.48362689,0.52430447
57.5400,0.50146465,2.85243861,0.58686362,0.49564939,1.48363890,0.52430207
57.5500,0.50146264,2.85244874,0.58687213,0.49565083,1.48365091,0.52429967
57.5600,0.50146063,2.85245885,0.58688063,0.49565227,1.48366290,0.52429728
57.5700,0.50145862,2.85246897,0.58688912,0.49565371,1.48367489,0.52429488
57.5800,0.50145662,2.85247907,0.58689761,0.49565514,1.48368686,0.52429249
57.5900,0.50145461,2.85248916,0.58690609,0.49565658,1.48369883,0.52429011
57.6000,0.50145261,2.85249925,0.58691456,0.49565801,1.48371078,0.52428772
57.6100,0.50145061,2.85250933,0.58692303,0.49565944,1.48372272,0.52428534
57.6200,0.50144861,2.85251940,0.58693149,0.49566087,1.48373465,0.52428295
57.6300,0.50144662,2.85252946,0.58693995,0.49566230,1.48374657,0.52428058
57.6400,0.50144462,2.85253951,0.58694840,0.49566373,1.48375848,0.52427820
57.6500,0.50144263,2.85254956,0.58695684,0.49566516,1.48377038,0.52427582
57.6600,0.50144063,2.85255960,0.58696528,0.49566658,1.48378227,0.52427345
57.6700,0.50143864,2.85256963,0.58697371,0.49566801,1.48379415,0.52427108
57.6800,0.50143665,2.85257965,0.58698213,0.49566943,1.48380602,0.52426871
57.6900,0.50143467,2.85258966,0.58699055,0.49567085,1.48381788,0.52426635
57.7000,0.50143268,2.85259967,0.58699896,0.49567227,1.48382973,0.52426399
57.7100,0.50143070,2.85260966,0.58700737,0.49567368,1.48384156,0.52426163
57.7200,0.50142871,2.85261965,0.58701577,0.49567510,1.48385339,0.52425927
57.7300,0.50142673,2.85262964,0.58702417,0.49567651,1.48386521,0.52425691
57.7400,0.50142475,2.85263961,0.58703255,0.49567793,1.48387701,0.52425456
57.7500,0.50142277,2.85264957,0.58704094,0.49567934,1.48388881,0.52425220
57.7600,0.50142080,2.85265953,0.58704931,0.49568075,1.48390059,0.52424985
57.7700,0.50141882,2.85266948,0.58705768,0.49568216,1.48391237,0.52424751
57.7800,0.50141685,2.85267942,0.58706604,0.49568356,1.48392413,0.52424516
57.7900,0.50141488,2.85268935,0.58707440,0.49568497,1.48393589,0.52424282
57.8000,0.50141291,2.85269928,0.58708275,0.49568637,1.48394763,0.52424048
57.8100,0.50141094,2.85270920,0.58709110,0.49568778,1.48395936,0.52423814
57.8200,0.50140898,2.85271910,0.58709944,0.49568918,1.48397109,0.52423580
57.8300,0.50140701,2.85272901,0.58710777,0.49569058,1.48398280,0.52423347
57.8400,0.50140505,2.85273890,0.58711610,0.49569198,1.48399450,0.52423114
57.8500,0.50140309,2.85274878,0.58712442,0.49569337,1.48400620,0.52422881
57.8600,0.50140113,2.85275866,0.58713273,0.49569477,1.48401788,0.52422648
57.8700,0.50139917,2.85276853,0.58714104,0.49569616,1.48402955,0.52422416
57.8800,0.50139721,2.85277839,0.58714934,0.49569756,1.48404121,0.52422183
57.8900,0.50139526,2.85278824,0.58715764,0.49569895,1.48405286,0.52421951
57.9000,0.50139330,2.85279809,0.58716593,0.49570034,1.48406450,0.52421719
57.9100,0.50139135,2.85280793,0.58717421,0.49570173,1.48407613,0.52421488
57.9200,0.50138940,2.85281776,0.58718249,0.49570311,1.48408775,0.52421256
57.9300,0.50138745,2.85282758,0.58719076,0.49570450,1.48409936,0.52421025
57.9400,0.50138551,2.85283739,0.58719903,0.49570588,1.48411096,0.52420794
57.9500,0.50138356,2.85284720,0.58720729,0.49570727,1.48412255,0.52420563
57.9600,0.50138162,2.85285699,0.58721554,0.49570865,1.48413413,0.52420333
57.9700,0.50137967,2.85286678,0.58722379,0.49571003,1.48414570,0.52420103
57.9800,0.50137773,2.85287657,0.58723203,0.49571140,1.48415726,0.52419873
57.9900,0.50137579,2.85288634,0.58724027,0.49571278,1.48416881,0.52419643
58.0000,0.50137386,2.85289611,0.58724850,0.49571416,1.48418035,0.52419413
58.0100,0.50137192,2.85290586,0.58725672,0.49571553,1.48419188,0.52419184
58.0200,0.50136999,2.85291561,0.58726494,0.49571690,1.48420340,0.52418954
58.0300,0.50136805,2.85292536,0.58727315,0.49571827,1.48421491,0.52418725
58.0400,0.50136612,2.85293509,0.58728136,0.49571964,1.48422641,0.52418497
58.0500,0.50136419,2.85294482,0.58728956,0.49572101,1.48423789,0.52418268
58.0600,0.50136227,2.85295454,0.58729775,0.49572238,1.48424937,0.52418040
58.0700,0.50136034,2.85296425,0.58730594,0.49572375,1.48426084,0.52417812
58.0800,0.50135841,2.85297395,0.58731412,0.49572511,1.48427230,0.52417584
58.0900,0.50135649,2.85298365,0.58732230,0.49572647,1.48428374,0.52417356
58.1000,0.50135457,2.85299333,0.58733047,0.49572783,1.48429518,0.52417129
58.1100,0.50135265,2.85300301,0.58733863,0.49572919,1.48430661,0.52416902
58.1200,0.50135073,2.85301269,0.58734679,0.49573055,1.48431803,0.52416675
58.1300,0.50134881,2.85302235,0.58735494,0.49573191,1.48432944,0.52416448
58.1400,0.50134690,2.85303201,0.58736309,0.49573326,1.48434083,0.52416221
58.1500,0.50134499,2.85304166,0.58737123,0.49573462,1.48435222,0.52415995
58.1600,0.50134307,2.85305130,0.58737936,0.49573597,1.48436360,0.52415769
58.1700,0.50134116,2.85306093,0.58738749,0.49573732,1.48437496,0.52415543
58.1800,0.50133925,2.85307056,0.58739561,0.49573867,1.48438632,0.52415317
58.1900,0.50133735,2.85308017,0.58740373,0.49574002,1.48439767,0.52415092
58.2000,0.50133544,2.85308978,0.58741184,0.49574137,1.48440901,0.52414866
58.2100,0.50133354,2.85309938,0.58741994,0.49574272,1.48442033,0.52414641
58.2200,0.50133163,2.85310898,0.58742804,0.49574406,1.48443165,0.52414416
58.2300,0.50132973,2.85311857,0.58743613,0.49574540,1.48444296,0.52414192
58.2400,0.50132783,2.85312814,0.58744422,0.49574674,1.48445426,0.52413967
58.2500,0.50132594,2.85313772,0.58745230,0.49574809,1.48446554,0.52413743
58.2600,0.50132404,2.85314728,0.58746037,0.49574942,1.48447682,0.52413519
58.2700,0.50132214,2.85315683,0.58746844,0.49575076,1.48448809,0.52413295
58.2800,0.50132025,2.85316638,0.58747651,0.49575210,1.48449935,0.52413072
58.2900,0.50131836,2.85317592,0.58748456,0.49575343,1.48451059,0.52412848
58.3000,0.50131647,2.85318546,0.58749261,0.49575477,1.48452183,0.52412625
58.3100,0.50131458,2.85319498,0.58750066,0.49575610,1.48453306,0.52412402
58.3200,0.50131269,2.85320450,0.58750870,0.49575743,1.48454428,0.52412180
58.3300,0.50131081,2.85321401,0.58751673,0.49575876,1.48455549,0.52411957
58.3400,0.50130892,2.85322351,0.58752476,0.49576009,1.48456669,0.52411735
58.3500,0.50130704,2.85323300,0.58753278,0.49576141,1.48457787,0.52411513
58.3600,0.50130516,2.85324249,0.58754080,0.49576274,1.48458905,0.52411291
58.3700,0.50130328,2.85325197,0.58754881,0.49576406,1.48460022,0.52411069
58.3800,0.50130140,2.85326144,0.58755681,0.49576538,1.48461138,0.52410848
58.3900,0.50129953,2.85327090,0.58756481,0.49576670,1.48462253,0.52410627
58.4000,0.50129765,2.85328036,0.58757280,0.49576802,1.48463367,0.52410406
58.4100,0.50129578,2.85328981,0.58758079,0.49576934,1.48464480,0.52410185
58.4200,0.50129391,2.85329925,0.58758877,0.49577066,1.48465592,0.52409964
58.4300,0.50129204,2.85330868,0.58759674,0.49577198,1.48466703,0.52409744
58.4400,0.50129017,2.85331811,0.58760471,0.49577329,1.48467813,0.52409524
58.4500,0.50128830,2.85332753,0.58761267,0.49577460,1.48468922,0.52409304
58.4600,0.50128644,2.85333694,0.58762063,0.49577591,1.48470030,0.52409084
58.4700,0.50128457,2.85334634,0.58762858,0.49577722,1.48471137,0.52408864
58.4800,0.50128271,2.85335574,0.58763653,0.49577853,1.48472243,0.52408645
58.4900,0.50128085,2.85336512,0.58764447,0.49577984,1.48473348,0.52408426
58.5000,0.50127899,2.85337450,0.58765240,0.49578115,1.48474452,0.52408207
58.5100,0.50127713,2.85338388,0.58766033,0.49578245,1.48475555,0.52407988
58.5200,0.50127528,2.85339324,0.58766825,0.49578375,1.48476658,0.52407770
58.5300,0.50127342,2.85340260,0.58767617,0.49578506,1.48477759,0.52407552
58.5400,0.50127157,2.85341195,0.58768408,0.49578636,1.48478859,0.52407334
58.5500,0.50126972,2.85342129,0.58769198,0.49578766,1.48479958,0.52407116
58.5600,0.50126787,2.85343063,0.58769988,0.49578895,1.48481057,0.52406898
58.5700,0.50126602,2.85343995,0.58770777,0.49579025,1.48482154,0.52406681
58.5800,0.50126417,2.85344927,0.58771566,0.49579155,1.48483250,0.52406464
58.5900,0.50126233,2.85345859,0.58772354,0.49579284,1.48484346,0.52406247
58.6000,0.50126048,2.85346789,0.58773142,0.49579413,1.48485440,0.52406030
58.6100,0.50125864,2.85347719,0.58773929,0.49579542,1.48486534,0.52405813
58.6200,0.50125680,2.85348648,0.58774715,0.49579671,1.48487626,0.52405597
58.6300,0.50125496,2.85349576,0.58775501,0.49579800,1.48488718,0.52405381
58.6400,0.50125312,2.85350503,0.58776286,0.49579929,1.48489809,0.52405165
58.6500,0.50125128,2.85351430,0.58777071,0.49580058,1.48490898,0.52404949
58.6600,0.50124945,2.85352356,0.58777855,0.49580186,1.48491987,0.52404733
58.6700,0.50124762,2.85353281,0.58778639,0.49580314,1.48493075,0.52404518
58.6800,0.50124578,2.85354206,0.58779422,0.49580443,1.48494161,0.52404303
58.6900,0.50124395,2.85355130,0.58780204,0.49580571,1.48495247,0.52404088
58.7000,0.50124212,2.85356053,0.58780986,0.49580699,1.48496332,0.52403873
58.7100,0.50124030,2.85356975,0.58781767,0.49580826,1.48497416,0.52403658
58.7200,0.50123847,2.85357896,0.58782548,0.49580954,1.48498499,0.52403444
58.7300,0.50123665,2.85358817,0.58783328,0.49581081,1.48499581,0.52403230
58.7400,0.50123482,2.85359737,0.58784108,0.49581209,1.48500662,0.52403016
58.7500,0.50123300,2.85360657,0.58784887,0.49581336,1.48501742,0.52402802
58.7600,0.50123118,2.85361575,0.58785665,0.49581463,1.48502821,0.52402589
58.7700,0.50122936,2.85362493,0.58786443,0.49581590,1.48503899,0.52402376
58.7800,0.50122755,2.85363410,0.58787220,0.49581717,1.48504976,0.52402163
58.7900,0.50122573,2.85364326,0.58787997,0.49581844,1.48506053,0.52401950
58.8000,0.50122392,2.85365242,0.58788773,0.49581971,1.48507128,0.52401737
58.8100,0.50122210,2.85366157,0.58789549,0.49582097,1.48508202,0.52401524
58.8200,0.50122029,2.85367071,0.58790324,0.49582223,1.48509276,0.52401312
58.8300,0.50121848,2.85367984,0.58791098,0.49582350,1.48510348,0.52401100
58.8400,0.50121668,2.85368897,0.58791872,0.49582476,1.48511420,0.52400888
58.8500,0.50121487,2.85369809,0.58792645,0.49582602,1.48512490,0.52400677
58.8600,0.50121306,2.85370720,0.58793418,0.49582727,1.48513560,0.52400465
58.8700,0.50121126,2.85371631,0.58794190,0.49582853,1.48514629,0.52400254
58.8800,0.50120946,2.85372540,0.58794961,0.49582979,1.48515696,0.52400043
58.8900,0.50120766,2.85373449,0.58795733,0.49583104,1.48516763,0.52399832
58.9000,0.50120586,2.85374358,0.58796503,0.49583229,1.48517829,0.52399621
58.9100,0.50120406,2.85375265,0.58797273,0.49583355,1.48518894,0.52399411
58.9200,0.50120227,2.85376172,0.58798042,0.49583480,1.48519958,0.52399201
58.9300,0.50120047,2.85377078,0.58798811,0.49583605,1.48521021,0.52398990
58.9400,0.50119868,2.85377983,0.58799579,0.49583729,1.48522083,0.52398781
58.9500,0.50119689,2.85378888,0.58800347,0.49583854,1.48523144,0.52398571
58.9600,0.50119510,2.85379792,0.58801114,0.49583979,1.48524205,0.52398362
58.9700,0.50119331,2.85380695,0.58801880,0.49584103,1.48525264,0.52398152
58.9800,0.50119152,2.85381597,0.58802646,0.49584227,1.48526322,0.52397943
58.9900,0.50118973,2.85382499,0.58803412,0.49584351,1.48527380,0.52397734
59.0000,0.50118795,2.85383400,0.58804176,0.49584475,1.48528436,0.52397526
59.0100,0.50118617,2.85384300,0.58804941,0.49584599,1.48529492,0.52397317
59.0200,0.50118438,2.85385200,0.58805704,0.49584723,1.48530546,0.52397109
59.0300,0.50118260,2.85386099,0.58806467,0.49584847,1.48531600,0.52396901
59.0400,0.50118083,2.85386997,0.58807230,0.49584970,1.48532653,0.52396693
59.0500,0.50117905,2.85387894,0.58807992,0.49585093,1.48533705,0.52396486
59.0600,0.50117727,2.85388791,0.58808754,0.49585217,1.48534756,0.52396278
59.0700,0.50117550,2.85389686,0.58809514,0.49585340,1.48535806,0.52396071
59.0800,0.50117373,2.85390582,0.58810275,0.49585463,1.48536855,0.52395864
59.0900,0.50117195,2.85391476,0.58811035,0.49585586,1.48537903,0.52395657
59.1000,0.50117019,2.85392370,0.58811794,0.49585708,1.48538950,0.52395450
59.1100,0.50116842,2.85393263,0.58812552,0.49585831,1.48539996,0.52395244
59.1200,0.50116665,2.85394155,0.58813311,0.49585953,1.48541042,0.52395038
59.1300,0.50116488,2.85395047,0.58814068,0.49586076,1.48542086,0.52394832
59.1400,0.50116312,2.85395938,0.58814825,0.49586198,1.48543130,0.52394626
59.1500,0.50116136,2.85396828,0.58815582,0.49586320,1.48544172,0.52394420
59.1600,0.50115960,2.85397717,0.58816337,0.49586442,1.48545214,0.52394215
59.1700,0.50115784,2.85398606,0.58817093,0.49586564,1.48546255,0.52394009
59.1800,0.50115608,2.85399494,0.58817848,0.49586686,1.48547295,0.52393804
59.1900,0.50115432,2.85400381,0.58818602,0.49586807,1.48548334,0.52393599
59.2000,0.50115257,2.85401268,0.58819355,0.49586929,1.48549372,0.52393395
59.2100,0.50115081,2.85402154,0.58820109,0.49587050,1.48550409,0.52393190
59.2200,0.50114906,2.85403039,0.58820861,0.49587171,1.48551445,0.52392986
59.2300,0.50114731,2.85403923,0.58821613,0.49587292,1.48552480,0.52392782
59.2400,0.50114556,2.85404807,0.58822365,0.49587413,1.48553515,0.52392578
59.2500,0.50114381,2.85405690,0.58823115,0.49587534,1.48554548,0.52392374
59.2600,0.50114207,2.85406572,0.58823866,0.49587655,1.48555581,0.52392171
59.2700,0.50114032,2.85407454,0.58824616,0.49587776,1.48556612,0.52391968
59.2800,0.50113858,2.85408335,0.58825365,0.49587896,1.48557643,0.52391764
59.2900,0.50113683,2.85409215,0.58826114,0.49588016,1.48558673,0.52391562
59.3000,0.50113509,2.85410094,0.58826862,0.49588137,1.48559702,0.52391359
59.3100,0.50113335,2.85410973,0.58827609,0.49588257,1.48560730,0.52391156
59.3200,0.50113162,2.85411851,0.58828356,0.49588377,1.48561757,0.52390954
59.3300,0.50112988,2.85412728,0.58829103,0.49588496,1.48562783,0.52390752
59.3400,0.50112814,2.85413605,0.58829849,0.49588616,1.48563808,0.52390550
59.3500,0.50112641,2.85414481,0.58830594,0.49588736,1.48564832,0.52390348
59.3600,0.50112468,2.85415356,0.58831339,0.49588855,1.48565856,0.52390147
59.3700,0.50112295,2.85416230,0.58832083,0.49588975,1.48566878,0.52389945
59.3800,0.50112122,2.85417104,0.58832827,0.49589094,1.48567900,0.52389744
59.3900,0.50111949,2.85417977,0.58833570,0.49589213,1.48568921,0.52389543
59.4000,0.50111776,2.85418850,0.58834313,0.49589332,1.48569941,0.52389342
59.4100,0.50111604,2.85419721,0.58835055,0.49589451,1.48570960,0.52389142
59.4200,0.50111431,2.85420592,0.58835797,0.49589569,1.48571978,0.52388941
59.4300,0.50111259,2.85421463,0.58836538,0.49589688,1.48572995,0.52388741
59.4400,0.50111087,2.85422332,0.58837278,0.49589807,1.48574011,0.52388541
59.4500,0.50110915,2.85423201,0.58838018,0.49589925,1.48575026,0.52388341
59.4600,0.50110743,2.85424069,0.58838758,0.49590043,1.48576041,0.52388142
59.4700,0.50110571,2.85424937,0.58839497,0.49590161,1.48577054,0.52387942
59.4800,0.50110400,2.85425804,0.58840235,0.49590279,1.48578067,0.52387743
59.4900,0.50110229,2.85426670,0.58840973,0.49590397,1.48579079,0.52387544
59.5000,0.50110057,2.85427535,0.58841710,0.49590515,1.48580090,0.52387345
59.5100,0.50109886,2.85428400,0.58842447,0.49590632,1.48581100,0.52387147
59.5200,0.50109715,2.85429264,0.58843183,0.49590750,1.48582109,0.52386948
59.5300,0.50109544,2.85430127,0.58843918,0.49590867,1.48583117,0.52386750
59.5400,0.50109374,2.85430990,0.58844654,0.49590985,1.48584124,0.52386552
59.5500,0.50109203,2.85431852,0.58845388,0.49591102,1.48585131,0.52386354
59.5600,0.50109033,2.85432713,0.58846122,0.49591219,1.48586136,0.52386156
59.5700,0.50108862,2.85433573,0.58846856,0.49591336,1.48587141,0.52385959
59.5800,0.50108692,2.85434433,0.58847588,0.49591452,1.48588145,0.52385761
59.5900,0.50108522,2.85435292,0.58848321,0.49591569,1.48589147,0.52385564
59.6000,0.50108352,2.85436151,0.58849053,0.49591686,1.48590149,0.52385367
59.6100,0.50108183,2.85437009,0.58849784,0.49591802,1.48591150,0.52385170
59.6200,0.50108013,2.85437866,0.58850515,0.49591918,1.48592151,0.52384974
59.6300,0.50107844,2.85438722,0.58851245,0.49592034,1.48593150,0.52384778
59.6400,0.50107674,2.85439578,0.58851975,0.49592151,1.48594148,0.52384581
59.6500,0.50107505,2.85440433,0.58852704,0.49592266,1.48595146,0.52384385
59.6600,0.50107336,2.85441287,0.58853432,0.49592382,1.48596143,0.52384190
59.6700,0.50107167,2.85442141,0.58854161,0.49592498,1.48597139,0.52383994
59.6800,0.50106999,2.85442994,0.58854888,0.49592614,1.48598133,0.52383798
59.6900,0.50106830,2.85443846,0.58855615,0.49592729,1.48599127,0.52383603
59.7000,0.50106661,2.85444698,0.58856342,0.49592844,1.48600121,0.52383408
59.7100,0.50106493,2.85445548,0.58857068,0.49592960,1.48601113,0.52383213
59.7200,0.50106325,2.85446399,0.58857793,0.49593075,1.48602104,0.52383019
59.7300,0.50106157,2.85447248,0.58858518,0.49593190,1.48603095,0.52382824
59.7400,0.50105989,2.85448097,0.58859242,0.49593304,1.48604085,0.52382630
59.7500,0.50105821,2.85448945,0.58859966,0.49593419,1.48605073,0.52382436
59.7600,0.50105654,2.85449793,0.58860689,0.49593534,1.48606061,0.52382242
59.7700,0.50105486,2.85450639,0.58861412,0.49593648,1.48607048,0.52382048
59.7800,0.50105319,2.85451485,0.58862134,0.49593763,1.48608034,0.52381854
59.7900,0.50105151,2.85452331,0.58862856,0.49593877,1.48609020,0.52381661
59.8000,0.50104984,2.85453176,0.58863577,0.49593991,1.48610004,0.52381468
59.8100,0.50104817,2.85454020,0.58864298,0.49594105,1.48610988,0.52381275
59.8200,0.50104651,2.85454863,0.58865018,0.49594219,1.48611970,0.52381082
59.8300,0.50104484,2.85455706,0.58865737,0.49594333,1.48612952,0.52380889
59.8400,0.50104317,2.85456548,0.58866457,0.49594446,1.48613933,0.52380697
59.8500,0.50104151,2.85457389,0.58867175,0.49594560,1.48614913,0.52380505
59.8600,0.50103985,2.85458230,0.58867893,0.49594673,1.48615892,0.52380313
59.8700,0.50103819,2.85459070,0.58868611,0.49594787,1.48616871,0.52380121
59.8800,0.50103653,2.85459909,0.58869327,0.49594900,1.48617848,0.52379929
59.8900,0.50103487,2.85460748,0.58870044,0.49595013,1.48618825,0.52379738
59.9000,0.50103321,2.85461586,0.58870760,0.49595126,1.48619801,0.52379546
59.9100,0.50103155,2.85462423,0.58871475,0.49595239,1.48620776,0.52379355
59.9200,0.50102990,2.85463260,0.58872190,0.49595352,1.48621750,0.52379164
59.9300,0.50102825,2.85464096,0.58872904,0.49595464,1.48622723,0.52378973
59.9400,0.50102659,2.85464931,0.58873618,0.49595577,1.48623695,0.52378783
59.9500,0.50102494,2.85465765,0.58874331,0.49595689,1.48624666,0.52378592
59.9600,0.50102329,2.85466599,0.58875044,0.49595801,1.48625637,0.52378402
59.9700,0.50102165,2.85467433,0.58875756,0.49595913,1.48626607,0.52378212
59.9800,0.50102000,2.85468265,0.58876468,0.49596025,1.48627576,0.52378022
59.9900,0.50101836,2.85469097,0.58877179,0.49596137,1.48628544,0.52377833
60.0000,0.50101671,2.85469928,0.58877890,0.49596249,1.48629511,0.52377643
60.0100,0.50101507,2.85470759,0.58878600,0.49596361,1.48630477,0.52377454
60.0200,0.50101343,2.85471589,0.58879309,0.49596472,1.48631443,0.52377265
60.0300,0.50101179,2.85472418,0.58880018,0.49596584,1.48632407,0.52377076
60.0400,0.50101015,2.85473247,0.58880727,0.49596695,1.48633371,0.52376887
60.0500,0.50100851,2.85474075,0.58881435,0.49596806,1.48634334,0.52376698
60.0600,0.50100688,2.85474902,0.58882143,0.49596918,1.48635296,0.52376510
60.0700,0.50100524,2.85475728,0.58882850,0.49597029,1.48636257,0.52376322
60.0800,0.50100361,2.85476554,0.58883556,0.49597139,1.48637217,0.52376134
60.0900,0.50100198,2.85477380,0.58884262,0.49597250,1.48638177,0.52375946
60.1000,0.50100035,2.85478204,0.58884967,0.49597361,1.48639136,0.52375758
60.1100,0.50099872,2.85479028,0.58885672,0.49597471,1.48640093,0.52375571
60.1200,0.50099709,2.85479851,0.58886377,0.49597582,1.48641050,0.52375383
60.1300,0.50099547,2.85480674,0.58887081,0.49597692,1.48642006,0.52375196
60.1400,0.50099384,2.85481496,0.58887784,0.49597802,1.48642962,0.52375009
60.1500,0.50099222,2.85482317,0.58888487,0.49597912,1.48643916,0.52374822
60.1600,0.50099059,2.85483138,0.58889189,0.49598022,1.48644870,0.52374636
60.1700,0.50098897,2.85483958,0.58889891,0.49598132,1.48645822,0.52374449
60.1800,0.50098735,2.85484777,0.58890592,0.49598242,1.48646774,0.52374263
60.1900,0.50098574,2.85485596,0.58891293,0.49598351,1.48647725,0.52374077
60.2000,0.50098412,2.85486414,0.58891993,0.49598461,1.48648676,0.52373891
60.2100,0.50098250,2.85487231,0.58892693,0.49598570,1.48649625,0.52373705
60.2200,0.50098089,2.85488048,0.58893392,0.49598680,1.48650574,0.52373520
60.2300,0.50097928,2.85488864,0.58894091,0.49598789,1.48651521,0.52373335
60.2400,0.50097766,2.85489679,0.58894789,0.49598898,1.48652468,0.52373149
60.2500,0.50097605,2.85490494,0.58895487,0.49599007,1.48653414,0.52372964
60.2600,0.50097444,2.85491308,0.58896184,0.49599116,1.48654359,0.52372780
60.2700,0.50097284,2.85492121,0.58896881,0.49599224,1.48655304,0.52372595
60.2800,0.50097123,2.85492934,0.58897577,0.49599333,1.48656247,0.52372411
60.2900,0.50096963,2.85493746,0.58898272,0.49599441,1.48657190,0.52372226
60.3000,0.50096802,2.85494557,0.58898967,0.49599550,1.48658132,0.52372042
60.3100,0.50096642,2.85495368,0.58899662,0.49599658,1.48659073,0.52371858
60.3200,0.50096482,2.85496178,0.58900356,0.49599766,1.48660013,0.52371675
60.3300,0.50096322,2.85496988,0.58901050,0.49599874,1.48660952,0.52371491
60.3400,0.50096162,2.85497796,0.58901743,0.49599982,1.48661891,0.52371308
60.3500,0.50096002,2.85498605,0.58902435,0.49600090,1.48662828,0.52371124
60.3600,0.50095843,2.85499412,0.58903127,0.49600198,1.48663765,0.52370941
60.3700,0.50095683,2.85500219,0.58903819,0.49600305,1.48664701,0.52370759
60.3800,0.50095524,2.85501025,0.58904510,0.49600413,1.48665636,0.52370576
60.3900,0.50095365,2.85501831,0.58905201,0.49600520,1.48666571,0.52370393
60.4000,0.50095206,2.85502636,0.58905891,0.49600627,1.48667504,0.52370211
60.4100,0.50095047,2.85503440,0.58906580,0.49600734,1.48668437,0.52370029
60.4200,0.50094888,2.85504243,0.58907269,0.49600841,1.48669369,0.52369847
60.4300,0.50094729,2.85505046,0.58907958,0.49600948,1.48670300,0.52369665
60.4400,0.50094571,2.85505849,0.58908646,0.49601055,1.48671230,0.52369484
60.4500,0.50094412,2.85506650,0.58909333,0.49601162,1.48672160,0.52369302
60.4600,0.50094254,2.85507452,0.58910020,0.49601268,1.48673088,0.52369121
60.4700,0.50094096,2.85508252,0.58910707,0.49601375,1.48674016,0.52368940
60.4800,0.50093938,2.85509052,0.58911393,0.49601481,1.48674943,0.52368759
60.4900,0.50093780,2.85509851,0.58912078,0.49601588,1.48675869,0.52368578
60.5000,0.50093622,2.85510649,0.58912763,0.49601694,1.48676794,0.52368397
60.5100,0.50093465,2.85511447,0.58913447,0.49601800,1.48677719,0.52368217
60.5200,0.50093307,2.85512244,0.58914131,0.49601906,1.48678642,0.52368037
60.5300,0.50093150,2.85513041,0.58914815,0.49602011,1.48679565,0.52367857
60.5400,0.50092992,2.85513837,0.58915498,0.49602117,1.48680487,0.52367677
60.5500,0.50092835,2.85514632,0.58916180,0.49602223,1.48681409,0.52367497
60.5600,0.50092678,2.85515427,0.58916862,0.49602328,1.48682329,0.52367318
60.5700,0.50092521,2.85516221,0.58917544,0.49602434,1.48683249,0.52367138
60.5800,0.50092365,2.85517014,0.58918225,0.49602539,1.48684167,0.52366959
60.5900,0.50092208,2.85517807,0.58918905,0.49602644,1.48685085,0.52366780
60.6000,0.50092052,2.85518599,0.58919585,0.49602749,1.48686002,0.52366601
60.6100,0.50091895,2.85519390,0.58920264,0.49602854,1.48686919,0.52366423
60.6200,0.50091739,2.85520181,0.58920943,0.49602959,1.48687834,0.52366244
60.6300,0.50091583,2.85520971,0.58921622,0.49603064,1.48688749,0.52366066
60.6400,0.50091427,2.85521761,0.58922300,0.49603168,1.48689663,0.52365888
60.6500,0.50091271,2.85522549,0.58922977,0.49603273,1.48690576,0.52365710
60.6600,0.50091115,2.85523338,0.58923654,0.49603377,1.48691488,0.52365532
60.6700,0.50090960,2.85524125,0.58924330,0.49603481,1.48692400,0.52365354
60.6800,0.50090804,2.85524912,0.58925006,0.49603586,1.48693311,0.52365177
60.6900,0.50090649,2.85525699,0.58925682,0.49603690,1.48694220,0.52365000
60.7000,0.50090494,2.85526484,0.58926357,0.49603794,1.48695129,0.52364823
60.7100,0.50090339,2.85527269,0.58927031,0.49603897,1.48696038,0.52364646
60.7200,0.50090184,2.85528054,0.58927705,0.49604001,1.48696945,0.52364469
60.7300,0.50090029,2.85528838,0.58928379,0.49604105,1.48697852,0.52364292
60.7400,0.50089874,2.85529621,0.58929052,0.49604208,1.48698758,0.52364116
60.7500,0.50089720,2.85530403,0.58929724,0.49604312,1.48699663,0.52363940
60.7600,0.50089565,2.85531185,0.58930396,0.49604415,1.48700567,0.52363763
60.7700,0.50089411,2.85531967,0.58931067,0.49604518,1.48701470,0.52363588
60.7800,0.50089257,2.85532747,0.58931738,0.49604621,1.48702373,0.52363412
60.7900,0.50089103,2.85533527,0.58932409,0.49604724,1.48703275,0.52363236
60.8000,0.50088949,2.85534307,0.58933079,0.49604827,1.48704176,0.52363061
60.8100,0.50088795,2.85535086,0.58933748,0.49604930,1.48705076,0.52362886
60.8200,0.50088641,2.85535864,0.58934417,0.49605033,1.48705976,0.52362710
60.8300,0.50088488,2.85536641,0.58935086,0.49605135,1.48706874,0.52362536
60.8400,0.50088334,2.85537418,0.58935754,0.49605238,1.48707772,0.52362361
60.8500,0.50088181,2.85538195,0.58936421,0.49605340,1.48708669,0.52362186
60.8600,0.50088028,2.85538970,0.58937089,0.49605442,1.48709566,0.52362012
60.8700,0.50087875,2.85539745,0.58937755,0.49605545,1.48710461,0.52361838
60.8800,0.50087722,2.85540520,0.58938421,0.49605647,1.48711356,0.52361664
60.8900,0.50087569,2.85541294,0.58939087,0.49605748,1.48712250,0.52361490
60.9000,0.50087416,2.85542067,0.58939752,0.49605850,1.48713143,0.52361316
60.9100,0.50087264,2.85542839,0.58940416,0.49605952,1.48714035,0.52361142
60.9200,0.50087111,2.85543611,0.58941080,0.49606054,1.48714927,0.52360969
60.9300,0.50086959,2.85544383,0.58941744,0.49606155,1.48715817,0.52360796
60.9400,0.50086807,2.85545153,0.58942407,0.49606257,1.48716707,0.52360623
60.9500,0.50086655,2.85545923,0.58943070,0.49606358,1.48717596,0.52360450
60.9600,0.50086503,2.85546693,0.58943732,0.49606459,1.48718485,0.52360277
60.9700,0.50086351,2.85547462,0.58944394,0.49606560,1.48719372,0.52360105
60.9800,0.50086199,2.85548230,0.58945055,0.49606661,1.48720259,0.52359932
60.9900,0.50086048,2.85548997,0.58945715,0.49606762,1.48721145,0.52359760
61.0000,0.50085896,2.85549764,0.58946376,0.49606863,1.48722030,0.52359588
61.0100,0.50085745,2.85550531,0.58947035,0.49606963,1.48722915,0.52359416
61.0200,0.50085594,2.85551297,0.58947694,0.49607064,1.48723798,0.52359244
61.0300,0.50085443,2.85552062,0.58948353,0.49607164,1.48724681,0.52359073
61.0400,0.50085292,2.85552826,0.58949011,0.49607265,1.48725563,0.52358902
61.0500,0.50085141,2.85553590,0.58949669,0.49607365,1.48726445,0.52358730
61.0600,0.50084990,2.85554353,0.58950326,0.49607465,1.48727325,0.52358559
61.0700,0.50084840,2.85555116,0.58950983,0.49607565,1.48728205,0.52358388
61.0800,0.50084689,2.85555878,0.58951640,0.49607665,1.48729084,0.52358218
61.0900,0.50084539,2.85556640,0.58952295,0.49607765,1.48729962,0.52358047
61.1000,0.50084389,2.85557400,0.58952951,0.49607865,1.48730840,0.52357877
61.1100,0.50084239,2.85558161,0.58953606,0.49607964,1.48731716,0.52357706
61.1200,0.50084089,2.85558920,0.58954260,0.49608064,1.48732592,0.52357536
61.1300,0.50083939,2.85559679,0.58954914,0.49608163,1.48733467,0.52357367
61.1400,0.50083789,2.85560438,0.58955567,0.49608263,1.48734341,0.52357197
61.1500,0.50083640,2.85561195,0.58956220,0.49608362,1.48735215,0.52357027
61.1600,0.50083490,2.85561953,0.58956873,0.49608461,1.48736088,0.52356858
61.1700,0.50083341,2.85562709,0.58957525,0.49608560,1.48736960,0.52356689
61.1800,0.50083192,2.85563465,0.58958176,0.49608659,1.48737831,0.52356520
61.1900,0.50083043,2.85564221,0.58958827,0.49608758,1.48738701,0.52356351
61.2000,0.50082894,2.85564975,0.58959478,0.49608856,1.48739571,0.52356182
61.2100,0.50082745,2.85565729,0.58960128,0.49608955,1.48740440,0.52356013
61.2200,0.50082596,2.85566483,0.58960777,0.49609054,1.48741308,0.52355845
61.2300,0.50082448,2.85567236,0.58961426,0.49609152,1.48742175,0.52355677
61.2400,0.50082299,2.85567988,0.58962075,0.49609250,1.48743042,0.52355509
61.2500,0.50082151,2.85568740,0.58962723,0.49609348,1.48743908,0.52355341
61.2600,0.50082002,2.85569491,0.58963371,0.49609447,1.48744773,0.52355173
61.2700,0.50081854,2.85570242,0.58964018,0.49609545,1.48745637,0.52355005
61.2800,0.50081706,2.85570991,0.58964665,0.49609642,1.48746501,0.52354838
61.2900,0.50081558,2.85571741,0.58965311,0.49609740,1.48747364,0.52354671
61.3000,0.50081411,2.85572490,0.58965957,0.49609838,1.48748226,0.52354503
61.3100,0.50081263,2.85573238,0.58966602,0.49609935,1.48749087,0.52354336
61.3200,0.50081116,2.85573985,0.58967247,0.49610033,1.48749947,0.52354170
61.3300,0.50080968,2.85574732,0.58967891,0.49610130,1.48750807,0.52354003
61.3400,0.50080821,2.85575478,0.58968535,0.49610228,1.48751666,0.52353837
61.3500,0.50080674,2.85576224,0.58969178,0.49610325,1.48752524,0.52353670
61.3600,0.50080527,2.85576969,0.58969821,0.49610422,1.48753381,0.52353504
61.3700,0.50080380,2.85577714,0.58970463,0.49610519,1.48754238,0.52353338
61.3800,0.50080233,2.85578458,0.58971105,0.49610616,1.48755094,0.52353172
61.3900,0.50080086,2.85579201,0.58971747,0.49610712,1.48755949,0.52353007
61.4000,0.50079940,2.85579944,0.58972388,0.49610809,1.48756804,0.52352841
61.4100,0.50079793,2.85580686,0.58973028,0.49610906,1.48757657,0.52352676
61.4200,0.50079647,2.85581427,0.58973668,0.49611002,1.48758510,0.52352511
61.4300,0.50079501,2.85582168,0.58974308,0.49611099,1.48759362,0.52352346
61.4400,0.50079355,2.85582908,0.58974947,0.49611195,1.48760214,0.52352181
61.4500,0.50079209,2.85583648,0.58975586,0.49611291,1.48761064,0.52352016
61.4600,0.50079063,2.85584387,0.58976224,0.49611387,1.48761914,0.52351851
61.4700,0.50078917,2.85585126,0.58976862,0.49611483,1.48762763,0.52351687
61.4800,0.50078772,2.85585864,0.58977499,0.49611579,1.48763611,0.52351523
61.4900,0.50078626,2.85586601,0.58978136,0.49611675,1.48764459,0.52351359
61.5000,0.50078481,2.85587338,0.58978772,0.49611770,1.48765306,0.52351195
61.5100,0.50078336,2.85588074,0.58979408,0.49611866,1.48766152,0.52351031
61.5200,0.50078191,2.85588810,0.58980043,0.49611961,1.48766997,0.52350868
61.5300,0.50078046,2.85589545,0.58980678,0.49612057,1.48767842,0.52350704
61.5400,0.50077901,2.85590279,0.58981312,0.49612152,1.48768686,0.52350541
61.5500,0.50077756,2.85591013,0.58981946,0.49612247,1.48769529,0.52350378
61.5600,0.50077611,2.85591746,0.58982580,0.49612342,1.48770371,0.52350215
61.5700,0.50077467,2.85592479,0.58983213,0.49612437,1.48771213,0.52350052
61.5800,0.50077322,2.85593211,0.58983845,0.49612532,1.48772054,0.52349889
61.5900,0.50077178,2.85593942,0.58984477,0.49612627,1.48772894,0.52349727
61.6000,0.50077034,2.85594673,0.58985109,0.49612722,1.48773733,0.52349565
61.6100,0.50076890,2.85595403,0.58985740,0.49612816,1.48774572,0.52349402
61.6200,0.50076746,2.85596133,0.58986371,0.49612911,1.48775410,0.52349240
61.6300,0.50076602,2.85596862,0.58987001,0.49613005,1.48776247,0.52349078
61.6400,0.50076458,2.85597591,0.58987631,0.49613099,1.48777083,0.52348917
61.6500,0.50076315,2.85598319,0.58988260,0.49613194,1.48777919,0.52348755
61.6600,0.50076171,2.85599046,0.58988889,0.49613288,1.48778754,0.52348594
61.6700,0.50076028,2.85599773,0.58989517,0.49613382,1.48779588,0.52348433
61.6800,0.50075885,2.85600499,0.58990145,0.49613476,1.48780421,0.52348272
61.6900,0.50075742,2.85601224,0.58990772,0.49613569,1.48781254,0.52348111
61.7000,0.50075599,2.85601949,0.58991399,0.49613663,1.48782086,0.52347950
61.7100,0.50075456,2.85602674,0.58992026,0.49613757,1.48782917,0.52347789
61.7200,0.50075313,2.85603398,0.58992652,0.49613850,1.48783748,0.52347629
61.7300,0.50075170,2.85604121,0.58993278,0.49613944,1.48784577,0.52347469
61.7400,0.50075028,2.85604844,0.58993903,0.49614037,1.48785406,0.52347308
61.7500,0.50074885,2.85605566,0.58994527,0.49614130,1.48786235,0.52347148
61.7600,0.50074743,2.85606287,0.58995151,0.49614223,1.48787062,0.52346989
61.7700,0.50074601,2.85607008,0.58995775,0.49614316,1.48787889,0.52346829
61.7800,0.50074459,2.85607729,0.58996398,0.49614409,1.48788715,0.52346669
61.7900,0.50074317,2.85608448,0.58997021,0.49614502,1.48789540,0.52346510
61.8000,0.50074175,2.85609168,0.58997644,0.49614595,1.48790365,0.52346351
61.8100,0.50074033,2.85609886,0.58998266,0.49614688,1.48791189,0.52346192
61.8200,0.50073892,2.85610604,0.58998887,0.49614780,1.48792012,0.52346033
61.8300,0.50073750,2.85611322,0.58999508,0.49614873,1.48792834,0.52345874
61.8400,0.50073609,2.85612039,0.59000128,0.49614965,1.48793656,0.52345716
61.8500,0.50073468,2.85612755,0.59000749,0.49615057,1.48794477,0.52345557
61.8600,0.50073327,2.85613471,0.59001368,0.49615149,1.48795297,0.52345399
61.8700,0.50073186,2.85614186,0.59001987,0.49615241,1.48796117,0.52345241
61.8800,0.50073045,2.85614901,0.59002606,0.49615333,1.48796935,0.52345083
61.8900,0.50072904,2.85615615,0.59003224,0.49615425,1.48797753,0.52344925
61.9000,0.50072763,2.85616328,0.59003842,0.49615517,1.48798571,0.52344767
61.9100,0.50072623,2.85617041,0.59004459,0.49615609,1.48799387,0.52344610
61.9200,0.50072482,2.85617753,0.59005076,0.49615700,1.48800203,0.52344452
61.9300,0.50072342,2.85618465,0.59005692,0.49615792,1.48801018,0.52344295
61.9400,0.50072202,2.85619176,0.59006308,0.49615883,1.48801833,0.52344138
61.9500,0.50072061,2.85619887,0.59006924,0.49615974,1.48802646,0.52343981
61.9600,0.50071922,2.85620597,0.59007539,0.49616066,1.48803459,0.52343825
61.9700,0.50071782,2.85621306,0.59008154,0.49616157,1.48804272,0.52343668
61.9800,0.50071642,2.85622015,0.59008768,0.49616248,1.48805083,0.52343512
61.9900,0.50071502,2.85622723,0.59009381,0.49616339,1.48805894,0.52343355
62.0000,0.50071363,2.85623431,0.59009995,0.49616430,1.48806704,0.52343199
62.0100,0.50071223,2.85624138,0.59010607,0.49616520,1.48807513,0.52343043
62.0200,0.50071084,2.85624845,0.59011220,0.49616611,1.48808322,0.52342887
62.0300,0.50070945,2.85625551,0.59011832,0.49616702,1.48809130,0.52342732
62.0400,0.50070806,2.85626256,0.59012443,0.49616792,1.48809937,0.52342576
62.0500,0.50070667,2.85626961,0.59013054,0.49616882,1.48810744,0.52342421
62.0600,0.50070528,2.85627666,0.59013664,0.49616973,1.48811549,0.52342265
62.0700,0.50070389,2.85628369,0.59014274,0.49617063,1.48812354,0.52342110
62.0800,0.50070251,2.85629073,0.59014884,0.49617153,1.48813159,0.52341955
62.0900,0.50070112,2.85629775,0.59015493,0.49617243,1.48813962,0.52341801
62.1000,0.50069974,2.85630477,0.59016102,0.49617333,1.48814765,0.52341646
62.1100,0.50069835,2.85631179,0.59016710,0.49617423,1.48815568,0.52341492
62.1200,0.50069697,2.85631880,0.59017318,0.49617512,1.48816369,0.52341337
62.1300,0.50069559,2.85632580,0.59017925,0.49617602,1.48817170,0.52341183
62.1400,0.50069421,2.85633280,0.59018532,0.49617691,1.48817970,0.52341029
62.1500,0.50069283,2.85633979,0.59019139,0.49617781,1.48818769,0.52340875
62.1600,0.50069146,2.85634678,0.59019745,0.49617870,1.48819568,0.52340721
62.1700,0.50069008,2.85635376,0.59020350,0.49617959,1.48820366,0.52340568
62.1800,0.50068871,2.85636074,0.59020955,0.49618049,1.48821163,0.52340414
62.1900,0.50068733,2.85636771,0.59021560,0.49618138,1.48821960,0.52340261
62.2000,0.50068596,2.85637467,0.59022164,0.49618227,1.48822756,0.52340108
62.2100,0.50068459,2.85638163,0.59022768,0.49618315,1.48823551,0.52339955
62.2200,0.50068322,2.85638858,0.59023371,0.49618404,1.48824345,0.52339802
62.2300,0.50068185,2.85639553,0.59023974,0.49618493,1.48825139,0.52339650
62.2400,0.50068048,2.85640247,0.59024577,0.49618581,1.48825932,0.52339497
62.2500,0.50067911,2.85640941,0.59025179,0.49618670,1.48826724,0.52339345
62.2600,0.50067775,2.85641634,0.59025780,0.49618758,1.48827516,0.52339192
62.2700,0.50067638,2.85642327,0.59026381,0.49618847,1.48828307,0.52339040
62.2800,0.50067502,2.85643019,0.59026982,0.49618935,1.48829097,0.52338888
62.2900,0.50067366,2.85643710,0.59027582,0.49619023,1.48829886,0.52338737
62.3000,0.50067229,2.85644401,0.59028182,0.49619111,1.48830675,0.52338585
62.3100,0.50067093,2.85645091,0.59028781,0.49619199,1.48831463,0.52338433
62.3200,0.50066958,2.85645781,0.59029380,0.49619287,1.48832250,0.52338282
62.3300,0.50066822,2.85646470,0.59029979,0.49619375,1.48833037,0.52338131
62.3400,0.50066686,2.85647159,0.59030577,0.49619462,1.48833823,0.52337980
62.3500,0.50066550,2.85647847,0.59031174,0.49619550,1.48834608,0.52337829
62.3600,0.50066415,2.85648535,0.59031772,0.49619637,1.48835393,0.52337678
62.3700,0.50066280,2.85649222,0.59032368,0.49619725,1.48836177,0.52337527
62.3800,0.50066144,2.85649908,0.59032964,0.49619812,1.48836960,0.52337377
62.3900,0.50066009,2.85650594,0.59033560,0.49619899,1.48837743,0.52337227
62.4000,0.50065874,2.85651279,0.59034156,0.49619986,1.48838524,0.52337076
62.4100,0.50065739,2.85651964,0.59034751,0.49620074,1.48839306,0.52336926
62.4200,0.50065604,2.85652649,0.59035345,0.49620160,1.48840086,0.52336777
62.4300,0.50065470,2.85653332,0.59035939,0.49620247,1.48840866,0.52336627
62.4400,0.50065335,2.85654015,0.59036533,0.49620334,1.48841645,0.52336477
62.4500,0.50065201,2.85654698,0.59037126,0.49620421,1.48842423,0.52336328
62.4600,0.50065066,2.85655380,0.59037719,0.49620507,1.48843201,0.52336178
62.4700,0.50064932,2.85656062,0.59038311,0.49620594,1.48843978,0.52336029
62.4800,0.50064798,2.85656743,0.59038903,0.49620680,1.48844754,0.52335880
62.4900,0.50064664,2.85657423,0.59039494,0.49620767,1.48845530,0.52335731
62.5000,0.50064530,2.85658103,0.59040085,0.49620853,1.48846304,0.52335583
62.5100,0.50064396,2.85658782,0.59040676,0.49620939,1.48847079,0.52335434
62.5200,0.50064262,2.85659461,0.59041266,0.49621025,1.48847852,0.52335286
62.5300,0.50064129,2.85660139,0.59041855,0.49621111,1.48848625,0.52335137
62.5400,0.50063995,2.85660817,0.59042445,0.49621197,1.48849397,0.52334989
62.5500,0.50063862,2.85661494,0.59043033,0.49621283,1.48850169,0.52334841
62.5600,0.50063728,2.85662171,0.59043622,0.49621368,1.48850939,0.52334693
62.5700,0.50063595,2.85662847,0.59044210,0.49621454,1.48851709,0.52334546
62.5800,0.50063462,2.85663522,0.59044797,0.49621539,1.48852479,0.52334398
62.5900,0.50063329,2.85664197,0.59045384,0.49621625,1.48853248,0.52334251
62.6000,0.50063196,2.85664872,0.59045971,0.49621710,1.48854016,0.52334103
62.6100,0.50063064,2.85665546,0.59046557,0.49621795,1.48854783,0.52333956
62.6200,0.50062931,2.85666219,0.59047143,0.49621881,1.48855550,0.52333809
62.6300,0.50062799,2.85666892,0.59047728,0.49621966,1.48856316,0.52333662
62.6400,0.50062666,2.85667564,0.59048313,0.49622051,1.48857081,0.52333516
62.6500,0.50062534,2.85668236,0.59048897,0.49622136,1.48857846,0.52333369
62.6600,0.50062402,2.85668907,0.59049481,0.49622220,1.48858610,0.52333223
62.6700,0.50062270,2.85669578,0.59050065,0.49622305,1.48859373,0.52333076
62.6800,0.50062138,2.85670248,0.59050648,0.49622390,1.48860135,0.52332930
62.6900,0.50062006,2.85670917,0.59051231,0.49622474,1.48860897,0.52332784
62.7000,0.50061874,2.85671586,0.59051813,0.49622559,1.48861659,0.52332638
62.7100,0.50061742,2.85672255,0.59052395,0.49622643,1.48862419,0.52332493
62.7200,0.50061611,2.85672923,0.59052977,0.49622727,1.48863179,0.52332347
62.7300,0.50061479,2.85673590,0.59053558,0.49622812,1.48863938,0.52332202
62.7400,0.50061348,2.85674257,0.59054138,0.49622896,1.48864697,0.52332056
62.7500,0.50061217,2.85674923,0.59054718,0.49622980,1.48865455,0.52331911
62.7600,0.50061086,2.85675589,0.59055298,0.49623064,1.48866212,0.52331766
62.7700,0.50060955,2.85676255,0.59055877,0.49623147,1.48866968,0.52331621
62.7800,0.50060824,2.85676919,0.59056456,0.49623231,1.48867724,0.52331477
62.7900,0.50060693,2.85677584,0.59057035,0.49623315,1.48868479,0.52331332
62.8000,0.50060562,2.85678247,0.59057613,0.49623398,1.48869234,0.52331188
62.8100,0.50060432,2.85678910,0.59058190,0.49623482,1.48869988,0.52331043
62.8200,0.50060301,2.85679573,0.59058767,0.49623565,1.48870741,0.52330899
62.8300,0.50060171,2.85680235,0.59059344,0.49623649,1.48871493,0.52330755
62.8400,0.50060040,2.85680897,0.59059920,0.49623732,1.48872245,0.52330611
62.8500,0.50059910,2.85681558,0.59060496,0.49623815,1.48872996,0.52330468
62.8600,0.50059780,2.85682218,0.59061072,0.49623898,1.48873747,0.52330324
62.8700,0.50059650,2.85682878,0.59061647,0.49623981,1.48874497,0.52330181
62.8800,0.50059520,2.85683538,0.59062221,0.49624064,1.48875246,0.52330037
62.8900,0.50059391,2.85684197,0.59062795,0.49624147,1.48875994,0.52329894
62.9000,0.50059261,2.85684855,0.59063369,0.49624230,1.48876742,0.52329751
62.9100,0.50059132,2.85685513,0.59063942,0.49624312,1.48877489,0.52329608
62.9200,0.50059002,2.85686170,0.59064515,0.49624395,1.48878236,0.52329465
62.9300,0.50058873,2.85686827,0.59065088,0.49624477,1.48878981,0.52329323
62.9400,0.50058744,2.85687483,0.59065660,0.49624560,1.48879727,0.52329180
62.9500,0.50058615,2.85688139,0.59066231,0.49624642,1.48880471,0.52329038
62.9600,0.50058486,2.85688794,0.59066803,0.49624724,1.48881215,0.52328896
62.9700,0.50058357,2.85689449,0.59067373,0.49624806,1.48881958,0.52328754
62.9800,0.50058228,2.85690103,0.59067944,0.49624888,1.48882701,0.52328612
62.9900,0.50058099,2.85690757,0.59068514,0.49624970,1.48883443,0.52328470
63.0000,0.50057971,2.85691410,0.59069083,0.49625052,1.48884184,0.52328328
63.0100,0.50057842,2.85692062,0.59069652,0.49625134,1.48884924,0.52328187
63.0200,0.50057714,2.85692714,0.59070221,0.49625215,1.48885664,0.52328046
63.0300,0.50057585,2.85693366,0.59070789,0.49625297,1.48886403,0.52327904
63.0400,0.50057457,2.85694017,0.59071357,0.49625379,1.48887142,0.52327763
63.0500,0.50057329,2.85694667,0.59071925,0.49625460,1.48887880,0.52327622
63.0600,0.50057201,2.85695317,0.59072492,0.49625541,1.48888617,0.52327481
63.0700,0.50057074,2.85695967,0.59073058,0.49625623,1.48889354,0.52327341
63.0800,0.50056946,2.85696616,0.59073624,0.49625704,1.48890090,0.52327200
63.0900,0.50056818,2.85697264,0.59074190,0.49625785,1.48890825,0.52327060
63.1000,0.50056691,2.85697912,0.59074755,0.49625866,1.48891560,0.52326920
63.1100,0.50056563,2.85698559,0.59075320,0.49625947,1.48892294,0.52326779
63.1200,0.50056436,2.85699206,0.59075885,0.49626028,1.48893027,0.52326639
63.1300,0.50056309,2.85699853,0.59076449,0.49626108,1.48893760,0.52326500
63.1400,0.50056182,2.85700498,0.59077012,0.49626189,1.48894492,0.52326360
63.1500,0.50056055,2.85701144,0.59077576,0.49626270,1.48895223,0.52326220
63.1600,0.50055928,2.85701789,0.59078138,0.49626350,1.48895954,0.52326081
63.1700,0.50055801,2.85702433,0.59078701,0.49626431,1.48896684,0.52325941
63.1800,0.50055674,2.85703077,0.59079263,0.49626511,1.48897413,0.52325802
63.1900,0.50055548,2.85703720,0.59079824,0.49626591,1.48898142,0.52325663
63.2000,0.50055421,2.85704362,0.59080385,0.49626671,1.48898870,0.52325524
63.2100,0.50055295,2.85705005,0.59080946,0.49626751,1.48899598,0.52325386
63.2200,0.50055168,2.85705646,0.59081506,0.49626832,1.48900324,0.52325247
63.2300,0.50055042,2.85706288,0.59082066,0.49626911,1.48901051,0.52325108
63.2400,0.50054916,2.85706928,0.59082626,0.49626991,1.48901776,0.52324970
63.2500,0.50054790,2.85707568,0.59083185,0.49627071,1.48902501,0.52324832
63.2600,0.50054664,2.85708208,0.59083744,0.49627151,1.48903225,0.52324694
63.2700,0.50054538,2.85708847,0.59084302,0.49627230,1.48903949,0.52324556
63.2800,0.50054413,2.85709486,0.59084860,0.49627310,1.48904672,0.52324418
63.2900,0.50054287,2.85710124,0.59085417,0.49627389,1.48905394,0.52324280
63.3000,0.50054162,2.85710761,0.59085974,0.49627469,1.48906116,0.52324143
63.3100,0.50054036,2.85711398,0.59086531,0.49627548,1.48906837,0.52324005
63.3200,0.50053911,2.85712035,0.59087087,0.49627627,1.48907557,0.52323868
63.3300,0.50053786,2.85712671,0.59087643,0.49627706,1.48908277,0.52323731
63.3400,0.50053661,2.85713306,0.59088198,0.49627785,1.48908996,0.52323594
63.3500,0.50053536,2.85713941,0.59088753,0.49627864,1.48909715,0.52323457
63.3600,0.50053411,2.85714576,0.59089307,0.49627943,1.48910432,0.52323320
63.3700,0.50053286,2.85715210,0.59089861,0.49628022,1.48911150,0.52323184
63.3800,0.50053162,2.85715843,0.59090415,0.49628100,1.48911866,0.52323047
63.3900,0.50053037,2.85716476,0.59090968,0.49628179,1.48912582,0.52322911
63.4000,0.50052913,2.85717109,0.59091521,0.49628257,1.48913297,0.52322775
63.4100,0.50052788,2.85717741,0.59092074,0.49628336,1.48914012,0.52322638
63.4200,0.50052664,2.85718372,0.59092626,0.49628414,1.48914726,0.52322502
63.4300,0.50052540,2.85719003,0.59093178,0.49628493,1.48915439,0.52322367
63.4400,0.50052416,2.85719634,0.59093729,0.49628571,1.48916152,0.52322231
63.4500,0.50052292,2.85720264,0.59094280,0.49628649,1.48916864,0.52322095
63.4600,0.50052168,2.85720893,0.59094830,0.49628727,1.48917576,0.52321960
63.4700,0.50052045,2.85721522,0.59095380,0.49628805,1.48918286,0.52321825
63.4800,0.50051921,2.85722150,0.59095930,0.49628883,1.48918997,0.52321690
63.4900,0.50051797,2.85722778,0.59096479,0.49628961,1.48919706,0.52321555
63.5000,0.50051674,2.85723406,0.59097028,0.49629038,1.48920415,0.52321420
63.5100,0.50051551,2.85724033,0.59097576,0.49629116,1.48921123,0.52321285
63.5200,0.50051427,2.85724659,0.59098124,0.49629193,1.48921831,0.52321150
63.5300,0.50051304,2.85725285,0.59098672,0.49629271,1.48922538,0.52321016
63.5400,0.50051181,2.85725910,0.59099219,0.49629348,1.48923245,0.52320881
63.5500,0.50051058,2.85726535,0.59099766,0.49629426,1.48923950,0.52320747
63.5600,0.50050935,2.85727160,0.59100312,0.49629503,1.48924656,0.52320613
63.5700,0.50050813,2.85727784,0.59100858,0.49629580,1.48925360,0.52320479
63.5800,0.50050690,2.85728407,0.59101404,0.49629657,1.48926064,0.52320345
63.5900,0.50050568,2.85729030,0.59101949,0.49629734,1.48926767,0.52320212
63.6000,0.50050445,2.85729652,0.59102494,0.49629811,1.48927470,0.52320078
63.6100,0.50050323,2.85730274,0.59103038,0.49629888,1.48928172,0.52319945
63.6200,0.50050201,2.85730896,0.59103582,0.49629964,1.48928873,0.52319811
63.6300,0.50050078,2.85731517,0.59104125,0.49630041,1.48929574,0.52319678
63.6400,0.50049956,2.85732137,0.59104669,0.49630118,1.48930274,0.52319545
63.6500,0.50049834,2.85732757,0.59105211,0.49630194,1.48930974,0.52319412
63.6600,0.50049713,2.85733376,0.59105754,0.49630271,1.48931673,0.52319279
63.6700,0.50049591,2.85733995,0.59106296,0.49630347,1.48932371,0.52319147
63.6800,0.50049469,2.85734614,0.59106837,0.49630423,1.48933069,0.52319014
63.6900,0.50049348,2.85735232,0.59107378,0.49630499,1.48933766,0.52318882
63.7000,0.50049226,2.85735849,0.59107919,0.49630576,1.48934462,0.52318749
63.7100,0.50049105,2.85736466,0.59108459,0.49630652,1.48935158,0.52318617
63.7200,0.50048984,2.85737082,0.59108999,0.49630728,1.48935853,0.52318485
63.7300,0.50048863,2.85737698,0.59109539,0.49630803,1.48936548,0.52318353
63.7400,0.50048742,2.85738314,0.59110078,0.49630879,1.48937242,0.52318222
63.7500,0.50048621,2.85738929,0.59110617,0.49630955,1.48937935,0.52318090
63.7600,0.50048500,2.85739543,0.59111155,0.49631031,1.48938628,0.52317958
63.7700,0.50048379,2.85740157,0.59111693,0.49631106,1.48939320,0.52317827
63.7800,0.50048258,2.85740771,0.59112230,0.49631182,1.48940011,0.52317696
63.7900,0.50048138,2.85741384,0.59112768,0.49631257,1.48940702,0.52317565
63.8000,0.50048017,2.85741996,0.59113304,0.49631332,1.48941392,0.52317434
63.8100,0.50047897,2.85742608,0.59113841,0.49631408,1.48942082,0.52317303
63.8200,0.50047777,2.85743220,0.59114377,0.49631483,1.48942771,0.52317172
63.8300,0.50047657,2.85743831,0.59114912,0.49631558,1.48943459,0.52317041
63.8400,0.50047537,2.85744441,0.59115447,0.49631633,1.48944147,0.52316911
63.8500,0.50047417,2.85745051,0.59115982,0.49631708,1.48944834,0.52316781
63.8600,0.50047297,2.85745661,0.59116516,0.49631783,1.48945521,0.52316650
63.8700,0.50047177,2.85746270,0.59117050,0.49631857,1.48946207,0.52316520
63.8800,0.50047057,2.85746878,0.59117584,0.49631932,1.48946892,0.52316390
63.8900,0.50046938,2.85747486,0.59118117,0.49632007,1.48947577,0.52316261
63.9000,0.50046818,2.85748094,0.59118650,0.49632081,1.48948261,0.52316131
63.9100,0.50046699,2.85748701,0.59119182,0.49632156,1.48948945,0.52316001
63.9200,0.50046580,2.85749308,0.59119714,0.49632230,1.48949628,0.52315872
63.9300,0.50046461,2.85749914,0.59120246,0.49632304,1.48950310,0.52315742
63.9400,0.50046342,2.85750520,0.59120777,0.49632379,1.48950992,0.52315613
63.9500,0.50046223,2.85751125,0.59121308,0.49632453,1.48951673,0.52315484
63.9600,0.50046104,2.85751729,0.59121838,0.49632527,1.48952353,0.52315355
63.9700,0.50045985,2.85752334,0.59122368,0.49632601,1.48953033,0.52315226
63.9800,0.50045866,2.85752937,0.59122898,0.49632675,1.48953712,0.52315098
63.9900,0.50045748,2.85753540,0.59123427,0.49632749,1.48954391,0.52314969
64.0000,0.50045629,2.85754143,0.59123956,0.49632822,1.48955069,0.52314841
64.0100,0.50045511,2.85754745,0.59124484,0.49632896,1.48955746,0.52314712
64.0200,0.50045392,2.85755347,0.59125012,0.49632970,1.48956423,0.52314584
64.0300,0.50045274,2.85755949,0.59125540,0.49633043,1.48957100,0.52314456
64.0400,0.50045156,2.85756549,0.59126067,0.49633117,1.48957775,0.52314328
64.0500,0.50045038,2.85757150,0.59126594,0.49633190,1.48958450,0.52314200
64.0600,0.50044920,2.85757750,0.59127121,0.49633263,1.48959125,0.52314073
64.0700,0.50044802,2.85758349,0.59127647,0.49633337,1.48959798,0.52313945
64.0800,0.50044685,2.85758948,0.59128172,0.49633410,1.48960472,0.52313818
64.0900,0.50044567,2.85759546,0.59128698,0.49633483,1.48961144,0.52313690
64.1000,0.50044449,2.85760144,0.59129223,0.49633556,1.48961816,0.52313563
64.1100,0.50044332,2.85760742,0.59129747,0.49633629,1.48962488,0.52313436
64.1200,0.50044215,2.85761338,0.59130271,0.49633702,1.48963159,0.52313309
64.1300,0.50044097,2.85761935,0.59130795,0.49633774,1.48963829,0.52313182
64.1400,0.50043980,2.85762531,0.59131319,0.49633847,1.48964499,0.52313056
64.1500,0.50043863,2.85763127,0.59131842,0.49633920,1.48965168,0.52312929
64.1600,0.50043746,2.85763722,0.59132364,0.49633992,1.48965836,0.52312803
64.1700,0.50043629,2.85764316,0.59132886,0.49634065,1.48966504,0.52312676
64.1800,0.50043513,2.85764910,0.59133408,0.49634137,1.48967171,0.52312550
64.1900,0.50043396,2.85765504,0.59133930,0.49634209,1.48967838,0.52312424
64.2000,0.50043279,2.85766097,0.59134451,0.49634282,1.48968504,0.52312298
64.2100,0.50043163,2.85766690,0.59134971,0.49634354,1.48969169,0.52312172
64.2200,0.50043047,2.85767282,0.59135492,0.49634426,1.48969834,0.52312047
64.2300,0.50042930,2.85767874,0.59136011,0.49634498,1.48970499,0.52311921
64.2400,0.50042814,2.85768465,0.59136531,0.49634570,1.48971162,0.52311795
64.2500,0.50042698,2.85769056,0.59137050,0.49634642,1.48971825,0.52311670
64.2600,0.50042582,2.85769646,0.59137569,0.49634714,1.48972488,0.52311545
64.2700,0.50042466,2.85770236,0.59138087,0.49634785,1.48973150,0.52311420
64.2800,0.50042350,2.85770825,0.59138605,0.49634857,1.48973811,0.52311295
64.2900,0.50042234,2.85771414,0.59139123,0.49634928,1.48974472,0.52311170
64.3000,0.50042119,2.85772002,0.59139640,0.49635000,1.48975132,0.52311045
64.3100,0.50042003,2.85772590,0.59140157,0.49635071,1.48975792,0.52310921
64.3200,0.50041888,2.85773178,0.59140673,0.49635143,1.48976451,0.52310796
64.3300,0.50041773,2.85773765,0.59141189,0.49635214,1.48977109,0.52310672
64.3400,0.50041657,2.85774351,0.59141705,0.49635285,1.48977767,0.52310548
64.3500,0.50041542,2.85774937,0.59142220,0.49635356,1.48978424,0.52310424
64.3600,0.50041427,2.85775523,0.59142735,0.49635427,1.48979081,0.52310300
64.3700,0.50041312,2.85776108,0.59143250,0.49635498,1.48979737,0.52310176
64.3800,0.50041197,2.85776693,0.59143764,0.49635569,1.48980392,0.52310052
64.3900,0.50041082,2.85777277,0.59144277,0.49635640,1.48981047,0.52309928
64.4000,0.50040968,2.85777860,0.59144791,0.49635711,1.48981701,0.52309805
64.4100,0.50040853,2.85778444,0.59145304,0.49635782,1.48982355,0.52309681
64.4200,0.50040739,2.85779026,0.59145816,0.49635852,1.48983008,0.52309558
64.4300,0.50040624,2.85779609,0.59146329,0.49635923,1.48983661,0.52309435
64.4400,0.50040510,2.85780191,0.59146840,0.49635993,1.48984313,0.52309312
64.4500,0.50040396,2.85780772,0.59147352,0.49636064,1.48984964,0.52309189
64.4600,0.50040282,2.85781353,0.59147863,0.49636134,1.48985615,0.52309066
64.4700,0.50040167,2.85781933,0.59148374,0.49636204,1.48986265,0.52308944
64.4800,0.50040054,2.85782513,0.59148884,0.49636274,1.48986915,0.52308821
64.4900,0.50039940,2.85783093,0.59149394,0.49636344,1.48987564,0.52308699
64.5000,0.50039826,2.85783672,0.59149904,0.49636414,1.48988212,0.52308576
64.5100,0.50039712,2.85784250,0.59150413,0.49636484,1.48988860,0.52308454
64.5200,0.50039599,2.85784828,0.59150922,0.49636554,1.48989508,0.52308332
64.5300,0.50039485,2.85785406,0.59151430,0.49636624,1.48990154,0.52308210
64.5400,0.50039372,2.85785983,0.59151938,0.49636694,1.48990801,0.52308088
64.5500,0.50039259,2.85786560,0.59152446,0.49636763,1.48991446,0.52307967
64.5600,0.50039145,2.85787136,0.59152953,0.49636833,1.48992091,0.52307845
64.5700,0.50039032,2.85787712,0.59153460,0.49636903,1.48992736,0.52307724
64.5800,0.50038919,2.85788287,0.59153967,0.49636972,1.48993380,0.52307602
64.5900,0.50038806,2.85788862,0.59154473,0.49637041,1.48994023,0.52307481
64.6000,0.50038693,2.85789437,0.59154979,0.49637111,1.48994666,0.52307360
64.6100,0.50038581,2.85790011,0.59155484,0.49637180,1.48995308,0.52307239
64.6200,0.50038468,2.85790584,0.59155989,0.49637249,1.48995949,0.52307118
64.6300,0.50038355,2.85791157,0.59156494,0.49637318,1.48996590,0.52306997
64.6400,0.50038243,2.85791730,0.59156998,0.49637387,1.48997231,0.52306877
64.6500,0.50038131,2.85792302,0.59157502,0.49637456,1.48997871,0.52306756
64.6600,0.50038018,2.85792874,0.59158005,0.49637525,1.48998510,0.52306636
64.6700,0.50037906,2.85793445,0.59158509,0.49637594,1.48999149,0.52306516
64.6800,0.50037794,2.85794015,0.59159011,0.49637662,1.48999787,0.52306396
64.6900,0.50037682,2.85794586,0.59159514,0.49637731,1.49000425,0.52306275
64.7000,0.50037570,2.85795156,0.59160016,0.49637800,1.49001062,0.52306156
64.7100,0.50037458,2.85795725,0.59160518,0.49637868,1.49001698,0.52306036
64.7200,0.50037347,2.85796294,0.59161019,0.49637937,1.49002334,0.52305916
64.7300,0.50037235,2.85796862,0.59161520,0.49638005,1.49002969,0.52305797
64.7400,0.50037123,2.85797430,0.59162020,0.49638073,1.49003604,0.52305677
64.7500,0.50037012,2.85797998,0.59162521,0.49638141,1.49004238,0.52305558
64.7600,0.50036901,2.85798565,0.59163020,0.49638210,1.49004872,0.52305439
64.7700,0.50036789,2.85799132,0.59163520,0.49638278,1.49005505,0.52305319
64.7800,0.50036678,2.85799698,0.59164019,0.49638346,1.49006137,0.52305200
64.7900,0.50036567,2.85800263,0.59164518,0.49638414,1.49006769,0.52305082
64.8000,0.50036456,2.85800829,0.59165016,0.49638482,1.49007401,0.52304963
64.8100,0.50036345,2.85801394,0.59165514,0.49638549,1.49008031,0.52304844
64.8200,0.50036234,2.85801958,0.59166012,0.49638617,1.49008662,0.52304726
64.8300,0.50036123,2.85802522,0.59166509,0.49638685,1.49009291,0.52304607
64.8400,0.50036013,2.85803085,0.59167006,0.49638752,1.49009920,0.52304489
64.8500,0.50035902,2.85803648,0.59167502,0.49638820,1.49010549,0.52304371
64.8600,0.50035792,2.85804211,0.59167998,0.49638887,1.49011177,0.52304253
64.8700,0.50035681,2.85804773,0.59168494,0.49638955,1.49011804,0.52304135
64.8800,0.50035571,2.85805335,0.59168990,0.49639022,1.49012431,0.52304017
64.8900,0.50035461,2.85805896,0.59169485,0.49639089,1.49013058,0.52303899
64.9000,0.50035351,2.85806457,0.59169979,0.49639156,1.49013683,0.52303782
64.9100,0.50035241,2.85807017,0.59170474,0.49639223,1.49014309,0.52303664
64.9200,0.50035131,2.85807577,0.59170967,0.49639290,1.49014933,0.52303547
64.9300,0.50035021,2.85808136,0.59171461,0.49639357,1.49015557,0.52303430
64.9400,0.50034911,2.85808695,0.59171954,0.49639424,1.49016181,0.52303313
64.9500,0.50034802,2.85809254,0.59172447,0.49639491,1.49016804,0.52303196
64.9600,0.50034692,2.85809812,0.59172939,0.49639558,1.49017426,0.52303079
64.9700,0.50034583,2.85810369,0.59173432,0.49639625,1.49018048,0.52302962
64.9800,0.50034473,2.85810927,0.59173923,0.49639691,1.49018669,0.52302845
64.9900,0.50034364,2.85811483,0.59174415,0.49639758,1.49019290,0.52302729
65.0000,0.50034255,2.85812040,0.59174906,0.49639824,1.49019910,0.52302612
65.0100,0.50034146,2.85812595,0.59175396,0.49639891,1.49020530,0.52302496
65.0200,0.50034036,2.85813151,0.59175887,0.49639957,1.49021149,0.52302380
65.0300,0.50033928,2.85813706,0.59176376,0.49640023,1.49021767,0.52302264
65.0400,0.50033819,2.85814260,0.59176866,0.49640089,1.49022385,0.52302148
65.0500,0.50033710,2.85814814,0.59177355,0.49640155,1.49023003,0.52302032
65.0600,0.50033601,2.85815368,0.59177844,0.49640221,1.49023620,0.52301916
65.0700,0.50033493,2.85815921,0.59178332,0.49640287,1.49024236,0.52301801
65.0800,0.50033384,2.85816474,0.59178820,0.49640353,1.49024852,0.52301685
65.0900,0.50033276,2.85817026,0.59179308,0.49640419,1.49025467,0.52301570
65.1000,0.50033167,2.85817578,0.59179796,0.49640485,1.49026082,0.52301454
65.1100,0.50033059,2.85818129,0.59180283,0.49640551,1.49026696,0.52301339
65.1200,0.50032951,2.85818680,0.59180769,0.49640616,1.49027309,0.52301224
65.1300,0.50032843,2.85819231,0.59181255,0.49640682,1.49027923,0.52301109
65.1400,0.50032735,2.85819781,0.59181741,0.49640747,1.49028535,0.52300994
65.1500,0.50032627,2.85820330,0.59182227,0.49640813,1.49029147,0.52300880
65.1600,0.50032519,2.85820880,0.59182712,0.49640878,1.49029758,0.52300765
65.1700,0.50032412,2.85821428,0.59183197,0.49640944,1.49030369,0.52300651
65.1800,0.50032304,2.85821977,0.59183681,0.49641009,1.49030979,0.52300536
65.1900,0.50032196,2.85822524,0.59184165,0.49641074,1.49031589,0.52300422
65.2000,0.50032089,2.85823072,0.59184649,0.49641139,1.49032198,0.52300308
65.2100,0.50031982,2.85823619,0.59185133,0.49641204,1.49032807,0.52300194
65.2200,0.50031874,2.85824165,0.59185616,0.49641269,1.49033415,0.52300080
65.2300,0.50031767,2.85824712,0.59186098,0.49641334,1.49034023,0.52299966
65.2400,0.50031660,2.85825257,0.59186581,0.49641399,1.49034630,0.52299852
65.2500,0.50031553,2.85825802,0.59187063,0.49641463,1.49035236,0.52299739
65.2600,0.50031446,2.85826347,0.59187544,0.49641528,1.49035842,0.52299625
65.2700,0.50031339,2.85826892,0.59188025,0.49641593,1.49036448,0.52299512
65.2800,0.50031232,2.85827436,0.59188506,0.49641657,1.49037053,0.52299399
65.2900,0.50031126,2.85827979,0.59188987,0.49641722,1.49037657,0.52299285
65.3000,0.50031019,2.85828522,0.59189467,0.49641786,1.49038261,0.52299172
65.3100,0.50030913,2.85829065,0.59189947,0.49641851,1.49038864,0.52299059
65.3200,0.50030806,2.85829607,0.59190426,0.49641915,1.49039467,0.52298947
65.3300,0.50030700,2.85830149,0.59190905,0.49641979,1.49040069,0.52298834
65.3400,0.50030594,2.85830690,0.59191384,0.49642043,1.49040671,0.52298721
65.3500,0.50030488,2.85831231,0.59191862,0.49642107,1.49041272,0.52298609
65.3600,0.50030382,2.85831771,0.59192340,0.49642171,1.49041872,0.52298497
65.3700,0.50030276,2.85832311,0.59192818,0.49642235,1.49042472,0.52298384
65.3800,0.50030170,2.85832851,0.59193295,0.49642299,1.49043072,0.52298272
65.3900,0.50030064,2.85833390,0.59193772,0.49642363,1.49043671,0.52298160
65.4000,0.50029958,2.85833929,0.59194249,0.49642427,1.49044269,0.52298048
65.4100,0.50029853,2.85834467,0.59194725,0.49642490,1.49044867,0.52297936
65.4200,0.50029747,2.85835005,0.59195201,0.49642554,1.49045464,0.52297825
65.4300,0.50029642,2.85835542,0.59195677,0.49642618,1.49046061,0.52297713
65.4400,0.50029536,2.85836079,0.59196152,0.49642681,1.49046657,0.52297602
65.4500,0.50029431,2.85836616,0.59196627,0.49642745,1.49047253,0.52297490
65.4600,0.50029326,2.85837152,0.59197101,0.49642808,1.49047848,0.52297379
65.4700,0.50029221,2.85837688,0.59197575,0.49642871,1.49048443,0.52297268
65.4800,0.50029116,2.85838223,0.59198049,0.49642934,1.49049037,0.52297157
65.4900,0.50029011,2.85838758,0.59198523,0.49642998,1.49049631,0.52297046
65.5000,0.50028906,2.85839292,0.59198996,0.49643061,1.49050224,0.52296935
65.5100,0.50028801,2.85839826,0.59199468,0.49643124,1.49050817,0.52296824
65.5200,0.50028696,2.85840360,0.59199941,0.49643187,1.49051409,0.52296714
65.5300,0.50028592,2.85840893,0.59200413,0.49643250,1.49052000,0.52296603
65.5400,0.50028487,2.85841426,0.59200884,0.49643312,1.49052591,0.52296493
65.5500,0.50028383,2.85841958,0.59201356,0.49643375,1.49053182,0.52296382
65.5600,0.50028278,2.85842490,0.59201827,0.49643438,1.49053772,0.52296272
65.5700,0.50028174,2.85843021,0.59202297,0.49643500,1.49054361,0.52296162
65.5800,0.50028070,2.85843552,0.59202768,0.49643563,1.49054950,0.52296052
65.5900,0.50027966,2.85844083,0.59203238,0.49643626,1.49055538,0.52295942
65.6000,0.50027862,2.85844613,0.59203707,0.49643688,1.49056126,0.52295833
65.6100,0.50027758,2.85845143,0.59204176,0.49643750,1.49056713,0.52295723
65.6200,0.50027654,2.85845672,0.59204645,0.49643813,1.49057300,0.52295613
65.6300,0.50027550,2.85846201,0.59205114,0.49643875,1.49057886,0.52295504
65.6400,0.50027447,2.85846729,0.59205582,0.49643937,1.49058472,0.52295395
65.6500,0.50027343,2.85847257,0.59206050,0.49643999,1.49059057,0.52295286
65.6600,0.50027240,2.85847785,0.59206517,0.49644061,1.49059642,0.52295176
65.6700,0.50027136,2.85848312,0.59206984,0.49644123,1.49060226,0.52295067
65.6800,0.50027033,2.85848839,0.59207451,0.49644185,1.49060810,0.52294959
65.6900,0.50026930,2.85849365,0.59207918,0.49644247,1.49061393,0.52294850
65.7000,0.50026827,2.85849891,0.59208384,0.49644309,1.49061975,0.52294741
65.7100,0.50026723,2.85850417,0.59208849,0.49644370,1.49062558,0.52294633
65.7200,0.50026620,2.85850942,0.59209315,0.49644432,1.49063139,0.52294524
65.7300,0.50026518,2.85851466,0.59209780,0.49644494,1.49063720,0.52294416
65.7400,0.50026415,2.85851991,0.59210244,0.49644555,1.49064301,0.52294308
65.7500,0.50026312,2.85852514,0.59210709,0.49644617,1.49064881,0.52294199
65.7600,0.50026209,2.85853038,0.59211173,0.49644678,1.49065460,0.52294091
65.7700,0.50026107,2.85853561,0.59211637,0.49644739,1.49066039,0.52293984
65.7800,0.50026004,2.85854083,0.59212100,0.49644801,1.49066617,0.52293876
65.7900,0.50025902,2.85854605,0.59212563,0.49644862,1.49067195,0.52293768
65.8000,0.50025800,2.85855127,0.59213025,0.49644923,1.49067773,0.52293660
65.8100,0.50025697,2.85855648,0.59213488,0.49644984,1.49068350,0.52293553
65.8200,0.50025595,2.85856169,0.59213950,0.49645045,1.49068926,0.52293446
65.8300,0.50025493,2.85856690,0.59214411,0.49645106,1.49069502,0.52293338
65.8400,0.50025391,2.85857210,0.59214873,0.49645167,1.49070077,0.52293231
65.8500,0.50025289,2.85857729,0.59215333,0.49645228,1.49070652,0.52293124
65.8600,0.50025187,2.85858249,0.59215794,0.49645289,1.49071226,0.52293017
65.8700,0.50025086,2.85858767,0.59216254,0.49645349,1.49071800,0.52292910
65.8800,0.50024984,2.85859286,0.59216714,0.49645410,1.49072374,0.52292804
65.8900,0.50024882,2.85859804,0.59217174,0.49645471,1.49072946,0.52292697
65.9000,0.50024781,2.85860321,0.59217633,0.49645531,1.49073519,0.52292590
65.9100,0.50024679,2.85860839,0.59218092,0.49645591,1.49074090,0.52292484
65.9200,0.50024578,2.85861355,0.59218550,0.49645652,1.49074662,0.52292378
65.9300,0.50024477,2.85861872,0.59219008,0.49645712,1.49075232,0.52292271
65.9400,0.50024376,2.85862387,0.59219466,0.49645772,1.49075803,0.52292165
65.9500,0.50024275,2.85862903,0.59219924,0.49645833,1.49076372,0.52292059
65.9600,0.50024174,2.85863418,0.59220381,0.49645893,1.49076941,0.52291953
65.9700,0.50024073,2.85863933,0.59220838,0.49645953,1.49077510,0.52291848
65.9800,0.50023972,2.85864447,0.59221294,0.49646013,1.49078078,0.52291742
65.9900,0.50023871,2.85864961,0.59221750,0.49646073,1.49078646,0.52291636
66.0000,0.50023770,2.85865474,0.59222206,0.49646133,1.49079213,0.52291531
66.0100,0.50023670,2.85865987,0.59222662,0.49646193,1.49079780,0.52291425
66.0200,0.50023569,2.85866500,0.59223117,0.49646252,1.49080346,0.52291320
66.0300,0.50023469,2.85867012,0.59223571,0.49646312,1.49080912,0.52291215
66.0400,0.50023369,2.85867524,0.59224026,0.49646372,1.49081477,0.52291110
66.0500,0.50023268,2.85868035,0.59224480,0.49646431,1.49082041,0.52291005
66.0600,0.50023168,2.85868546,0.59224934,0.49646491,1.49082606,0.52290900
66.0700,0.50023068,2.85869057,0.59225387,0.49646550,1.49083169,0.52290795
66.0800,0.50022968,2.85869567,0.59225840,0.49646610,1.49083732,0.52290691
66.0900,0.50022868,2.85870076,0.59226293,0.49646669,1.49084295,0.52290586
66.1000,0.50022768,2.85870586,0.59226745,0.49646728,1.49084857,0.52290482
66.1100,0.50022668,2.85871095,0.59227197,0.49646787,1.49085419,0.52290377
66.1200,0.50022569,2.85871603,0.59227649,0.49646846,1.49085980,0.52290273
66.1300,0.50022469,2.85872111,0.59228101,0.49646906,1.49086540,0.52290169
66.1400,0.50022370,2.85872619,0.59228552,0.49646965,1.49087101,0.52290065
66.1500,0.50022270,2.85873126,0.59229002,0.49647023,1.49087660,0.52289961
66.1600,0.50022171,2.85873633,0.59229453,0.49647082,1.49088219,0.52289857
66.1700,0.50022072,2.85874140,0.59229903,0.49647141,1.49088778,0.52289753
66.1800,0.50021972,2.85874646,0.59230353,0.49647200,1.49089336,0.52289650
66.1900,0.50021873,2.85875151,0.59230802,0.49647259,1.49089894,0.52289546
66.2000,0.50021774,2.85875657,0.59231251,0.49647317,1.49090451,0.52289443
66.2100,0.50021675,2.85876161,0.59231700,0.49647376,1.49091007,0.52289339
66.2200,0.50021576,2.85876666,0.59232148,0.49647434,1.49091564,0.52289236
66.2300,0.50021477,2.85877170,0.59232596,0.49647493,1.49092119,0.52289133
66.2400,0.50021379,2.85877674,0.59233044,0.49647551,1.49092674,0.52289030
66.2500,0.50021280,2.85878177,0.59233491,0.49647610,1.49093229,0.52288927
66.2600,0.50021182,2.85878680,0.59233938,0.49647668,1.49093783,0.52288824
66.2700,0.50021083,2.85879182,0.59234385,0.49647726,1.49094337,0.52288722
66.2800,0.50020985,2.85879684,0.59234831,0.49647784,1.49094890,0.52288619
66.2900,0.50020886,2.85880186,0.59235278,0.49647842,1.49095442,0.52288517
66.3000,0.50020788,2.85880687,0.59235723,0.49647900,1.49095995,0.52288414
66.3100,0.50020690,2.85881188,0.59236169,0.49647958,1.49096546,0.52288312
66.3200,0.50020592,2.85881688,0.59236614,0.49648016,1.49097097,0.52288210
66.3300,0.50020494,2.85882188,0.59237058,0.49648074,1.49097648,0.52288108
66.3400,0.50020396,2.85882688,0.59237503,0.49648132,1.49098198,0.52288006
66.3500,0.50020298,2.85883187,0.59237947,0.49648190,1.49098748,0.52287904
66.3600,0.50020200,2.85883686,0.59238391,0.49648247,1.49099297,0.52287802
66.3700,0.50020103,2.85884184,0.59238834,0.49648305,1.49099846,0.52287700
66.3800,0.50020005,2.85884682,0.59239277,0.49648363,1.49100394,0.52287599
66.3900,0.50019908,2.85885180,0.59239720,0.49648420,1.49100942,0.52287497
66.4000,0.50019810,2.85885677,0.59240162,0.49648477,1.49101489,0.52287396
66.4100,0.50019713,2.85886174,0.59240604,0.49648535,1.49102036,0.52287294
66.4200,0.50019615,2.85886670,0.59241046,0.49648592,1.49102582,0.52287193
66.4300,0.50019518,2.85887166,0.59241488,0.49648649,1.49103128,0.52287092
66.4400,0.50019421,2.85887662,0.59241929,0.49648707,1.49103673,0.52286991
66.4500,0.50019324,2.85888157,0.59242369,0.49648764,1.49104218,0.52286890
66.4600,0.50019227,2.85888652,0.59242810,0.49648821,1.49104762,0.52286789
66.4700,0.50019130,2.85889147,0.59243250,0.49648878,1.49105306,0.52286689
66.4800,0.50019033,2.85889641,0.59243690,0.49648935,1.49105849,0.52286588
66.4900,0.50018937,2.85890134,0.59244129,0.49648992,1.49106392,0.52286488
66.5000,0.50018840,2.85890628,0.59244568,0.49649049,1.49106935,0.52286387
66.5100,0.50018743,2.85891120,0.59245007,0.49649105,1.49107476,0.52286287
66.5200,0.50018647,2.85891613,0.59245446,0.49649162,1.49108018,0.52286187
66.5300,0.50018550,2.85892105,0.59245884,0.49649219,1.49108559,0.52286087
66.5400,0.50018454,2.85892597,0.59246322,0.49649275,1.49109099,0.52285987
66.5500,0.50018358,2.85893088,0.59246759,0.49649332,1.49109639,0.52285887
66.5600,0.50018262,2.85893579,0.59247196,0.49649388,1.49110178,0.52285787
66.5700,0.50018166,2.85894069,0.59247633,0.49649445,1.49110717,0.52285687
66.5800,0.50018070,2.85894559,0.59248070,0.49649501,1.49111256,0.52285588
66.5900,0.50017974,2.85895049,0.59248506,0.49649557,1.49111794,0.52285488
66.6000,0.50017878,2.85895538,0.59248942,0.49649614,1.49112331,0.52285389
66.6100,0.50017782,2.85896027,0.59249377,0.49649670,1.49112869,0.52285290
66.6200,0.50017686,2.85896516,0.59249812,0.49649726,1.49113405,0.52285190
66.6300,0.50017591,2.85897004,0.59250247,0.49649782,1.49113941,0.52285091
66.6400,0.50017495,2.85897492,0.59250682,0.49649838,1.49114477,0.52284992
66.6500,0.50017399,2.85897979,0.59251116,0.49649894,1.49115012,0.52284893
66.6600,0.50017304,2.85898466,0.59251550,0.49649950,1.49115547,0.52284794
66.6700,0.50017209,2.85898953,0.59251984,0.49650006,1.49116081,0.52284696
66.6800,0.50017114,2.85899439,0.59252417,0.49650062,1.49116614,0.52284597
66.6900,0.50017018,2.85899925,0.59252850,0.49650117,1.49117148,0.52284499
66.7000,0.50016923,2.85900410,0.59253282,0.49650173,1.49117680,0.52284400
66.7100,0.50016828,2.85900895,0.59253715,0.49650229,1.49118213,0.52284302
66.7200,0.50016733,2.85901380,0.59254147,0.49650284,1.49118744,0.52284204
66.7300,0.50016638,2.85901864,0.59254578,0.49650340,1.49119276,0.52284106
66.7400,0.50016544,2.85902348,0.59255010,0.49650395,1.49119806,0.52284007
66.7500,0.50016449,2.85902831,0.59255441,0.49650450,1.49120337,0.52283910
66.7600,0.50016354,2.85903314,0.59255871,0.49650506,1.49120867,0.52283812
66.7700,0.50016260,2.85903797,0.59256302,0.49650561,1.49121396,0.52283714
66.7800,0.50016165,2.85904279,0.59256732,0.49650616,1.49121925,0.52283616
66.7900,0.50016071,2.85904761,0.59257162,0.49650671,1.49122453,0.52283519
66.8000,0.50015977,2.85905243,0.59257591,0.49650726,1.49122981,0.52283421
66.8100,0.50015882,2.85905724,0.59258020,0.49650781,1.49123509,0.52283324
66.8200,0.50015788,2.85906205,0.59258449,0.49650836,1.49124036,0.52283227
66.8300,0.50015694,2.85906685,0.59258877,0.49650891,1.49124563,0.52283130
66.8400,0.50015600,2.85907165,0.59259306,0.49650946,1.49125089,0.52283032
66.8500,0.50015506,2.85907645,0.59259733,0.49651001,1.49125614,0.52282936
66.8600,0.50015412,2.85908124,0.59260161,0.49651056,1.49126139,0.52282839
66.8700,0.50015318,2.85908603,0.59260588,0.49651110,1.49126664,0.52282742
66.8800,0.50015225,2.85909081,0.59261015,0.49651165,1.49127188,0.52282645
66.8900,0.50015131,2.85909559,0.59261441,0.49651220,1.49127712,0.52282549
66.9000,0.50015037,2.85910037,0.59261868,0.49651274,1.49128235,0.52282452
66.9100,0.50014944,2.85910515,0.59262294,0.49651328,1.49128758,0.52282356
66.9200,0.50014851,2.85910991,0.59262719,0.49651383,1.49129280,0.52282259
66.9300,0.50014757,2.85911468,0.59263144,0.49651437,1.49129802,0.52282163
66.9400,0.50014664,2.85911944,0.59263569,0.49651492,1.49130324,0.52282067
66.9500,0.50014571,2.85912420,0.59263994,0.49651546,1.49130845,0.52281971
66.9600,0.50014478,2.85912895,0.59264418,0.49651600,1.49131365,0.52281875
66.9700,0.50014385,2.85913370,0.59264842,0.49651654,1.49131885,0.52281779
66.9800,0.50014292,2.85913845,0.59265266,0.49651708,1.49132405,0.52281684
66.9900,0.50014199,2.85914319,0.59265689,0.49651762,1.49132924,0.52281588
67.0000,0.50014106,2.85914793,0.59266112,0.49651816,1.49133442,0.52281493
67.0100,0.50014013,2.85915267,0.59266535,0.49651870,1.49133961,0.52281397
67.0200,0.50013921,2.85915740,0.59266958,0.49651924,1.49134478,0.52281302
67.0300,0.50013828,2.85916213,0.59267380,0.49651978,1.49134995,0.52281206
67.0400,0.50013736,2.85916685,0.59267802,0.49652031,1.49135512,0.52281111
67.0500,0.50013643,2.85917157,0.59268223,0.49652085,1.49136028,0.52281016
67.0600,0.50013551,2.85917629,0.59268644,0.49652139,1.49136544,0.52280921
67.0700,0.50013459,2.85918100,0.59269065,0.49652192,1.49137060,0.52280826
67.0800,0.50013366,2.85918571,0.59269486,0.49652246,1.49137575,0.52280732
67.0900,0.50013274,2.85919041,0.59269906,0.49652299,1.49138089,0.52280637
67.1000,0.50013182,2.85919511,0.59270326,0.49652352,1.49138603,0.52280542
67.1100,0.50013090,2.85919981,0.59270745,0.49652406,1.49139116,0.52280448
67.1200,0.50012998,2.85920450,0.59271165,0.49652459,1.49139630,0.52280353
67.1300,0.50012906,2.85920919,0.59271584,0.49652512,1.49140142,0.52280259
67.1400,0.50012815,2.85921388,0.59272002,0.49652565,1.49140654,0.52280165
67.1500,0.50012723,2.85921856,0.59272421,0.49652618,1.49141166,0.52280071
67.1600,0.50012631,2.85922324,0.59272839,0.49652672,1.49141677,0.52279977
67.1700,0.50012540,2.85922791,0.59273256,0.49652725,1.49142188,0.52279883
67.1800,0.50012448,2.85923259,0.59273674,0.49652777,1.49142698,0.52279789
67.1900,0.50012357,2.85923725,0.59274091,0.49652830,1.49143208,0.52279695
67.2000,0.50012266,2.85924192,0.59274508,0.49652883,1.49143717,0.52279602
67.2100,0.50012174,2.85924658,0.59274924,0.49652936,1.49144226,0.52279508
67.2200,0.50012083,2.85925123,0.59275340,0.49652989,1.49144735,0.52279415
67.2300,0.50011992,2.85925588,0.59275756,0.49653041,1.49145243,0.52279321
67.2400,0.50011901,2.85926053,0.59276172,0.49653094,1.49145751,0.52279228
67.2500,0.50011810,2.85926518,0.59276587,0.49653147,1.49146258,0.52279135
67.2600,0.50011719,2.85926982,0.59277002,0.49653199,1.49146764,0.52279042
67.2700,0.50011629,2.85927446,0.59277417,0.49653251,1.49147270,0.52278949
67.2800,0.50011538,2.85927909,0.59277831,0.49653304,1.49147776,0.52278856
67.2900,0.50011447,2.85928372,0.59278245,0.49653356,1.49148282,0.52278763
67.3000,0.50011357,2.85928835,0.59278659,0.49653408,1.49148786,0.52278670
67.3100,0.50011266,2.85929297,0.59279072,0.49653461,1.49149291,0.52278578
67.3200,0.50011176,2.85929759,0.59279485,0.49653513,1.49149795,0.52278485
67.3300,0.50011085,2.85930220,0.59279898,0.49653565,1.49150298,0.52278393
67.3400,0.50010995,2.85930682,0.59280310,0.49653617,1.49150801,0.52278300
67.3500,0.50010905,2.85931142,0.59280722,0.49653669,1.49151304,0.52278208
67.3600,0.50010815,2.85931603,0.59281134,0.49653721,1.49151806,0.52278116
67.3700,0.50010725,2.85932063,0.59281546,0.49653773,1.49152308,0.52278024
67.3800,0.50010635,2.85932522,0.59281957,0.49653825,1.49152809,0.52277932
67.3900,0.50010545,2.85932982,0.59282368,0.49653877,1.49153310,0.52277840
67.4000,0.50010455,2.85933441,0.59282779,0.49653928,1.49153810,0.52277748
67.4100,0.50010365,2.85933899,0.59283189,0.49653980,1.49154310,0.52277656
67.4200,0.50010276,2.85934357,0.59283599,0.49654032,1.49154809,0.52277565
67.4300,0.50010186,2.85934815,0.59284009,0.49654083,1.49155308,0.52277473
67.4400,0.50010096,2.85935273,0.59284418,0.49654135,1.49155807,0.52277382
67.4500,0.50010007,2.85935730,0.59284827,0.49654186,1.49156305,0.52277290
67.4600,0.50009918,2.85936187,0.59285236,0.49654238,1.49156803,0.52277199
67.4700,0.50009828,2.85936643,0.59285644,0.49654289,1.49157300,0.52277108
67.4800,0.50009739,2.85937099,0.59286052,0.49654340,1.49157797,0.52277017
67.4900,0.50009650,2.85937555,0.59286460,0.49654391,1.49158293,0.52276926
67.5000,0.50009561,2.85938010,0.59286868,0.49654443,1.49158789,0.52276835
67.5100,0.50009472,2.85938465,0.59287275,0.49654494,1.49159284,0.52276744
67.5200,0.50009383,2.85938919,0.59287682,0.49654545,1.49159779,0.52276653
67.5300,0.50009294,2.85939374,0.59288089,0.49654596,1.49160274,0.52276563
67.5400,0.50009205,2.85939827,0.59288495,0.49654647,1.49160768,0.52276472
67.5500,0.50009116,2.85940281,0.59288901,0.49654698,1.49161262,0.52276382
67.5600,0.50009028,2.85940734,0.59289307,0.49654749,1.49161755,0.52276291
67.5700,0.50008939,2.85941187,0.59289712,0.49654800,1.49162248,0.52276201
67.5800,0.50008850,2.85941639,0.59290117,0.49654850,1.49162740,0.52276111
67.5900,0.50008762,2.85942091,0.59290522,0.49654901,1.49163232,0.52276021
67.6000,0.50008674,2.85942543,0.59290927,0.49654952,1.49163723,0.52275931
67.6100,0.50008585,2.85942994,0.59291331,0.49655002,1.49164214,0.52275841
67.6200,0.50008497,2.85943445,0.59291735,0.49655053,1.49164705,0.52275751
67.6300,0.50008409,2.85943896,0.59292139,0.49655103,1.49165195,0.52275661
67.6400,0.50008321,2.85944346,0.59292542,0.49655154,1.49165685,0.52275572
67.6500,0.50008233,2.85944796,0.59292945,0.49655204,1.49166174,0.52275482
67.6600,0.50008145,2.85945245,0.59293348,0.49655255,1.49166663,0.52275393
67.6700,0.50008057,2.85945694,0.59293750,0.49655305,1.49167151,0.52275303
67.6800,0.50007969,2.85946143,0.59294152,0.49655355,1.49167639,0.52275214
67.6900,0.50007881,2.85946591,0.59294554,0.49655405,1.49168127,0.52275125
67.7000,0.50007794,2.85947039,0.59294956,0.49655455,1.49168614,0.52275036
67.7100,0.50007706,2.85947487,0.59295357,0.49655506,1.49169100,0.52274947
67.7200,0.50007619,2.85947934,0.59295758,0.49655556,1.49169586,0.52274858
67.7300,0.50007531,2.85948381,0.59296158,0.49655606,1.49170072,0.52274769
67.7400,0.50007444,2.85948828,0.59296559,0.49655656,1.49170557,0.52274680
67.7500,0.50007356,2.85949274,0.59296959,0.49655705,1.49171042,0.52274592
67.7600,0.50007269,2.85949720,0.59297358,0.49655755,1.49171527,0.52274503
67.7700,0.50007182,2.85950166,0.59297758,0.49655805,1.49172011,0.52274415
67.7800,0.50007095,2.85950611,0.59298157,0.49655855,1.49172494,0.52274326
67.7900,0.50007008,2.85951056,0.59298556,0.49655904,1.49172978,0.52274238
67.8000,0.50006921,2.85951500,0.59298954,0.49655954,1.49173460,0.52274150
67.8100,0.50006834,2.85951944,0.59299353,0.49656004,1.49173943,0.52274061
67.8200,0.50006747,2.85952388,0.59299750,0.49656053,1.49174424,0.52273973
67.8300,0.50006661,2.85952832,0.59300148,0.49656103,1.49174906,0.52273885
67.8400,0.50006574,2.85953275,0.59300545,0.49656152,1.49175387,0.52273798
67.8500,0.50006487,2.85953717,0.59300942,0.49656201,1.49175867,0.52273710
67.8600,0.50006401,2.85954160,0.59301339,0.49656251,1.49176347,0.52273622
67.8700,0.50006314,2.85954602,0.59301736,0.49656300,1.49176827,0.52273534
67.8800,0.50006228,2.85955043,0.59302132,0.49656349,1.49177306,0.52273447
67.8900,0.50006141,2.85955485,0.59302528,0.49656398,1.49177785,0.52273360
67.9000,0.50006055,2.85955925,0.59302923,0.49656447,1.49178264,0.52273272
67.9100,0.50005969,2.85956366,0.59303319,0.49656496,1.49178742,0.52273185
67.9200,0.50005883,2.85956806,0.59303714,0.49656545,1.49179219,0.52273098
67.9300,0.50005797,2.85957246,0.59304108,0.49656594,1.49179696,0.52273011
67.9400,0.50005711,2.85957686,0.59304503,0.49656643,1.49180173,0.52272924
67.9500,0.50005625,2.85958125,0.59304897,0.49656692,1.49180649,0.52272837
67.9600,0.50005539,2.85958564,0.59305290,0.49656741,1.49181125,0.52272750
67.9700,0.50005453,2.85959002,0.59305684,0.49656790,1.49181600,0.52272663
67.9800,0.50005368,2.85959440,0.59306077,0.49656838,1.49182075,0.52272577
67.9900,0.50005282,2.85959878,0.59306470,0.49656887,1.49182550,0.52272490
68.0000,0.50005197,2.85960315,0.59306863,0.49656936,1.49183024,0.52272403
68.0100,0.50005111,2.85960752,0.59307255,0.49656984,1.49183498,0.52272317
68.0200,0.50005026,2.85961189,0.59307647,0.49657033,1.49183971,0.52272231
68.0300,0.50004940,2.85961625,0.59308039,0.49657081,1.49184444,0.52272145
68.0400,0.50004855,2.85962062,0.59308430,0.49657129,1.49184916,0.52272058
68.0500,0.50004770,2.85962497,0.59308821,0.49657178,1.49185388,0.52271972
68.0600,0.50004685,2.85962932,0.59309212,0.49657226,1.49185860,0.52271886
68.0700,0.50004600,2.85963367,0.59309603,0.49657274,1.49186331,0.52271801
68.0800,0.50004515,2.85963802,0.59309993,0.49657322,1.49186802,0.52271715
68.0900,0.50004430,2.85964236,0.59310383,0.49657371,1.49187272,0.52271629
68.1000,0.50004345,2.85964670,0.59310773,0.49657419,1.49187742,0.52271543
68.1100,0.50004260,2.85965104,0.59311162,0.49657467,1.49188211,0.52271458
68.1200,0.50004175,2.85965537,0.59311551,0.49657515,1.49188680,0.52271372
68.1300,0.50004091,2.85965970,0.59311940,0.49657563,1.49189149,0.52271287
68.1400,0.50004006,2.85966402,0.59312329,0.49657610,1.49189617,0.52271202
68.1500,0.50003921,2.85966835,0.59312717,0.49657658,1.49190085,0.52271117
68.1600,0.50003837,2.85967267,0.59313105,0.49657706,1.49190552,0.52271031
68.1700,0.50003753,2.85967698,0.59313493,0.49657754,1.49191019,0.52270946
68.1800,0.50003668,2.85968129,0.59313880,0.49657802,1.49191486,0.52270862
68.1900,0.50003584,2.85968560,0.59314267,0.49657849,1.49191952,0.52270777
68.2000,0.50003500,2.85968990,0.59314654,0.49657897,1.49192418,0.52270692
68.2100,0.50003416,2.85969421,0.59315040,0.49657944,1.49192883,0.52270607
68.2200,0.50003332,2.85969850,0.59315427,0.49657992,1.49193348,0.52270523
68.2300,0.50003248,2.85970280,0.59315812,0.49658039,1.49193812,0.52270438
68.2400,0.50003164,2.85970709,0.59316198,0.49658087,1.49194276,0.52270354
68.2500,0.50003080,2.85971138,0.59316583,0.49658134,1.49194740,0.52270269
68.2600,0.50002996,2.85971566,0.59316969,0.49658181,1.49195203,0.52270185
68.2700,0.50002913,2.85971994,0.59317353,0.49658228,1.49195666,0.52270101
68.2800,0.50002829,2.85972422,0.59317738,0.49658276,1.49196128,0.52270017
68.2900,0.50002745,2.85972849,0.59318122,0.49658323,1.49196590,0.52269933
68.3000,0.50002662,2.85973276,0.59318506,0.49658370,1.49197052,0.52269849
68.3100,0.50002578,2.85973703,0.59318890,0.49658417,1.49197513,0.52269765
68.3200,0.50002495,2.85974129,0.59319273,0.49658464,1.49197973,0.52269681
68.3300,0.50002412,2.85974555,0.59319656,0.49658511,1.49198434,0.52269598
68.3400,0.50002329,2.85974981,0.59320039,0.49658558,1.49198894,0.52269514
68.3500,0.50002245,2.85975406,0.59320421,0.49658605,1.49199353,0.52269430
68.3600,0.50002162,2.85975831,0.59320803,0.49658651,1.49199812,0.52269347
68.3700,0.50002079,2.85976256,0.59321185,0.49658698,1.49200271,0.52269264
68.3800,0.50001996,2.85976680,0.59321567,0.49658745,1.49200729,0.52269180
68.3900,0.50001913,2.85977104,0.59321948,0.49658791,1.49201187,0.52269097
68.4000,0.50001831,2.85977528,0.59322329,0.49658838,1.49201644,0.52269014
68.4100,0.50001748,2.85977951,0.59322710,0.49658885,1.49202101,0.52268931
68.4200,0.50001665,2.85978374,0.59323091,0.49658931,1.49202558,0.52268848
68.4300,0.50001583,2.85978797,0.59323471,0.49658978,1.49203014,0.52268765
68.4400,0.50001500,2.85979219,0.59323851,0.49659024,1.49203470,0.52268683
68.4500,0.50001417,2.85979641,0.59324230,0.49659070,1.49203925,0.52268600
68.4600,0.50001335,2.85980062,0.59324610,0.49659117,1.49204380,0.52268517
68.4700,0.50001253,2.85980484,0.59324989,0.49659163,1.49204834,0.52268435
68.4800,0.50001170,2.85980905,0.59325367,0.49659209,1.49205289,0.52268352
68.4900,0.50001088,2.85981325,0.59325746,0.49659255,1.49205742,0.52268270
68.5000,0.50001006,2.85981745,0.59326124,0.49659301,1.49206196,0.52268188
68.5100,0.50000924,2.85982165,0.59326502,0.49659347,1.49206649,0.52268106
68.5200,0.50000842,2.85982585,0.59326880,0.49659393,1.49207101,0.52268024
68.5300,0.50000760,2.85983004,0.59327257,0.49659439,1.49207553,0.52267941
68.5400,0.50000678,2.85983423,0.59327634,0.49659485,1.49208005,0.52267860
68.5500,0.50000596,2.85983842,0.59328011,0.49659531,1.49208456,0.52267778
68.5600,0.50000515,2.85984260,0.59328388,0.49659577,1.49208907,0.52267696
68.5700,0.50000433,2.85984678,0.59328764,0.49659623,1.49209357,0.52267614
68.5800,0.50000351,2.85985095,0.59329140,0.49659669,1.49209808,0.52267533
68.5900,0.50000270,2.85985512,0.59329515,0.49659714,1.49210257,0.52267451
68.6000,0.50000188,2.85985929,0.59329891,0.49659760,1.49210706,0.52267370
68.6100,0.50000107,2.85986346,0.59330266,0.49659805,1.49211155,0.52267288
68.6200,0.50000025,2.85986762,0.59330641,0.49659851,1.49211604,0.52267207
68.6300,0.49999944,2.85987178,0.59331015,0.49659896,1.49212052,0.52267126
68.6400,0.49999863,2.85987594,0.59331390,0.49659942,1.49212499,0.52267045
68.6500,0.49999782,2.85988009,0.59331764,0.49659987,1.49212947,0.52266964
68.6600,0.49999701,2.85988424,0.59332137,0.49660033,1.49213393,0.52266883
68.6700,0.49999620,2.85988838,0.59332511,0.49660078,1.49213840,0.52266802
68.6800,0.49999539,2.85989253,0.59332884,0.49660123,1.49214286,0.52266721
68.6900,0.49999458,2.85989666,0.59333257,0.49660168,1.49214732,0.52266640
68.7000,0.49999377,2.85990080,0.59333629,0.49660214,1.49215177,0.52266560
68.7100,0.49999296,2.85990493,0.59334002,0.49660259,1.49215622,0.52266479
68.7200,0.49999216,2.85990906,0.59334374,0.49660304,1.49216066,0.52266399
68.7300,0.49999135,2.85991319,0.59334745,0.49660349,1.49216510,0.52266318
68.7400,0.49999054,2.85991731,0.59335117,0.49660394,1.49216954,0.52266238
68.7500,0.49998974,2.85992143,0.59335488,0.49660439,1.49217397,0.52266158
68.7600,0.49998893,2.85992555,0.59335859,0.49660483,1.49217840,0.52266078
68.7700,0.49998813,2.85992966,0.59336230,0.49660528,1.49218282,0.52265997
68.7800,0.49998733,2.85993377,0.59336600,0.49660573,1.49218724,0.52265917
68.7900,0.49998652,2.85993787,0.59336970,0.49660618,1.49219166,0.52265838
68.8000,0.49998572,2.85994198,0.59337340,0.49660663,1.49219607,0.52265758
68.8100,0.49998492,2.85994608,0.59337710,0.49660707,1.49220048,0.52265678
68.8200,0.49998412,2.85995017,0.59338079,0.49660752,1.49220489,0.52265598
68.8300,0.49998332,2.85995426,0.59338448,0.49660796,1.49220929,0.52265519
68.8400,0.49998252,2.85995835,0.59338817,0.49660841,1.49221368,0.52265439
68.8500,0.49998172,2.85996244,0.59339185,0.49660885,1.49221808,0.52265360
68.8600,0.49998093,2.85996652,0.59339553,0.49660930,1.49222246,0.52265280
68.8700,0.49998013,2.85997060,0.59339921,0.49660974,1.49222685,0.52265201
68.8800,0.49997933,2.85997468,0.59340289,0.49661018,1.49223123,0.52265122
68.8900,0.49997854,2.85997875,0.59340656,0.49661063,1.49223561,0.52265043
68.9000,0.49997774,2.85998282,0.59341023,0.49661107,1.49223998,0.52264964
68.9100,0.49997695,2.85998689,0.59341390,0.49661151,1.49224435,0.52264885
68.9200,0.49997615,2.85999095,0.59341756,0.49661195,1.49224871,0.52264806
68.9300,0.49997536,2.85999501,0.59342123,0.49661239,1.49225308,0.52264727
68.9400,0.49997457,2.85999907,0.59342489,0.49661283,1.49225743,0.52264648
68.9500,0.49997377,2.86000312,0.59342854,0.49661327,1.49226179,0.52264570
68.9600,0.49997298,2.86000718,0.59343220,0.49661371,1.49226614,0.52264491
68.9700,0.49997219,2.86001122,0.59343585,0.49661415,1.49227048,0.52264413
68.9800,0.49997140,2.86001527,0.59343950,0.49661459,1.49227482,0.52264334
68.9900,0.49997061,2.86001931,0.59344314,0.49661503,1.49227916,0.52264256
69.0000,0.49996982,2.86002334,0.59344679,0.49661547,1.49228350,0.52264178
69.0100,0.49996904,2.86002738,0.59345043,0.49661590,1.49228783,0.52264100
69.0200,0.49996825,2.86003141,0.59345406,0.49661634,1.49229215,0.52264021
69.0300,0.49996746,2.86003544,0.59345770,0.49661678,1.49229647,0.52263943
69.0400,0.49996667,2.86003946,0.59346133,0.49661721,1.49230079,0.52263866
69.0500,0.49996589,2.86004348,0.59346496,0.49661765,1.49230511,0.52263788
69.0600,0.49996510,2.86004750,0.59346859,0.49661808,1.49230942,0.52263710
69.0700,0.49996432,2.86005152,0.59347221,0.49661852,1.49231372,0.52263632
69.0800,0.49996354,2.86005553,0.59347583,0.49661895,1.49231803,0.52263555
69.0900,0.49996275,2.86005954,0.59347945,0.49661938,1.49232233,0.52263477
69.1000,0.49996197,2.86006354,0.59348307,0.49661982,1.49232662,0.52263400
69.1100,0.49996119,2.86006755,0.59348668,0.49662025,1.49233091,0.52263322
69.1200,0.49996041,2.86007154,0.59349029,0.49662068,1.49233520,0.52263245
69.1300,0.49995963,2.86007554,0.59349390,0.49662111,1.49233948,0.52263168
69.1400,0.49995885,2.86007953,0.59349751,0.49662154,1.49234376,0.52263090
69.1500,0.49995807,2.86008352,0.59350111,0.49662197,1.49234804,0.52263013
69.1600,0.49995729,2.86008751,0.59350471,0.49662241,1.49235231,0.52262936
69.1700,0.49995651,2.86009149,0.59350831,0.49662283,1.49235658,0.52262859
69.1800,0.49995573,2.86009547,0.59351190,0.49662326,1.49236084,0.52262783
69.1900,0.49995496,2.86009945,0.59351549,0.49662369,1.49236510,0.52262706
69.2000,0.49995418,2.86010342,0.59351908,0.49662412,1.49236936,0.52262629
69.2100,0.49995341,2.86010739,0.59352267,0.49662455,1.49237361,0.52262553
69.2200,0.49995263,2.86011136,0.59352625,0.49662498,1.49237786,0.52262476
69.2300,0.49995186,2.86011532,0.59352983,0.49662540,1.49238211,0.52262400
69.2400,0.49995108,2.86011928,0.59353341,0.49662583,1.49238635,0.52262323
69.2500,0.49995031,2.86012324,0.59353699,0.49662626,1.49239059,0.52262247
69.2600,0.49994954,2.86012720,0.59354056,0.49662668,1.49239482,0.52262171
69.2700,0.49994877,2.86013115,0.59354413,0.49662711,1.49239905,0.52262094
69.2800,0.49994799,2.86013510,0.59354770,0.49662753,1.49240328,0.52262018
69.2900,0.49994722,2.86013904,0.59355126,0.49662796,1.49240750,0.52261942
69.3000,0.49994645,2.86014298,0.59355482,0.49662838,1.49241172,0.52261866
69.3100,0.49994569,2.86014692,0.59355838,0.49662881,1.49241593,0.52261791
69.3200,0.49994492,2.86015086,0.59356194,0.49662923,1.49242014,0.52261715
69.3300,0.49994415,2.86015479,0.59356550,0.49662965,1.49242435,0.52261639
69.3400,0.49994338,2.86015872,0.59356905,0.49663007,1.49242855,0.52261563
69.3500,0.49994261,2.86016264,0.59357260,0.49663050,1.49243275,0.52261488
69.3600,0.49994185,2.86016657,0.59357614,0.49663092,1.49243695,0.52261412
69.3700,0.49994108,2.86017049,0.59357969,0.49663134,1.49244114,0.52261337
69.3800,0.49994032,2.86017440,0.59358323,0.49663176,1.49244533,0.52261262
69.3900,0.49993955,2.86017832,0.59358677,0.49663218,1.49244951,0.52261186
69.4000,0.49993879,2.86018223,0.59359030,0.49663260,1.49245370,0.52261111
69.4100,0.49993803,2.86018613,0.59359383,0.49663302,1.49245787,0.52261036
69.4200,0.49993726,2.86019004,0.59359736,0.49663344,1.49246205,0.52260961
69.4300,0.49993650,2.86019394,0.59360089,0.49663386,1.49246621,0.52260886
69.4400,0.49993574,2.86019784,0.59360442,0.49663427,1.49247038,0.52260811
69.4500,0.49993498,2.86020173,0.59360794,0.49663469,1.49247454,0.52260737
69.4600,0.49993422,2.86020562,0.59361146,0.49663511,1.49247870,0.52260662
69.4700,0.49993346,2.86020951,0.59361498,0.49663552,1.49248286,0.52260587
69.4800,0.49993270,2.86021340,0.59361849,0.49663594,1.49248701,0.52260513
69.4900,0.49993195,2.86021728,0.59362200,0.49663636,1.49249115,0.52260438
69.5000,0.49993119,2.86022116,0.59362551,0.49663677,1.49249530,0.52260364
69.5100,0.49993043,2.86022503,0.59362902,0.49663719,1.49249944,0.52260289
69.5200,0.49992967,2.86022891,0.59363252,0.49663760,1.49250357,0.52260215
69.5300,0.49992892,2.86023278,0.59363603,0.49663801,1.49250770,0.52260141
69.5400,0.49992816,2.86023664,0.59363952,0.49663843,1.49251183,0.52260067
69.5500,0.49992741,2.86024051,0.59364302,0.49663884,1.49251596,0.52259993
69.5600,0.49992666,2.86024437,0.59364651,0.49663925,1.49252008,0.52259919
69.5700,0.49992590,2.86024823,0.59365000,0.49663967,1.49252420,0.52259845
69.5800,0.49992515,2.86025208,0.59365349,0.49664008,1.49252831,0.52259771
69.5900,0.49992440,2.86025593,0.59365698,0.49664049,1.49253242,0.52259697
69.6000,0.49992365,2.86025978,0.59366046,0.49664090,1.49253653,0.52259624
69.6100,0.49992290,2.86026363,0.59366394,0.49664131,1.49254063,0.52259550
69.6200,0.49992215,2.86026747,0.59366742,0.49664172,1.49254473,0.52259477
69.6300,0.49992140,2.86027131,0.59367090,0.49664213,1.49254882,0.52259403
69.6400,0.49992065,2.86027514,0.59367437,0.49664254,1.49255291,0.52259330
69.6500,0.49991990,2.86027898,0.59367784,0.49664295,1.49255700,0.52259256
69.6600,0.49991915,2.86028281,0.59368131,0.49664336,1.49256109,0.52259183
69.6700,0.49991840,2.86028663,0.59368477,0.49664377,1.49256517,0.52259110
69.6800,0.49991766,2.86029046,0.59368823,0.49664417,1.49256924,0.52259037
69.6900,0.49991691,2.86029428,0.59369169,0.49664458,1.49257332,0.52258964
69.7000,0.49991617,2.86029809,0.59369515,0.49664499,1.49257739,0.52258891
69.7100,0.49991542,2.86030191,0.59369860,0.49664539,1.49258145,0.52258818
69.7200,0.49991468,2.86030572,0.59370206,0.49664580,1.49258551,0.52258745
69.7300,0.49991393,2.86030953,0.59370551,0.49664620,1.49258957,0.52258673
69.7400,0.49991319,2.86031333,0.59370895,0.49664661,1.49259363,0.52258600
69.7500,0.49991245,2.86031714,0.59371240,0.49664701,1.49259768,0.52258527
69.7600,0.49991171,2.86032094,0.59371584,0.49664742,1.49260173,0.52258455
69.7700,0.49991097,2.86032473,0.59371928,0.49664782,1.49260577,0.52258383
69.7800,0.49991023,2.86032853,0.59372271,0.49664822,1.49260981,0.52258310
69.7900,0.49990949,2.86033232,0.59372615,0.49664863,1.49261385,0.52258238
69.8000,0.49990875,2.86033610,0.59372958,0.49664903,1.49261788,0.52258166
69.8100,0.49990801,2.86033989,0.59373301,0.49664943,1.49262191,0.52258094
69.8200,0.49990727,2.86034367,0.59373643,0.49664983,1.49262593,0.52258022
69.8300,0.49990653,2.86034745,0.59373986,0.49665023,1.49262996,0.52257950
69.8400,0.49990580,2.86035122,0.59374328,0.49665064,1.49263397,0.52257878
69.8500,0.49990506,2.86035499,0.59374670,0.49665104,1.49263799,0.52257806
69.8600,0.49990432,2.86035876,0.59375011,0.49665144,1.49264200,0.52257734
69.8700,0.49990359,2.86036253,0.59375353,0.49665184,1.49264601,0.52257662
69.8800,0.49990286,2.86036629,0.59375694,0.49665223,1.49265001,0.52257591
69.8900,0.49990212,2.86037005,0.59376035,0.49665263,1.49265401,0.52257519
69.9000,0.49990139,2.86037381,0.59376375,0.49665303,1.49265801,0.52257448
69.9100,0.49990066,2.86037756,0.59376715,0.49665343,1.49266200,0.52257376
69.9200,0.49989992,2.86038131,0.59377056,0.49665383,1.49266599,0.52257305
69.9300,0.49989919,2.86038506,0.59377395,0.49665422,1.49266998,0.52257234
69.9400,0.49989846,2.86038881,0.59377735,0.49665462,1.49267396,0.52257162
69.9500,0.49989773,2.86039255,0.59378074,0.49665502,1.49267794,0.52257091
69.9600,0.49989700,2.86039629,0.59378413,0.49665541,1.49268191,0.52257020
69.9700,0.49989627,2.86040002,0.59378752,0.49665581,1.49268589,0.52256949
69.9800,0.49989554,2.86040376,0.59379091,0.49665620,1.49268985,0.52256878
69.9900,0.49989482,2.86040749,0.59379429,0.49665660,1.49269382,0.52256808
70.0000,0.49989409,2.86041121,0.59379767,0.49665699,1.49269778,0.52256737
70.0100,0.49989336,2.86041494,0.59380105,0.49665738,1.49270174,0.52256666
70.0200,0.49989264,2.86041866,0.59380442,0.49665778,1.49270569,0.52256595
70.0300,0.49989191,2.86042238,0.59380779,0.49665817,1.49270964,0.52256525
70.0400,0.49989118,2.86042609,0.59381116,0.49665856,1.49271359,0.52256454
70.0500,0.49989046,2.86042980,0.59381453,0.49665895,1.49271753,0.52256384
70.0600,0.49988974,2.86043351,0.59381790,0.49665935,1.49272147,0.52256314
70.0700,0.49988901,2.86043722,0.59382126,0.49665974,1.49272541,0.52256243
70.0800,0.49988829,2.86044092,0.59382462,0.49666013,1.49272934,0.52256173
70.0900,0.49988757,2.86044462,0.59382798,0.49666052,1.49273327,0.52256103
70.1000,0.49988685,2.86044832,0.59383133,0.49666091,1.49273719,0.52256033
70.1100,0.49988613,2.86045201,0.59383468,0.49666130,1.49274112,0.52255963
70.1200,0.49988541,2.86045571,0.59383803,0.49666169,1.49274503,0.52255893
70.1300,0.49988469,2.86045939,0.59384138,0.49666208,1.49274895,0.52255823
70.1400,0.49988397,2.86046308,0.59384473,0.49666246,1.49275286,0.52255753
70.1500,0.49988325,2.86046676,0.59384807,0.49666285,1.49275677,0.52255684
70.1600,0.49988253,2.86047044,0.59385141,0.49666324,1.49276067,0.52255614
70.1700,0.49988181,2.86047412,0.59385475,0.49666363,1.49276457,0.52255545
70.1800,0.49988110,2.86047779,0.59385808,0.49666401,1.49276847,0.52255475
70.1900,0.49988038,2.86048146,0.59386141,0.49666440,1.49277237,0.52255406
70.2000,0.49987966,2.86048513,0.59386474,0.49666479,1.49277626,0.52255336
70.2100,0.49987895,2.86048880,0.59386807,0.49666517,1.49278014,0.52255267
70.2200,0.49987824,2.86049246,0.59387140,0.49666556,1.49278403,0.52255198
70.2300,0.49987752,2.86049612,0.59387472,0.49666594,1.49278791,0.52255129
70.2400,0.49987681,2.86049977,0.59387804,0.49666633,1.49279178,0.52255060
70.2500,0.49987610,2.86050343,0.59388136,0.49666671,1.49279565,0.52254991
70.2600,0.49987538,2.86050708,0.59388467,0.49666709,1.49279952,0.52254922
70.2700,0.49987467,2.86051072,0.59388798,0.49666748,1.49280339,0.52254853
70.2800,0.49987396,2.86051437,0.59389129,0.49666786,1.49280725,0.52254784
70.2900,0.49987325,2.86051801,0.59389460,0.49666824,1.49281111,0.52254715
70.3000,0.49987254,2.86052165,0.59389791,0.49666862,1.49281497,0.52254647
70.3100,0.49987183,2.86052529,0.59390121,0.49666900,1.49281882,0.52254578
70.3200,0.49987112,2.86052892,0.59390451,0.49666939,1.49282267,0.52254509
70.3300,0.49987041,2.86053255,0.59390781,0.49666977,1.49282651,0.52254441
70.3400,0.49986971,2.86053618,0.59391110,0.49667015,1.49283035,0.52254373
70.3500,0.49986900,2.86053980,0.59391439,0.49667053,1.49283419,0.52254304
70.3600,0.49986829,2.86054342,0.59391768,0.49667091,1.49283803,0.52254236
70.3700,0.49986759,2.86054704,0.59392097,0.49667128,1.49284186,0.52254168
70.3800,0.49986688,2.86055065,0.59392426,0.49667166,1.49284568,0.52254100
70.3900,0.49986618,2.86055427,0.59392754,0.49667204,1.49284951,0.52254032
70.4000,0.49986547,2.86055788,0.59393082,0.49667242,1.49285333,0.52253964
70.4100,0.49986477,2.86056148,0.59393410,0.49667280,1.49285715,0.52253896
70.4200,0.49986407,2.86056509,0.59393737,0.49667317,1.49286096,0.52253828
70.4300,0.49986336,2.86056869,0.59394065,0.49667355,1.49286477,0.52253760
70.4400,0.49986266,2.86057229,0.59394392,0.49667393,1.49286858,0.52253693
70.4500,0.49986196,2.86057588,0.59394718,0.49667430,1.49287238,0.52253625
70.4600,0.49986126,2.86057947,0.59395045,0.49667468,1.49287618,0.52253557
70.4700,0.49986056,2.86058306,0.59395371,0.49667505,1.49287998,0.52253490
70.4800,0.49985986,2.86058665,0.59395697,0.49667543,1.49288377,0.52253423
70.4900,0.49985916,2.86059023,0.59396023,0.49667580,1.49288756,0.52253355
70.5000,0.49985846,2.86059381,0.59396349,0.49667618,1.49289135,0.52253288
70.5100,0.49985777,2.86059739,0.59396674,0.49667655,1.49289513,0.52253221
70.5200,0.49985707,2.86060097,0.59396999,0.49667692,1.49289891,0.52253154
70.5300,0.49985637,2.86060454,0.59397324,0.49667730,1.49290269,0.52253086
70.5400,0.49985568,2.86060811,0.59397649,0.49667767,1.49290646,0.52253019
70.5500,0.49985498,2.86061168,0.59397973,0.49667804,1.49291023,0.52252952
70.5600,0.49985428,2.86061524,0.59398297,0.49667841,1.49291400,0.52252886
70.5700,0.49985359,2.86061880,0.59398621,0.49667878,1.49291776,0.52252819
70.5800,0.49985290,2.86062236,0.59398945,0.49667915,1.49292152,0.52252752
70.5900,0.49985220,2.86062591,0.59399268,0.49667952,1.49292527,0.52252685
70.6000,0.49985151,2.86062947,0.59399591,0.49667989,1.49292903,0.52252619
70.6100,0.49985082,2.86063302,0.59399914,0.49668026,1.49293278,0.52252552
70.6200,0.49985013,2.86063656,0.59400237,0.49668063,1.49293652,0.52252486
70.6300,0.49984944,2.86064011,0.59400559,0.49668100,1.49294026,0.52252419
70.6400,0.49984874,2.86064365,0.59400881,0.49668137,1.49294400,0.52252353
70.6500,0.49984805,2.86064719,0.59401203,0.49668174,1.49294774,0.52252287
70.6600,0.49984737,2.86065072,0.59401525,0.49668211,1.49295147,0.52252221
70.6700,0.49984668,2.86065425,0.59401846,0.49668247,1.49295520,0.52252154
70.6800,0.49984599,2.86065778,0.59402168,0.49668284,1.49295893,0.52252088
70.6900,0.49984530,2.86066131,0.59402489,0.49668321,1.49296265,0.52252022
70.7000,0.49984461,2.86066483,0.59402809,0.49668357,1.49296637,0.52251956
70.7100,0.49984393,2.86066836,0.59403130,0.49668394,1.49297008,0.52251891
70.7200,0.49984324,2.86067187,0.59403450,0.49668431,1.49297380,0.52251825
70.7300,0.49984255,2.86067539,0.59403770,0.49668467,1.49297750,0.52251759
70.7400,0.49984187,2.86067890,0.59404090,0.49668503,1.49298121,0.52251693
70.7500,0.49984119,2.86068241,0.59404409,0.49668540,1.49298491,0.52251628
70.7600,0.49984050,2.86068592,0.59404729,0.49668576,1.49298861,0.52251562
70.7700,0.49983982,2.86068942,0.59405048,0.49668613,1.49299231,0.52251497
70.7800,0.49983914,2.86069293,0.59405366,0.49668649,1.49299600,0.52251431
70.7900,0.49983845,2.86069642,0.59405685,0.49668685,1.49299969,0.52251366
70.8000,0.49983777,2.86069992,0.59406003,0.49668721,1.49300337,0.52251301
70.8100,0.49983709,2.86070341,0.59406321,0.49668758,1.49300705,0.52251235
70.8200,0.49983641,2.86070690,0.59406639,0.49668794,1.49301073,0.52251170
70.8300,0.49983573,2.86071039,0.59406957,0.49668830,1.49301441,0.52251105
70.8400,0.49983505,2.86071388,0.59407274,0.49668866,1.49301808,0.52251040
70.8500,0.49983437,2.86071736,0.59407591,0.49668902,1.49302175,0.52250975
70.8600,0.49983369,2.86072084,0.59407908,0.49668938,1.49302542,0.52250910
70.8700,0.49983302,2.86072431,0.59408225,0.49668974,1.49302908,0.52250846
70.8800,0.49983234,2.86072779,0.59408541,0.49669010,1.49303274,0.52250781
70.8900,0.49983166,2.86073126,0.59408858,0.49669046,1.49303639,0.52250716
70.9000,0.49983099,2.86073473,0.59409174,0.49669082,1.49304005,0.52250651
70.9100,0.49983031,2.86073819,0.59409489,0.49669118,1.49304369,0.52250587
70.9200,0.49982964,2.86074165,0.59409805,0.49669153,1.49304734,0.52250522
70.9300,0.49982896,2.86074511,0.59410120,0.49669189,1.49305098,0.52250458
70.9400,0.49982829,2.86074857,0.59410435,0.49669225,1.49305462,0.52250394
70.9500,0.49982761,2.86075203,0.59410750,0.49669260,1.49305826,0.52250329
70.9600,0.49982694,2.86075548,0.59411064,0.49669296,1.49306189,0.52250265
70.9700,0.49982627,2.86075893,0.59411379,0.49669332,1.49306552,0.52250201
70.9800,0.49982560,2.86076237,0.59411693,0.49669367,1.49306915,0.52250137
70.9900,0.49982493,2.86076582,0.59412006,0.49669403,1.49307277,0.52250073
71.0000,0.49982425,2.86076926,0.59412320,0.49669438,1.49307639,0.52250009
71.0100,0.49982358,2.86077269,0.59412633,0.49669474,1.49308001,0.52249945
71.0200,0.49982291,2.86077613,0.59412946,0.49669509,1.49308362,0.52249881
71.0300,0.49982225,2.86077956,0.59413259,0.49669544,1.49308723,0.52249817
71.0400,0.49982158,2.86078299,0.59413572,0.49669580,1.49309083,0.52249754
71.0500,0.49982091,2.86078642,0.59413884,0.49669615,1.49309444,0.52249690
71.0600,0.49982024,2.86078984,0.59414197,0.49669650,1.49309804,0.52249626
71.0700,0.49981957,2.86079326,0.59414509,0.49669686,1.49310163,0.52249563
71.0800,0.49981891,2.86079668,0.59414820,0.49669721,1.49310523,0.52249499
71.0900,0.49981824,2.86080010,0.59415132,0.49669756,1.49310882,0.52249436
71.1000,0.49981758,2.86080351,0.59415443,0.49669791,1.49311241,0.52249373
71.1100,0.49981691,2.86080692,0.59415754,0.49669826,1.49311599,0.52249310
71.1200,0.49981625,2.86081033,0.59416065,0.49669861,1.49311957,0.52249246
71.1300,0.49981558,2.86081373,0.59416375,0.49669896,1.49312315,0.52249183
71.1400,0.49981492,2.86081713,0.59416686,0.49669931,1.49312672,0.52249120
71.1500,0.49981426,2.86082053,0.59416996,0.49669966,1.49313029,0.52249057
71.1600,0.49981360,2.86082393,0.59417305,0.49670001,1.49313386,0.52248994
71.1700,0.49981294,2.86082732,0.59417615,0.49670036,1.49313743,0.52248931
71.1800,0.49981227,2.86083072,0.59417924,0.49670071,1.49314099,0.52248868
71.1900,0.49981161,2.86083410,0.59418234,0.49670105,1.49314454,0.52248806
71.2000,0.49981095,2.86083749,0.59418542,0.49670140,1.49314810,0.52248743
71.2100,0.49981029,2.86084087,0.59418851,0.49670175,1.49315165,0.52248680
71.2200,0.49980964,2.86084425,0.59419160,0.49670210,1.49315520,0.52248618
71.2300,0.49980898,2.86084763,0.59419468,0.49670244,1.49315875,0.52248555
71.2400,0.49980832,2.86085101,0.59419776,0.49670279,1.49316229,0.52248493
71.2500,0.49980766,2.86085438,0.59420084,0.49670313,1.49316583,0.52248431
71.2600,0.49980701,2.86085775,0.59420391,0.49670348,1.49316936,0.52248368
71.2700,0.49980635,2.86086112,0.59420698,0.49670382,1.49317289,0.52248306
71.2800,0.49980569,2.86086448,0.59421005,0.49670417,1.49317642,0.52248244
71.2900,0.49980504,2.86086784,0.59421312,0.49670451,1.49317995,0.52248182
71.3000,0.49980438,2.86087120,0.59421619,0.49670486,1.49318347,0.52248120
71.3100,0.49980373,2.86087456,0.59421925,0.49670520,1.49318699,0.52248058
71.3200,0.49980308,2.86087791,0.59422231,0.49670554,1.49319051,0.52247996
71.3300,0.49980242,2.86088126,0.59422537,0.49670589,1.49319402,0.52247934
71.3400,0.49980177,2.86088461,0.59422843,0.49670623,1.49319753,0.52247872
71.3500,0.49980112,2.86088796,0.59423148,0.49670657,1.49320104,0.52247810
71.3600,0.49980047,2.86089130,0.59423454,0.49670691,1.49320454,0.52247749
71.3700,0.49979982,2.86089464,0.59423759,0.49670725,1.49320805,0.52247687
71.3800,0.49979917,2.86089798,0.59424063,0.49670759,1.49321154,0.52247626
71.3900,0.49979852,2.86090131,0.59424368,0.49670793,1.49321504,0.52247564
71.4000,0.49979787,2.86090464,0.59424672,0.49670827,1.49321853,0.52247503
71.4100,0.49979722,2.86090797,0.59424976,0.49670861,1.49322202,0.52247441
71.4200,0.49979657,2.86091130,0.59425280,0.49670895,1.49322550,0.52247380
71.4300,0.49979592,2.86091462,0.59425584,0.49670929,1.49322898,0.52247319
71.4400,0.49979528,2.86091795,0.59425887,0.49670963,1.49323246,0.52247258
71.4500,0.49979463,2.86092126,0.59426190,0.49670997,1.49323594,0.52247196
71.4600,0.49979398,2.86092458,0.59426493,0.49671031,1.49323941,0.52247135
71.4700,0.49979334,2.86092789,0.59426796,0.49671065,1.49324288,0.52247074
71.4800,0.49979269,2.86093120,0.59427098,0.49671098,1.49324635,0.52247013
71.4900,0.49979205,2.86093451,0.59427401,0.49671132,1.49324981,0.52246953
71.5000,0.49979140,2.86093782,0.59427703,0.49671166,1.49325327,0.52246892
71.5100,0.49979076,2.86094112,0.59428004,0.49671199,1.49325673,0.52246831
71.5200,0.49979012,2.86094442,0.59428306,0.49671233,1.49326018,0.52246770
71.5300,0.49978948,2.86094772,0.59428607,0.49671266,1.49326363,0.52246710
71.5400,0.49978883,2.86095101,0.59428908,0.49671300,1.49326708,0.52246649
71.5500,0.49978819,2.86095431,0.59429209,0.49671334,1.49327052,0.52246589
71.5600,0.49978755,2.86095760,0.59429510,0.49671367,1.49327396,0.52246528
71.5700,0.49978691,2.86096088,0.59429810,0.49671400,1.49327740,0.52246468
71.5800,0.49978627,2.86096417,0.59430111,0.49671434,1.49328084,0.52246408
71.5900,0.49978563,2.86096745,0.59430411,0.49671467,1.49328427,0.52246347
71.6000,0.49978499,2.86097073,0.59430710,0.49671500,1.49328770,0.52246287
71.6100,0.49978435,2.86097401,0.59431010,0.49671534,1.49329112,0.52246227
71.6200,0.49978372,2.86097728,0.59431309,0.49671567,1.49329455,0.52246167
71.6300,0.49978308,2.86098055,0.59431608,0.49671600,1.49329797,0.52246107
71.6400,0.49978244,2.86098382,0.59431907,0.49671633,1.49330138,0.52246047
71.6500,0.49978181,2.86098709,0.59432206,0.49671666,1.49330480,0.52245987
71.6600,0.49978117,2.86099035,0.59432504,0.49671700,1.49330821,0.52245927
71.6700,0.49978053,2.86099361,0.59432802,0.49671733,1.49331161,0.52245867
71.6800,0.49977990,2.86099687,0.59433100,0.49671766,1.49331502,0.52245808
71.6900,0.49977927,2.86100013,0.59433398,0.49671799,1.49331842,0.52245748
71.7000,0.49977863,2.86100338,0.59433695,0.49671832,1.49332182,0.52245689
71.7100,0.49977800,2.86100663,0.59433993,0.49671865,1.49332521,0.52245629
71.7200,0.49977737,2.86100988,0.59434290,0.49671898,1.49332860,0.52245570
71.7300,0.49977673,2.86101312,0.59434587,0.49671930,1.49333199,0.52245510
71.7400,0.49977610,2.86101637,0.59434883,0.49671963,1.49333538,0.52245451
71.7500,0.49977547,2.86101961,0.59435180,0.49671996,1.49333876,0.52245391
71.7600,0.49977484,2.86102284,0.59435476,0.49672029,1.49334214,0.52245332
71.7700,0.49977421,2.86102608,0.59435772,0.49672061,1.49334552,0.52245273
71.7800,0.49977358,2.86102931,0.59436068,0.49672094,1.49334889,0.52245214
71.7900,0.49977295,2.86103254,0.59436363,0.49672127,1.49335226,0.52245155
71.8000,0.49977232,2.86103577,0.59436658,0.49672159,1.49335563,0.52245096
71.8100,0.49977170,2.86103899,0.59436953,0.49672192,1.49335899,0.52245037
71.8200,0.49977107,2.86104221,0.59437248,0.49672225,1.49336235,0.52244978
71.8300,0.49977044,2.86104543,0.59437543,0.49672257,1.49336571,0.52244919
71.8400,0.49976981,2.86104865,0.59437837,0.49672290,1.49336907,0.52244861
71.8500,0.49976919,2.86105187,0.59438131,0.49672322,1.49337242,0.52244802
71.8600,0.49976856,2.86105508,0.59438425,0.49672354,1.49337577,0.52244743
71.8700,0.49976794,2.86105829,0.59438719,0.49672387,1.49337912,0.52244685
71.8800,0.49976731,2.86106149,0.59439013,0.49672419,1.49338246,0.52244626
71.8900,0.49976669,2.86106470,0.59439306,0.49672452,1.49338580,0.52244568
71.9000,0.49976607,2.86106790,0.59439599,0.49672484,1.49338914,0.52244509
71.9100,0.49976544,2.86107110,0.59439892,0.49672516,1.49339247,0.52244451
71.9200,0.49976482,2.86107429,0.59440184,0.49672548,1.49339580,0.52244393
71.9300,0.49976420,2.86107749,0.59440477,0.49672580,1.49339913,0.52244335
71.9400,0.49976358,2.86108068,0.59440769,0.49672613,1.49340245,0.52244277
71.9500,0.49976296,2.86108387,0.59441061,0.49672645,1.49340578,0.52244218
71.9600,0.49976234,2.86108705,0.59441353,0.49672677,1.49340910,0.52244160
71.9700,0.49976172,2.86109024,0.59441644,0.49672709,1.49341241,0.52244102
71.9800,0.49976110,2.86109342,0.59441936,0.49672741,1.49341573,0.52244045
71.9900,0.49976048,2.86109660,0.59442227,0.49672773,1.49341904,0.52243987
72.0000,0.49975986,2.86109977,0.59442518,0.49672805,1.49342234,0.52243929
72.0100,0.49975924,2.86110295,0.59442808,0.49672837,1.49342565,0.52243871
72.0200,0.49975862,2.86110612,0.59443099,0.49672869,1.49342895,0.52243813
72.0300,0.49975801,2.86110929,0.59443389,0.49672900,1.49343225,0.52243756
72.0400,0.49975739,2.86111245,0.59443679,0.49672932,1.49343554,0.52243698
72.0500,0.49975677,2.86111562,0.59443969,0.49672964,1.49343883,0.52243641
72.0600,0.49975616,2.86111878,0.59444258,0.49672996,1.49344212,0.52243583
72.0700,0.49975554,2.86112193,0.59444548,0.49673027,1.49344541,0.52243526
72.0800,0.49975493,2.86112509,0.59444837,0.49673059,1.49344869,0.52243469
72.0900,0.49975431,2.86112824,0.59445126,0.49673091,1.49345197,0.52243411
72.1000,0.49975370,2.86113139,0.59445414,0.49673122,1.49345525,0.52243354
72.1100,0.49975309,2.86113454,0.59445703,0.49673154,1.49345853,0.52243297
72.1200,0.49975248,2.86113769,0.59445991,0.49673185,1.49346180,0.52243240
72.1300,0.49975186,2.86114083,0.59446279,0.49673217,1.49346507,0.52243183
72.1400,0.49975125,2.86114397,0.59446567,0.49673248,1.49346833,0.52243126
72.1500,0.49975064,2.86114711,0.59446855,0.49673280,1.49347159,0.52243069
72.1600,0.49975003,2.86115025,0.59447142,0.49673311,1.49347485,0.52243012
72.1700,0.49974942,2.86115338,0.59447429,0.49673343,1.49347811,0.52242955
72.1800,0.49974881,2.86115651,0.59447716,0.49673374,1.49348136,0.52242899
72.1900,0.49974820,2.86115964,0.59448003,0.49673405,1.49348462,0.52242842
72.2000,0.49974759,2.86116276,0.59448289,0.49673437,1.49348786,0.52242785
72.2100,0.49974699,2.86116589,0.59448576,0.49673468,1.49349111,0.52242729
72.2200,0.49974638,2.86116901,0.59448862,0.49673499,1.49349435,0.52242672
72.2300,0.49974577,2.86117213,0.59449148,0.49673530,1.49349759,0.52242616
72.2400,0.49974516,2.86117524,0.59449433,0.49673561,1.49350083,0.52242559
72.2500,0.49974456,2.86117835,0.59449719,0.49673593,1.49350406,0.52242503
72.2600,0.49974395,2.86118147,0.59450004,0.49673624,1.49350729,0.52242447
72.2700,0.49974335,2.86118457,0.59450289,0.49673655,1.49351052,0.52242390
72.2800,0.49974274,2.86118768,0.59450574,0.49673686,1.49351374,0.52242334
72.2900,0.49974214,2.86119078,0.59450858,0.49673717,1.49351696,0.52242278
72.3000,0.49974154,2.86119388,0.59451143,0.49673748,1.49352018,0.52242222
72.3100,0.49974093,2.86119698,0.59451427,0.49673779,1.49352340,0.52242166
72.3200,0.49974033,2.86120008,0.59451711,0.49673809,1.49352661,0.52242110
72.3300,0.49973973,2.86120317,0.59451995,0.49673840,1.49352982,0.52242054
72.3400,0.49973913,2.86120626,0.59452278,0.49673871,1.49353303,0.52241998
72.3500,0.49973852,2.86120935,0.59452561,0.49673902,1.49353623,0.52241943
72.3600,0.49973792,2.86121244,0.59452845,0.49673933,1.49353943,0.52241887
72.3700,0.49973732,2.86121552,0.59453127,0.49673963,1.49354263,0.52241831
72.3800,0.49973672,2.86121860,0.59453410,0.49673994,1.49354583,0.52241776
72.3900,0.49973612,2.86122168,0.59453693,0.49674025,1.49354902,0.52241720
72.4000,0.49973553,2.86122475,0.59453975,0.49674055,1.49355221,0.52241665
72.4100,0.49973493,2.86122783,0.59454257,0.49674086,1.49355540,0.52241609
72.4200,0.49973433,2.86123090,0.59454539,0.49674117,1.49355858,0.52241554
72.4300,0.49973373,2.86123397,0.59454820,0.49674147,1.49356176,0.52241499
72.4400,0.49973314,2.86123703,0.59455102,0.49674178,1.49356494,0.52241443
72.4500,0.49973254,2.86124010,0.59455383,0.49674208,1.49356812,0.52241388
72.4600,0.49973194,2.86124316,0.59455664,0.49674238,1.49357129,0.52241333
72.4700,0.49973135,2.86124622,0.59455945,0.49674269,1.49357446,0.52241278
72.4800,0.49973075,2.86124928,0.59456225,0.49674299,1.49357762,0.52241223
72.4900,0.49973016,2.86125233,0.59456506,0.49674330,1.49358079,0.52241168
72.5000,0.49972957,2.86125538,0.59456786,0.49674360,1.49358395,0.52241113
72.5100,0.49972897,2.86125843,0.59457066,0.49674390,1.49358711,0.52241058
72.5200,0.49972838,2.86126148,0.59457345,0.49674420,1.49359026,0.52241003
72.5300,0.49972779,2.86126452,0.59457625,0.49674451,1.49359342,0.52240949
72.5400,0.49972719,2.86126756,0.59457904,0.49674481,1.49359657,0.52240894
72.5500,0.49972660,2.86127060,0.59458183,0.49674511,1.49359971,0.52240839
72.5600,0.49972601,2.86127364,0.59458462,0.49674541,1.49360286,0.52240785
72.5700,0.49972542,2.86127667,0.59458741,0.49674571,1.49360600,0.52240730
72.5800,0.49972483,2.86127971,0.59459019,0.49674601,1.49360914,0.52240676
72.5900,0.49972424,2.86128274,0.59459297,0.49674631,1.49361227,0.52240621
72.6000,0.49972365,2.86128576,0.59459575,0.49674661,1.49361540,0.52240567
72.6100,0.49972306,2.86128879,0.59459853,0.49674691,1.49361853,0.52240512
72.6200,0.49972248,2.86129181,0.59460131,0.49674721,1.49362166,0.52240458
72.6300,0.49972189,2.86129483,0.59460408,0.49674751,1.49362478,0.52240404
72.6400,0.49972130,2.86129785,0.59460685,0.49674781,1.49362791,0.52240350
72.6500,0.49972071,2.86130086,0.59460962,0.49674811,1.49363102,0.52240296
72.6600,0.49972013,2.86130388,0.59461239,0.49674841,1.49363414,0.52240242
72.6700,0.49971954,2.86130689,0.59461516,0.49674870,1.49363725,0.52240188
72.6800,0.49971896,2.86130989,0.59461792,0.49674900,1.49364036,0.52240134
72.6900,0.49971837,2.86131290,0.59462068,0.49674930,1.49364347,0.52240080
72.7000,0.49971779,2.86131590,0.59462344,0.49674959,1.49364657,0.52240026
72.7100,0.49971720,2.86131890,0.59462620,0.49674989,1.49364968,0.52239972
72.7200,0.49971662,2.86132190,0.59462895,0.49675019,1.49365278,0.52239919
72.7300,0.49971604,2.86132490,0.59463171,0.49675048,1.49365587,0.52239865
72.7400,0.49971545,2.86132789,0.59463446,0.49675078,1.49365896,0.52239811
72.7500,0.49971487,2.86133088,0.59463721,0.49675107,1.49366205,0.52239758
72.7600,0.49971429,2.86133387,0.59463995,0.49675137,1.49366514,0.52239704
72.7700,0.49971371,2.86133686,0.59464270,0.49675166,1.49366823,0.52239651
72.7800,0.49971313,2.86133984,0.59464544,0.49675196,1.49367131,0.52239598
72.7900,0.49971255,2.86134282,0.59464818,0.49675225,1.49367439,0.52239544
72.8000,0.49971197,2.86134580,0.59465092,0.49675254,1.49367747,0.52239491
72.8100,0.49971139,2.86134878,0.59465366,0.49675284,1.49368054,0.52239438
72.8200,0.49971081,2.86135175,0.59465639,0.49675313,1.49368361,0.52239385
72.8300,0.49971023,2.86135473,0.59465913,0.49675342,1.49368668,0.52239332
72.8400,0.49970966,2.86135770,0.59466186,0.49675372,1.49368974,0.52239279
72.8500,0.49970908,2.86136066,0.59466458,0.49675401,1.49369281,0.52239226
72.8600,0.49970850,2.86136363,0.59466731,0.49675430,1.49369587,0.52239173
72.8700,0.49970792,2.86136659,0.59467004,0.49675459,1.49369892,0.52239120
72.8800,0.49970735,2.86136955,0.59467276,0.49675488,1.49370198,0.52239067
72.8900,0.49970677,2.86137251,0.59467548,0.49675517,1.49370503,0.52239014
72.9000,0.49970620,2.86137546,0.59467820,0.49675546,1.49370808,0.52238961
72.9100,0.49970562,2.86137842,0.59468091,0.49675575,1.49371112,0.52238909
72.9200,0.49970505,2.86138137,0.59468363,0.49675604,1.49371417,0.52238856
72.9300,0.49970448,2.86138432,0.59468634,0.49675633,1.49371721,0.52238804
72.9400,0.49970390,2.86138726,0.59468905,0.49675662,1.49372024,0.52238751
72.9500,0.49970333,2.86139021,0.59469176,0.49675691,1.49372328,0.52238699
72.9600,0.49970276,2.86139315,0.59469446,0.49675720,1.49372631,0.52238646
72.9700,0.49970219,2.86139609,0.59469717,0.49675749,1.49372934,0.52238594
72.9800,0.49970162,2.86139902,0.59469987,0.49675778,1.49373237,0.52238542
72.9900,0.49970104,2.86140196,0.59470257,0.49675807,1.49373539,0.52238489
73.0000,0.49970047,2.86140489,0.59470527,0.49675835,1.49373841,0.52238437
73.0100,0.49969990,2.86140782,0.59470796,0.49675864,1.49374143,0.52238385
73.0200,0.49969933,2.86141075,0.59471065,0.49675893,1.49374445,0.52238333
73.0300,0.49969877,2.86141367,0.59471335,0.49675921,1.49374746,0.52238281
73.0400,0.49969820,2.86141659,0.59471604,0.49675950,1.49375047,0.52238229
73.0500,0.49969763,2.86141951,0.59471872,0.49675979,1.49375348,0.52238177
73.0600,0.49969706,2.86142243,0.59472141,0.49676007,1.49375648,0.52238125
73.0700,0.49969649,2.86142535,0.59472409,0.49676036,1.49375949,0.52238073
73.0800,0.49969593,2.86142826,0.59472677,0.49676064,1.49376249,0.52238021
73.0900,0.49969536,2.86143117,0.59472945,0.49676093,1.49376548,0.52237970
73.1000,0.49969480,2.86143408,0.59473213,0.49676121,1.49376848,0.52237918
73.1100,0.49969423,2.86143699,0.59473481,0.49676150,1.49377147,0.52237867
73.1200,0.49969367,2.86143989,0.59473748,0.49676178,1.49377446,0.52237815
73.1300,0.49969310,2.86144279,0.59474015,0.49676206,1.49377744,0.52237763
73.1400,0.49969254,2.86144569,0.59474282,0.49676235,1.49378043,0.52237712
73.1500,0.49969197,2.86144859,0.59474549,0.49676263,1.49378341,0.52237661
73.1600,0.49969141,2.86145148,0.59474815,0.49676291,1.49378638,0.52237609
73.1700,0.49969085,2.86145438,0.59475082,0.49676320,1.49378936,0.52237558
73.1800,0.49969029,2.86145727,0.59475348,0.49676348,1.49379233,0.52237507
73.1900,0.49968972,2.86146015,0.59475614,0.49676376,1.49379530,0.52237456
73.2000,0.49968916,2.86146304,0.59475880,0.49676404,1.49379827,0.52237404
73.2100,0.49968860,2.86146592,0.59476145,0.49676432,1.49380123,0.52237353
73.2200,0.49968804,2.86146880,0.59476410,0.49676460,1.49380420,0.52237302
73.2300,0.49968748,2.86147168,0.59476676,0.49676488,1.49380715,0.52237251
73.2400,0.49968692,2.86147456,0.59476941,0.49676516,1.49381011,0.52237200
73.2500,0.49968636,2.86147743,0.59477205,0.49676544,1.49381306,0.52237150
73.2600,0.49968581,2.86148030,0.59477470,0.49676572,1.49381602,0.52237099
73.2700,0.49968525,2.86148317,0.59477734,0.49676600,1.49381896,0.52237048
73.2800,0.49968469,2.86148604,0.59477998,0.49676628,1.49382191,0.52236997
73.2900,0.49968413,2.86148891,0.59478262,0.49676656,1.49382485,0.52236947
73.3000,0.49968358,2.86149177,0.59478526,0.49676684,1.49382779,0.52236896
73.3100,0.49968302,2.86149463,0.59478790,0.49676712,1.49383073,0.52236845
73.3200,0.49968246,2.86149749,0.59479053,0.49676740,1.49383367,0.52236795
73.3300,0.49968191,2.86150034,0.59479316,0.49676768,1.49383660,0.52236744
73.3400,0.49968135,2.86150319,0.59479579,0.49676795,1.49383953,0.52236694
73.3500,0.49968080,2.86150605,0.59479842,0.49676823,1.49384246,0.52236644
73.3600,0.49968025,2.86150889,0.59480104,0.49676851,1.49384538,0.52236593
73.3700,0.49967969,2.86151174,0.59480367,0.49676878,1.49384830,0.52236543
73.3800,0.49967914,2.86151459,0.59480629,0.49676906,1.49385122,0.52236493
73.3900,0.49967859,2.86151743,0.59480891,0.49676934,1.49385414,0.52236443
73.4000,0.49967803,2.86152027,0.59481153,0.49676961,1.49385705,0.52236393
73.4100,0.49967748,2.86152310,0.59481414,0.49676989,1.49385996,0.52236343
73.4200,0.49967693,2.86152594,0.59481675,0.49677016,1.49386287,0.52236293
73.4300,0.49967638,2.86152877,0.59481937,0.49677044,1.49386578,0.52236243
73.4400,0.49967583,2.86153160,0.59482198,0.49677071,1.49386868,0.52236193
73.4500,0.49967528,2.86153443,0.59482458,0.49677099,1.49387158,0.52236143
73.4600,0.49967473,2.86153726,0.59482719,0.49677126,1.49387448,0.52236093
73.4700,0.49967418,2.86154008,0.59482979,0.49677153,1.49387737,0.52236044
73.4800,0.49967363,2.86154290,0.59483240,0.49677181,1.49388027,0.52235994
73.4900,0.49967309,2.86154572,0.59483500,0.49677208,1.49388316,0.52235944
73.5000,0.49967254,2.86154854,0.59483759,0.49677235,1.49388605,0.52235895
73.5100,0.49967199,2.86155135,0.59484019,0.49677262,1.49388893,0.52235845
73.5200,0.49967144,2.86155417,0.59484278,0.49677290,1.49389181,0.52235796
73.5300,0.49967090,2.86155698,0.59484538,0.49677317,1.49389469,0.52235746
73.5400,0.49967035,2.86155979,0.59484797,0.49677344,1.49389757,0.52235697
73.5500,0.49966981,2.86156259,0.59485055,0.49677371,1.49390044,0.52235647
73.5600,0.49966926,2.86156539,0.59485314,0.49677398,1.49390332,0.52235598
73.5700,0.49966872,2.86156820,0.59485572,0.49677425,1.49390619,0.52235549
73.5800,0.49966817,2.86157100,0.59485831,0.49677452,1.49390905,0.52235500
73.5900,0.49966763,2.86157379,0.59486089,0.49677479,1.49391192,0.52235451
73.6000,0.49966708,2.86157659,0.59486347,0.49677506,1.49391478,0.52235402
73.6100,0.49966654,2.86157938,0.59486604,0.49677533,1.49391764,0.52235353
73.6200,0.49966600,2.86158217,0.59486862,0.49677560,1.49392049,0.52235304
73.6300,0.49966546,2.86158496,0.59487119,0.49677587,1.49392335,0.52235255
73.6400,0.49966492,2.86158774,0.59487376,0.49677614,1.49392620,0.52235206
73.6500,0.49966437,2.86159053,0.59487633,0.49677641,1.49392905,0.52235157
73.6600,0.49966383,2.86159331,0.59487890,0.49677668,1.49393189,0.52235108
73.6700,0.49966329,2.86159609,0.59488146,0.49677695,1.49393474,0.52235059
73.6800,0.49966275,2.86159886,0.59488402,0.49677721,1.49393758,0.52235011
73.6900,0.49966221,2.86160164,0.59488658,0.49677748,1.49394042,0.52234962
73.7000,0.49966168,2.86160441,0.59488914,0.49677775,1.49394325,0.52234914
73.7100,0.49966114,2.86160718,0.59489170,0.49677801,1.49394608,0.52234865
73.7200,0.49966060,2.86160995,0.59489426,0.49677828,1.49394892,0.52234817
73.7300,0.49966006,2.86161271,0.59489681,0.49677855,1.49395174,0.52234768
73.7400,0.49965952,2.86161548,0.59489936,0.49677881,1.49395457,0.52234720
73.7500,0.49965899,2.86161824,0.59490191,0.49677908,1.49395739,0.52234671
73.7600,0.49965845,2.86162100,0.59490446,0.49677934,1.49396021,0.52234623
73.7700,0.49965792,2.86162376,0.59490700,0.49677961,1.49396303,0.52234575
73.7800,0.49965738,2.86162651,0.59490955,0.49677987,1.49396585,0.52234527
73.7900,0.49965684,2.86162926,0.59491209,0.49678014,1.49396866,0.52234479
73.8000,0.49965631,2.86163201,0.59491463,0.49678040,1.49397147,0.52234431
73.8100,0.49965578,2.86163476,0.59491717,0.49678067,1.49397428,0.52234383
73.8200,0.49965524,2.86163751,0.59491970,0.49678093,1.49397708,0.52234335
73.8300,0.49965471,2.86164025,0.59492224,0.49678120,1.49397988,0.52234287
73.8400,0.49965418,2.86164299,0.59492477,0.49678146,1.49398268,0.52234239
73.8500,0.49965364,2.86164573,0.59492730,0.49678172,1.49398548,0.52234191
73.8600,0.49965311,2.86164847,0.59492983,0.49678198,1.49398828,0.52234143
73.8700,0.49965258,2.86165120,0.59493235,0.49678225,1.49399107,0.52234095
73.8800,0.49965205,2.86165394,0.59493488,0.49678251,1.49399386,0.52234048
73.8900,0.49965152,2.86165667,0.59493740,0.49678277,1.49399665,0.52234000
73.9000,0.49965099,2.86165940,0.59493992,0.49678303,1.49399943,0.52233952
73.9100,0.49965046,2.86166212,0.59494244,0.49678329,1.49400221,0.52233905
73.9200,0.49964993,2.86166485,0.59494496,0.49678355,1.49400499,0.52233857
73.9300,0.49964940,2.86166757,0.59494747,0.49678381,1.49400777,0.52233810
73.9400,0.49964887,2.86167029,0.59494999,0.49678408,1.49401055,0.52233763
73.9500,0.49964834,2.86167301,0.59495250,0.49678434,1.49401332,0.52233715
73.9600,0.49964782,2.86167572,0.59495501,0.49678460,1.49401609,0.52233668
73.9700,0.49964729,2.86167843,0.59495751,0.49678485,1.49401885,0.52233621
73.9800,0.49964676,2.86168115,0.59496002,0.49678511,1.49402162,0.52233574
73.9900,0.49964623,2.86168385,0.59496252,0.49678537,1.49402438,0.52233526
74.0000,0.49964571,2.86168656,0.59496502,0.49678563,1.49402714,0.52233479
74.0100,0.49964518,2.86168927,0.59496752,0.49678589,1.49402990,0.52233432
74.0200,0.49964466,2.86169197,0.59497002,0.49678615,1.49403265,0.52233385
74.0300,0.49964413,2.86169467,0.59497252,0.49678641,1.49403541,0.52233338
74.0400,0.49964361,2.86169737,0.59497501,0.49678666,1.49403816,0.52233291
74.0500,0.49964308,2.86170006,0.59497751,0.49678692,1.49404090,0.52233244
74.0600,0.49964256,2.86170276,0.59498000,0.49678718,1.49404365,0.52233198
74.0700,0.49964204,2.86170545,0.59498248,0.49678744,1.49404639,0.52233151
74.0800,0.49964152,2.86170814,0.59498497,0.49678769,1.49404913,0.52233104
74.0900,0.49964099,2.86171082,0.59498746,0.49678795,1.49405187,0.52233058
74.1000,0.49964047,2.86171351,0.59498994,0.49678821,1.49405460,0.52233011
74.1100,0.49963995,2.86171619,0.59499242,0.49678846,1.49405733,0.52232964
74.1200,0.49963943,2.86171887,0.59499490,0.49678872,1.49406006,0.52232918
74.1300,0.49963891,2.86172155,0.59499738,0.49678897,1.49406279,0.52232871
74.1400,0.49963839,2.86172423,0.59499985,0.49678923,1.49406552,0.52232825
74.1500,0.49963787,2.86172690,0.59500233,0.49678948,1.49406824,0.52232779
74.1600,0.49963735,2.86172958,0.59500480,0.49678974,1.49407096,0.52232732
74.1700,0.49963683,2.86173225,0.59500727,0.49678999,1.49407368,0.52232686
74.1800,0.49963631,2.86173491,0.59500974,0.49679024,1.49407639,0.52232640
74.1900,0.49963579,2.86173758,0.59501220,0.49679050,1.49407910,0.52232593
74.2000,0.49963528,2.86174024,0.59501467,0.49679075,1.49408181,0.52232547
74.2100,0.49963476,2.86174291,0.59501713,0.49679100,1.49408452,0.52232501
74.2200,0.49963424,2.86174556,0.59501959,0.49679126,1.49408723,0.52232455
74.2300,0.49963373,2.86174822,0.59502205,0.49679151,1.49408993,0.52232409
74.2400,0.49963321,2.86175088,0.59502451,0.49679176,1.49409263,0.52232363
74.2500,0.49963270,2.86175353,0.59502696,0.49679201,1.49409533,0.52232317
74.2600,0.49963218,2.86175618,0.59502941,0.49679227,1.49409802,0.52232271
74.2700,0.49963167,2.86175883,0.59503186,0.49679252,1.49410072,0.52232226
74.2800,0.49963115,2.86176148,0.59503431,0.49679277,1.49410341,0.52232180
74.2900,0.49963064,2.86176412,0.59503676,0.49679302,1.49410610,0.52232134
74.3000,0.49963012,2.86176676,0.59503921,0.49679327,1.49410878,0.52232089
74.3100,0.49962961,2.86176941,0.59504165,0.49679352,1.49411146,0.52232043
74.3200,0.49962910,2.86177204,0.59504409,0.49679377,1.49411415,0.52231997
74.3300,0.49962859,2.86177468,0.59504653,0.49679402,1.49411682,0.52231952
74.3400,0.49962808,2.86177731,0.59504897,0.49679427,1.49411950,0.52231906
74.3500,0.49962756,2.86177995,0.59505141,0.49679452,1.49412217,0.52231861
74.3600,0.49962705,2.86178258,0.59505384,0.49679477,1.49412484,0.52231815
74.3700,0.49962654,2.86178520,0.59505628,0.49679502,1.49412751,0.52231770
74.3800,0.49962603,2.86178783,0.59505871,0.49679527,1.49413018,0.52231725
74.3900,0.49962552,2.86179045,0.59506114,0.49679552,1.49413284,0.52231680
74.4000,0.49962501,2.86179307,0.59506356,0.49679576,1.49413550,0.52231634
74.4100,0.49962450,2.86179569,0.59506599,0.49679601,1.49413816,0.52231589
74.4200,0.49962400,2.86179831,0.59506841,0.49679626,1.49414082,0.52231544
74.4300,0.49962349,2.86180093,0.59507084,0.49679651,1.49414347,0.52231499
74.4400,0.49962298,2.86180354,0.59507326,0.49679675,1.49414613,0.52231454
74.4500,0.49962247,2.86180615,0.59507567,0.49679700,1.49414878,0.52231409
74.4600,0.49962197,2.86180876,0.59507809,0.49679725,1.49415142,0.52231364
74.4700,0.49962146,2.86181137,0.59508050,0.49679749,1.49415407,0.52231319
74.4800,0.49962095,2.86181397,0.59508292,0.49679774,1.49415671,0.52231274
74.4900,0.49962045,2.86181657,0.59508533,0.49679798,1.49415935,0.52231230
74.5000,0.49961994,2.86181918,0.59508774,0.49679823,1.49416199,0.52231185
74.5100,0.49961944,2.86182177,0.59509014,0.49679848,1.49416462,0.52231140
74.5200,0.49961893,2.86182437,0.59509255,0.49679872,1.49416725,0.52231096
74.5300,0.49961843,2.86182696,0.59509495,0.49679897,1.49416988,0.52231051
74.5400,0.49961793,2.86182956,0.59509736,0.49679921,1.49417251,0.52231006
74.5500,0.49961742,2.86183215,0.59509976,0.49679945,1.49417514,0.52230962
74.5600,0.49961692,2.86183474,0.59510215,0.49679970,1.49417776,0.52230917
74.5700,0.49961642,2.86183732,0.59510455,0.49679994,1.49418038,0.52230873
74.5800,0.49961592,2.86183991,0.59510694,0.49680019,1.49418300,0.52230829
74.5900,0.49961542,2.86184249,0.59510934,0.49680043,1.49418562,0.52230784
74.6000,0.49961491,2.86184507,0.59511173,0.49680067,1.49418823,0.52230740
74.6100,0.49961441,2.86184765,0.59511412,0.49680091,1.49419084,0.52230696
74.6200,0.49961391,2.86185022,0.59511651,0.49680116,1.49419345,0.52230652
74.6300,0.49961341,2.86185280,0.59511889,0.49680140,1.49419606,0.52230608
74.6400,0.49961291,2.86185537,0.59512127,0.49680164,1.49419866,0.52230563
74.6500,0.49961242,2.86185794,0.59512366,0.49680188,1.49420126,0.52230519
74.6600,0.49961192,2.86186050,0.59512604,0.49680212,1.49420386,0.52230475
74.6700,0.49961142,2.86186307,0.59512842,0.49680236,1.49420646,0.52230431
74.6800,0.49961092,2.86186563,0.59513079,0.49680261,1.49420905,0.52230387
74.6900,0.49961042,2.86186820,0.59513317,0.49680285,1.49421165,0.52230344
74.7000,0.49960993,2.86187075,0.59513554,0.49680309,1.49421424,0.52230300
74.7100,0.49960943,2.86187331,0.59513791,0.49680333,1.49421682,0.52230256
74.7200,0.49960893,2.86187587,0.59514028,0.49680357,1.49421941,0.52230212
74.7300,0.49960844,2.86187842,0.59514265,0.49680381,1.49422199,0.52230169
74.7400,0.49960794,2.86188097,0.59514501,0.49680405,1.49422457,0.52230125
74.7500,0.49960745,2.86188352,0.59514738,0.49680428,1.49422715,0.52230081
74.7600,0.49960695,2.86188607,0.59514974,0.49680452,1.49422973,0.52230038
74.7700,0.49960646,2.86188861,0.59515210,0.49680476,1.49423230,0.52229994
74.7800,0.49960596,2.86189116,0.59515446,0.49680500,1.49423487,0.52229951
74.7900,0.49960547,2.86189370,0.59515682,0.49680524,1.49423744,0.52229907
74.8000,0.49960498,2.86189624,0.59515917,0.49680548,1.49424001,0.52229864
74.8100,0.49960448,2.86189877,0.59516152,0.49680571,1.49424257,0.52229821
74.8200,0.49960399,2.86190131,0.59516388,0.49680595,1.49424513,0.52229777
74.8300,0.49960350,2.86190384,0.59516623,0.49680619,1.49424769,0.52229734
74.8400,0.49960301,2.86190637,0.59516857,0.49680643,1.49425025,0.52229691
74.8500,0.49960252,2.86190890,0.59517092,0.49680666,1.49425281,0.52229648
74.8600,0.49960203,2.86191143,0.59517326,0.49680690,1.49425536,0.52229605
74.8700,0.49960154,2.86191395,0.59517561,0.49680713,1.49425791,0.52229562
74.8800,0.49960105,2.86191648,0.59517795,0.49680737,1.49426046,0.52229519
74.8900,0.49960056,2.86191900,0.59518029,0.49680761,1.49426300,0.52229476
74.9000,0.49960007,2.86192152,0.59518262,0.49680784,1.49426555,0.52229433
74.9100,0.49959958,2.86192403,0.59518496,0.49680808,1.49426809,0.52229390
74.9200,0.49959909,2.86192655,0.59518729,0.49680831,1.49427063,0.52229347
74.9300,0.49959860,2.86192906,0.59518963,0.49680855,1.49427316,0.52229304
74.9400,0.49959812,2.86193157,0.59519196,0.49680878,1.49427570,0.52229261
74.9500,0.49959763,2.86193408,0.59519429,0.49680901,1.49427823,0.52229219
74.9600,0.49959714,2.86193659,0.59519661,0.49680925,1.49428076,0.52229176
74.9700,0.49959666,2.86193909,0.59519894,0.49680948,1.49428329,0.52229133
74.9800,0.49959617,2.86194159,0.59520126,0.49680972,1.49428581,0.52229091
74.9900,0.49959569,2.86194410,0.59520358,0.49680995,1.49428833,0.52229048
75.0000,0.49959520,2.86194659,0.59520590,0.49681018,1.49429085,0.52229006
75.0100,0.49959472,2.86194909,0.59520822,0.49681041,1.49429337,0.52228963
75.0200,0.49959423,2.86195159,0.59521054,0.49681065,1.49429589,0.52228921
75.0300,0.49959375,2.86195408,0.59521285,0.49681088,1.49429840,0.52228879
75.0400,0.49959326,2.86195657,0.59521516,0.49681111,1.49430091,0.52228836
75.0500,0.49959278,2.86195906,0.59521747,0.49681134,1.49430342,0.52228794
75.0600,0.49959230,2.86196155,0.59521978,0.49681157,1.49430593,0.52228752
75.0700,0.49959182,2.86196403,0.59522209,0.49681181,1.49430843,0.52228710
75.0800,0.49959133,2.86196651,0.59522440,0.49681204,1.49431094,0.52228668
75.0900,0.49959085,2.86196899,0.59522670,0.49681227,1.49431344,0.52228625
75.1000,0.49959037,2.86197147,0.59522900,0.49681250,1.49431593,0.52228583
75.1100,0.49958989,2.86197395,0.59523130,0.49681273,1.49431843,0.52228541
75.1200,0.49958941,2.86197642,0.59523360,0.49681296,1.49432092,0.52228499
75.1300,0.49958893,2.86197890,0.59523590,0.49681319,1.49432341,0.52228458
75.1400,0.49958845,2.86198137,0.59523820,0.49681342,1.49432590,0.52228416
75.1500,0.49958797,2.86198384,0.59524049,0.49681365,1.49432839,0.52228374
75.1600,0.49958749,2.86198630,0.59524278,0.49681387,1.49433087,0.52228332
75.1700,0.49958701,2.86198877,0.59524507,0.49681410,1.49433335,0.52228290
75.1800,0.49958653,2.86199123,0.59524736,0.49681433,1.49433583,0.52228249
75.1900,0.49958606,2.86199369,0.59524965,0.49681456,1.49433831,0.52228207
75.2000,0.49958558,2.86199615,0.59525193,0.49681479,1.49434079,0.52228165
75.2100,0.49958510,2.86199861,0.59525422,0.49681502,1.49434326,0.52228124
75.2200,0.49958463,2.86200107,0.59525650,0.49681524,1.49434573,0.52228082
75.2300,0.49958415,2.86200352,0.59525878,0.49681547,1.49434820,0.52228041
75.2400,0.49958367,2.86200597,0.59526105,0.49681570,1.49435066,0.52227999
75.2500,0.49958320,2.86200842,0.59526333,0.49681592,1.49435313,0.52227958
75.2600,0.49958272,2.86201087,0.59526561,0.49681615,1.49435559,0.52227917
75.2700,0.49958225,2.86201331,0.59526788,0.49681638,1.49435805,0.52227875
75.2800,0.49958177,2.86201576,0.59527015,0.49681660,1.49436051,0.52227834
75.2900,0.49958130,2.86201820,0.59527242,0.49681683,1.49436296,0.52227793
75.3000,0.49958083,2.86202064,0.59527469,0.49681706,1.49436541,0.52227752
75.3100,0.49958035,2.86202307,0.59527695,0.49681728,1.49436787,0.52227710
75.3200,0.49957988,2.86202551,0.59527922,0.49681751,1.49437031,0.52227669
75.3300,0.49957941,2.86202794,0.59528148,0.49681773,1.49437276,0.52227628
75.3400,0.49957894,2.86203038,0.59528374,0.49681796,1.49437520,0.52227587
75.3500,0.49957847,2.86203281,0.59528600,0.49681818,1.49437764,0.52227546
75.3600,0.49957799,2.86203523,0.59528826,0.49681840,1.49438008,0.52227505
75.3700,0.49957752,2.86203766,0.59529051,0.49681863,1.49438252,0.52227464
75.3800,0.49957705,2.86204008,0.59529277,0.49681885,1.49438496,0.52227424
75.3900,0.49957658,2.86204251,0.59529502,0.49681908,1.49438739,0.52227383
75.4000,0.49957611,2.86204493,0.59529727,0.49681930,1.49438982,0.52227342
75.4100,0.49957564,2.86204734,0.59529952,0.49681952,1.49439225,0.52227301
75.4200,0.49957518,2.86204976,0.59530177,0.49681974,1.49439467,0.52227261
75.4300,0.49957471,2.86205218,0.59530401,0.49681997,1.49439710,0.52227220
75.4400,0.49957424,2.86205459,0.59530626,0.49682019,1.49439952,0.52227179
75.4500,0.49957377,2.86205700,0.59530850,0.49682041,1.49440194,0.52227139
75.4600,0.49957330,2.86205941,0.59531074,0.49682063,1.49440436,0.52227098
75.4700,0.49957284,2.86206181,0.59531298,0.49682086,1.49440677,0.52227058
75.4800,0.49957237,2.86206422,0.59531522,0.49682108,1.49440919,0.52227017
75.4900,0.49957190,2.86206662,0.59531745,0.49682130,1.49441160,0.52226977
75.5000,0.49957144,2.86206902,0.59531968,0.49682152,1.49441400,0.52226937
75.5100,0.49957097,2.86207142,0.59532192,0.49682174,1.49441641,0.52226896
75.5200,0.49957051,2.86207382,0.59532415,0.49682196,1.49441882,0.52226856
75.5300,0.49957004,2.86207621,0.59532638,0.49682218,1.49442122,0.52226816
75.5400,0.49956958,2.86207861,0.59532860,0.49682240,1.49442362,0.52226776
75.5500,0.49956911,2.86208100,0.59533083,0.49682262,1.49442601,0.52226736
75.5600,0.49956865,2.86208339,0.59533305,0.49682284,1.49442841,0.52226695
75.5700,0.49956819,2.86208577,0.59533527,0.49682306,1.49443080,0.52226655
75.5800,0.49956772,2.86208816,0.59533749,0.49682328,1.49443320,0.52226615
75.5900,0.49956726,2.86209054,0.59533971,0.49682350,1.49443558,0.52226575
75.6000,0.49956680,2.86209293,0.59534193,0.49682372,1.49443797,0.52226535
75.6100,0.49956634,2.86209531,0.59534414,0.49682393,1.49444036,0.52226496
75.6200,0.49956588,2.86209768,0.59534636,0.49682415,1.49444274,0.52226456
75.6300,0.49956541,2.86210006,0.59534857,0.49682437,1.49444512,0.52226416
75.6400,0.49956495,2.86210243,0.59535078,0.49682459,1.49444750,0.52226376
75.6500,0.49956449,2.86210481,0.59535299,0.49682480,1.49444987,0.52226336
75.6600,0.49956403,2.86210718,0.59535520,0.49682502,1.49445225,0.52226297
75.6700,0.49956357,2.86210955,0.59535740,0.49682524,1.49445462,0.52226257
75.6800,0.49956312,2.86211191,0.59535960,0.49682546,1.49445699,0.52226218
75.6900,0.49956266,2.86211428,0.59536181,0.49682567,1.49445936,0.52226178
75.7000,0.49956220,2.86211664,0.59536401,0.49682589,1.49446172,0.52226138
75.7100,0.49956174,2.86211900,0.59536621,0.49682610,1.49446408,0.52226099
75.7200,0.49956128,2.86212136,0.59536840,0.49682632,1.49446644,0.52226060
75.7300,0.49956082,2.86212372,0.59537060,0.49682654,1.49446880,0.52226020
75.7400,0.49956037,2.86212607,0.59537279,0.49682675,1.49447116,0.52225981
75.7500,0.49955991,2.86212843,0.59537498,0.49682697,1.49447351,0.52225942
75.7600,0.49955946,2.86213078,0.59537717,0.49682718,1.49447587,0.52225902
75.7700,0.49955900,2.86213313,0.59537936,0.49682740,1.49447822,0.52225863
75.7800,0.49955854,2.86213547,0.59538155,0.49682761,1.49448057,0.52225824
75.7900,0.49955809,2.86213782,0.59538373,0.49682782,1.49448291,0.52225785
75.8000,0.49955763,2.86214016,0.59538592,0.49682804,1.49448525,0.52225746
75.8100,0.49955718,2.86214251,0.59538810,0.49682825,1.49448760,0.52225707
75.8200,0.49955673,2.86214485,0.59539028,0.49682847,1.49448994,0.52225667
75.8300,0.49955627,2.86214719,0.59539246,0.49682868,1.49449227,0.52225629
75.8400,0.49955582,2.86214952,0.59539464,0.49682889,1.49449461,0.52225590
75.8500,0.49955537,2.86215186,0.59539681,0.49682911,1.49449694,0.52225551
75.8600,0.49955491,2.86215419,0.59539898,0.49682932,1.49449927,0.52225512
75.8700,0.49955446,2.86215652,0.59540116,0.49682953,1.49450160,0.52225473
75.8800,0.49955401,2.86215885,0.59540333,0.49682974,1.49450393,0.52225434
75.8900,0.49955356,2.86216118,0.59540550,0.49682996,1.49450625,0.52225395
75.9000,0.49955311,2.86216350,0.59540766,0.49683017,1.49450858,0.52225357
75.9100,0.49955266,2.86216583,0.59540983,0.49683038,1.49451090,0.52225318
75.9200,0.49955221,2.86216815,0.59541199,0.49683059,1.49451322,0.52225279
75.9300,0.49955176,2.86217047,0.59541415,0.49683080,1.49451553,0.52225241
75.9400,0.49955131,2.86217279,0.59541632,0.49683101,1.49451785,0.52225202
75.9500,0.49955086,2.86217510,0.59541847,0.49683122,1.49452016,0.52225164
75.9600,0.49955041,2.86217742,0.59542063,0.49683143,1.49452247,0.52225125
75.9700,0.49954996,2.86217973,0.59542279,0.49683164,1.49452478,0.52225087
75.9800,0.49954951,2.86218204,0.59542494,0.49683185,1.49452708,0.52225049
75.9900,0.49954906,2.86218435,0.59542709,0.49683206,1.49452939,0.52225010
76.0000,0.49954862,2.86218665,0.59542924,0.49683227,1.49453169,0.52224972
76.0100,0.49954817,2.86218896,0.59543139,0.49683248,1.49453399,0.52224934
76.0200,0.49954772,2.86219126,0.59543354,0.49683269,1.49453628,0.52224895
76.0300,0.49954728,2.86219356,0.59543569,0.49683290,1.49453858,0.52224857
76.0400,0.49954683,2.86219586,0.59543783,0.49683311,1.49454087,0.52224819
76.0500,0.49954638,2.86219816,0.59543997,0.49683332,1.49454316,0.52224781
76.0600,0.49954594,2.86220046,0.59544212,0.49683353,1.49454545,0.52224743
76.0700,0.49954549,2.86220275,0.59544425,0.49683373,1.49454774,0.52224705
76.0800,0.49954505,2.86220504,0.59544639,0.49683394,1.49455003,0.52224667
76.0900,0.49954461,2.86220733,0.59544853,0.49683415,1.49455231,0.52224629
76.1000,0.49954416,2.86220962,0.59545066,0.49683436,1.49455459,0.52224591
76.1100,0.49954372,2.86221191,0.59545280,0.49683456,1.49455687,0.52224553
76.1200,0.49954327,2.86221419,0.59545493,0.49683477,1.49455914,0.52224515
76.1300,0.49954283,2.86221648,0.59545706,0.49683498,1.49456142,0.52224478
76.1400,0.49954239,2.86221876,0.59545919,0.49683518,1.49456369,0.52224440
76.1500,0.49954195,2.86222104,0.59546131,0.49683539,1.49456596,0.52224402
76.1600,0.49954151,2.86222332,0.59546344,0.49683560,1.49456823,0.52224364
76.1700,0.49954106,2.86222559,0.59546556,0.49683580,1.49457050,0.52224327
76.1800,0.49954062,2.86222786,0.59546768,0.49683601,1.49457276,0.52224289
76.1900,0.49954018,2.86223014,0.59546980,0.49683621,1.49457502,0.52224252
76.2000,0.49953974,2.86223241,0.59547192,0.49683642,1.49457728,0.52224214
76.2100,0.49953930,2.86223468,0.59547404,0.49683662,1.49457954,0.52224177
76.2200,0.49953886,2.86223694,0.59547615,0.49683683,1.49458180,0.52224139
76.2300,0.49953842,2.86223921,0.59547827,0.49683703,1.49458405,0.52224102
76.2400,0.49953799,2.86224147,0.59548038,0.49683724,1.49458630,0.52224065
76.2500,0.49953755,2.86224373,0.59548249,0.49683744,1.49458855,0.52224027
76.2600,0.49953711,2.86224599,0.59548460,0.49683764,1.49459080,0.52223990
76.2700,0.49953667,2.86224825,0.59548671,0.49683785,1.49459305,0.52223953
76.2800,0.49953623,2.86225050,0.59548881,0.49683805,1.49459529,0.52223915
76.2900,0.49953580,2.86225276,0.59549092,0.49683825,1.49459753,0.52223878
76.3000,0.49953536,2.86225501,0.59549302,0.49683846,1.49459977,0.52223841
76.3100,0.49953492,2.86225726,0.59549512,0.49683866,1.49460201,0.52223804
76.3200,0.49953449,2.86225951,0.59549722,0.49683886,1.49460425,0.52223767
76.3300,0.49953405,2.86226176,0.59549932,0.49683906,1.49460648,0.52223730
76.3400,0.49953362,2.86226400,0.59550141,0.49683927,1.49460871,0.52223693
76.3500,0.49953318,2.86226625,0.59550351,0.49683947,1.49461094,0.52223656
76.3600,0.49953275,2.86226849,0.59550560,0.49683967,1.49461317,0.52223619
76.3700,0.49953231,2.86227073,0.59550769,0.49683987,1.49461539,0.52223582
76.3800,0.49953188,2.86227296,0.59550978,0.49684007,1.49461762,0.52223546
76.3900,0.49953144,2.86227520,0.59551187,0.49684027,1.49461984,0.52223509
76.4000,0.49953101,2.86227743,0.59551396,0.49684048,1.49462206,0.52223472
76.4100,0.49953058,2.86227967,0.59551604,0.49684068,1.49462427,0.52223435
76.4200,0.49953015,2.86228190,0.59551812,0.49684088,1.49462649,0.52223399
76.4300,0.49952971,2.86228413,0.59552021,0.49684108,1.49462870,0.52223362
76.4400,0.49952928,2.86228635,0.59552229,0.49684128,1.49463092,0.52223325
76.4500,0.49952885,2.86228858,0.59552437,0.49684148,1.49463312,0.52223289
76.4600,0.49952842,2.86229080,0.59552644,0.49684168,1.49463533,0.52223252
76.4700,0.49952799,2.86229303,0.59552852,0.49684188,1.49463754,0.52223216
76.4800,0.49952756,2.86229525,0.59553059,0.49684207,1.49463974,0.52223179
76.4900,0.49952713,2.86229746,0.59553266,0.49684227,1.49464194,0.52223143
76.5000,0.49952670,2.86229968,0.59553474,0.49684247,1.49464414,0.52223107
76.5100,0.49952627,2.86230189,0.59553680,0.49684267,1.49464634,0.52223070
76.5200,0.49952584,2.86230411,0.59553887,0.49684287,1.49464853,0.52223034
76.5300,0.49952541,2.86230632,0.59554094,0.49684307,1.49465073,0.52222998
76.5400,0.49952498,2.86230853,0.59554300,0.49684327,1.49465292,0.52222962
76.5500,0.49952456,2.86231074,0.59554507,0.49684346,1.49465511,0.52222925
76.5600,0.49952413,2.86231294,0.59554713,0.49684366,1.49465730,0.52222889
76.5700,0.49952370,2.86231515,0.59554919,0.49684386,1.49465948,0.52222853
76.5800,0.49952327,2.86231735,0.59555125,0.49684406,1.49466166,0.52222817
76.5900,0.49952285,2.86231955,0.59555330,0.49684425,1.49466385,0.52222781
76.6000,0.49952242,2.86232175,0.59555536,0.49684445,1.49466602,0.52222745
76.6100,0.49952199,2.86232395,0.59555741,0.49684465,1.49466820,0.52222709
76.6200,0.49952157,2.86232614,0.59555946,0.49684484,1.49467038,0.52222673
76.6300,0.49952114,2.86232833,0.59556152,0.49684504,1.49467255,0.52222637
76.6400,0.49952072,2.86233053,0.59556356,0.49684523,1.49467472,0.52222602
76.6500,0.49952029,2.86233272,0.59556561,0.49684543,1.49467689,0.52222566
76.6600,0.49951987,2.86233490,0.59556766,0.49684562,1.49467906,0.52222530
76.6700,0.49951945,2.86233709,0.59556970,0.49684582,1.49468123,0.52222494
76.6800,0.49951902,2.86233928,0.59557175,0.49684601,1.49468339,0.52222459
76.6900,0.49951860,2.86234146,0.59557379,0.49684621,1.49468555,0.52222423
76.7000,0.49951818,2.86234364,0.59557583,0.49684640,1.49468771,0.52222387
76.7100,0.49951775,2.86234582,0.59557786,0.49684660,1.49468987,0.52222352
76.7200,0.49951733,2.86234800,0.59557990,0.49684679,1.49469202,0.52222316
76.7300,0.49951691,2.86235017,0.59558194,0.49684699,1.49469418,0.52222281
76.7400,0.49951649,2.86235235,0.59558397,0.49684718,1.49469633,0.52222245
76.7500,0.49951607,2.86235452,0.59558600,0.49684737,1.49469848,0.52222210
76.7600,0.49951565,2.86235669,0.59558803,0.49684757,1.49470063,0.52222175
76.7700,0.49951523,2.86235886,0.59559006,0.49684776,1.49470277,0.52222139
76.7800,0.49951481,2.86236103,0.59559209,0.49684795,1.49470492,0.52222104
76.7900,0.49951439,2.86236320,0.59559411,0.49684815,1.49470706,0.52222069
76.8000,0.49951397,2.86236536,0.59559614,0.49684834,1.49470920,0.52222033
76.8100,0.49951355,2.86236752,0.59559816,0.49684853,1.49471134,0.52221998
76.8200,0.49951313,2.86236968,0.59560018,0.49684872,1.49471347,0.52221963
76.8300,0.49951271,2.86237184,0.59560220,0.49684892,1.49471561,0.52221928
76.8400,0.49951229,2.86237400,0.59560422,0.49684911,1.49471774,0.52221893
76.8500,0.49951188,2.86237615,0.59560624,0.49684930,1.49471987,0.52221858
76.8600,0.49951146,2.86237831,0.59560825,0.49684949,1.49472200,0.52221823
76.8700,0.49951104,2.86238046,0.59561027,0.49684968,1.49472413,0.52221788
76.8800,0.49951062,2.86238261,0.59561228,0.49684987,1.49472625,0.52221753
76.8900,0.49951021,2.86238476,0.59561429,0.49685006,1.49472837,0.52221718
76.9000,0.49950979,2.86238690,0.59561630,0.49685025,1.49473049,0.52221683
76.9100,0.49950938,2.86238905,0.59561831,0.49685044,1.49473261,0.52221648
76.9200,0.49950896,2.86239119,0.59562031,0.49685063,1.49473473,0.52221613
76.9300,0.49950855,2.86239334,0.59562232,0.49685082,1.49473684,0.52221579
76.9400,0.49950813,2.86239548,0.59562432,0.49685101,1.49473896,0.52221544
76.9500,0.49950772,2.86239761,0.59562632,0.49685120,1.49474107,0.52221509
76.9600,0.49950730,2.86239975,0.59562832,0.49685139,1.49474318,0.52221475
76.9700,0.49950689,2.86240188,0.59563032,0.49685158,1.49474528,0.52221440
76.9800,0.49950648,2.86240402,0.59563232,0.49685177,1.49474739,0.52221405
76.9900,0.49950606,2.86240615,0.59563431,0.49685196,1.49474949,0.52221371
77.0000,0.49950565,2.86240828,0.59563631,0.49685215,1.49475159,0.52221336
77.0100,0.49950524,2.86241041,0.59563830,0.49685234,1.49475369,0.52221302
77.0200,0.49950482,2.86241253,0.59564029,0.49685252,1.49475579,0.52221267
77.0300,0.49950441,2.86241466,0.59564228,0.49685271,1.49475789,0.52221233
77.0400,0.49950400,2.86241678,0.59564427,0.49685290,1.49475998,0.52221199
77.0500,0.49950359,2.86241890,0.59564625,0.49685309,1.49476207,0.52221164
77.0600,0.49950318,2.86242102,0.59564824,0.49685327,1.49476416,0.52221130
77.0700,0.49950277,2.86242314,0.59565022,0.49685346,1.49476625,0.52221096
77.0800,0.49950236,2.86242526,0.59565220,0.49685365,1.49476834,0.52221061
77.0900,0.49950195,2.86242737,0.59565418,0.49685384,1.49477042,0.52221027
77.1000,0.49950154,2.86242948,0.59565616,0.49685402,1.49477251,0.52220993
77.1100,0.49950113,2.86243159,0.59565814,0.49685421,1.49477459,0.52220959
77.1200,0.49950072,2.86243370,0.59566012,0.49685439,1.49477666,0.52220925
77.1300,0.49950031,2.86243581,0.59566209,0.49685458,1.49477874,0.52220891
77.1400,0.49949991,2.86243792,0.59566406,0.49685477,1.49478082,0.52220857
77.1500,0.49949950,2.86244002,0.59566603,0.49685495,1.49478289,0.52220823
77.1600,0.49949909,2.86244212,0.59566800,0.49685514,1.49478496,0.52220789
77.1700,0.49949868,2.86244423,0.59566997,0.49685532,1.49478703,0.52220755
77.1800,0.49949828,2.86244632,0.59567194,0.49685551,1.49478910,0.52220721
77.1900,0.49949787,2.86244842,0.59567390,0.49685569,1.49479116,0.52220687
77.2000,0.49949746,2.86245052,0.59567587,0.49685588,1.49479323,0.52220654
77.2100,0.49949706,2.86245261,0.59567783,0.49685606,1.49479529,0.52220620
77.2200,0.49949665,2.86245471,0.59567979,0.49685624,1.49479735,0.52220586
77.2300,0.49949625,2.86245680,0.59568175,0.49685643,1.49479941,0.52220552
77.2400,0.49949584,2.86245889,0.59568371,0.49685661,1.49480146,0.52220519
77.2500,0.49949544,2.86246097,0.59568567,0.49685680,1.49480352,0.52220485
77.2600,0.49949504,2.86246306,0.59568762,0.49685698,1.49480557,0.52220452
77.2700,0.49949463,2.86246514,0.59568957,0.49685716,1.49480762,0.52220418
77.2800,0.49949423,2.86246723,0.59569153,0.49685735,1.49480967,0.52220385
77.2900,0.49949382,2.86246931,0.59569348,0.49685753,1.49481171,0.52220351
77.3000,0.49949342,2.86247139,0.59569543,0.49685771,1.49481376,0.52220318
77.3100,0.49949302,2.86247346,0.59569737,0.49685789,1.49481580,0.52220284
77.3200,0.49949262,2.86247554,0.59569932,0.49685808,1.49481784,0.52220251
77.3300,0.49949222,2.86247761,0.59570126,0.49685826,1.49481988,0.52220217
77.3400,0.49949181,2.86247969,0.59570321,0.49685844,1.49482192,0.52220184
77.3500,0.49949141,2.86248176,0.59570515,0.49685862,1.49482396,0.52220151
77.3600,0.49949101,2.86248383,0.59570709,0.49685880,1.49482599,0.52220118
77.3700,0.49949061,2.86248589,0.59570903,0.49685898,1.49482802,0.52220084
77.3800,0.49949021,2.86248796,0.59571097,0.49685917,1.49483005,0.52220051
77.3900,0.49948981,2.86249003,0.59571290,0.49685935,1.49483208,0.52220018
77.4000,0.49948941,2.86249209,0.59571484,0.49685953,1.49483411,0.52219985
77.4100,0.49948901,2.86249415,0.59571677,0.49685971,1.49483613,0.52219952
77.4200,0.49948861,2.86249621,0.59571870,0.49685989,1.49483815,0.52219919
77.4300,0.49948821,2.86249827,0.59572063,0.49686007,1.49484017,0.52219886
77.4400,0.49948782,2.86250032,0.59572256,0.49686025,1.49484219,0.52219853
77.4500,0.49948742,2.86250238,0.59572449,0.49686043,1.49484421,0.52219820
77.4600,0.49948702,2.86250443,0.59572641,0.49686061,1.49484622,0.52219787
77.4700,0.49948662,2.86250648,0.59572834,0.49686079,1.49484824,0.52219754
77.4800,0.49948623,2.86250853,0.59573026,0.49686097,1.49485025,0.52219722
77.4900,0.49948583,2.86251058,0.59573218,0.49686114,1.49485226,0.52219689
77.5000,0.49948543,2.86251263,0.59573410,0.49686132,1.49485427,0.52219656
77.5100,0.49948504,2.86251467,0.59573602,0.49686150,1.49485627,0.52219623
77.5200,0.49948464,2.86251671,0.59573793,0.49686168,1.49485828,0.52219591
77.5300,0.49948425,2.86251875,0.59573985,0.49686186,1.49486028,0.52219558
77.5400,0.49948385,2.86252079,0.59574176,0.49686204,1.49486228,0.52219525
77.5500,0.49948346,2.86252283,0.59574368,0.49686221,1.49486428,0.52219493
77.5600,0.49948306,2.86252487,0.59574559,0.49686239,1.49486628,0.52219460
77.5700,0.49948267,2.86252690,0.59574750,0.49686257,1.49486827,0.52219428
77.5800,0.49948227,2.86252894,0.59574940,0.49686275,1.49487027,0.52219395
77.5900,0.49948188,2.86253097,0.59575131,0.49686292,1.49487226,0.52219363
77.6000,0.49948149,2.86253300,0.59575322,0.49686310,1.49487425,0.52219330
77.6100,0.49948109,2.86253503,0.59575512,0.49686328,1.49487624,0.52219298
77.6200,0.49948070,2.86253705,0.59575702,0.49686345,1.49487822,0.52219266
77.6300,0.49948031,2.86253908,0.59575892,0.49686363,1.49488021,0.52219233
77.6400,0.49947992,2.86254110,0.59576082,0.49686381,1.49488219,0.52219201
77.6500,0.49947953,2.86254312,0.59576272,0.49686398,1.49488417,0.52219169
77.6600,0.49947914,2.86254515,0.59576462,0.49686416,1.49488615,0.52219137
77.6700,0.49947874,2.86254716,0.59576651,0.49686433,1.49488812,0.52219105
77.6800,0.49947835,2.86254918,0.59576841,0.49686451,1.49489010,0.52219072
77.6900,0.49947796,2.86255120,0.59577030,0.49686468,1.49489207,0.52219040
77.7000,0.49947757,2.86255321,0.59577219,0.49686486,1.49489405,0.52219008
77.7100,0.49947718,2.86255522,0.59577408,0.49686503,1.49489602,0.52218976
77.7200,0.49947679,2.86255723,0.59577597,0.49686521,1.49489798,0.52218944
77.7300,0.49947641,2.86255924,0.59577785,0.49686538,1.49489995,0.52218912
77.7400,0.49947602,2.86256125,0.59577974,0.49686556,1.49490191,0.52218880
77.7500,0.49947563,2.86256326,0.59578162,0.49686573,1.49490388,0.52218848
77.7600,0.49947524,2.86256526,0.59578350,0.49686591,1.49490584,0.52218816
77.7700,0.49947485,2.86256726,0.59578539,0.49686608,1.49490780,0.52218785
77.7800,0.49947446,2.86256926,0.59578727,0.49686625,1.49490975,0.52218753
77.7900,0.49947408,2.86257126,0.59578914,0.49686643,1.49491171,0.52218721
77.8000,0.49947369,2.86257326,0.59579102,0.49686660,1.49491366,0.52218689
77.8100,0.49947330,2.86257526,0.59579289,0.49686677,1.49491562,0.52218658
77.8200,0.49947292,2.86257725,0.59579477,0.49686695,1.49491757,0.52218626
77.8300,0.49947253,2.86257925,0.59579664,0.49686712,1.49491951,0.52218594
77.8400,0.49947215,2.86258124,0.59579851,0.49686729,1.49492146,0.52218563
77.8500,0.49947176,2.86258323,0.59580038,0.49686746,1.49492341,0.52218531
77.8600,0.49947138,2.86258522,0.59580225,0.49686764,1.49492535,0.52218500
77.8700,0.49947099,2.86258720,0.59580412,0.49686781,1.49492729,0.52218468
77.8800,0.49947061,2.86258919,0.59580598,0.49686798,1.49492923,0.52218437
77.8900,0.49947022,2.86259117,0.59580784,0.49686815,1.49493117,0.52218405
77.9000,0.49946984,2.86259315,0.59580971,0.49686832,1.49493310,0.52218374
77.9100,0.49946946,2.86259513,0.59581157,0.49686849,1.49493504,0.52218342
77.9200,0.49946907,2.86259711,0.59581343,0.49686866,1.49493697,0.52218311
77.9300,0.49946869,2.86259909,0.59581529,0.49686884,1.49493890,0.52218280
77.9400,0.49946831,2.86260106,0.59581714,0.49686901,1.49494083,0.52218249
77.9500,0.49946792,2.86260304,0.59581900,0.49686918,1.49494276,0.52218217
77.9600,0.49946754,2.86260501,0.59582085,0.49686935,1.49494468,0.52218186
77.9700,0.49946716,2.86260698,0.59582270,0.49686952,1.49494661,0.52218155
77.9800,0.49946678,2.86260895,0.59582456,0.49686969,1.49494853,0.52218124
77.9900,0.49946640,2.86261092,0.59582640,0.49686986,1.49495045,0.52218093
78.0000,0.49946602,2.86261289,0.59582825,0.49687003,1.49495237,0.52218062
78.0100,0.49946564,2.86261485,0.59583010,0.49687020,1.49495429,0.52218031
78.0200,0.49946526,2.86261681,0.59583195,0.49687036,1.49495620,0.52218000
78.0300,0.49946488,2.86261877,0.59583379,0.49687053,1.49495811,0.52217969
78.0400,0.49946450,2.86262073,0.59583563,0.49687070,1.49496003,0.52217938
78.0500,0.49946412,2.86262269,0.59583747,0.49687087,1.49496194,0.52217907
78.0600,0.49946374,2.86262465,0.59583931,0.49687104,1.49496384,0.52217876
78.0700,0.49946336,2.86262661,0.59584115,0.49687121,1.49496575,0.52217845
78.0800,0.49946298,2.86262856,0.59584299,0.49687138,1.49496765,0.52217814
78.0900,0.49946261,2.86263051,0.59584482,0.49687154,1.49496956,0.52217783
78.1000,0.49946223,2.86263246,0.59584666,0.49687171,1.49497146,0.52217753
78.1100,0.49946185,2.86263441,0.59584849,0.49687188,1.49497336,0.52217722
78.1200,0.49946147,2.86263636,0.59585032,0.49687205,1.49497526,0.52217691
78.1300,0.49946110,2.86263830,0.59585215,0.49687221,1.49497715,0.52217661
78.1400,0.49946072,2.86264025,0.59585398,0.49687238,1.49497905,0.52217630
78.1500,0.49946034,2.86264219,0.59585581,0.49687255,1.49498094,0.52217599
78.1600,0.49945997,2.86264413,0.59585764,0.49687271,1.49498283,0.52217569
78.1700,0.49945959,2.86264607,0.59585946,0.49687288,1.49498472,0.52217538
78.1800,0.49945922,2.86264801,0.59586128,0.49687305,1.49498660,0.52217508
78.1900,0.49945884,2.86264995,0.59586311,0.49687321,1.49498849,0.52217477
78.2000,0.49945847,2.86265188,0.59586493,0.49687338,1.49499037,0.52217447
78.2100,0.49945809,2.86265382,0.59586674,0.49687355,1.49499226,0.52217417
78.2200,0.49945772,2.86265575,0.59586856,0.49687371,1.49499414,0.52217386
78.2300,0.49945735,2.86265768,0.59587038,0.49687388,1.49499602,0.52217356
78.2400,0.49945697,2.86265961,0.59587219,0.49687404,1.49499789,0.52217326
78.2500,0.49945660,2.86266153,0.59587401,0.49687421,1.49499977,0.52217295
78.2600,0.49945623,2.86266346,0.59587582,0.49687437,1.49500164,0.52217265
78.2700,0.49945586,2.86266538,0.59587763,0.49687454,1.49500351,0.52217235
78.2800,0.49945548,2.86266731,0.59587944,0.49687470,1.49500538,0.52217205
78.2900,0.49945511,2.86266923,0.59588125,0.49687487,1.49500725,0.52217175
78.3000,0.49945474,2.86267115,0.59588305,0.49687503,1.49500912,0.52217144
78.3100,0.49945437,2.86267307,0.59588486,0.49687519,1.49501098,0.52217114
78.3200,0.49945400,2.86267498,0.59588666,0.49687536,1.49501285,0.52217084
78.3300,0.49945363,2.86267690,0.59588847,0.49687552,1.49501471,0.52217054
78.3400,0.49945326,2.86267881,0.59589027,0.49687569,1.49501657,0.52217024
78.3500,0.49945289,2.86268072,0.59589207,0.49687585,1.49501843,0.52216994
78.3600,0.49945252,2.86268263,0.59589387,0.49687601,1.49502028,0.52216964
78.3700,0.49945215,2.86268454,0.59589566,0.49687618,1.49502214,0.52216935
78.3800,0.49945178,2.86268645,0.59589746,0.49687634,1.49502399,0.52216905
78.3900,0.49945141,2.86268836,0.59589925,0.49687650,1.49502584,0.52216875
78.4000,0.49945104,2.86269026,0.59590105,0.49687666,1.49502769,0.52216845
78.4100,0.49945067,2.86269216,0.59590284,0.49687683,1.49502954,0.52216815
78.4200,0.49945030,2.86269406,0.59590463,0.49687699,1.49503139,0.52216786
78.4300,0.49944994,2.86269596,0.59590642,0.49687715,1.49503323,0.52216756
78.4400,0.49944957,2.86269786,0.59590820,0.49687731,1.49503508,0.52216726
78.4500,0.49944920,2.86269976,0.59590999,0.49687747,1.49503692,0.52216697
78.4600,0.49944884,2.86270165,0.59591177,0.49687764,1.49503876,0.52216667
78.4700,0.49944847,2.86270355,0.59591356,0.49687780,1.49504059,0.52216637
78.4800,0.49944810,2.86270544,0.59591534,0.49687796,1.49504243,0.52216608
78.4900,0.49944774,2.86270733,0.59591712,0.49687812,1.49504427,0.52216578
78.5000,0.49944737,2.86270922,0.59591890,0.49687828,1.49504610,0.52216549
78.5100,0.49944701,2.86271111,0.59592068,0.49687844,1.49504793,0.52216519
78.5200,0.49944664,2.86271299,0.59592246,0.49687860,1.49504976,0.52216490
78.5300,0.49944628,2.86271488,0.59592423,0.49687876,1.49505159,0.52216461
78.5400,0.49944591,2.86271676,0.59592600,0.49687892,1.49505341,0.52216431
78.5500,0.49944555,2.86271864,0.59592778,0.49687908,1.49505524,0.52216402
78.5600,0.49944518,2.86272052,0.59592955,0.49687924,1.49505706,0.52216373
78.5700,0.49944482,2.86272240,0.59593132,0.49687940,1.49505888,0.52216343
78.5800,0.49944446,2.86272428,0.59593309,0.49687956,1.49506070,0.52216314
78.5900,0.49944409,2.86272616,0.59593485,0.49687972,1.49506252,0.52216285
78.6000,0.49944373,2.86272803,0.59593662,0.49687988,1.49506434,0.52216256
78.6100,0.49944337,2.86272990,0.59593839,0.49688004,1.49506615,0.52216227
78.6200,0.49944301,2.86273177,0.59594015,0.49688020,1.49506797,0.52216198
78.6300,0.49944265,2.86273364,0.59594191,0.49688035,1.49506978,0.52216168
78.6400,0.49944228,2.86273551,0.59594367,0.49688051,1.49507159,0.52216139
78.6500,0.49944192,2.86273738,0.59594543,0.49688067,1.49507339,0.52216110
78.6600,0.49944156,2.86273924,0.59594719,0.49688083,1.49507520,0.52216081
78.6700,0.49944120,2.86274111,0.59594895,0.49688099,1.49507701,0.52216052
78.6800,0.49944084,2.86274297,0.59595070,0.49688115,1.49507881,0.52216024
78.6900,0.49944048,2.86274483,0.59595245,0.49688130,1.49508061,0.52215995
78.7000,0.49944012,2.86274669,0.59595421,0.49688146,1.49508241,0.52215966
78.7100,0.49943976,2.86274855,0.59595596,0.49688162,1.49508421,0.52215937
78.7200,0.49943940,2.86275040,0.59595771,0.49688177,1.49508600,0.52215908
78.7300,0.49943904,2.86275226,0.59595946,0.49688193,1.49508780,0.52215879
78.7400,0.49943868,2.86275411,0.59596120,0.49688209,1.49508959,0.52215851
78.7500,0.49943833,2.86275596,0.59596295,0.49688224,1.49509138,0.52215822
78.7600,0.49943797,2.86275781,0.59596469,0.49688240,1.49509317,0.52215793
78.7700,0.49943761,2.86275966,0.59596644,0.49688256,1.49509496,0.52215765
78.7800,0.49943725,2.86276151,0.59596818,0.49688271,1.49509675,0.52215736
78.7900,0.49943690,2.86276336,0.59596992,0.49688287,1.49509854,0.52215707
78.8000,0.49943654,2.86276520,0.59597166,0.49688303,1.49510032,0.52215679
78.8100,0.49943618,2.86276704,0.59597340,0.49688318,1.49510210,0.52215650
78.8200,0.49943583,2.86276889,0.59597513,0.49688334,1.49510388,0.52215622
78.8300,0.49943547,2.86277073,0.59597687,0.49688349,1.49510566,0.52215593
78.8400,0.49943511,2.86277256,0.59597860,0.49688365,1.49510744,0.52215565
78.8500,0.49943476,2.86277440,0.59598034,0.49688380,1.49510921,0.52215536
78.8600,0.49943440,2.86277624,0.59598207,0.49688396,1.49511099,0.52215508
78.8700,0.49943405,2.86277807,0.59598380,0.49688411,1.49511276,0.52215480
78.8800,0.49943369,2.86277990,0.59598553,0.49688427,1.49511453,0.52215451
78.8900,0.49943334,2.86278173,0.59598725,0.49688442,1.49511630,0.52215423
78.9000,0.49943299,2.86278356,0.59598898,0.49688457,1.49511806,0.52215395
78.9100,0.49943263,2.86278539,0.59599071,0.49688473,1.49511983,0.52215367
78.9200,0.49943228,2.86278722,0.59599243,0.49688488,1.49512159,0.52215338
78.9300,0.49943193,2.86278905,0.59599415,0.49688504,1.49512336,0.52215310
78.9400,0.49943157,2.86279087,0.59599587,0.49688519,1.49512512,0.52215282
78.9500,0.49943122,2.86279269,0.59599759,0.49688534,1.49512688,0.52215254
78.9600,0.49943087,2.86279451,0.59599931,0.49688550,1.49512863,0.52215226
78.9700,0.49943052,2.86279633,0.59600103,0.49688565,1.49513039,0.52215198
78.9800,0.49943016,2.86279815,0.59600274,0.49688580,1.49513215,0.52215170
78.9900,0.49942981,2.86279997,0.59600446,0.49688595,1.49513390,0.52215142
79.0000,0.49942946,2.86280178,0.59600617,0.49688611,1.49513565,0.52215114
79.0100,0.49942911,2.86280360,0.59600788,0.49688626,1.49513740,0.52215086
79.0200,0.49942876,2.86280541,0.59600959,0.49688641,1.49513915,0.52215058
79.0300,0.49942841,2.86280722,0.59601130,0.49688656,1.49514089,0.52215030
79.0400,0.49942806,2.86280903,0.59601301,0.49688671,1.49514264,0.52215002
79.0500,0.49942771,2.86281084,0.59601472,0.49688687,1.49514438,0.52214975
79.0600,0.49942736,2.86281264,0.59601642,0.49688702,1.49514612,0.52214947
79.0700,0.49942701,2.86281445,0.59601813,0.49688717,1.49514786,0.52214919
79.0800,0.49942666,2.86281625,0.59601983,0.49688732,1.49514960,0.52214891
79.0900,0.49942631,2.86281805,0.59602153,0.49688747,1.49515134,0.52214864
79.1000,0.49942597,2.86281986,0.59602323,0.49688762,1.49515307,0.52214836
79.1100,0.49942562,2.86282165,0.59602493,0.49688777,1.49515481,0.52214808
79.1200,0.49942527,2.86282345,0.59602663,0.49688792,1.49515654,0.52214781
79.1300,0.49942492,2.86282525,0.59602832,0.49688807,1.49515827,0.52214753
79.1400,0.49942458,2.86282704,0.59603002,0.49688822,1.49516000,0.52214726
79.1500,0.49942423,2.86282884,0.59603171,0.49688837,1.49516173,0.52214698
79.1600,0.49942388,2.86283063,0.59603340,0.49688852,1.49516345,0.52214670
79.1700,0.49942354,2.86283242,0.59603509,0.49688867,1.49516518,0.52214643
79.1800,0.49942319,2.86283421,0.59603678,0.49688882,1.49516690,0.52214616
79.1900,0.49942284,2.86283600,0.59603847,0.49688897,1.49516862,0.52214588
79.2000,0.49942250,2.86283778,0.59604016,0.49688912,1.49517034,0.52214561
79.2100,0.49942215,2.86283957,0.59604185,0.49688927,1.49517206,0.52214533
79.2200,0.49942181,2.86284135,0.59604353,0.49688942,1.49517378,0.52214506
79.2300,0.49942146,2.86284314,0.59604521,0.49688957,1.49517549,0.52214479
79.2400,0.49942112,2.86284492,0.59604690,0.49688972,1.49517720,0.52214452
79.2500,0.49942078,2.86284670,0.59604858,0.49688987,1.49517892,0.52214424
79.2600,0.49942043,2.86284847,0.59605026,0.49689002,1.49518063,0.52214397
79.2700,0.49942009,2.86285025,0.59605194,0.49689016,1.49518233,0.52214370
79.2800,0.49941974,2.86285203,0.59605361,0.49689031,1.49518404,0.52214343
79.2900,0.49941940,2.86285380,0.59605529,0.49689046,1.49518575,0.52214316
79.3000,0.49941906,2.86285557,0.59605696,0.49689061,1.49518745,0.52214289
79.3100,0.49941872,2.86285734,0.59605864,0.49689075,1.49518915,0.52214262
79.3200,0.49941837,2.86285911,0.59606031,0.49689090,1.49519085,0.52214235
79.3300,0.49941803,2.86286088,0.59606198,0.49689105,1.49519255,0.52214208
79.3400,0.49941769,2.86286265,0.59606365,0.49689120,1.49519425,0.52214181
79.3500,0.49941735,2.86286441,0.59606532,0.49689134,1.49519595,0.52214154
79.3600,0.49941701,2.86286618,0.59606698,0.49689149,1.49519764,0.52214127
79.3700,0.49941667,2.86286794,0.59606865,0.49689164,1.49519933,0.52214100
79.3800,0.49941633,2.86286970,0.59607031,0.49689178,1.49520103,0.52214073
79.3900,0.49941599,2.86287146,0.59607198,0.49689193,1.49520272,0.52214046
79.4000,0.49941565,2.86287322,0.59607364,0.49689208,1.49520440,0.52214019
79.4100,0.49941531,2.86287497,0.59607530,0.49689222,1.49520609,0.52213993
79.4200,0.49941497,2.86287673,0.59607696,0.49689237,1.49520778,0.52213966
79.4300,0.49941463,2.86287848,0.59607861,0.49689251,1.49520946,0.52213939
79.4400,0.49941429,2.86288023,0.59608027,0.49689266,1.49521114,0.52213912
79.4500,0.49941395,2.86288199,0.59608193,0.49689280,1.49521282,0.52213886
79.4600,0.49941361,2.86288374,0.59608358,0.49689295,1.49521450,0.52213859
79.4700,0.49941327,2.86288548,0.59608523,0.49689309,1.49521618,0.52213832
79.4800,0.49941294,2.86288723,0.59608689,0.49689324,1.49521786,0.52213806
79.4900,0.49941260,2.86288898,0.59608854,0.49689338,1.49521953,0.52213779
79.5000,0.49941226,2.86289072,0.59609019,0.49689353,1.49522120,0.52213753
79.5100,0.49941192,2.86289246,0.59609183,0.49689367,1.49522288,0.52213726
79.5200,0.49941159,2.86289421,0.59609348,0.49689382,1.49522455,0.52213700
79.5300,0.49941125,2.86289595,0.59609513,0.49689396,1.49522621,0.52213673
79.5400,0.49941092,2.86289768,0.59609677,0.49689411,1.49522788,0.52213647
79.5500,0.49941058,2.86289942,0.59609841,0.49689425,1.49522955,0.52213621
79.5600,0.49941024,2.86290116,0.59610005,0.49689439,1.49523121,0.52213594
79.5700,0.49940991,2.86290289,0.59610170,0.49689454,1.49523287,0.52213568
79.5800,0.49940957,2.86290462,0.59610333,0.49689468,1.49523453,0.52213542
79.5900,0.49940924,2.86290636,0.59610497,0.49689482,1.49523619,0.52213515
79.6000,0.49940890,2.86290809,0.59610661,0.49689497,1.49523785,0.52213489
79.6100,0.49940857,2.86290982,0.59610824,0.49689511,1.49523951,0.52213463
79.6200,0.49940824,2.86291154,0.59610988,0.49689525,1.49524116,0.52213437
79.6300,0.49940790,2.86291327,0.59611151,0.49689539,1.49524282,0.52213411
79.6400,0.49940757,2.86291499,0.59611314,0.49689554,1.49524447,0.52213385
79.6500,0.49940724,2.86291672,0.59611477,0.49689568,1.49524612,0.52213358
79.6600,0.49940690,2.86291844,0.59611640,0.49689582,1.49524777,0.52213332
79.6700,0.49940657,2.86292016,0.59611803,0.49689596,1.49524941,0.52213306
79.6800,0.49940624,2.86292188,0.59611966,0.49689611,1.49525106,0.52213280
79.6900,0.49940591,2.86292360,0.59612128,0.49689625,1.49525270,0.52213254
79.7000,0.49940557,2.86292531,0.59612291,0.49689639,1.49525435,0.52213228
79.7100,0.49940524,2.86292703,0.59612453,0.49689653,1.49525599,0.52213202
79.7200,0.49940491,2.86292874,0.59612615,0.49689667,1.49525763,0.52213177
79.7300,0.49940458,2.86293045,0.59612777,0.49689681,1.49525927,0.52213151
79.7400,0.49940425,2.86293217,0.59612939,0.49689695,1.49526090,0.52213125
79.7500,0.49940392,2.86293388,0.59613101,0.49689709,1.49526254,0.52213099
79.7600,0.49940359,2.86293558,0.59613263,0.49689724,1.49526417,0.52213073
79.7700,0.49940326,2.86293729,0.59613424,0.49689738,1.49526580,0.52213047
79.7800,0.49940293,2.86293900,0.59613586,0.49689752,1.49526744,0.52213022
79.7900,0.49940260,2.86294070,0.59613747,0.49689766,1.49526906,0.52212996
79.8000,0.49940227,2.86294240,0.59613908,0.49689780,1.49527069,0.52212970
79.8100,0.49940194,2.86294411,0.59614069,0.49689794,1.49527232,0.52212945
79.8200,0.49940161,2.86294581,0.59614230,0.49689808,1.49527394,0.52212919
79.8300,0.49940128,2.86294750,0.59614391,0.49689822,1.49527557,0.52212893
79.8400,0.49940096,2.86294920,0.59614552,0.49689836,1.49527719,0.52212868
79.8500,0.49940063,2.86295090,0.59614712,0.49689849,1.49527881,0.52212842
79.8600,0.49940030,2.86295259,0.59614873,0.49689863,1.49528043,0.52212817
79.8700,0.49939997,2.86295429,0.59615033,0.49689877,1.49528205,0.52212791
79.8800,0.49939965,2.86295598,0.59615193,0.49689891,1.49528366,0.52212766
79.8900,0.49939932,2.86295767,0.59615354,0.49689905,1.49528528,0.52212740
79.9000,0.49939899,2.86295936,0.59615514,0.49689919,1.49528689,0.52212715
79.9100,0.49939867,2.86296105,0.59615673,0.49689933,1.49528850,0.52212689
79.9200,0.49939834,2.86296273,0.59615833,0.49689947,1.49529011,0.52212664
79.9300,0.49939801,2.86296442,0.59615993,0.49689960,1.49529172,0.52212639
79.9400,0.49939769,2.86296610,0.59616152,0.49689974,1.49529333,0.52212613
79.9500,0.49939736,2.86296778,0.59616312,0.49689988,1.49529493,0.52212588
79.9600,0.49939704,2.86296947,0.59616471,0.49690002,1.49529654,0.52212563
79.9700,0.49939671,2.86297115,0.59616630,0.49690015,1.49529814,0.52212538
79.9800,0.49939639,2.86297282,0.59616789,0.49690029,1.49529974,0.52212513
79.9900,0.49939607,2.86297450,0.59616948,0.49690043,1.49530134,0.52212487
80.0000,0.49939574,2.86297618,0.59617107,0.49690057,1.49530294,0.52212462
80.0100,0.49939542,2.86297785,0.59617265,0.49690070,1.49530454,0.52212437
80.0200,0.49939509,2.86297953,0.59617424,0.49690084,1.49530613,0.52212412
80.0300,0.49939477,2.86298120,0.59617582,0.49690098,1.49530773,0.52212387
80.0400,0.49939445,2.86298287,0.59617740,0.49690111,1.49530932,0.52212362
80.0500,0.49939413,2.86298454,0.59617899,0.49690125,1.49531091,0.52212337
80.0600,0.49939380,2.86298620,0.59618057,0.49690139,1.49531250,0.52212312
80.0700,0.49939348,2.86298787,0.59618215,0.49690152,1.49531409,0.52212287
80.0800,0.49939316,2.86298954,0.59618372,0.49690166,1.49531567,0.52212262
80.0900,0.49939284,2.86299120,0.59618530,0.49690179,1.49531726,0.52212237
80.1000,0.49939252,2.86299286,0.59618688,0.49690193,1.49531884,0.52212212
80.1100,0.49939220,2.86299452,0.59618845,0.49690207,1.49532042,0.52212187
80.1200,0.49939188,2.86299618,0.59619002,0.49690220,1.49532201,0.52212163
80.1300,0.49939155,2.86299784,0.59619160,0.49690234,1.49532359,0.52212138
80.1400,0.49939123,2.86299950,0.59619317,0.49690247,1.49532516,0.52212113
80.1500,0.49939091,2.86300116,0.59619474,0.49690261,1.49532674,0.52212088
80.1600,0.49939059,2.86300281,0.59619631,0.49690274,1.49532832,0.52212063
80.1700,0.49939028,2.86300446,0.59619787,0.49690288,1.49532989,0.52212039
80.1800,0.49938996,2.86300612,0.59619944,0.49690301,1.49533146,0.52212014
80.1900,0.49938964,2.86300777,0.59620100,0.49690314,1.49533303,0.52211989
80.2000,0.49938932,2.86300942,0.59620257,0.49690328,1.49533460,0.52211965
80.2100,0.49938900,2.86301106,0.59620413,0.49690341,1.49533617,0.52211940
80.2200,0.49938868,2.86301271,0.59620569,0.49690355,1.49533774,0.52211916
80.2300,0.49938836,2.86301436,0.59620725,0.49690368,1.49533930,0.52211891
80.2400,0.49938805,2.86301600,0.59620881,0.49690381,1.49534086,0.52211867
80.2500,0.49938773,2.86301764,0.59621037,0.49690395,1.49534243,0.52211842
80.2600,0.49938741,2.86301928,0.59621192,0.49690408,1.49534399,0.52211818
80.2700,0.49938709,2.86302092,0.59621348,0.49690421,1.49534555,0.52211793
80.2800,0.49938678,2.86302256,0.59621503,0.49690435,1.49534710,0.52211769
80.2900,0.49938646,2.86302420,0.59621659,0.49690448,1.49534866,0.52211744
80.3000,0.49938615,2.86302584,0.59621814,0.49690461,1.49535022,0.52211720
80.3100,0.49938583,2.86302747,0.59621969,0.49690475,1.49535177,0.52211696
80.3200,0.49938551,2.86302911,0.59622124,0.49690488,1.49535332,0.52211671
80.3300,0.49938520,2.86303074,0.59622279,0.49690501,1.49535487,0.52211647
80.3400,0.49938488,2.86303237,0.59622433,0.49690514,1.49535642,0.52211623
80.3500,0.49938457,2.86303400,0.59622588,0.49690528,1.49535797,0.52211599
80.3600,0.49938425,2.86303563,0.59622742,0.49690541,1.49535952,0.52211575
80.3700,0.49938394,2.86303725,0.59622897,0.49690554,1.49536106,0.52211550
80.3800,0.49938362,2.86303888,0.59623051,0.49690567,1.49536261,0.52211526
80.3900,0.49938331,2.86304050,0.59623205,0.49690580,1.49536415,0.52211502
80.4000,0.49938300,2.86304213,0.59623359,0.49690593,1.49536569,0.52211478
80.4100,0.49938268,2.86304375,0.59623513,0.49690607,1.49536723,0.52211454
80.4200,0.49938237,2.86304537,0.59623667,0.49690620,1.49536877,0.52211430
80.4300,0.49938206,2.86304699,0.59623820,0.49690633,1.49537030,0.52211406
80.4400,0.49938175,2.86304861,0.59623974,0.49690646,1.49537184,0.52211382
80.4500,0.49938143,2.86305022,0.59624127,0.49690659,1.49537337,0.52211358
80.4600,0.49938112,2.86305184,0.59624281,0.49690672,1.49537491,0.52211334
80.4700,0.49938081,2.86305345,0.59624434,0.49690685,1.49537644,0.52211310
80.4800,0.49938050,2.86305507,0.59624587,0.49690698,1.49537797,0.52211286
80.4900,0.49938019,2.86305668,0.59624740,0.49690711,1.49537949,0.52211262
80.5000,0.49937988,2.86305829,0.59624893,0.49690724,1.49538102,0.52211238
80.5100,0.49937956,2.86305990,0.59625045,0.49690737,1.49538255,0.52211215
80.5200,0.49937925,2.86306150,0.59625198,0.49690750,1.49538407,0.52211191
80.5300,0.49937894,2.86306311,0.59625351,0.49690763,1.49538559,0.52211167
80.5400,0.49937863,2.86306472,0.59625503,0.49690776,1.49538712,0.52211143
80.5500,0.49937832,2.86306632,0.59625655,0.49690789,1.49538864,0.52211120
80.5600,0.49937801,2.86306792,0.59625807,0.49690802,1.49539015,0.52211096
80.5700,0.49937770,2.86306952,0.59625959,0.49690815,1.49539167,0.52211072
80.5800,0.49937740,2.86307112,0.59626111,0.49690828,1.49539319,0.52211049
80.5900,0.49937709,2.86307272,0.59626263,0.49690840,1.49539470,0.52211025
80.6000,0.49937678,2.86307432,0.59626415,0.49690853,1.49539621,0.52211001
80.6100,0.49937647,2.86307592,0.59626566,0.49690866,1.49539773,0.52210978
80.6200,0.49937616,2.86307751,0.59626718,0.49690879,1.49539924,0.52210954
80.6300,0.49937585,2.86307911,0.59626869,0.49690892,1.49540075,0.52210931
80.6400,0.49937555,2.86308070,0.59627020,0.49690905,1.49540225,0.52210907
80.6500,0.49937524,2.86308229,0.59627171,0.49690917,1.49540376,0.52210884
80.6600,0.49937493,2.86308388,0.59627322,0.49690930,1.49540526,0.52210860
80.6700,0.49937462,2.86308547,0.59627473,0.49690943,1.49540677,0.52210837
80.6800,0.49937432,2.86308705,0.59627624,0.49690956,1.49540827,0.52210814
80.6900,0.49937401,2.86308864,0.59627775,0.49690968,1.49540977,0.52210790
80.7000,0.49937371,2.86309023,0.59627925,0.49690981,1.49541127,0.52210767
80.7100,0.49937340,2.86309181,0.59628076,0.49690994,1.49541277,0.52210744
80.7200,0.49937309,2.86309339,0.59628226,0.49691007,1.49541426,0.52210720
80.7300,0.49937279,2.86309497,0.59628376,0.49691019,1.49541576,0.52210697
80.7400,0.49937248,2.86309655,0.59628526,0.49691032,1.49541725,0.52210674
80.7500,0.49937218,2.86309813,0.59628676,0.49691045,1.49541874,0.52210651
80.7600,0.49937187,2.86309971,0.59628826,0.49691057,1.49542024,0.52210627
80.7700,0.49937157,2.86310128,0.59628976,0.49691070,1.49542172,0.52210604
80.7800,0.49937127,2.86310286,0.59629125,0.49691083,1.49542321,0.52210581
80.7900,0.49937096,2.86310443,0.59629275,0.49691095,1.49542470,0.52210558
80.8000,0.49937066,2.86310600,0.59629424,0.49691108,1.49542619,0.52210535
80.8100,0.49937035,2.86310757,0.59629573,0.49691120,1.49542767,0.52210512
80.8200,0.49937005,2.86310914,0.59629722,0.49691133,1.49542915,0.52210489
80.8300,0.49936975,2.86311071,0.59629872,0.49691145,1.49543063,0.52210466
80.8400,0.49936945,2.86311228,0.59630020,0.49691158,1.49543211,0.52210443
80.8500,0.49936914,2.86311385,0.59630169,0.49691171,1.49543359,0.52210420
80.8600,0.49936884,2.86311541,0.59630318,0.49691183,1.49543507,0.52210397
80.8700,0.49936854,2.86311697,0.59630467,0.49691196,1.49543655,0.52210374
80.8800,0.49936824,2.86311854,0.59630615,0.49691208,1.49543802,0.52210351
80.8900,0.49936794,2.86312010,0.59630763,0.49691221,1.49543949,0.52210328
80.9000,0.49936763,2.86312166,0.59630912,0.49691233,1.49544097,0.52210305
80.9100,0.49936733,2.86312321,0.59631060,0.49691245,1.49544244,0.52210283
80.9200,0.49936703,2.86312477,0.59631208,0.49691258,1.49544391,0.52210260
80.9300,0.49936673,2.86312633,0.59631356,0.49691270,1.49544537,0.52210237
80.9400,0.49936643,2.86312788,0.59631504,0.49691283,1.49544684,0.52210214
80.9500,0.49936613,2.86312944,0.59631651,0.49691295,1.49544831,0.52210192
80.9600,0.49936583,2.86313099,0.59631799,0.49691307,1.49544977,0.52210169
80.9700,0.49936553,2.86313254,0.59631946,0.49691320,1.49545123,0.52210146
80.9800,0.49936523,2.86313409,0.59632094,0.49691332,1.49545269,0.52210124
80.9900,0.49936493,2.86313564,0.59632241,0.49691345,1.49545415,0.52210101
81.0000,0.49936464,2.86313718,0.59632388,0.49691357,1.49545561,0.52210078
81.0100,0.49936434,2.86313873,0.59632535,0.49691369,1.49545707,0.52210056
81.0200,0.49936404,2.86314027,0.59632682,0.49691381,1.49545853,0.52210033
81.0300,0.49936374,2.86314182,0.59632829,0.49691394,1.49545998,0.52210011
81.0400,0.49936344,2.86314336,0.59632975,0.49691406,1.49546143,0.52209988
81.0500,0.49936315,2.86314490,0.59633122,0.49691418,1.49546289,0.52209966
81.0600,0.49936285,2.86314644,0.59633268,0.49691431,1.49546434,0.52209943
81.0700,0.49936255,2.86314798,0.59633415,0.49691443,1.49546579,0.52209921
81.0800,0.49936225,2.86314952,0.59633561,0.49691455,1.49546723,0.52209898
81.0900,0.49936196,2.86315105,0.59633707,0.49691467,1.49546868,0.52209876
81.1000,0.49936166,2.86315259,0.59633853,0.49691479,1.49547013,0.52209854
81.1100,0.49936137,2.86315412,0.59633999,0.49691492,1.49547157,0.52209831
81.1200,0.49936107,2.86315565,0.59634145,0.49691504,1.49547301,0.52209809
81.1300,0.49936077,2.86315719,0.59634290,0.49691516,1.49547445,0.52209787
81.1400,0.49936048,2.86315872,0.59634436,0.49691528,1.49547589,0.52209765
81.1500,0.49936018,2.86316025,0.59634581,0.49691540,1.49547733,0.52209742
81.1600,0.49935989,2.86316177,0.59634727,0.49691552,1.49547877,0.52209720
81.1700,0.49935959,2.86316330,0.59634872,0.49691564,1.49548021,0.52209698
81.1800,0.49935930,2.86316482,0.59635017,0.49691577,1.49548164,0.52209676
81.1900,0.49935900,2.86316635,0.59635162,0.49691589,1.49548308,0.52209654
81.2000,0.49935871,2.86316787,0.59635307,0.49691601,1.49548451,0.52209631
81.2100,0.49935842,2.86316939,0.59635452,0.49691613,1.49548594,0.52209609
81.2200,0.49935812,2.86317091,0.59635596,0.49691625,1.49548737,0.52209587
81.2300,0.49935783,2.86317243,0.59635741,0.49691637,1.49548880,0.52209565
81.2400,0.49935754,2.86317395,0.59635885,0.49691649,1.49549022,0.52209543
81.2500,0.49935724,2.86317547,0.59636030,0.49691661,1.49549165,0.52209521
81.2600,0.49935695,2.86317698,0.59636174,0.49691673,1.49549307,0.52209499
81.2700,0.49935666,2.86317850,0.59636318,0.49691685,1.49549450,0.52209477
81.2800,0.49935637,2.86318001,0.59636462,0.49691697,1.49549592,0.52209455
81.2900,0.49935607,2.86318152,0.59636606,0.49691709,1.49549734,0.52209433
81.3000,0.49935578,2.86318303,0.59636750,0.49691721,1.49549876,0.52209412
81.3100,0.49935549,2.86318454,0.59636894,0.49691733,1.49550017,0.52209390
81.3200,0.49935520,2.86318605,0.59637037,0.49691744,1.49550159,0.52209368
81.3300,0.49935491,2.86318756,0.59637181,0.49691756,1.49550301,0.52209346
81.3400,0.49935462,2.86318906,0.59637324,0.49691768,1.49550442,0.52209324
81.3500,0.49935433,2.86319057,0.59637467,0.49691780,1.49550583,0.52209303
81.3600,0.49935404,2.86319207,0.59637610,0.49691792,1.49550724,0.52209281
81.3700,0.49935375,2.86319357,0.59637753,0.49691804,1.49550865,0.52209259
81.3800,0.49935346,2.86319507,0.59637896,0.49691816,1.49551006,0.52209237
81.3900,0.49935317,2.86319657,0.59638039,0.49691828,1.49551147,0.52209216
81.4000,0.49935288,2.86319807,0.59638182,0.49691839,1.49551288,0.52209194
81.4100,0.49935259,2.86319957,0.59638324,0.49691851,1.49551428,0.52209172
81.4200,0.49935230,2.86320106,0.59638467,0.49691863,1.49551569,0.52209151
81.4300,0.49935201,2.86320256,0.59638609,0.49691875,1.49551709,0.52209129
81.4400,0.49935172,2.86320405,0.59638752,0.49691886,1.49551849,0.52209108
81.4500,0.49935144,2.86320555,0.59638894,0.49691898,1.49551989,0.52209086
81.4600,0.49935115,2.86320704,0.59639036,0.49691910,1.49552129,0.52209065
81.4700,0.49935086,2.86320853,0.59639178,0.49691922,1.49552268,0.52209043
81.4800,0.49935057,2.86321002,0.59639320,0.49691933,1.49552408,0.52209022
81.4900,0.49935029,2.86321151,0.59639461,0.49691945,1.49552547,0.52209000
81.5000,0.49935000,2.86321299,0.59639603,0.49691957,1.49552687,0.52208979
81.5100,0.49934971,2.86321448,0.59639744,0.49691968,1.49552826,0.52208957
81.5200,0.49934943,2.86321596,0.59639886,0.49691980,1.49552965,0.52208936
81.5300,0.49934914,2.86321744,0.59640027,0.49691992,1.49553104,0.52208915
81.5400,0.49934885,2.86321893,0.59640168,0.49692003,1.49553243,0.52208893
81.5500,0.49934857,2.86322041,0.59640309,0.49692015,1.49553382,0.52208872
81.5600,0.49934828,2.86322189,0.59640450,0.49692027,1.49553520,0.52208851
81.5700,0.49934800,2.86322337,0.59640591,0.49692038,1.49553659,0.52208830
81.5800,0.49934771,2.86322484,0.59640732,0.49692050,1.49553797,0.52208808
81.5900,0.49934743,2.86322632,0.59640873,0.49692061,1.49553935,0.52208787
81.6000,0.49934714,2.86322779,0.59641013,0.49692073,1.49554073,0.52208766
81.6100,0.49934686,2.86322927,0.59641154,0.49692085,1.49554211,0.52208745
81.6200,0.49934657,2.86323074,0.59641294,0.49692096,1.49554349,0.52208724
81.6300,0.49934629,2.86323221,0.59641434,0.49692108,1.49554487,0.52208703
81.6400,0.49934601,2.86323368,0.59641574,0.49692119,1.49554624,0.52208681
81.6500,0.49934572,2.86323515,0.59641714,0.49692131,1.49554762,0.52208660
81.6600,0.49934544,2.86323662,0.59641854,0.49692142,1.49554899,0.52208639
81.6700,0.49934516,2.86323808,0.59641994,0.49692154,1.49555036,0.52208618
81.6800,0.49934487,2.86323955,0.59642134,0.49692165,1.49555173,0.52208597
81.6900,0.49934459,2.86324101,0.59642273,0.49692177,1.49555310,0.52208576
81.7000,0.49934431,2.86324248,0.59642413,0.49692188,1.49555447,0.52208555
81.7100,0.49934403,2.86324394,0.59642552,0.49692199,1.49555583,0.52208534
81.7200,0.49934374,2.86324540,0.59642691,0.49692211,1.49555720,0.52208513
81.7300,0.49934346,2.86324686,0.59642831,0.49692222,1.49555856,0.52208493
81.7400,0.49934318,2.86324832,0.59642970,0.49692234,1.49555993,0.52208472
81.7500,0.49934290,2.86324978,0.59643109,0.49692245,1.49556129,0.52208451
81.7600,0.49934262,2.86325123,0.59643247,0.49692256,1.49556265,0.52208430
81.7700,0.49934234,2.86325269,0.59643386,0.49692268,1.49556401,0.52208409
81.7800,0.49934206,2.86325414,0.59643525,0.49692279,1.49556537,0.52208388
81.7900,0.49934178,2.86325559,0.59643663,0.49692290,1.49556672,0.52208368
81.8000,0.49934150,2.86325704,0.59643802,0.49692302,1.49556808,0.52208347
81.8100,0.49934122,2.86325849,0.59643940,0.49692313,1.49556943,0.52208326
81.8200,0.49934094,2.86325994,0.59644078,0.49692324,1.49557079,0.52208306
81.8300,0.49934066,2.86326139,0.59644216,0.49692336,1.49557214,0.52208285
81.8400,0.49934038,2.86326284,0.59644354,0.49692347,1.49557349,0.52208264
81.8500,0.49934010,2.86326428,0.59644492,0.49692358,1.49557484,0.52208244
81.8600,0.49933982,2.86326573,0.59644630,0.49692369,1.49557619,0.52208223
81.8700,0.49933954,2.86326717,0.59644768,0.49692381,1.49557753,0.52208202
81.8800,0.49933926,2.86326861,0.59644905,0.49692392,1.49557888,0.52208182
81.8900,0.49933899,2.86327006,0.59645043,0.49692403,1.49558022,0.52208161
81.9000,0.49933871,2.86327150,0.59645180,0.49692414,1.49558157,0.52208141
81.9100,0.49933843,2.86327293,0.59645317,0.49692425,1.49558291,0.52208120
81.9200,0.49933815,2.86327437,0.59645455,0.49692437,1.49558425,0.52208100
81.9300,0.49933788,2.86327581,0.59645592,0.49692448,1.49558559,0.52208079
81.9400,0.49933760,2.86327724,0.59645729,0.49692459,1.49558693,0.52208059
81.9500,0.49933732,2.86327868,0.59645865,0.49692470,1.49558826,0.52208039
81.9600,0.49933705,2.86328011,0.59646002,0.49692481,1.49558960,0.52208018
81.9700,0.49933677,2.86328154,0.59646139,0.49692492,1.49559093,0.52207998
81.9800,0.49933649,2.86328297,0.59646275,0.49692503,1.49559227,0.52207977
81.9900,0.49933622,2.86328440,0.59646412,0.49692515,1.49559360,0.52207957
82.0000,0.49933594,2.86328583,0.59646548,0.49692526,1.49559493,0.52207937
82.0100,0.49933567,2.86328726,0.59646684,0.49692537,1.49559626,0.52207917
82.0200,0.49933539,2.86328869,0.59646820,0.49692548,1.49559759,0.52207896
82.0300,0.49933512,2.86329011,0.59646956,0.49692559,1.49559892,0.52207876
82.0400,0.49933484,2.86329153,0.59647092,0.49692570,1.49560024,0.52207856
82.0500,0.49933457,2.86329296,0.59647228,0.49692581,1.49560157,0.52207836
82.0600,0.49933429,2.86329438,0.59647364,0.49692592,1.49560289,0.52207816
82.0700,0.49933402,2.86329580,0.59647499,0.49692603,1.49560421,0.52207795
82.0800,0.49933374,2.86329722,0.59647635,0.49692614,1.49560554,0.52207775
82.0900,0.49933347,2.86329864,0.59647770,0.49692625,1.49560686,0.52207755
82.1000,0.49933320,2.86330005,0.59647906,0.49692636,1.49560817,0.52207735
82.1100,0.49933292,2.86330147,0.59648041,0.49692647,1.49560949,0.52207715
82.1200,0.49933265,2.86330288,0.59648176,0.49692658,1.49561081,0.52207695
82.1300,0.49933238,2.86330430,0.59648311,0.49692669,1.49561212,0.52207675
82.1400,0.49933211,2.86330571,0.59648446,0.49692680,1.49561344,0.52207655
82.1500,0.49933183,2.86330712,0.59648580,0.49692690,1.49561475,0.52207635
82.1600,0.49933156,2.86330853,0.59648715,0.49692701,1.49561606,0.52207615
82.1700,0.49933129,2.86330994,0.59648850,0.49692712,1.49561737,0.52207595
82.1800,0.49933102,2.86331135,0.59648984,0.49692723,1.49561868,0.52207575
82.1900,0.49933075,2.86331276,0.59649119,0.49692734,1.49561999,0.52207555
82.2000,0.49933048,2.86331416,0.59649253,0.49692745,1.49562130,0.52207536
82.2100,0.49933020,2.86331557,0.59649387,0.49692756,1.49562260,0.52207516
82.2200,0.49932993,2.86331697,0.59649521,0.49692766,1.49562391,0.52207496
82.2300,0.49932966,2.86331837,0.59649655,0.49692777,1.49562521,0.52207476
82.2400,0.49932939,2.86331977,0.59649789,0.49692788,1.49562651,0.52207456
82.2500,0.49932912,2.86332118,0.59649923,0.49692799,1.49562781,0.52207437
82.2600,0.49932885,2.86332257,0.59650056,0.49692810,1.49562911,0.52207417
82.2700,0.49932858,2.86332397,0.59650190,0.49692820,1.49563041,0.52207397
82.2800,0.49932831,2.86332537,0.59650323,0.49692831,1.49563171,0.52207377
82.2900,0.49932804,2.86332676,0.59650457,0.49692842,1.49563300,0.52207358
82.3000,0.49932777,2.86332816,0.59650590,0.49692853,1.49563430,0.52207338
82.3100,0.49932751,2.86332955,0.59650723,0.49692863,1.49563559,0.52207319
82.3200,0.49932724,2.86333095,0.59650856,0.49692874,1.49563688,0.52207299
82.3300,0.49932697,2.86333234,0.59650989,0.49692885,1.49563817,0.52207279
82.3400,0.49932670,2.86333373,0.59651122,0.49692895,1.49563946,0.52207260
82.3500,0.49932643,2.86333512,0.59651254,0.49692906,1.49564075,0.52207240
82.3600,0.49932617,2.86333650,0.59651387,0.49692917,1.49564204,0.52207221
82.3700,0.49932590,2.86333789,0.59651520,0.49692927,1.49564333,0.52207201
82.3800,0.49932563,2.86333928,0.59651652,0.49692938,1.49564461,0.52207182
82.3900,0.49932536,2.86334066,0.59651784,0.49692949,1.49564590,0.52207162
82.4000,0.49932510,2.86334205,0.59651917,0.49692959,1.49564718,0.52207143
82.4100,0.49932483,2.86334343,0.59652049,0.49692970,1.49564846,0.52207123
82.4200,0.49932456,2.86334481,0.59652181,0.49692981,1.49564974,0.52207104
82.4300,0.49932430,2.86334619,0.59652313,0.49692991,1.49565102,0.52207085
82.4400,0.49932403,2.86334757,0.59652444,0.49693002,1.49565230,0.52207065
82.4500,0.49932377,2.86334895,0.59652576,0.49693012,1.49565358,0.52207046
82.4600,0.49932350,2.86335032,0.59652708,0.49693023,1.49565485,0.52207027
82.4700,0.49932323,2.86335170,0.59652839,0.49693033,1.49565613,0.52207007
82.4800,0.49932297,2.86335307,0.59652971,0.49693044,1.49565740,0.52206988
82.4900,0.49932270,2.86335445,0.59653102,0.49693054,1.49565867,0.52206969
82.5000,0.49932244,2.86335582,0.59653233,0.49693065,1.49565995,0.52206950
82.5100,0.49932217,2.86335719,0.59653364,0.49693075,1.49566122,0.52206930
82.5200,0.49932191,2.86335856,0.59653495,0.49693086,1.49566248,0.52206911
82.5300,0.49932165,2.86335993,0.59653626,0.49693096,1.49566375,0.52206892
82.5400,0.49932138,2.86336130,0.59653757,0.49693107,1.49566502,0.52206873
82.5500,0.49932112,2.86336267,0.59653888,0.49693117,1.49566628,0.52206854
82.5600,0.49932086,2.86336403,0.59654018,0.49693128,1.49566755,0.52206835
82.5700,0.49932059,2.86336540,0.59654149,0.49693138,1.49566881,0.52206816
82.5800,0.49932033,2.86336676,0.59654279,0.49693149,1.49567007,0.52206797
82.5900,0.49932007,2.86336812,0.59654410,0.49693159,1.49567134,0.52206778
82.6000,0.49931980,2.86336949,0.59654540,0.49693169,1.49567259,0.52206759
82.6100,0.49931954,2.86337085,0.59654670,0.49693180,1.49567385,0.52206740
82.6200,0.49931928,2.86337221,0.59654800,0.49693190,1.49567511,0.52206721
82.6300,0.49931902,2.86337356,0.59654930,0.49693200,1.49567637,0.52206702
82.6400,0.49931876,2.86337492,0.59655060,0.49693211,1.49567762,0.52206683
82.6500,0.49931849,2.86337628,0.59655190,0.49693221,1.49567888,0.52206664
82.6600,0.49931823,2.86337763,0.59655319,0.49693231,1.49568013,0.52206645
82.6700,0.49931797,2.86337899,0.59655449,0.49693242,1.49568138,0.52206626
82.6800,0.49931771,2.86338034,0.59655578,0.49693252,1.49568263,0.52206607
82.6900,0.49931745,2.86338169,0.59655707,0.49693262,1.49568388,0.52206588
82.7000,0.49931719,2.86338304,0.59655837,0.49693273,1.49568513,0.52206569
82.7100,0.49931693,2.86338439,0.59655966,0.49693283,1.49568638,0.52206551
82.7200,0.49931667,2.86338574,0.59656095,0.49693293,1.49568762,0.52206532
82.7300,0.49931641,2.86338709,0.59656224,0.49693303,1.49568887,0.52206513
82.7400,0.49931615,2.86338843,0.59656353,0.49693314,1.49569011,0.52206494
82.7500,0.49931589,2.86338978,0.59656481,0.49693324,1.49569135,0.52206476
82.7600,0.49931563,2.86339112,0.59656610,0.49693334,1.49569259,0.52206457
82.7700,0.49931537,2.86339247,0.59656739,0.49693344,1.49569383,0.52206438
82.7800,0.49931511,2.86339381,0.59656867,0.49693355,1.49569507,0.52206420
82.7900,0.49931485,2.86339515,0.59656995,0.49693365,1.49569631,0.52206401
82.8000,0.49931460,2.86339649,0.59657124,0.49693375,1.49569755,0.52206382
82.8100,0.49931434,2.86339783,0.59657252,0.49693385,1.49569878,0.52206364
82.8200,0.49931408,2.86339917,0.59657380,0.49693395,1.49570002,0.52206345
82.8300,0.49931382,2.86340050,0.59657508,0.49693405,1.49570125,0.52206327
82.8400,0.49931356,2.86340184,0.59657636,0.49693415,1.49570248,0.52206308
82.8500,0.49931331,2.86340318,0.59657763,0.49693426,1.49570371,0.52206290
82.8600,0.49931305,2.86340451,0.59657891,0.49693436,1.49570494,0.52206271
82.8700,0.49931279,2.86340584,0.59658019,0.49693446,1.49570617,0.52206253
82.8800,0.49931254,2.86340717,0.59658146,0.49693456,1.49570740,0.52206234
82.8900,0.49931228,2.86340850,0.59658273,0.49693466,1.49570863,0.52206216
82.9000,0.49931202,2.86340983,0.59658401,0.49693476,1.49570985,0.52206197
82.9100,0.49931177,2.86341116,0.59658528,0.49693486,1.49571108,0.52206179
82.9200,0.49931151,2.86341249,0.59658655,0.49693496,1.49571230,0.52206161
82.9300,0.49931125,2.86341381,0.59658782,0.49693506,1.49571352,0.52206142
82.9400,0.49931100,2.86341514,0.59658909,0.49693516,1.49571474,0.52206124
82.9500,0.49931074,2.86341646,0.59659036,0.49693526,1.49571596,0.52206106
82.9600,0.49931049,2.86341779,0.59659162,0.49693536,1.49571718,0.52206087
82.9700,0.49931023,2.86341911,0.59659289,0.49693546,1.49571840,0.52206069
82.9800,0.49930998,2.86342043,0.59659415,0.49693556,1.49571962,0.52206051
82.9900,0.49930972,2.86342175,0.59659542,0.49693566,1.49572083,0.52206033
83.0000,0.49930947,2.86342307,0.59659668,0.49693576,1.49572205,0.52206014
83.0100,0.49930922,2.86342439,0.59659794,0.49693586,1.49572326,0.52205996
83.0200,0.49930896,2.86342570,0.59659920,0.49693596,1.49572447,0.52205978
83.0300,0.49930871,2.86342702,0.59660046,0.49693606,1.49572568,0.52205960
83.0400,0.49930846,2.86342833,0.59660172,0.49693616,1.49572689,0.52205942
83.0500,0.49930820,2.86342965,0.59660298,0.49693626,1.49572810,0.52205924
83.0600,0.49930795,2.86343096,0.59660424,0.49693636,1.49572931,0.52205906
83.0700,0.49930770,2.86343227,0.59660550,0.49693646,1.49573051,0.52205888
83.0800,0.49930744,2.86343358,0.59660675,0.49693655,1.49573172,0.52205869
83.0900,0.49930719,2.86343489,0.59660801,0.49693665,1.49573292,0.52205851
83.1000,0.49930694,2.86343620,0.59660926,0.49693675,1.49573413,0.52205833
83.1100,0.49930669,2.86343751,0.59661051,0.49693685,1.49573533,0.52205815
83.1200,0.49930644,2.86343881,0.59661176,0.49693695,1.49573653,0.52205797
83.1300,0.49930618,2.86344012,0.59661301,0.49693705,1.49573773,0.52205780
83.1400,0.49930593,2.86344142,0.59661426,0.49693714,1.49573893,0.52205762
83.1500,0.49930568,2.86344273,0.59661551,0.49693724,1.49574013,0.52205744
83.1600,0.49930543,2.86344403,0.59661676,0.49693734,1.49574132,0.52205726
83.1700,0.49930518,2.86344533,0.59661801,0.49693744,1.49574252,0.52205708
83.1800,0.49930493,2.86344663,0.59661925,0.49693754,1.49574371,0.52205690
83.1900,0.49930468,2.86344793,0.59662050,0.49693763,1.49574491,0.52205672
83.2000,0.49930443,2.86344923,0.59662174,0.49693773,1.49574610,0.52205654
83.2100,0.49930418,2.86345052,0.59662298,0.49693783,1.49574729,0.52205637
83.2200,0.49930393,2.86345182,0.59662423,0.49693793,1.49574848,0.52205619
83.2300,0.49930368,2.86345311,0.59662547,0.49693802,1.49574967,0.52205601
83.2400,0.49930343,2.86345441,0.59662671,0.49693812,1.49575086,0.52205583
83.2500,0.49930318,2.86345570,0.59662795,0.49693822,1.49575204,0.52205566
83.2600,0.49930293,2.86345699,0.59662918,0.49693831,1.49575323,0.52205548
83.2700,0.49930268,2.86345828,0.59663042,0.49693841,1.49575441,0.52205530
83.2800,0.49930243,2.86345957,0.59663166,0.49693851,1.49575560,0.52205513
83.2900,0.49930218,2.86346086,0.59663289,0.49693860,1.49575678,0.52205495
83.3000,0.49930194,2.86346215,0.59663413,0.49693870,1.49575796,0.52205477
83.3100,0.49930169,2.86346343,0.59663536,0.49693880,1.49575914,0.52205460
83.3200,0.49930144,2.86346472,0.59663659,0.49693889,1.49576032,0.52205442
83.3300,0.49930119,2.86346600,0.59663782,0.49693899,1.49576150,0.52205424
83.3400,0.49930095,2.86346729,0.59663906,0.49693908,1.49576267,0.52205407
83.3500,0.49930070,2.86346857,0.59664028,0.49693918,1.49576385,0.52205389
83.3600,0.49930045,2.86346985,0.59664151,0.49693928,1.49576503,0.52205372
83.3700,0.49930020,2.86347113,0.59664274,0.49693937,1.49576620,0.52205354
83.3800,0.49929996,2.86347241,0.59664397,0.49693947,1.49576737,0.52205337
83.3900,0.49929971,2.86347369,0.59664519,0.49693956,1.49576854,0.52205319
83.4000,0.49929947,2.86347497,0.59664642,0.49693966,1.49576971,0.52205302
83.4100,0.49929922,2.86347624,0.59664764,0.49693975,1.49577088,0.52205285
83.4200,0.49929897,2.86347752,0.59664887,0.49693985,1.49577205,0.52205267
83.4300,0.49929873,2.86347879,0.59665009,0.49693994,1.49577322,0.52205250
83.4400,0.49929848,2.86348007,0.59665131,0.49694004,1.49577438,0.52205233
83.4500,0.49929824,2.86348134,0.59665253,0.49694013,1.49577555,0.52205215
83.4600,0.49929799,2.86348261,0.59665375,0.49694023,1.49577671,0.52205198
83.4700,0.49929775,2.86348388,0.59665497,0.49694032,1.49577788,0.52205181
83.4800,0.49929750,2.86348515,0.59665619,0.49694042,1.49577904,0.52205163
83.4900,0.49929726,2.86348642,0.59665740,0.49694051,1.49578020,0.52205146
83.5000,0.49929701,2.86348768,0.59665862,0.49694061,1.49578136,0.52205129
83.5100,0.49929677,2.86348895,0.59665983,0.49694070,1.49578252,0.52205112
83.5200,0.49929653,2.86349022,0.59666105,0.49694080,1.49578368,0.52205094
83.5300,0.49929628,2.86349148,0.59666226,0.49694089,1.49578483,0.52205077
83.5400,0.49929604,2.86349274,0.59666347,0.49694098,1.49578599,0.52205060
83.5500,0.49929580,2.86349401,0.59666468,0.49694108,1.49578714,0.52205043
83.5600,0.49929555,2.86349527,0.59666589,0.49694117,1.49578830,0.52205026
83.5700,0.49929531,2.86349653,0.59666710,0.49694127,1.49578945,0.52205009
83.5800,0.49929507,2.86349779,0.59666831,0.49694136,1.49579060,0.52204991
83.5900,0.49929483,2.86349904,0.59666952,0.49694145,1.49579175,0.52204974
83.6000,0.49929458,2.86350030,0.59667072,0.49694155,1.49579290,0.52204957
83.6100,0.49929434,2.86350156,0.59667193,0.49694164,1.49579405,0.52204940
83.6200,0.49929410,2.86350281,0.59667313,0.49694173,1.49579519,0.52204923
83.6300,0.49929386,2.86350407,0.59667434,0.49694183,1.49579634,0.52204906
83.6400,0.49929362,2.86350532,0.59667554,0.49694192,1.49579748,0.52204889
83.6500,0.49929337,2.86350657,0.59667674,0.49694201,1.49579863,0.52204872
83.6600,0.49929313,2.86350782,0.59667794,0.49694210,1.49579977,0.52204855
83.6700,0.49929289,2.86350907,0.59667914,0.49694220,1.49580091,0.52204838
83.6800,0.49929265,2.86351032,0.59668034,0.49694229,1.49580205,0.52204822
83.6900,0.49929241,2.86351157,0.59668154,0.49694238,1.49580319,0.52204805
83.7000,0.49929217,2.86351282,0.59668274,0.49694247,1.49580433,0.52204788
83.7100,0.49929193,2.86351406,0.59668393,0.49694257,1.49580547,0.52204771
83.7200,0.49929169,2.86351531,0.59668513,0.49694266,1.49580661,0.52204754
83.7300,0.49929145,2.86351655,0.59668632,0.49694275,1.49580774,0.52204737
83.7400,0.49929121,2.86351780,0.59668752,0.49694284,1.49580888,0.52204720
83.7500,0.49929097,2.86351904,0.59668871,0.49694293,1.49581001,0.52204704
83.7600,0.49929073,2.86352028,0.59668990,0.49694303,1.49581114,0.52204687
83.7700,0.49929049,2.86352152,0.59669109,0.49694312,1.49581227,0.52204670
83.7800,0.49929026,2.86352276,0.59669228,0.49694321,1.49581340,0.52204653
83.7900,0.49929002,2.86352400,0.59669347,0.49694330,1.49581453,0.52204637
83.8000,0.49928978,2.86352523,0.59669466,0.49694339,1.49581566,0.52204620
83.8100,0.49928954,2.86352647,0.59669585,0.49694348,1.49581679,0.52204603
83.8200,0.49928930,2.86352771,0.59669703,0.49694358,1.49581792,0.52204587
83.8300,0.49928906,2.86352894,0.59669822,0.49694367,1.49581904,0.52204570
83.8400,0.49928883,2.86353017,0.59669940,0.49694376,1.49582016,0.52204553
83.8500,0.49928859,2.86353141,0.59670059,0.49694385,1.49582129,0.52204537
83.8600,0.49928835,2.86353264,0.59670177,0.49694394,1.49582241,0.52204520
83.8700,0.49928811,2.86353387,0.59670295,0.49694403,1.49582353,0.52204504
83.8800,0.49928788,2.86353510,0.59670413,0.49694412,1.49582465,0.52204487
83.8900,0.49928764,2.86353632,0.59670531,0.49694421,1.49582577,0.52204471
83.9000,0.49928740,2.86353755,0.59670649,0.49694430,1.49582689,0.52204454
83.9100,0.49928717,2.86353878,0.59670767,0.49694439,1.49582800,0.52204438
83.9200,0.49928693,2.86354000,0.59670885,0.49694448,1.49582912,0.52204421
83.9300,0.49928670,2.86354123,0.59671002,0.49694457,1.49583024,0.52204405
83.9400,0.49928646,2.86354245,0.59671120,0.49694466,1.49583135,0.52204388
83.9500,0.49928623,2.86354367,0.59671237,0.49694475,1.49583246,0.52204372
83.9600,0.49928599,2.86354490,0.59671355,0.49694484,1.49583357,0.52204355
83.9700,0.49928575,2.86354612,0.59671472,0.49694493,1.49583468,0.52204339
83.9800,0.49928552,2.86354734,0.59671589,0.49694502,1.49583579,0.52204323
83.9900,0.49928529,2.86354855,0.59671706,0.49694511,1.49583690,0.52204306
84.0000,0.49928505,2.86354977,0.59671823,0.49694520,1.49583801,0.52204290
84.0100,0.49928482,2.86355099,0.59671940,0.49694529,1.49583912,0.52204274
84.0200,0.49928458,2.86355220,0.59672057,0.49694538,1.49584022,0.52204257
84.0300,0.49928435,2.86355342,0.59672174,0.49694547,1.49584133,0.52204241
84.0400,0.49928411,2.86355463,0.59672290,0.49694556,1.49584243,0.52204225
84.0500,0.49928388,2.86355585,0.59672407,0.49694565,1.49584353,0.52204209
84.0600,0.49928365,2.86355706,0.59672523,0.49694574,1.49584464,0.52204192
84.0700,0.49928341,2.86355827,0.59672640,0.49694582,1.49584574,0.52204176
84.0800,0.49928318,2.86355948,0.59672756,0.49694591,1.49584684,0.52204160
84.0900,0.49928295,2.86356069,0.59672872,0.49694600,1.49584793,0.52204144
84.1000,0.49928272,2.86356189,0.59672988,0.49694609,1.49584903,0.52204128
84.1100,0.49928248,2.86356310,0.59673105,0.49694618,1.49585013,0.52204112
84.1200,0.49928225,2.86356431,0.59673220,0.49694627,1.49585122,0.52204095
84.1300,0.49928202,2.86356551,0.59673336,0.49694636,1.49585232,0.52204079
84.1400,0.49928179,2.86356672,0.59673452,0.49694644,1.49585341,0.52204063
84.1500,0.49928155,2.86356792,0.59673568,0.49694653,1.49585450,0.52204047
84.1600,0.49928132,2.86356912,0.59673683,0.49694662,1.49585560,0.52204031
84.1700,0.49928109,2.86357032,0.59673799,0.49694671,1.49585669,0.52204015
84.1800,0.49928086,2.86357152,0.59673914,0.49694680,1.49585778,0.52203999
84.1900,0.49928063,2.86357272,0.59674030,0.49694688,1.49585886,0.52203983
84.2000,0.49928040,2.86357392,0.59674145,0.49694697,1.49585995,0.52203967
84.2100,0.49928017,2.86357512,0.59674260,0.49694706,1.49586104,0.52203951
84.2200,0.49927994,2.86357631,0.59674375,0.49694715,1.49586212,0.52203935
84.2300,0.49927971,2.86357751,0.59674490,0.49694723,1.49586321,0.52203919
84.2400,0.49927948,2.86357870,0.59674605,0.49694732,1.49586429,0.52203903
84.2500,0.49927925,2.86357990,0.59674720,0.49694741,1.49586537,0.52203888
84.2600,0.49927902,2.86358109,0.59674834,0.49694749,1.49586646,0.52203872
84.2700,0.49927879,2.86358228,0.59674949,0.49694758,1.49586754,0.52203856
84.2800,0.49927856,2.86358347,0.59675063,0.49694767,1.49586862,0.52203840
84.2900,0.49927833,2.86358466,0.59675178,0.49694775,1.49586969,0.52203824
84.3000,0.49927810,2.86358585,0.59675292,0.49694784,1.49587077,0.52203808
84.3100,0.49927787,2.86358704,0.59675407,0.49694793,1.49587185,0.52203793
84.3200,0.49927764,2.86358823,0.59675521,0.49694801,1.49587292,0.52203777
84.3300,0.49927741,2.86358941,0.59675635,0.49694810,1.49587400,0.52203761
84.3400,0.49927719,2.86359060,0.59675749,0.49694819,1.49587507,0.52203745
84.3500,0.49927696,2.86359178,0.59675863,0.49694827,1.49587615,0.52203730
84.3600,0.49927673,2.86359296,0.59675977,0.49694836,1.49587722,0.52203714
84.3700,0.49927650,2.86359415,0.59676090,0.49694845,1.49587829,0.52203698
84.3800,0.49927628,2.86359533,0.59676204,0.49694853,1.49587936,0.52203683
84.3900,0.49927605,2.86359651,0.59676318,0.49694862,1.49588043,0.52203667
84.4000,0.49927582,2.86359769,0.59676431,0.49694870,1.49588149,0.52203651
84.4100,0.49927559,2.86359887,0.59676544,0.49694879,1.49588256,0.52203636
84.4200,0.49927537,2.86360004,0.59676658,0.49694887,1.49588363,0.52203620
84.4300,0.49927514,2.86360122,0.59676771,0.49694896,1.49588469,0.52203605
84.4400,0.49927491,2.86360239,0.59676884,0.49694904,1.49588575,0.52203589
84.4500,0.49927469,2.86360357,0.59676997,0.49694913,1.49588682,0.52203573
84.4600,0.49927446,2.86360474,0.59677110,0.49694922,1.49588788,0.52203558
84.4700,0.49927424,2.86360592,0.59677223,0.49694930,1.49588894,0.52203542
84.4800,0.49927401,2.86360709,0.59677336,0.49694939,1.49589000,0.52203527
84.4900,0.49927378,2.86360826,0.59677449,0.49694947,1.49589106,0.52203511
84.5000,0.49927356,2.86360943,0.59677561,0.49694955,1.49589212,0.52203496
84.5100,0.49927333,2.86361060,0.59677674,0.49694964,1.49589317,0.52203481
84.5200,0.49927311,2.86361177,0.59677786,0.49694972,1.49589423,0.52203465
84.5300,0.49927288,2.86361293,0.59677898,0.49694981,1.49589528,0.52203450
84.5400,0.49927266,2.86361410,0.59678011,0.49694989,1.49589634,0.52203434
84.5500,0.49927244,2.86361526,0.59678123,0.49694998,1.49589739,0.52203419
84.5600,0.49927221,2.86361643,0.59678235,0.49695006,1.49589844,0.52203404
84.5700,0.49927199,2.86361759,0.59678347,0.49695015,1.49589950,0.52203388
84.5800,0.49927176,2.86361875,0.59678459,0.49695023,1.49590055,0.52203373
84.5900,0.49927154,2.86361992,0.59678571,0.49695031,1.49590159,0.52203358
84.6000,0.49927132,2.86362108,0.59678683,0.49695040,1.49590264,0.52203342
84.6100,0.49927109,2.86362224,0.59678794,0.49695048,1.49590369,0.52203327
84.6200,0.49927087,2.86362339,0.59678906,0.49695057,1.49590474,0.52203312
84.6300,0.49927065,2.86362455,0.59679017,0.49695065,1.49590578,0.52203297
84.6400,0.49927042,2.86362571,0.59679129,0.49695073,1.49590683,0.52203281
84.6500,0.49927020,2.86362687,0.59679240,0.49695082,1.49590787,0.52203266
84.6600,0.49926998,2.86362802,0.59679351,0.49695090,1.49590891,0.52203251
84.6700,0.49926976,2.86362917,0.59679463,0.49695098,1.49590995,0.52203236
84.6800,0.49926953,2.86363033,0.59679574,0.49695107,1.49591099,0.52203221
84.6900,0.49926931,2.86363148,0.59679685,0.49695115,1.49591203,0.52203205
84.7000,0.49926909,2.86363263,0.59679796,0.49695123,1.49591307,0.52203190
84.7100,0.49926887,2.86363378,0.59679906,0.49695132,1.49591411,0.52203175
84.7200,0.49926865,2.86363493,0.59680017,0.49695140,1.49591515,0.52203160
84.7300,0.49926843,2.86363608,0.59680128,0.49695148,1.49591618,0.52203145
84.7400,0.49926821,2.86363723,0.59680238,0.49695156,1.49591722,0.52203130
84.7500,0.49926799,2.86363837,0.59680349,0.49695165,1.49591825,0.52203115
84.7600,0.49926776,2.86363952,0.59680459,0.49695173,1.49591928,0.52203100
84.7700,0.49926754,2.86364067,0.59680569,0.49695181,1.49592032,0.52203085
84.7800,0.49926732,2.86364181,0.59680680,0.49695189,1.49592135,0.52203070
84.7900,0.49926710,2.86364295,0.59680790,0.49695198,1.49592238,0.52203055
84.8000,0.49926688,2.86364410,0.59680900,0.49695206,1.49592341,0.52203040
84.8100,0.49926666,2.86364524,0.59681010,0.49695214,1.49592443,0.52203025
84.8200,0.49926644,2.86364638,0.59681120,0.49695222,1.49592546,0.52203010
84.8300,0.49926622,2.86364752,0.59681230,0.49695230,1.49592649,0.52202995
84.8400,0.49926601,2.86364866,0.59681339,0.49695239,1.49592751,0.52202980
84.8500,0.49926579,2.86364979,0.59681449,0.49695247,1.49592854,0.52202966
84.8600,0.49926557,2.86365093,0.59681559,0.49695255,1.49592956,0.52202951
84.8700,0.49926535,2.86365207,0.59681668,0.49695263,1.49593058,0.52202936
84.8800,0.49926513,2.86365320,0.59681777,0.49695271,1.49593161,0.52202921
84.8900,0.49926491,2.86365433,0.59681887,0.49695279,1.49593263,0.52202906
84.9000,0.49926469,2.86365547,0.59681996,0.49695287,1.49593365,0.52202891
84.9100,0.49926448,2.86365660,0.59682105,0.49695296,1.49593466,0.52202877
84.9200,0.49926426,2.86365773,0.59682214,0.49695304,1.49593568,0.52202862
84.9300,0.49926404,2.86365886,0.59682323,0.49695312,1.49593670,0.52202847
84.9400,0.49926382,2.86365999,0.59682432,0.49695320,1.49593772,0.52202832
84.9500,0.49926361,2.86366112,0.59682541,0.49695328,1.49593873,0.52202818
84.9600,0.49926339,2.86366225,0.59682650,0.49695336,1.49593974,0.52202803
84.9700,0.49926317,2.86366337,0.59682758,0.49695344,1.49594076,0.52202788
84.9800,0.49926296,2.86366450,0.59682867,0.49695352,1.49594177,0.52202774
84.9900,0.49926274,2.86366563,0.59682975,0.49695360,1.49594278,0.52202759
85.0000,0.49926252,2.86366675,0.59683084,0.49695368,1.49594379,0.52202744
85.0100,0.49926231,2.86366787,0.59683192,0.49695376,1.49594480,0.52202730
85.0200,0.49926209,2.86366899,0.59683300,0.49695384,1.49594581,0.52202715
85.0300,0.49926187,2.86367012,0.59683408,0.49695392,1.49594682,0.52202701
85.0400,0.49926166,2.86367124,0.59683516,0.49695400,1.49594782,0.52202686
85.0500,0.49926144,2.86367236,0.59683624,0.49695408,1.49594883,0.52202671
85.0600,0.49926123,2.86367348,0.59683732,0.49695416,1.49594983,0.52202657
85.0700,0.49926101,2.86367459,0.59683840,0.49695424,1.49595084,0.52202642
85.0800,0.49926080,2.86367571,0.59683948,0.49695432,1.49595184,0.52202628
85.0900,0.49926058,2.86367683,0.59684055,0.49695440,1.49595284,0.52202613
85.1000,0.49926037,2.86367794,0.59684163,0.49695448,1.49595384,0.52202599
85.1100,0.49926015,2.86367906,0.59684270,0.49695456,1.49595484,0.52202585
85.1200,0.49925994,2.86368017,0.59684378,0.49695464,1.49595584,0.52202570
85.1300,0.49925972,2.86368128,0.59684485,0.49695472,1.49595684,0.52202556
85.1400,0.49925951,2.86368239,0.59684592,0.49695480,1.49595784,0.52202541
85.1500,0.49925930,2.86368350,0.59684700,0.49695488,1.49595884,0.52202527
85.1600,0.49925908,2.86368461,0.59684807,0.49695496,1.49595983,0.52202512
85.1700,0.49925887,2.86368572,0.59684914,0.49695504,1.49596083,0.52202498
85.1800,0.49925866,2.86368683,0.59685020,0.49695511,1.49596182,0.52202484
85.1900,0.49925844,2.86368794,0.59685127,0.49695519,1.49596281,0.52202469
85.2000,0.49925823,2.86368904,0.59685234,0.49695527,1.49596380,0.52202455
85.2100,0.49925802,2.86369015,0.59685341,0.49695535,1.49596480,0.52202441
85.2200,0.49925780,2.86369125,0.59685447,0.49695543,1.49596579,0.52202427
85.2300,0.49925759,2.86369236,0.59685554,0.49695551,1.49596677,0.52202412
85.2400,0.49925738,2.86369346,0.59685660,0.49695559,1.49596776,0.52202398
85.2500,0.49925717,2.86369456,0.59685767,0.49695566,1.49596875,0.52202384
85.2600,0.49925696,2.86369566,0.59685873,0.49695574,1.49596974,0.52202370
85.2700,0.49925674,2.86369676,0.59685979,0.49695582,1.49597072,0.52202355
85.2800,0.49925653,2.86369786,0.59686085,0.49695590,1.49597171,0.52202341
85.2900,0.49925632,2.86369896,0.59686191,0.49695598,1.49597269,0.52202327
85.3000,0.49925611,2.86370006,0.59686297,0.49695605,1.49597367,0.52202313
85.3100,0.49925590,2.86370116,0.59686403,0.49695613,1.49597466,0.52202299
85.3200,0.49925569,2.86370225,0.59686509,0.49695621,1.49597564,0.52202285
85.3300,0.49925548,2.86370335,0.59686614,0.49695629,1.49597662,0.52202271
85.3400,0.49925527,2.86370444,0.59686720,0.49695636,1.49597760,0.52202256
85.3500,0.49925506,2.86370553,0.59686825,0.49695644,1.49597857,0.52202242
85.3600,0.49925485,2.86370663,0.59686931,0.49695652,1.49597955,0.52202228
85.3700,0.49925464,2.86370772,0.59687036,0.49695660,1.49598053,0.52202214
85.3800,0.49925443,2.86370881,0.59687142,0.49695667,1.49598150,0.52202200
85.3900,0.49925422,2.86370990,0.59687247,0.49695675,1.49598248,0.52202186
85.4000,0.49925401,2.86371099,0.59687352,0.49695683,1.49598345,0.52202172
85.4100,0.49925380,2.86371207,0.59687457,0.49695690,1.49598442,0.52202158
85.4200,0.49925359,2.86371316,0.59687562,0.49695698,1.49598540,0.52202144
85.4300,0.49925338,2.86371425,0.59687667,0.49695706,1.49598637,0.52202130
85.4400,0.49925317,2.86371533,0.59687772,0.49695713,1.49598734,0.52202116
85.4500,0.49925296,2.86371642,0.59687876,0.49695721,1.49598831,0.52202102
85.4600,0.49925275,2.86371750,0.59687981,0.49695729,1.49598928,0.52202089
85.4700,0.49925254,2.86371858,0.59688085,0.49695736,1.49599024,0.52202075
85.4800,0.49925234,2.86371967,0.59688190,0.49695744,1.49599121,0.52202061
85.4900,0.49925213,2.86372075,0.59688294,0.49695752,1.49599218,0.52202047
85.5000,0.49925192,2.86372183,0.59688399,0.49695759,1.49599314,0.52202033
85.5100,0.49925171,2.86372291,0.59688503,0.49695767,1.49599411,0.52202019
85.5200,0.49925151,2.86372398,0.59688607,0.49695775,1.49599507,0.52202005
85.5300,0.49925130,2.86372506,0.59688711,0.49695782,1.49599603,0.52201992
85.5400,0.49925109,2.86372614,0.59688815,0.49695790,1.49599699,0.52201978
85.5500,0.49925088,2.86372721,0.59688919,0.49695797,1.49599795,0.52201964
85.5600,0.49925068,2.86372829,0.59689023,0.49695805,1.49599891,0.52201950
85.5700,0.49925047,2.86372936,0.59689127,0.49695812,1.49599987,0.52201937
85.5800,0.49925026,2.86373044,0.59689230,0.49695820,1.49600083,0.52201923
85.5900,0.49925006,2.86373151,0.59689334,0.49695828,1.49600179,0.52201909
85.6000,0.49924985,2.86373258,0.59689437,0.49695835,1.49600274,0.52201896
85.6100,0.49924965,2.86373365,0.59689541,0.49695843,1.49600370,0.52201882
85.6200,0.49924944,2.86373472,0.59689644,0.49695850,1.49600465,0.52201868
85.6300,0.49924923,2.86373579,0.59689748,0.49695858,1.49600560,0.52201855
85.6400,0.49924903,2.86373686,0.59689851,0.49695865,1.49600656,0.52201841
85.6500,0.49924882,2.86373793,0.59689954,0.49695873,1.49600751,0.52201827
85.6600,0.49924862,2.86373899,0.59690057,0.49695880,1.49600846,0.52201814
85.6700,0.49924841,2.86374006,0.59690160,0.49695888,1.49600941,0.52201800
85.6800,0.49924821,2.86374112,0.59690263,0.49695895,1.49601036,0.52201787
85.6900,0.49924800,2.86374219,0.59690366,0.49695903,1.49601131,0.52201773
85.7000,0.49924780,2.86374325,0.59690468,0.49695910,1.49601225,0.52201759
85.7100,0.49924759,2.86374431,0.59690571,0.49695917,1.49601320,0.52201746
85.7200,0.49924739,2.86374537,0.59690674,0.49695925,1.49601415,0.52201732
85.7300,0.49924719,2.86374643,0.59690776,0.49695932,1.49601509,0.52201719
85.7400,0.49924698,2.86374749,0.59690878,0.49695940,1.49601603,0.52201705
85.7500,0.49924678,2.86374855,0.59690981,0.49695947,1.49601698,0.52201692
85.7600,0.49924657,2.86374961,0.59691083,0.49695955,1.49601792,0.52201679
85.7700,0.49924637,2.86375067,0.59691185,0.49695962,1.49601886,0.52201665
85.7800,0.49924617,2.86375172,0.59691287,0.49695969,1.49601980,0.52201652
85.7900,0.49924596,2.86375278,0.59691389,0.49695977,1.49602074,0.52201638
85.8000,0.49924576,2.86375383,0.59691491,0.49695984,1.49602168,0.52201625
85.8100,0.49924556,2.86375489,0.59691593,0.49695991,1.49602262,0.52201611
85.8200,0.49924536,2.86375594,0.59691695,0.49695999,1.49602355,0.52201598
85.8300,0.49924515,2.86375699,0.59691797,0.49696006,1.49602449,0.52201585
85.8400,0.49924495,2.86375804,0.59691898,0.49696014,1.49602542,0.52201571
85.8500,0.49924475,2.86375909,0.59692000,0.49696021,1.49602636,0.52201558
85.8600,0.49924455,2.86376014,0.59692101,0.49696028,1.49602729,0.52201545
85.8700,0.49924435,2.86376119,0.59692203,0.49696036,1.49602822,0.52201532
85.8800,0.49924414,2.86376224,0.59692304,0.49696043,1.49602916,0.52201518
85.8900,0.49924394,2.86376329,0.59692405,0.49696050,1.49603009,0.52201505
85.9000,0.49924374,2.86376433,0.59692507,0.49696057,1.49603102,0.52201492
85.9100,0.49924354,2.86376538,0.59692608,0.49696065,1.49603195,0.52201479
85.9200,0.49924334,2.86376642,0.59692709,0.49696072,1.49603287,0.52201465
85.9300,0.49924314,2.86376747,0.59692810,0.49696079,1.49603380,0.52201452
85.9400,0.49924294,2.86376851,0.59692910,0.49696087,1.49603473,0.52201439
85.9500,0.49924274,2.86376955,0.59693011,0.49696094,1.49603565,0.52201426
85.9600,0.49924254,2.86377059,0.59693112,0.49696101,1.49603658,0.52201413
85.9700,0.49924234,2.86377163,0.59693213,0.49696108,1.49603750,0.52201399
85.9800,0.49924214,2.86377267,0.59693313,0.49696116,1.49603843,0.52201386
85.9900,0.49924194,2.86377371,0.59693414,0.49696123,1.49603935,0.52201373
86.0000,0.49924174,2.86377475,0.59693514,0.49696130,1.49604027,0.52201360
86.0100,0.49924154,2.86377579,0.59693614,0.49696137,1.49604119,0.52201347
86.0200,0.49924134,2.86377682,0.59693715,0.49696144,1.49604211,0.52201334
86.0300,0.49924114,2.86377786,0.59693815,0.49696152,1.49604303,0.52201321
86.0400,0.49924094,2.86377889,0.59693915,0.49696159,1.49604395,0.52201308
86.0500,0.49924074,2.86377992,0.59694015,0.49696166,1.49604486,0.52201295
86.0600,0.49924054,2.86378096,0.59694115,0.49696173,1.49604578,0.52201282
86.0700,0.49924034,2.86378199,0.59694215,0.49696180,1.49604670,0.52201269
86.0800,0.49924015,2.86378302,0.59694314,0.49696187,1.49604761,0.52201256
86.0900,0.49923995,2.86378405,0.59694414,0.49696195,1.49604852,0.52201243
86.1000,0.49923975,2.86378508,0.59694514,0.49696202,1.49604944,0.52201230
86.1100,0.49923955,2.86378611,0.59694613,0.49696209,1.49605035,0.52201217
86.1200,0.49923935,2.86378714,0.59694713,0.49696216,1.49605126,0.52201204
86.1300,0.49923916,2.86378816,0.59694812,0.49696223,1.49605217,0.52201191
86.1400,0.49923896,2.86378919,0.59694911,0.49696230,1.49605308,0.52201178
86.1500,0.49923876,2.86379022,0.59695011,0.49696237,1.49605399,0.52201165
86.1600,0.49923857,2.86379124,0.59695110,0.49696244,1.49605490,0.52201153
86.1700,0.49923837,2.86379227,0.59695209,0.49696252,1.49605581,0.52201140
86.1800,0.49923817,2.86379329,0.59695308,0.49696259,1.49605671,0.52201127
86.1900,0.49923797,2.86379431,0.59695407,0.49696266,1.49605762,0.52201114
86.2000,0.49923778,2.86379533,0.59695506,0.49696273,1.49605852,0.52201101
86.2100,0.49923758,2.86379635,0.59695605,0.49696280,1.49605943,0.52201088
86.2200,0.49923739,2.86379737,0.59695703,0.49696287,1.49606033,0.52201076
86.2300,0.49923719,2.86379839,0.59695802,0.49696294,1.49606123,0.52201063
86.2400,0.49923699,2.86379941,0.59695901,0.49696301,1.49606213,0.52201050
86.2500,0.49923680,2.86380043,0.59695999,0.49696308,1.49606303,0.52201037
86.2600,0.49923660,2.86380144,0.59696097,0.49696315,1.49606393,0.52201025
86.2700,0.49923641,2.86380246,0.59696196,0.49696322,1.49606483,0.52201012
86.2800,0.49923621,2.86380347,0.59696294,0.49696329,1.49606573,0.52200999
86.2900,0.49923602,2.86380449,0.59696392,0.49696336,1.49606663,0.52200987
86.3000,0.49923582,2.86380550,0.59696490,0.49696343,1.49606752,0.52200974
86.3100,0.49923563,2.86380651,0.59696588,0.49696350,1.49606842,0.52200961
86.3200,0.49923543,2.86380753,0.59696686,0.49696357,1.49606931,0.52200949
86.3300,0.49923524,2.86380854,0.59696784,0.49696364,1.49607021,0.52200936
86.3400,0.49923504,2.86380955,0.59696882,0.49696371,1.49607110,0.52200923
86.3500,0.49923485,2.86381056,0.59696980,0.49696378,1.49607199,0.52200911
86.3600,0.49923466,2.86381156,0.59697077,0.49696385,1.49607288,0.52200898
86.3700,0.49923446,2.86381257,0.59697175,0.49696392,1.49607377,0.52200886
86.3800,0.49923427,2.86381358,0.59697273,0.49696399,1.49607466,0.52200873
86.3900,0.49923408,2.86381458,0.59697370,0.49696406,1.49607555,0.52200861
86.4000,0.49923388,2.86381559,0.59697467,0.49696413,1.49607644,0.52200848
86.4100,0.49923369,2.86381659,0.59697565,0.49696419,1.49607733,0.52200836
86.4200,0.49923350,2.86381760,0.59697662,0.49696426,1.49607821,0.52200823
86.4300,0.49923330,2.86381860,0.59697759,0.49696433,1.49607910,0.52200811
86.4400,0.49923311,2.86381960,0.59697856,0.49696440,1.49607998,0.52200798
86.4500,0.49923292,2.86382060,0.59697953,0.49696447,1.49608087,0.52200786
86.4600,0.49923273,2.86382160,0.59698050,0.49696454,1.49608175,0.52200773
86.4700,0.49923253,2.86382260,0.59698147,0.49696461,1.49608263,0.52200761
86.4800,0.49923234,2.86382360,0.59698244,0.49696468,1.49608352,0.52200748
86.4900,0.49923215,2.86382460,0.59698340,0.49696474,1.49608440,0.52200736
86.5000,0.49923196,2.86382560,0.59698437,0.49696481,1.49608528,0.52200724
86.5100,0.49923177,2.86382659,0.59698534,0.49696488,1.49608616,0.52200711
86.5200,0.49923157,2.86382759,0.59698630,0.49696495,1.49608703,0.52200699
86.5300,0.49923138,2.86382858,0.59698726,0.49696502,1.49608791,0.52200687
86.5400,0.49923119,2.86382958,0.59698823,0.49696509,1.49608879,0.52200674
86.5500,0.49923100,2.86383057,0.59698919,0.49696515,1.49608966,0.52200662
86.5600,0.49923081,2.86383156,0.59699015,0.49696522,1.49609054,0.52200650
86.5700,0.49923062,2.86383256,0.59699111,0.49696529,1.49609141,0.52200637
86.5800,0.49923043,2.86383355,0.59699207,0.49696536,1.49609229,0.52200625
86.5900,0.49923024,2.86383454,0.59699303,0.49696543,1.49609316,0.52200613
86.6000,0.49923005,2.86383553,0.59699399,0.49696549,1.49609403,0.52200600
86.6100,0.49922986,2.86383651,0.59699495,0.49696556,1.49609490,0.52200588
86.6200,0.49922967,2.86383750,0.59699591,0.49696563,1.49609577,0.52200576
86.6300,0.49922948,2.86383849,0.59699686,0.49696570,1.49609664,0.52200564
86.6400,0.49922929,2.86383948,0.59699782,0.49696576,1.49609751,0.52200552
86.6500,0.49922910,2.86384046,0.59699877,0.49696583,1.49609838,0.52200539
86.6600,0.49922891,2.86384145,0.59699973,0.49696590,1.49609925,0.52200527
86.6700,0.49922872,2.86384243,0.59700068,0.49696596,1.49610011,0.52200515
86.6800,0.49922853,2.86384341,0.59700164,0.49696603,1.49610098,0.52200503
86.6900,0.49922834,2.86384439,0.59700259,0.49696610,1.49610184,0.52200491
86.7000,0.49922815,2.86384538,0.59700354,0.49696617,1.49610271,0.52200479
86.7100,0.49922797,2.86384636,0.59700449,0.49696623,1.49610357,0.52200467
86.7200,0.49922778,2.86384734,0.59700544,0.49696630,1.49610443,0.52200455
86.7300,0.49922759,2.86384832,0.59700639,0.49696637,1.49610529,0.52200442
86.7400,0.49922740,2.86384929,0.59700734,0.49696643,1.49610615,0.52200430
86.7500,0.49922721,2.86385027,0.59700829,0.49696650,1.49610701,0.52200418
86.7600,0.49922703,2.86385125,0.59700923,0.49696657,1.49610787,0.52200406
86.7700,0.49922684,2.86385222,0.59701018,0.49696663,1.49610873,0.52200394
86.7800,0.49922665,2.86385320,0.59701113,0.49696670,1.49610959,0.52200382
86.7900,0.49922646,2.86385417,0.59701207,0.49696677,1.49611044,0.52200370
86.8000,0.49922628,2.86385515,0.59701301,0.49696683,1.49611130,0.52200358
86.8100,0.49922609,2.86385612,0.59701396,0.49696690,1.49611216,0.52200346
86.8200,0.49922590,2.86385709,0.59701490,0.49696696,1.49611301,0.52200334
86.8300,0.49922571,2.86385806,0.59701584,0.49696703,1.49611386,0.52200322
86.8400,0.49922553,2.86385903,0.59701678,0.49696710,1.49611472,0.52200311
86.8500,0.49922534,2.86386000,0.59701772,0.49696716,1.49611557,0.52200299
86.8600,0.49922516,2.86386097,0.59701866,0.49696723,1.49611642,0.52200287
86.8700,0.49922497,2.86386194,0.59701960,0.49696729,1.49611727,0.52200275
86.8800,0.49922478,2.86386291,0.59702054,0.49696736,1.49611812,0.52200263
86.8900,0.49922460,2.86386387,0.59702148,0.49696742,1.49611897,0.52200251
86.9000,0.49922441,2.86386484,0.59702242,0.49696749,1.49611982,0.52200239
86.9100,0.49922423,2.86386581,0.59702335,0.49696756,1.49612066,0.52200227
86.9200,0.49922404,2.86386677,0.59702429,0.49696762,1.49612151,0.52200216
86.9300,0.49922386,2.86386773,0.59702522,0.49696769,1.49612236,0.52200204
86.9400,0.49922367,2.86386870,0.59702616,0.49696775,1.49612320,0.52200192
86.9500,0.49922349,2.86386966,0.59702709,0.49696782,1.49612405,0.52200180
86.9600,0.49922330,2.86387062,0.59702802,0.49696788,1.49612489,0.52200168
86.9700,0.49922312,2.86387158,0.59702896,0.49696795,1.49612573,0.52200157
86.9800,0.49922293,2.86387254,0.59702989,0.49696801,1.49612657,0.52200145
86.9900,0.49922275,2.86387350,0.59703082,0.49696808,1.49612741,0.52200133
87.0000,0.49922256,2.86387446,0.59703175,0.49696814,1.49612825,0.52200122
87.0100,0.49922238,2.86387541,0.59703268,0.49696821,1.49612909,0.52200110
87.0200,0.49922220,2.86387637,0.59703361,0.49696827,1.49612993,0.52200098
87.0300,0.49922201,2.86387733,0.59703453,0.49696834,1.49613077,0.52200087
87.0400,0.49922183,2.86387828,0.59703546,0.49696840,1.49613161,0.52200075
87.0500,0.49922164,2.86387924,0.59703639,0.49696846,1.49613244,0.52200063
87.0600,0.49922146,2.86388019,0.59703731,0.49696853,1.49613328,0.52200052
87.0700,0.49922128,2.86388114,0.59703824,0.49696859,1.49613411,0.52200040
87.0800,0.49922109,2.86388209,0.59703916,0.49696866,1.49613495,0.52200028
87.0900,0.49922091,2.86388305,0.59704008,0.49696872,1.49613578,0.52200017
87.1000,0.49922073,2.86388400,0.59704101,0.49696879,1.49613661,0.52200005
87.1100,0.49922055,2.86388495,0.59704193,0.49696885,1.49613745,0.52199994
87.1200,0.49922036,2.86388590,0.59704285,0.49696891,1.49613828,0.52199982
87.1300,0.49922018,2.86388684,0.59704377,0.49696898,1.49613911,0.52199970
87.1400,0.49922000,2.86388779,0.59704469,0.49696904,1.49613994,0.52199959
87.1500,0.49921982,2.86388874,0.59704561,0.49696911,1.49614077,0.52199947
87.1600,0.49921964,2.86388968,0.59704653,0.49696917,1.49614159,0.52199936
87.1700,0.49921945,2.86389063,0.59704745,0.49696923,1.49614242,0.52199924
87.1800,0.49921927,2.86389157,0.59704836,0.49696930,1.49614325,0.52199913
87.1900,0.49921909,2.86389252,0.59704928,0.49696936,1.49614407,0.52199901
87.2000,0.49921891,2.86389346,0.59705020,0.49696942,1.49614490,0.52199890
87.2100,0.49921873,2.86389440,0.59705111,0.49696949,1.49614572,0.52199879
87.2200,0.49921855,2.86389534,0.59705203,0.49696955,1.49614655,0.52199867
87.2300,0.49921837,2.86389629,0.59705294,0.49696961,1.49614737,0.52199856
87.2400,0.49921819,2.86389723,0.59705385,0.49696968,1.49614819,0.52199844
87.2500,0.49921801,2.86389816,0.59705476,0.49696974,1.49614901,0.52199833
87.2600,0.49921783,2.86389910,0.59705568,0.49696980,1.49614983,0.52199822
87.2700,0.49921765,2.86390004,0.59705659,0.49696987,1.49615065,0.52199810
87.2800,0.49921747,2.86390098,0.59705750,0.49696993,1.49615147,0.52199799
87.2900,0.49921729,2.86390191,0.59705841,0.49696999,1.49615229,0.52199788
87.3000,0.49921711,2.86390285,0.59705931,0.49697005,1.49615311,0.52199776
87.3100,0.49921693,2.86390378,0.59706022,0.49697012,1.49615392,0.52199765
87.3200,0.49921675,2.86390472,0.59706113,0.49697018,1.49615474,0.52199754
87.3300,0.49921657,2.86390565,0.59706204,0.49697024,1.49615555,0.52199742
87.3400,0.49921639,2.86390658,0.59706294,0.49697031,1.49615637,0.52199731
87.3500,0.49921621,2.86390752,0.59706385,0.49697037,1.49615718,0.52199720
87.3600,0.49921603,2.86390845,0.59706475,0.49697043,1.49615799,0.52199709
87.3700,0.49921585,2.86390938,0.59706566,0.49697049,1.49615881,0.52199697
87.3800,0.49921567,2.86391031,0.59706656,0.49697055,1.49615962,0.52199686
87.3900,0.49921549,2.86391124,0.59706746,0.49697062,1.49616043,0.52199675
87.4000,0.49921532,2.86391216,0.59706836,0.49697068,1.49616124,0.52199664
87.4100,0.49921514,2.86391309,0.59706926,0.49697074,1.49616205,0.52199652
87.4200,0.49921496,2.86391402,0.59707016,0.49697080,1.49616285,0.52199641
87.4300,0.49921478,2.86391494,0.59707106,0.49697086,1.49616366,0.52199630
87.4400,0.49921460,2.86391587,0.59707196,0.49697093,1.49616447,0.52199619
87.4500,0.49921443,2.86391679,0.59707286,0.49697099,1.49616528,0.52199608
87.4600,0.49921425,2.86391772,0.59707376,0.49697105,1.49616608,0.52199597
87.4700,0.49921407,2.86391864,0.59707466,0.49697111,1.49616689,0.52199586
87.4800,0.49921389,2.86391956,0.59707555,0.49697117,1.49616769,0.52199575
87.4900,0.49921372,2.86392048,0.59707645,0.49697123,1.49616849,0.52199563
87.5000,0.49921354,2.86392140,0.59707734,0.49697130,1.49616929,0.52199552
87.5100,0.49921336,2.86392232,0.59707824,0.49697136,1.49617010,0.52199541
87.5200,0.49921319,2.86392324,0.59707913,0.49697142,1.49617090,0.52199530
87.5300,0.49921301,2.86392416,0.59708002,0.49697148,1.49617170,0.52199519
87.5400,0.49921283,2.86392508,0.59708092,0.49697154,1.49617250,0.52199508
87.5500,0.49921266,2.86392600,0.59708181,0.49697160,1.49617330,0.52199497
87.5600,0.49921248,2.86392691,0.59708270,0.49697166,1.49617409,0.52199486
87.5700,0.49921231,2.86392783,0.59708359,0.49697172,1.49617489,0.52199475
87.5800,0.49921213,2.86392874,0.59708448,0.49697179,1.49617569,0.52199464
87.5900,0.49921195,2.86392966,0.59708537,0.49697185,1.49617648,0.52199453
87.6000,0.49921178,2.86393057,0.59708625,0.49697191,1.49617728,0.52199442
87.6100,0.49921160,2.86393148,0.59708714,0.49697197,1.49617807,0.52199431
87.6200,0.49921143,2.86393239,0.59708803,0.49697203,1.49617887,0.52199420
87.6300,0.49921125,2.86393331,0.59708891,0.49697209,1.49617966,0.52199410
87.6400,0.49921108,2.86393422,0.59708980,0.49697215,1.49618045,0.52199399
87.6500,0.49921090,2.86393513,0.59709068,0.49697221,1.49618124,0.52199388
87.6600,0.49921073,2.86393603,0.59709157,0.49697227,1.49618203,0.52199377
87.6700,0.49921055,2.86393694,0.59709245,0.49697233,1.49618282,0.52199366
87.6800,0.49921038,2.86393785,0.59709333,0.49697239,1.49618361,0.52199355
87.6900,0.49921020,2.86393876,0.59709421,0.49697245,1.49618440,0.52199344
87.7000,0.49921003,2.86393966,0.59709510,0.49697251,1.49618519,0.52199333
87.7100,0.49920986,2.86394057,0.59709598,0.49697257,1.49618597,0.52199323
87.7200,0.49920968,2.86394147,0.59709686,0.49697263,1.49618676,0.52199312
87.7300,0.49920951,2.86394238,0.59709774,0.49697269,1.49618755,0.52199301
87.7400,0.49920934,2.86394328,0.59709861,0.49697275,1.49618833,0.52199290
87.7500,0.49920916,2.86394418,0.59709949,0.49697281,1.49618911,0.52199280
87.7600,0.49920899,2.86394508,0.59710037,0.49697287,1.49618990,0.52199269
87.7700,0.49920882,2.86394599,0.59710125,0.49697293,1.49619068,0.52199258
87.7800,0.49920864,2.86394689,0.59710212,0.49697299,1.49619146,0.52199247
87.7900,0.49920847,2.86394779,0.59710300,0.49697305,1.49619224,0.52199237
87.8000,0.49920830,2.86394868,0.59710387,0.49697311,1.49619302,0.52199226
87.8100,0.49920812,2.86394958,0.59710474,0.49697317,1.49619380,0.52199215
87.8200,0.49920795,2.86395048,0.59710562,0.49697323,1.49619458,0.52199205
87.8300,0.49920778,2.86395138,0.59710649,0.49697329,1.49619536,0.52199194
87.8400,0.49920761,2.86395227,0.59710736,0.49697335,1.49619614,0.52199183
87.8500,0.49920744,2.86395317,0.59710823,0.49697341,1.49619692,0.52199173
87.8600,0.49920726,2.86395406,0.59710910,0.49697346,1.49619769,0.52199162
87.8700,0.49920709,2.86395496,0.59710997,0.49697352,1.49619847,0.52199151
87.8800,0.49920692,2.86395585,0.59711084,0.49697358,1.49619924,0.52199141
87.8900,0.49920675,2.86395674,0.59711171,0.49697364,1.49620002,0.52199130
87.9000,0.49920658,2.86395763,0.59711258,0.49697370,1.49620079,0.52199119
87.9100,0.49920641,2.86395853,0.59711345,0.49697376,1.49620156,0.52199109
87.9200,0.49920624,2.86395942,0.59711431,0.49697382,1.49620233,0.52199098
87.9300,0.49920607,2.86396030,0.59711518,0.49697388,1.49620310,0.52199088
87.9400,0.49920589,2.86396119,0.59711604,0.49697393,1.49620388,0.52199077
87.9500,0.49920572,2.86396208,0.59711691,0.49697399,1.49620464,0.52199067
87.9600,0.49920555,2.86396297,0.59711777,0.49697405,1.49620541,0.52199056
87.9700,0.49920538,2.86396386,0.59711863,0.49697411,1.49620618,0.52199046
87.9800,0.49920521,2.86396474,0.59711950,0.49697417,1.49620695,0.52199035
87.9900,0.49920504,2.86396563,0.59712036,0.49697423,1.49620772,0.52199025
88.0000,0.49920487,2.86396651,0.59712122,0.49697428,1.49620848,0.52199014
88.0100,0.49920470,2.86396740,0.59712208,0.49697434,1.49620925,0.52199004
88.0200,0.49920453,2.86396828,0.59712294,0.49697440,1.49621001,0.52198993
88.0300,0.49920436,2.86396916,0.59712380,0.49697446,1.49621078,0.52198983
88.0400,0.49920419,2.86397004,0.59712466,0.49697452,1.49621154,0.52198973
88.0500,0.49920402,2.86397092,0.59712552,0.49697457,1.49621230,0.52198962
88.0600,0.49920386,2.86397181,0.59712637,0.49697463,1.49621306,0.52198952
88.0700,0.49920369,2.86397268,0.59712723,0.49697469,1.49621383,0.52198941
88.0800,0.49920352,2.86397356,0.59712809,0.49697475,1.49621459,0.52198931
88.0900,0.49920335,2.86397444,0.59712894,0.49697481,1.49621535,0.52198921
88.1000,0.49920318,2.86397532,0.59712980,0.49697486,1.49621611,0.52198910
88.1100,0.49920301,2.86397620,0.59713065,0.49697492,1.49621686,0.52198900
88.1200,0.49920284,2.86397707,0.59713150,0.49697498,1.49621762,0.52198890
88.1300,0.49920268,2.86397795,0.59713236,0.49697504,1.49621838,0.52198879
88.1400,0.49920251,2.86397882,0.59713321,0.49697509,1.49621913,0.52198869
88.1500,0.49920234,2.86397970,0.59713406,0.49697515,1.49621989,0.52198859
88.1600,0.49920217,2.86398057,0.59713491,0.49697521,1.49622065,0.52198848
88.1700,0.49920200,2.86398144,0.59713576,0.49697526,1.49622140,0.52198838
88.1800,0.49920184,2.86398232,0.59713661,0.49697532,1.49622215,0.52198828
88.1900,0.49920167,2.86398319,0.59713746,0.49697538,1.49622291,0.52198818
88.2000,0.49920150,2.86398406,0.59713831,0.49697544,1.49622366,0.52198807
88.2100,0.49920134,2.86398493,0.59713915,0.49697549,1.49622441,0.52198797
88.2200,0.49920117,2.86398580,0.59714000,0.49697555,1.49622516,0.52198787
88.2300,0.49920100,2.86398667,0.59714085,0.49697561,1.49622591,0.52198777
88.2400,0.49920083,2.86398753,0.59714169,0.49697566,1.49622666,0.52198767
88.2500,0.49920067,2.86398840,0.59714254,0.49697572,1.49622741,0.52198756
88.2600,0.49920050,2.86398927,0.59714338,0.49697578,1.49622816,0.52198746
88.2700,0.49920034,2.86399013,0.59714422,0.49697583,1.49622890,0.52198736
88.2800,0.49920017,2.86399100,0.59714507,0.49697589,1.49622965,0.52198726
88.2900,0.49920000,2.86399186,0.59714591,0.49697595,1.49623040,0.52198716
88.3000,0.49919984,2.86399273,0.59714675,0.49697600,1.49623114,0.52198706
88.3100,0.49919967,2.86399359,0.59714759,0.49697606,1.49623189,0.52198696
88.3200,0.49919951,2.86399445,0.59714843,0.49697611,1.49623263,0.52198686
88.3300,0.49919934,2.86399531,0.59714927,0.49697617,1.49623337,0.52198675
88.3400,0.49919918,2.86399617,0.59715011,0.49697623,1.49623412,0.52198665
88.3500,0.49919901,2.86399703,0.59715095,0.49697628,1.49623486,0.52198655
88.3600,0.49919884,2.86399789,0.59715179,0.49697634,1.49623560,0.52198645
88.3700,0.49919868,2.86399875,0.59715262,0.49697639,1.49623634,0.52198635
88.3800,0.49919852,2.86399961,0.59715346,0.49697645,1.49623708,0.52198625
88.3900,0.49919835,2.86400047,0.59715429,0.49697651,1.49623782,0.52198615
88.4000,0.49919819,2.86400132,0.59715513,0.49697656,1.49623856,0.52198605
88.4100,0.49919802,2.86400218,0.59715596,0.49697662,1.49623929,0.52198595
88.4200,0.49919786,2.86400304,0.59715680,0.49697667,1.49624003,0.52198585
88.4300,0.49919769,2.86400389,0.59715763,0.49697673,1.49624077,0.52198575
88.4400,0.49919753,2.86400474,0.59715846,0.49697678,1.49624150,0.52198565
88.4500,0.49919736,2.86400560,0.59715930,0.49697684,1.49624224,0.52198555
88.4600,0.49919720,2.86400645,0.59716013,0.49697690,1.49624297,0.52198545
88.4700,0.49919704,2.86400730,0.59716096,0.49697695,1.49624370,0.52198535
88.4800,0.49919687,2.86400815,0.59716179,0.49697701,1.49624444,0.52198526
88.4900,0.49919671,2.86400901,0.59716262,0.49697706,1.49624517,0.52198516
88.5000,0.49919655,2.86400986,0.59716344,0.49697712,1.49624590,0.52198506
88.5100,0.49919638,2.86401070,0.59716427,0.49697717,1.49624663,0.52198496
88.5200,0.49919622,2.86401155,0.59716510,0.49697723,1.49624736,0.52198486
88.5300,0.49919606,2.86401240,0.59716593,0.49697728,1.49624809,0.52198476
88.5400,0.49919590,2.86401325,0.59716675,0.49697734,1.49624882,0.52198466
88.5500,0.49919573,2.86401410,0.59716758,0.49697739,1.49624955,0.52198457
88.5600,0.49919557,2.86401494,0.59716840,0.49697745,1.49625028,0.52198447
88.5700,0.49919541,2.86401579,0.59716923,0.49697750,1.49625100,0.52198437
88.5800,0.49919525,2.86401663,0.59717005,0.49697756,1.49625173,0.52198427
88.5900,0.49919508,2.86401747,0.59717087,0.49697761,1.49625246,0.52198417
88.6000,0.49919492,2.86401832,0.59717170,0.49697766,1.49625318,0.52198408
88.6100,0.49919476,2.86401916,0.59717252,0.49697772,1.49625390,0.52198398
88.6200,0.49919460,2.86402000,0.59717334,0.49697777,1.49625463,0.52198388
88.6300,0.49919444,2.86402084,0.59717416,0.49697783,1.49625535,0.52198378
88.6400,0.49919428,2.86402168,0.59717498,0.49697788,1.49625607,0.52198369
88.6500,0.49919411,2.86402252,0.59717580,0.49697794,1.49625679,0.52198359
88.6600,0.49919395,2.86402336,0.59717662,0.49697799,1.49625751,0.52198349
88.6700,0.49919379,2.86402420,0.59717744,0.49697804,1.49625823,0.52198339
88.6800,0.49919363,2.86402504,0.59717825,0.49697810,1.49625895,0.52198330
88.6900,0.49919347,2.86402588,0.59717907,0.49697815,1.49625967,0.52198320
88.7000,0.49919331,2.86402671,0.59717989,0.49697821,1.49626039,0.52198310
88.7100,0.49919315,2.86402755,0.59718070,0.49697826,1.49626111,0.52198301
88.7200,0.49919299,2.86402838,0.59718152,0.49697831,1.49626183,0.52198291
88.7300,0.49919283,2.86402922,0.59718233,0.49697837,1.49626254,0.52198281
88.7400,0.49919267,2.86403005,0.59718314,0.49697842,1.49626326,0.52198272
88.7500,0.49919251,2.86403089,0.59718396,0.49697848,1.49626397,0.52198262
88.7600,0.49919235,2.86403172,0.59718477,0.49697853,1.49626469,0.52198253
88.7700,0.49919219,2.86403255,0.59718558,0.49697858,1.49626540,0.52198243
88.7800,0.49919203,2.86403338,0.59718639,0.49697864,1.49626611,0.52198233
88.7900,0.49919187,2.86403421,0.59718720,0.49697869,1.49626682,0.52198224
88.8000,0.49919171,2.86403504,0.59718801,0.49697874,1.49626754,0.52198214
88.8100,0.49919155,2.86403587,0.59718882,0.49697880,1.49626825,0.52198205
88.8200,0.49919139,2.86403670,0.59718963,0.49697885,1.49626896,0.52198195
88.8300,0.49919123,2.86403753,0.59719044,0.49697890,1.49626967,0.52198186
88.8400,0.49919107,2.86403836,0.59719124,0.49697896,1.49627038,0.52198176
88.8500,0.49919092,2.86403918,0.59719205,0.49697901,1.49627108,0.52198167
88.8600,0.49919076,2.86404001,0.59719286,0.49697906,1.49627179,0.52198157
88.8700,0.49919060,2.86404083,0.59719366,0.49697912,1.49627250,0.52198148
88.8800,0.49919044,2.86404166,0.59719447,0.49697917,1.49627321,0.52198138
88.8900,0.49919028,2.86404248,0.59719527,0.49697922,1.49627391,0.52198129
88.9000,0.49919012,2.86404330,0.59719608,0.49697927,1.49627462,0.52198119
88.9100,0.49918997,2.86404413,0.59719688,0.49697933,1.49627532,0.52198110
88.9200,0.49918981,2.86404495,0.59719768,0.49697938,1.49627602,0.52198100
88.9300,0.49918965,2.86404577,0.59719848,0.49697943,1.49627673,0.52198091
88.9400,0.49918949,2.86404659,0.59719928,0.49697948,1.49627743,0.52198082
88.9500,0.49918934,2.86404741,0.59720008,0.49697954,1.49627813,0.52198072
88.9600,0.49918918,2.86404823,0.59720088,0.49697959,1.49627883,0.52198063
88.9700,0.49918902,2.86404905,0.59720168,0.49697964,1.49627953,0.52198053
88.9800,0.49918886,2.86404987,0.59720248,0.49697969,1.49628023,0.52198044
88.9900,0.49918871,2.86405068,0.59720328,0.49697975,1.49628093,0.52198035
89.0000,0.49918855,2.86405150,0.59720408,0.49697980,1.49628163,0.52198025
89.0100,0.49918839,2.86405232,0.59720487,0.49697985,1.49628233,0.52198016
89.0200,0.49918824,2.86405313,0.59720567,0.49697990,1.49628302,0.52198007
89.0300,0.49918808,2.86405395,0.59720647,0.49697996,1.49628372,0.52197997
89.0400,0.49918793,2.86405476,0.59720726,0.49698001,1.49628442,0.52197988
89.0500,0.49918777,2.86405558,0.59720806,0.49698006,1.49628511,0.52197979
89.0600,0.49918761,2.86405639,0.59720885,0.49698011,1.49628581,0.52197970
89.0700,0.49918746,2.86405720,0.59720964,0.49698016,1.49628650,0.52197960
89.0800,0.49918730,2.86405801,0.59721044,0.49698022,1.49628719,0.52197951
89.0900,0.49918715,2.86405882,0.59721123,0.49698027,1.49628789,0.52197942
89.1000,0.49918699,2.86405963,0.59721202,0.49698032,1.49628858,0.52197933
89.1100,0.49918683,2.86406044,0.59721281,0.49698037,1.49628927,0.52197923
89.1200,0.49918668,2.86406125,0.59721360,0.49698042,1.49628996,0.52197914
89.1300,0.49918652,2.86406206,0.59721439,0.49698047,1.49629065,0.52197905
89.1400,0.49918637,2.86406287,0.59721518,0.49698052,1.49629134,0.52197896
89.1500,0.49918621,2.86406367,0.59721597,0.49698058,1.49629203,0.52197886
89.1600,0.49918606,2.86406448,0.59721675,0.49698063,1.49629272,0.52197877
89.1700,0.49918590,2.86406529,0.59721754,0.49698068,1.49629341,0.52197868
89.1800,0.49918575,2.86406609,0.59721833,0.49698073,1.49629409,0.52197859
89.1900,0.49918560,2.86406690,0.59721911,0.49698078,1.49629478,0.52197850
89.2000,0.49918544,2.86406770,0.59721990,0.49698083,1.49629546,0.52197841
89.2100,0.49918529,2.86406850,0.59722068,0.49698088,1.49629615,0.52197832
89.2200,0.49918513,2.86406931,0.59722147,0.49698093,1.49629683,0.52197822
89.2300,0.49918498,2.86407011,0.59722225,0.49698099,1.49629752,0.52197813
89.2400,0.49918483,2.86407091,0.59722303,0.49698104,1.49629820,0.52197804
89.2500,0.49918467,2.86407171,0.59722382,0.49698109,1.49629888,0.52197795
89.2600,0.49918452,2.86407251,0.59722460,0.49698114,1.49629957,0.52197786
89.2700,0.49918437,2.86407331,0.59722538,0.49698119,1.49630025,0.52197777
89.2800,0.49918421,2.86407411,0.59722616,0.49698124,1.49630093,0.52197768
89.2900,0.49918406,2.86407490,0.59722694,0.49698129,1.49630161,0.52197759
89.3000,0.49918391,2.86407570,0.59722772,0.49698134,1.49630229,0.52197750
89.3100,0.49918375,2.86407650,0.59722850,0.49698139,1.49630297,0.52197741
89.3200,0.49918360,2.86407730,0.59722928,0.49698144,1.49630364,0.52197732
89.3300,0.49918345,2.86407809,0.59723005,0.49698149,1.49630432,0.52197723
89.3400,0.49918329,2.86407889,0.59723083,0.49698154,1.49630500,0.52197714
89.3500,0.49918314,2.86407968,0.59723161,0.49698159,1.49630567,0.52197705
89.3600,0.49918299,2.86408047,0.59723238,0.49698164,1.49630635,0.52197696
89.3700,0.49918284,2.86408127,0.59723316,0.49698169,1.49630702,0.52197687
89.3800,0.49918269,2.86408206,0.59723393,0.49698174,1.49630770,0.52197678
89.3900,0.49918253,2.86408285,0.59723470,0.49698179,1.49630837,0.52197669
89.4000,0.49918238,2.86408364,0.59723548,0.49698184,1.49630905,0.52197660
89.4100,0.49918223,2.86408443,0.59723625,0.49698189,1.49630972,0.52197651
89.4200,0.49918208,2.86408522,0.59723702,0.49698194,1.49631039,0.52197642
89.4300,0.49918193,2.86408601,0.59723779,0.49698199,1.49631106,0.52197634
89.4400,0.49918178,2.86408680,0.59723857,0.49698204,1.49631173,0.52197625
89.4500,0.49918162,2.86408759,0.59723934,0.49698209,1.49631240,0.52197616
89.4600,0.49918147,2.86408837,0.59724011,0.49698214,1.49631307,0.52197607
89.4700,0.49918132,2.86408916,0.59724087,0.49698219,1.49631374,0.52197598
89.4800,0.49918117,2.86408995,0.59724164,0.49698224,1.49631441,0.52197589
89.4900,0.49918102,2.86409073,0.59724241,0.49698229,1.49631508,0.52197580
89.5000,0.49918087,2.86409152,0.59724318,0.49698234,1.49631574,0.52197572
89.5100,0.49918072,2.86409230,0.59724395,0.49698239,1.49631641,0.52197563
89.5200,0.49918057,2.86409308,0.59724471,0.49698244,1.49631707,0.52197554
89.5300,0.49918042,2.86409387,0.59724548,0.49698249,1.49631774,0.52197545
89.5400,0.49918027,2.86409465,0.59724624,0.49698254,1.49631840,0.52197536
89.5500,0.49918012,2.86409543,0.59724701,0.49698259,1.49631907,0.52197528
89.5600,0.49917997,2.86409621,0.59724777,0.49698264,1.49631973,0.52197519
89.5700,0.49917982,2.86409699,0.59724853,0.49698269,1.49632039,0.52197510
89.5800,0.49917967,2.86409777,0.59724930,0.49698273,1.49632106,0.52197501
89.5900,0.49917952,2.86409855,0.59725006,0.49698278,1.49632172,0.52197493
89.6000,0.49917937,2.86409933,0.59725082,0.49698283,1.49632238,0.52197484
89.6100,0.49917922,2.86410011,0.59725158,0.49698288,1.49632304,0.52197475
89.6200,0.49917907,2.86410089,0.59725234,0.49698293,1.49632370,0.52197466
89.6300,0.49917892,2.86410166,0.59725310,0.49698298,1.49632436,0.52197458
89.6400,0.49917877,2.86410244,0.59725386,0.49698303,1.49632502,0.52197449
89.6500,0.49917863,2.86410321,0.59725462,0.49698308,1.49632567,0.52197440
89.6600,0.49917848,2.86410399,0.59725538,0.49698313,1.49632633,0.52197432
89.6700,0.49917833,2.86410476,0.59725613,0.49698317,1.49632699,0.52197423
89.6800,0.49917818,2.86410554,0.59725689,0.49698322,1.49632764,0.52197414
89.6900,0.49917803,2.86410631,0.59725765,0.49698327,1.49632830,0.52197406
89.7000,0.49917788,2.86410708,0.59725840,0.49698332,1.49632895,0.52197397
89.7100,0.49917774,2.86410785,0.59725916,0.49698337,1.49632961,0.52197389
89.7200,0.49917759,2.86410862,0.59725991,0.49698342,1.49633026,0.52197380
89.7300,0.49917744,2.86410939,0.59726067,0.49698346,1.49633091,0.52197371
89.7400,0.49917729,2.86411016,0.59726142,0.49698351,1.49633156,0.52197363
89.7500,0.49917714,2.86411093,0.59726217,0.49698356,1.49633222,0.52197354
89.7600,0.49917700,2.86411170,0.59726292,0.49698361,1.49633287,0.52197346
89.7700,0.49917685,2.86411247,0.59726368,0.49698366,1.49633352,0.52197337
89.7800,0.49917670,2.86411324,0.59726443,0.49698371,1.49633417,0.52197329
89.7900,0.49917656,2.86411400,0.59726518,0.49698375,1.49633482,0.52197320
89.8000,0.49917641,2.86411477,0.59726593,0.49698380,1.49633547,0.52197311
89.8100,0.49917626,2.86411554,0.59726668,0.49698385,1.49633611,0.52197303
89.8200,0.49917611,2.86411630,0.59726742,0.49698390,1.49633676,0.52197294
89.8300,0.49917597,2.86411707,0.59726817,0.49698394,1.49633741,0.52197286
89.8400,0.49917582,2.86411783,0.59726892,0.49698399,1.49633805,0.52197277
89.8500,0.49917567,2.86411859,0.59726967,0.49698404,1.49633870,0.52197269
89.8600,0.49917553,2.86411935,0.59727041,0.49698409,1.49633934,0.52197261
89.8700,0.49917538,2.86412012,0.59727116,0.49698413,1.49633999,0.52197252
89.8800,0.49917524,2.86412088,0.59727190,0.49698418,1.49634063,0.52197244
89.8900,0.49917509,2.86412164,0.59727265,0.49698423,1.49634128,0.52197235
89.9000,0.49917494,2.86412240,0.59727339,0.49698428,1.49634192,0.52197227
89.9100,0.49917480,2.86412316,0.59727414,0.49698432,1.49634256,0.52197218
89.9200,0.49917465,2.86412392,0.59727488,0.49698437,1.49634320,0.52197210
89.9300,0.49917451,2.86412468,0.59727562,0.49698442,1.49634384,0.52197202
89.9400,0.49917436,2.86412543,0.59727636,0.49698447,1.49634448,0.52197193
89.9500,0.49917422,2.86412619,0.59727711,0.49698451,1.49634512,0.52197185
89.9600,0.49917407,2.86412695,0.59727785,0.49698456,1.49634576,0.52197176
89.9700,0.49917393,2.86412770,0.59727859,0.49698461,1.49634640,0.52197168
89.9800,0.49917378,2.86412846,0.59727933,0.49698465,1.49634704,0.52197160
89.9900,0.49917364,2.86412921,0.59728006,0.49698470,1.49634768,0.52197151
90.0000,0.49917349,2.86412997,0.59728080,0.49698475,1.49634831,0.52197143
90.0100,0.49917335,2.86413072,0.59728154,0.49698480,1.49634895,0.52197135
90.0200,0.49917320,2.86413147,0.59728228,0.49698484,1.49634958,0.52197126
90.0300,0.49917306,2.86413222,0.59728302,0.49698489,1.49635022,0.52197118
90.0400,0.49917292,2.86413298,0.59728375,0.49698494,1.49635085,0.52197110
90.0500,0.49917277,2.86413373,0.59728449,0.49698498,1.49635149,0.52197102
90.0600,0.49917263,2.86413448,0.59728522,0.49698503,1.49635212,0.52197093
90.0700,0.49917248,2.86413523,0.59728596,0.49698508,1.49635275,0.52197085
90.0800,0.49917234,2.86413598,0.59728669,0.49698512,1.49635339,0.52197077
90.0900,0.49917220,2.86413673,0.59728742,0.49698517,1.49635402,0.52197068
90.1000,0.49917205,2.86413747,0.59728816,0.49698521,1.49635465,0.52197060
90.1100,0.49917191,2.86413822,0.59728889,0.49698526,1.49635528,0.52197052
90.1200,0.49917177,2.86413897,0.59728962,0.49698531,1.49635591,0.52197044
90.1300,0.49917162,2.86413971,0.59729035,0.49698535,1.49635654,0.52197036
90.1400,0.49917148,2.86414046,0.59729108,0.49698540,1.49635717,0.52197027
90.1500,0.49917134,2.86414120,0.59729181,0.49698545,1.49635779,0.52197019
90.1600,0.49917119,2.86414195,0.59729254,0.49698549,1.49635842,0.52197011
90.1700,0.49917105,2.86414269,0.59729327,0.49698554,1.49635905,0.52197003
90.1800,0.49917091,2.86414344,0.59729400,0.49698558,1.49635967,0.52196995
90.1900,0.49917077,2.86414418,0.59729473,0.49698563,1.49636030,0.52196987
90.2000,0.49917062,2.86414492,0.59729545,0.49698568,1.49636092,0.52196978
90.2100,0.49917048,2.86414566,0.59729618,0.49698572,1.49636155,0.52196970
90.2200,0.49917034,2.86414640,0.59729691,0.49698577,1.49636217,0.52196962
90.2300,0.49917020,2.86414714,0.59729763,0.49698581,1.49636280,0.52196954
90.2400,0.49917006,2.86414788,0.59729836,0.49698586,1.49636342,0.52196946
90.2500,0.49916991,2.86414862,0.59729908,0.49698590,1.49636404,0.52196938
90.2600,0.49916977,2.86414936,0.59729980,0.49698595,1.49636466,0.52196930
90.2700,0.49916963,2.86415010,0.59730053,0.49698600,1.49636528,0.52196922
90.2800,0.49916949,2.86415084,0.59730125,0.49698604,1.49636590,0.52196914
90.2900,0.49916935,2.86415157,0.59730197,0.49698609,1.49636652,0.52196906
90.3000,0.49916921,2.86415231,0.59730269,0.49698613,1.49636714,0.52196897
90.3100,0.49916907,2.86415305,0.59730341,0.49698618,1.49636776,0.52196889
90.3200,0.49916892,2.86415378,0.59730413,0.49698622,1.49636838,0.52196881
90.3300,0.49916878,2.86415451,0.59730485,0.49698627,1.49636900,0.52196873
90.3400,0.49916864,2.86415525,0.59730557,0.49698631,1.49636961,0.52196865
90.3500,0.49916850,2.86415598,0.59730629,0.49698636,1.49637023,0.52196857
90.3600,0.49916836,2.86415671,0.59730701,0.49698640,1.49637085,0.52196849
90.3700,0.49916822,2.86415745,0.59730773,0.49698645,1.49637146,0.52196841
90.3800,0.49916808,2.86415818,0.59730845,0.49698649,1.49637208,0.52196833
90.3900,0.49916794,2.86415891,0.59730916,0.49698654,1.49637269,0.52196825
90.4000,0.49916780,2.86415964,0.59730988,0.49698658,1.49637330,0.52196818
90.4100,0.49916766,2.86416037,0.59731059,0.49698663,1.49637392,0.52196810
90.4200,0.49916752,2.86416110,0.59731131,0.49698667,1.49637453,0.52196802
90.4300,0.49916738,2.86416183,0.59731202,0.49698672,1.49637514,0.52196794
90.4400,0.49916724,2.86416255,0.59731274,0.49698676,1.49637575,0.52196786
90.4500,0.49916710,2.86416328,0.59731345,0.49698681,1.49637636,0.52196778
90.4600,0.49916696,2.86416401,0.59731416,0.49698685,1.49637697,0.52196770
90.4700,0.49916682,2.86416473,0.59731487,0.49698690,1.49637758,0.52196762
90.4800,0.49916668,2.86416546,0.59731559,0.49698694,1.49637819,0.52196754
90.4900,0.49916654,2.86416619,0.59731630,0.49698698,1.49637880,0.52196746
90.5000,0.49916641,2.86416691,0.59731701,0.49698703,1.49637941,0.52196738
90.5100,0.49916627,2.86416763,0.59731772,0.49698707,1.49638002,0.52196731
90.5200,0.49916613,2.86416836,0.59731843,0.49698712,1.49638062,0.52196723
90.5300,0.49916599,2.86416908,0.59731914,0.49698716,1.49638123,0.52196715
90.5400,0.49916585,2.86416980,0.59731984,0.49698721,1.49638183,0.52196707
90.5500,0.49916571,2.86417052,0.59732055,0.49698725,1.49638244,0.52196699
90.5600,0.49916557,2.86417125,0.59732126,0.49698729,1.49638304,0.52196691
90.5700,0.49916544,2.86417197,0.59732197,0.49698734,1.49638365,0.52196684
90.5800,0.49916530,2.86417269,0.59732267,0.49698738,1.49638425,0.52196676
90.5900,0.49916516,2.86417340,0.59732338,0.49698743,1.49638485,0.52196668
90.6000,0.49916502,2.86417412,0.59732408,0.49698747,1.49638546,0.52196660
90.6100,0.49916488,2.86417484,0.59732479,0.49698751,1.49638606,0.52196653
90.6200,0.49916475,2.86417556,0.59732549,0.49698756,1.49638666,0.52196645
90.6300,0.49916461,2.86417628,0.59732620,0.49698760,1.49638726,0.52196637
90.6400,0.49916447,2.86417699,0.59732690,0.49698765,1.49638786,0.52196629
90.6500,0.49916434,2.86417771,0.59732760,0.49698769,1.49638846,0.52196622
90.6600,0.49916420,2.86417842,0.59732830,0.49698773,1.49638906,0.52196614
90.6700,0.49916406,2.86417914,0.59732900,0.49698778,1.49638966,0.52196606
90.6800,0.49916392,2.86417985,0.59732970,0.49698782,1.49639026,0.52196598
90.6900,0.49916379,2.86418057,0.59733040,0.49698786,1.49639085,0.52196591
90.7000,0.49916365,2.86418128,0.59733110,0.49698791,1.49639145,0.52196583
90.7100,0.49916351,2.86418199,0.59733180,0.49698795,1.49639205,0.52196575
90.7200,0.49916338,2.86418270,0.59733250,0.49698799,1.49639264,0.52196568
90.7300,0.49916324,2.86418342,0.59733320,0.49698804,1.49639324,0.52196560
90.7400,0.49916310,2.86418413,0.59733390,0.49698808,1.49639383,0.52196552
90.7500,0.49916297,2.86418484,0.59733459,0.49698812,1.49639442,0.52196545
90.7600,0.49916283,2.86418555,0.59733529,0.49698817,1.49639502,0.52196537
90.7700,0.49916270,2.86418625,0.59733599,0.49698821,1.49639561,0.52196530
90.7800,0.49916256,2.86418696,0.59733668,0.49698825,1.49639620,0.52196522
90.7900,0.49916242,2.86418767,0.59733738,0.49698830,1.49639680,0.52196514
90.8000,0.49916229,2.86418838,0.59733807,0.49698834,1.49639739,0.52196507
90.8100,0.49916215,2.86418909,0.59733876,0.49698838,1.49639798,0.52196499
90.8200,0.49916202,2.86418979,0.59733946,0.49698842,1.49639857,0.52196492
90.8300,0.49916188,2.86419050,0.59734015,0.49698847,1.49639916,0.52196484
90.8400,0.49916175,2.86419120,0.59734084,0.49698851,1.49639975,0.52196476
90.8500,0.49916161,2.86419191,0.59734153,0.49698855,1.49640033,0.52196469
90.8600,0.49916148,2.86419261,0.59734223,0.49698860,1.49640092,0.52196461
90.8700,0.49916134,2.86419331,0.59734292,0.49698864,1.49640151,0.52196454
90.8800,0.49916121,2.86419402,0.59734361,0.49698868,1.49640210,0.52196446
90.8900,0.49916107,2.86419472,0.59734430,0.49698872,1.49640268,0.52196439
90.9000,0.49916094,2.86419542,0.59734498,0.49698877,1.49640327,0.52196431
90.9100,0.49916080,2.86419612,0.59734567,0.49698881,1.49640385,0.52196424
90.9200,0.49916067,2.86419682,0.59734636,0.49698885,1.49640444,0.52196416
90.9300,0.49916054,2.86419752,0.59734705,0.49698889,1.49640502,0.52196409
90.9400,0.49916040,2.86419822,0.59734774,0.49698894,1.49640561,0.52196401
90.9500,0.49916027,2.86419892,0.59734842,0.49698898,1.49640619,0.52196394
90.9600,0.49916013,2.86419962,0.59734911,0.49698902,1.49640677,0.52196386
90.9700,0.49916000,2.86420032,0.59734979,0.49698906,1.49640735,0.52196379
90.9800,0.49915987,2.86420101,0.59735048,0.49698910,1.49640794,0.52196371
90.9900,0.49915973,2.86420171,0.59735116,0.49698915,1.49640852,0.52196364
91.0000,0.49915960,2.86420241,0.59735185,0.49698919,1.49640910,0.52196357
91.0100,0.49915947,2.86420310,0.59735253,0.49698923,1.49640968,0.52196349
91.0200,0.49915933,2.86420380,0.59735321,0.49698927,1.49641026,0.52196342
91.0300,0.49915920,2.86420449,0.59735389,0.49698931,1.49641083,0.52196334
91.0400,0.49915907,2.86420519,0.59735457,0.49698936,1.49641141,0.52196327
91.0500,0.49915893,2.86420588,0.59735526,0.49698940,1.49641199,0.52196320
91.0600,0.49915880,2.86420657,0.59735594,0.49698944,1.49641257,0.52196312
91.0700,0.49915867,2.86420727,0.59735662,0.49698948,1.49641314,0.52196305
91.0800,0.49915854,2.86420796,0.59735730,0.49698952,1.49641372,0.52196298
91.0900,0.49915840,2.86420865,0.59735797,0.49698957,1.49641430,0.52196290
91.1000,0.49915827,2.86420934,0.59735865,0.49698961,1.49641487,0.52196283
91.1100,0.49915814,2.86421003,0.59735933,0.49698965,1.49641545,0.52196276
91.1200,0.49915801,2.86421072,0.59736001,0.49698969,1.49641602,0.52196268
91.1300,0.49915787,2.86421141,0.59736069,0.49698973,1.49641659,0.52196261
91.1400,0.49915774,2.86421210,0.59736136,0.49698977,1.49641717,0.52196254
91.1500,0.49915761,2.86421278,0.59736204,0.49698981,1.49641774,0.52196246
91.1600,0.49915748,2.86421347,0.59736271,0.49698986,1.49641831,0.52196239
91.1700,0.49915735,2.86421416,0.59736339,0.49698990,1.49641888,0.52196232
91.1800,0.49915721,2.86421484,0.59736406,0.49698994,1.49641945,0.52196225
91.1900,0.49915708,2.86421553,0.59736474,0.49698998,1.49642002,0.52196217
91.2000,0.49915695,2.86421621,0.59736541,0.49699002,1.49642059,0.52196210
91.2100,0.49915682,2.86421690,0.59736608,0.49699006,1.49642116,0.52196203
91.2200,0.49915669,2.86421758,0.59736675,0.49699010,1.49642173,0.52196196
91.2300,0.49915656,2.86421827,0.59736743,0.49699014,1.49642230,0.52196188
91.2400,0.49915643,2.86421895,0.59736810,0.49699018,1.49642286,0.52196181
91.2500,0.49915630,2.86421963,0.59736877,0.49699023,1.49642343,0.52196174
91.2600,0.49915617,2.86422031,0.59736944,0.49699027,1.49642400,0.52196167
91.2700,0.49915604,2.86422100,0.59737011,0.49699031,1.49642456,0.52196160
91.2800,0.49915591,2.86422168,0.59737078,0.49699035,1.49642513,0.52196152
91.2900,0.49915577,2.86422236,0.59737144,0.49699039,1.49642569,0.52196145
91.3000,0.49915564,2.86422304,0.59737211,0.49699043,1.49642626,0.52196138
91.3100,0.49915551,2.86422371,0.59737278,0.49699047,1.49642682,0.52196131
91.3200,0.49915538,2.86422439,0.59737345,0.49699051,1.49642739,0.52196124
91.3300,0.49915525,2.86422507,0.59737411,0.49699055,1.49642795,0.52196117
91.3400,0.49915512,2.86422575,0.59737478,0.49699059,1.49642851,0.52196109
91.3500,0.49915499,2.86422643,0.59737544,0.49699063,1.49642907,0.52196102
91.3600,0.49915487,2.86422710,0.59737611,0.49699067,1.49642963,0.52196095
91.3700,0.49915474,2.86422778,0.59737677,0.49699071,1.49643020,0.52196088
91.3800,0.49915461,2.86422845,0.59737744,0.49699075,1.49643076,0.52196081
91.3900,0.49915448,2.86422913,0.59737810,0.49699079,1.49643132,0.52196074
91.4000,0.49915435,2.86422980,0.59737876,0.49699083,1.49643187,0.52196067
91.4100,0.49915422,2.86423048,0.59737943,0.49699087,1.49643243,0.52196060
91.4200,0.49915409,2.86423115,0.59738009,0.49699091,1.49643299,0.52196053
91.4300,0.49915396,2.86423182,0.59738075,0.49699095,1.49643355,0.52196046
91.4400,0.49915383,2.86423249,0.59738141,0.49699099,1.49643411,0.52196039
91.4500,0.49915370,2.86423317,0.59738207,0.49699103,1.49643466,0.52196031
91.4600,0.49915357,2.86423384,0.59738273,0.49699107,1.49643522,0.52196024
91.4700,0.49915345,2.86423451,0.59738339,0.49699111,1.49643578,0.52196017
91.4800,0.49915332,2.86423518,0.59738405,0.49699115,1.49643633,0.52196010
91.4900,0.49915319,2.86423585,0.59738471,0.49699119,1.49643688,0.52196003
91.5000,0.49915306,2.86423652,0.59738537,0.49699123,1.49643744,0.52195996
91.5100,0.49915293,2.86423718,0.59738602,0.49699127,1.49643799,0.52195989
91.5200,0.49915280,2.86423785,0.59738668,0.49699131,1.49643855,0.52195982
91.5300,0.49915268,2.86423852,0.59738734,0.49699135,1.49643910,0.52195975
91.5400,0.49915255,2.86423919,0.59738799,0.49699139,1.49643965,0.52195968
91.5500,0.49915242,2.86423985,0.59738865,0.49699143,1.49644020,0.52195962
91.5600,0.49915229,2.86424052,0.59738930,0.49699147,1.49644075,0.52195955
91.5700,0.49915217,2.86424118,0.59738996,0.49699151,1.49644130,0.52195948
91.5800,0.49915204,2.86424185,0.59739061,0.49699155,1.49644185,0.52195941
91.5900,0.49915191,2.86424251,0.59739126,0.49699159,1.49644240,0.52195934
91.6000,0.49915178,2.86424318,0.59739192,0.49699163,1.49644295,0.52195927
91.6100,0.49915166,2.86424384,0.59739257,0.49699167,1.49644350,0.52195920
91.6200,0.49915153,2.86424450,0.59739322,0.49699171,1.49644405,0.52195913
91.6300,0.49915140,2.86424516,0.59739387,0.49699175,1.49644459,0.52195906
91.6400,0.49915128,2.86424582,0.59739452,0.49699179,1.49644514,0.52195899
91.6500,0.49915115,2.86424649,0.59739517,0.49699183,1.49644569,0.52195892
91.6600,0.49915102,2.86424715,0.59739582,0.49699187,1.49644623,0.52195885
91.6700,0.49915090,2.86424781,0.59739647,0.49699191,1.49644678,0.52195879
91.6800,0.49915077,2.86424846,0.59739712,0.49699194,1.49644732,0.52195872
91.6900,0.49915064,2.86424912,0.59739777,0.49699198,1.49644787,0.52195865
91.7000,0.49915052,2.86424978,0.59739842,0.49699202,1.49644841,0.52195858
91.7100,0.49915039,2.86425044,0.59739906,0.49699206,1.49644896,0.52195851
91.7200,0.49915027,2.86425110,0.59739971,0.49699210,1.49644950,0.52195844
91.7300,0.49915014,2.86425175,0.59740036,0.49699214,1.49645004,0.52195838
91.7400,0.49915001,2.86425241,0.59740100,0.49699218,1.49645058,0.52195831
91.7500,0.49914989,2.86425307,0.59740165,0.49699222,1.49645112,0.52195824
91.7600,0.49914976,2.86425372,0.59740229,0.49699226,1.49645167,0.52195817
91.7700,0.49914964,2.86425438,0.59740294,0.49699229,1.49645221,0.52195810
91.7800,0.49914951,2.86425503,0.59740358,0.49699233,1.49645275,0.52195804
91.7900,0.49914939,2.86425568,0.59740422,0.49699237,1.49645328,0.52195797
91.8000,0.49914926,2.86425634,0.59740487,0.49699241,1.49645382,0.52195790
91.8100,0.49914914,2.86425699,0.59740551,0.49699245,1.49645436,0.52195783
91.8200,0.49914901,2.86425764,0.59740615,0.49699249,1.49645490,0.52195777
91.8300,0.49914889,2.86425829,0.59740679,0.49699252,1.49645544,0.52195770
91.8400,0.49914876,2.86425894,0.59740743,0.49699256,1.49645597,0.52195763
91.8500,0.49914864,2.86425959,0.59740807,0.49699260,1.49645651,0.52195756
91.8600,0.49914851,2.86426024,0.59740871,0.49699264,1.49645705,0.52195750
91.8700,0.49914839,2.86426089,0.59740935,0.49699268,1.49645758,0.52195743
91.8800,0.49914826,2.86426154,0.59740999,0.49699272,1.49645812,0.52195736
91.8900,0.49914814,2.86426219,0.59741063,0.49699275,1.49645865,0.52195730
91.9000,0.49914802,2.86426284,0.59741127,0.49699279,1.49645918,0.52195723
91.9100,0.49914789,2.86426349,0.59741190,0.49699283,1.49645972,0.52195716
91.9200,0.49914777,2.86426413,0.59741254,0.49699287,1.49646025,0.52195710
91.9300,0.49914764,2.86426478,0.59741318,0.49699291,1.49646078,0.52195703
91.9400,0.49914752,2.86426542,0.59741381,0.49699294,1.49646131,0.52195696
91.9500,0.49914740,2.86426607,0.59741445,0.49699298,1.49646185,0.52195690
91.9600,0.49914727,2.86426671,0.59741508,0.49699302,1.49646238,0.52195683
91.9700,0.49914715,2.86426736,0.59741572,0.49699306,1.49646291,0.52195676
91.9800,0.49914703,2.86426800,0.59741635,0.49699310,1.49646344,0.52195670
91.9900,0.49914690,2.86426865,0.59741699,0.49699313,1.49646397,0.52195663
92.0000,0.49914678,2.86426929,0.59741762,0.49699317,1.49646450,0.52195657
92.0100,0.49914666,2.86426993,0.59741825,0.49699321,1.49646502,0.52195650
92.0200,0.49914653,2.86427057,0.59741888,0.49699325,1.49646555,0.52195643
92.0300,0.49914641,2.86427121,0.59741952,0.49699328,1.49646608,0.52195637
92.0400,0.49914629,2.86427185,0.59742015,0.49699332,1.49646661,0.52195630
92.0500,0.49914617,2.86427249,0.59742078,0.49699336,1.49646713,0.52195624
92.0600,0.49914604,2.86427313,0.59742141,0.49699340,1.49646766,0.52195617
92.0700,0.49914592,2.86427377,0.59742204,0.49699343,1.49646818,0.52195611
92.0800,0.49914580,2.86427441,0.59742267,0.49699347,1.49646871,0.52195604
92.0900,0.49914568,2.86427505,0.59742329,0.49699351,1.49646923,0.52195597
92.1000,0.49914555,2.86427569,0.59742392,0.49699355,1.49646976,0.52195591
92.1100,0.49914543,2.86427632,0.59742455,0.49699358,1.49647028,0.52195584
92.1200,0.49914531,2.86427696,0.59742518,0.49699362,1.49647080,0.52195578
92.1300,0.49914519,2.86427760,0.59742580,0.49699366,1.49647133,0.52195571
92.1400,0.49914507,2.86427823,0.59742643,0.49699370,1.49647185,0.52195565
92.1500,0.49914495,2.86427887,0.59742706,0.49699373,1.49647237,0.52195558
92.1600,0.49914482,2.86427950,0.59742768,0.49699377,1.49647289,0.52195552
92.1700,0.49914470,2.86428014,0.59742830,0.49699381,1.49647341,0.52195546
92.1800,0.49914458,2.86428077,0.59742893,0.49699384,1.49647393,0.52195539
92.1900,0.49914446,2.86428140,0.59742955,0.49699388,1.49647445,0.52195533
92.2000,0.49914434,2.86428203,0.59743018,0.49699392,1.49647497,0.52195526
92.2100,0.49914422,2.86428267,0.59743080,0.49699395,1.49647549,0.52195520
92.2200,0.49914410,2.86428330,0.59743142,0.49699399,1.49647601,0.52195513
92.2300,0.49914398,2.86428393,0.59743204,0.49699403,1.49647653,0.52195507
92.2400,0.49914385,2.86428456,0.59743266,0.49699407,1.49647704,0.52195500
92.2500,0.49914373,2.86428519,0.59743329,0.49699410,1.49647756,0.52195494
92.2600,0.49914361,2.86428582,0.59743391,0.49699414,1.49647808,0.52195488
92.2700,0.49914349,2.86428645,0.59743453,0.49699418,1.49647859,0.52195481
92.2800,0.49914337,2.86428708,0.59743515,0.49699421,1.49647911,0.52195475
92.2900,0.49914325,2.86428770,0.59743576,0.49699425,1.49647962,0.52195468
92.3000,0.49914313,2.86428833,0.59743638,0.49699428,1.49648014,0.52195462
92.3100,0.49914301,2.86428896,0.59743700,0.49699432,1.49648065,0.52195456
92.3200,0.49914289,2.86428959,0.59743762,0.49699436,1.49648116,0.52195449
92.3300,0.49914277,2.86429021,0.59743824,0.49699439,1.49648168,0.52195443
92.3400,0.49914265,2.86429084,0.59743885,0.49699443,1.49648219,0.52195437
92.3500,0.49914253,2.86429146,0.59743947,0.49699447,1.49648270,0.52195430
92.3600,0.49914241,2.86429209,0.59744008,0.49699450,1.49648321,0.52195424
92.3700,0.49914229,2.86429271,0.59744070,0.49699454,1.49648372,0.52195418
92.3800,0.49914217,2.86429333,0.59744131,0.49699458,1.49648424,0.52195411
92.3900,0.49914205,2.86429396,0.59744193,0.49699461,1.49648475,0.52195405
92.4000,0.49914194,2.86429458,0.59744254,0.49699465,1.49648525,0.52195399
92.4100,0.49914182,2.86429520,0.59744315,0.49699468,1.49648576,0.52195392
92.4200,0.49914170,2.86429582,0.59744377,0.49699472,1.49648627,0.52195386
92.4300,0.49914158,2.86429644,0.59744438,0.49699476,1.49648678,0.52195380
92.4400,0.49914146,2.86429706,0.59744499,0.49699479,1.49648729,0.52195374
92.4500,0.49914134,2.86429768,0.59744560,0.49699483,1.49648780,0.52195367
92.4600,0.49914122,2.86429830,0.59744621,0.49699486,1.49648830,0.52195361
92.4700,0.49914110,2.86429892,0.59744682,0.49699490,1.49648881,0.52195355
92.4800,0.49914098,2.86429954,0.59744743,0.49699494,1.49648931,0.52195349
92.4900,0.49914087,2.86430016,0.59744804,0.49699497,1.49648982,0.52195342
92.5000,0.49914075,2.86430078,0.59744865,0.49699501,1.49649033,0.52195336
92.5100,0.49914063,2.86430139,0.59744926,0.49699504,1.49649083,0.52195330
92.5200,0.49914051,2.86430201,0.59744987,0.49699508,1.49649133,0.52195324
92.5300,0.49914039,2.86430263,0.59745048,0.49699511,1.49649184,0.52195318
92.5400,0.49914028,2.86430324,0.59745108,0.49699515,1.49649234,0.52195311
92.5500,0.49914016,2.86430386,0.59745169,0.49699518,1.49649284,0.52195305
92.5600,0.49914004,2.86430447,0.59745230,0.49699522,1.49649334,0.52195299
92.5700,0.49913992,2.86430509,0.59745290,0.49699526,1.49649385,0.52195293
92.5800,0.49913981,2.86430570,0.59745351,0.49699529,1.49649435,0.52195287
92.5900,0.49913969,2.86430631,0.59745411,0.49699533,1.49649485,0.52195280
92.6000,0.49913957,2.86430693,0.59745472,0.49699536,1.49649535,0.52195274
92.6100,0.49913945,2.86430754,0.59745532,0.49699540,1.49649585,0.52195268
92.6200,0.49913934,2.86430815,0.59745592,0.49699543,1.49649635,0.52195262
92.6300,0.49913922,2.86430876,0.59745653,0.49699547,1.49649685,0.52195256
92.6400,0.49913910,2.86430937,0.59745713,0.49699550,1.49649734,0.52195250
92.6500,0.49913899,2.86430998,0.59745773,0.49699554,1.49649784,0.52195244
92.6600,0.49913887,2.86431059,0.59745833,0.49699557,1.49649834,0.52195238
92.6700,0.49913875,2.86431120,0.59745893,0.49699561,1.49649884,0.52195231
92.6800,0.49913863,2.86431181,0.59745953,0.49699564,1.49649933,0.52195225
92.6900,0.49913852,2.86431242,0.59746013,0.49699568,1.49649983,0.52195219
92.7000,0.49913840,2.86431302,0.59746073,0.49699571,1.49650033,0.52195213
92.7100,0.49913829,2.86431363,0.59746133,0.49699575,1.49650082,0.52195207
92.7200,0.49913817,2.86431424,0.59746193,0.49699578,1.49650132,0.52195201
92.7300,0.49913805,2.86431485,0.59746253,0.49699582,1.49650181,0.52195195
92.7400,0.49913794,2.86431545,0.59746313,0.49699585,1.49650230,0.52195189
92.7500,0.49913782,2.86431606,0.59746373,0.49699589,1.49650280,0.52195183
92.7600,0.49913771,2.86431666,0.59746432,0.49699592,1.49650329,0.52195177
92.7700,0.49913759,2.86431727,0.59746492,0.49699596,1.49650378,0.52195171
92.7800,0.49913747,2.86431787,0.59746552,0.49699599,1.49650427,0.52195165
92.7900,0.49913736,2.86431847,0.59746611,0.49699603,1.49650477,0.52195159
92.8000,0.49913724,2.86431908,0.59746671,0.49699606,1.49650526,0.52195153
92.8100,0.49913713,2.86431968,0.59746730,0.49699609,1.49650575,0.52195147
92.8200,0.49913701,2.86432028,0.59746789,0.49699613,1.49650624,0.52195141
92.8300,0.49913690,2.86432088,0.59746849,0.49699616,1.49650673,0.52195135
92.8400,0.49913678,2.86432148,0.59746908,0.49699620,1.49650722,0.52195129
92.8500,0.49913667,2.86432208,0.59746967,0.49699623,1.49650770,0.52195123
92.8600,0.49913655,2.86432268,0.59747027,0.49699627,1.49650819,0.52195117
92.8700,0.49913644,2.86432328,0.59747086,0.49699630,1.49650868,0.52195111
92.8800,0.49913632,2.86432388,0.59747145,0.49699634,1.49650917,0.52195105
92.8900,0.49913621,2.86432448,0.59747204,0.49699637,1.49650966,0.52195099
92.9000,0.49913609,2.86432508,0.59747263,0.49699640,1.49651014,0.52195093
92.9100,0.49913598,2.86432568,0.59747322,0.49699644,1.49651063,0.52195087
92.9200,0.49913586,2.86432627,0.59747381,0.49699647,1.49651111,0.52195081
92.9300,0.49913575,2.86432687,0.59747440,0.49699651,1.49651160,0.52195075
92.9400,0.49913564,2.86432747,0.59747499,0.49699654,1.49651208,0.52195069
92.9500,0.49913552,2.86432806,0.59747558,0.49699657,1.49651257,0.52195063
92.9600,0.49913541,2.86432866,0.59747616,0.49699661,1.49651305,0.52195058
92.9700,0.49913529,2.86432925,0.59747675,0.49699664,1.49651353,0.52195052
92.9800,0.49913518,2.86432985,0.59747734,0.49699668,1.49651402,0.52195046
92.9900,0.49913507,2.86433044,0.59747793,0.49699671,1.49651450,0.52195040
93.0000,0.49913495,2.86433103,0.59747851,0.49699674,1.49651498,0.52195034
93.0100,0.49913484,2.86433163,0.59747910,0.49699678,1.49651546,0.52195028
93.0200,0.49913473,2.86433222,0.59747968,0.49699681,1.49651594,0.52195022
93.0300,0.49913461,2.86433281,0.59748027,0.49699685,1.49651643,0.52195017
93.0400,0.49913450,2.86433340,0.59748085,0.49699688,1.49651691,0.52195011
93.0500,0.49913439,2.86433399,0.59748143,0.49699691,1.49651739,0.52195005
93.0600,0.49913427,2.86433458,0.59748202,0.49699695,1.49651786,0.52194999
93.0700,0.49913416,2.86433517,0.59748260,0.49699698,1.49651834,0.52194993
93.0800,0.49913405,2.86433576,0.59748318,0.49699701,1.49651882,0.52194987
93.0900,0.49913393,2.86433635,0.59748376,0.49699705,1.49651930,0.52194982
93.1000,0.49913382,2.86433694,0.59748435,0.49699708,1.49651978,0.52194976
93.1100,0.49913371,2.86433753,0.59748493,0.49699711,1.49652025,0.52194970
93.1200,0.49913360,2.86433812,0.59748551,0.49699715,1.49652073,0.52194964
93.1300,0.49913348,2.86433870,0.59748609,0.49699718,1.49652121,0.52194958
93.1400,0.49913337,2.86433929,0.59748667,0.49699721,1.49652168,0.52194953
93.1500,0.49913326,2.86433988,0.59748725,0.49699725,1.49652216,0.52194947
93.1600,0.49913315,2.86434046,0.59748783,0.49699728,1.49652263,0.52194941
93.1700,0.49913304,2.86434105,0.59748840,0.49699731,1.49652311,0.52194935
93.1800,0.49913292,2.86434163,0.59748898,0.49699735,1.49652358,0.52194930
93.1900,0.49913281,2.86434222,0.59748956,0.49699738,1.49652405,0.52194924
93.2000,0.49913270,2.86434280,0.59749014,0.49699741,1.49652453,0.52194918
93.2100,0.49913259,2.86434338,0.59749071,0.49699745,1.49652500,0.52194912
93.2200,0.49913248,2.86434397,0.59749129,0.49699748,1.49652547,0.52194907
93.2300,0.49913237,2.86434455,0.59749186,0.49699751,1.49652594,0.52194901
93.2400,0.49913225,2.86434513,0.59749244,0.49699754,1.49652642,0.52194895
93.2500,0.49913214,2.86434571,0.59749301,0.49699758,1.49652689,0.52194890
93.2600,0.49913203,2.86434630,0.59749359,0.49699761,1.49652736,0.52194884
93.2700,0.49913192,2.86434688,0.59749416,0.49699764,1.49652783,0.52194878
93.2800,0.49913181,2.86434746,0.59749474,0.49699768,1.49652830,0.52194873
93.2900,0.49913170,2.86434804,0.59749531,0.49699771,1.49652877,0.52194867
93.3000,0.49913159,2.86434862,0.59749588,0.49699774,1.49652923,0.52194861
93.3100,0.49913148,2.86434919,0.59749645,0.49699777,1.49652970,0.52194856
93.3200,0.49913137,2.86434977,0.59749703,0.49699781,1.49653017,0.52194850
93.3300,0.49913125,2.86435035,0.59749760,0.49699784,1.49653064,0.52194844
93.3400,0.49913114,2.86435093,0.59749817,0.49699787,1.49653111,0.52194839
93.3500,0.49913103,2.86435151,0.59749874,0.49699790,1.49653157,0.52194833
93.3600,0.49913092,2.86435208,0.59749931,0.49699794,1.49653204,0.52194827
93.3700,0.49913081,2.86435266,0.59749988,0.49699797,1.49653250,0.52194822
93.3800,0.49913070,2.86435323,0.59750045,0.49699800,1.49653297,0.52194816
93.3900,0.49913059,2.86435381,0.59750101,0.49699803,1.49653343,0.52194811
93.4000,0.49913048,2.86435438,0.59750158,0.49699807,1.49653390,0.52194805
93.4100,0.49913037,2.86435496,0.59750215,0.49699810,1.49653436,0.52194799
93.4200,0.49913026,2.86435553,0.59750272,0.49699813,1.49653483,0.52194794
93.4300,0.49913015,2.86435610,0.59750328,0.49699816,1.49653529,0.52194788
93.4400,0.49913004,2.86435668,0.59750385,0.49699820,1.49653575,0.52194783
93.4500,0.49912993,2.86435725,0.59750442,0.49699823,1.49653621,0.52194777
93.4600,0.49912982,2.86435782,0.59750498,0.49699826,1.49653668,0.52194772
93.4700,0.49912972,2.86435839,0.59750555,0.49699829,1.49653714,0.52194766
93.4800,0.49912961,2.86435896,0.59750611,0.49699832,1.49653760,0.52194761
93.4900,0.49912950,2.86435953,0.59750668,0.49699836,1.49653806,0.52194755
93.5000,0.49912939,2.86436010,0.59750724,0.49699839,1.49653852,0.52194749
93.5100,0.49912928,2.86436067,0.59750780,0.49699842,1.49653898,0.52194744
93.5200,0.49912917,2.86436124,0.59750837,0.49699845,1.49653944,0.52194738
93.5300,0.49912906,2.86436181,0.59750893,0.49699848,1.49653990,0.52194733
93.5400,0.49912895,2.86436238,0.59750949,0.49699852,1.49654035,0.52194727
93.5500,0.49912884,2.86436295,0.59751005,0.49699855,1.49654081,0.52194722
93.5600,0.49912873,2.86436352,0.59751061,0.49699858,1.49654127,0.52194716
93.5700,0.49912863,2.86436408,0.59751117,0.49699861,1.49654173,0.52194711
93.5800,0.49912852,2.86436465,0.59751173,0.49699864,1.49654218,0.52194705
93.5900,0.49912841,2.86436522,0.59751229,0.49699868,1.49654264,0.52194700
93.6000,0.49912830,2.86436578,0.59751285,0.49699871,1.49654310,0.52194695
93.6100,0.49912819,2.86436635,0.59751341,0.49699874,1.49654355,0.52194689
93.6200,0.49912808,2.86436691,0.59751397,0.49699877,1.49654401,0.52194684
93.6300,0.49912798,2.86436748,0.59751453,0.49699880,1.49654446,0.52194678
93.6400,0.49912787,2.86436804,0.59751509,0.49699883,1.49654491,0.52194673
93.6500,0.49912776,2.86436860,0.59751564,0.49699887,1.49654537,0.52194667
93.6600,0.49912765,2.86436917,0.59751620,0.49699890,1.49654582,0.52194662
93.6700,0.49912755,2.86436973,0.59751676,0.49699893,1.49654627,0.52194656
93.6800,0.49912744,2.86437029,0.59751731,0.49699896,1.49654673,0.52194651
93.6900,0.49912733,2.86437085,0.59751787,0.49699899,1.49654718,0.52194646
93.7000,0.49912722,2.86437141,0.59751842,0.49699902,1.49654763,0.52194640
93.7100,0.49912712,2.86437197,0.59751898,0.49699905,1.49654808,0.52194635
93.7200,0.49912701,2.86437253,0.59751953,0.49699908,1.49654853,0.52194629
93.7300,0.49912690,2.86437309,0.59752009,0.49699912,1.49654898,0.52194624
93.7400,0.49912679,2.86437365,0.59752064,0.49699915,1.49654943,0.52194619
93.7500,0.49912669,2.86437421,0.59752119,0.49699918,1.49654988,0.52194613
93.7600,0.49912658,2.86437477,0.59752175,0.49699921,1.49655033,0.52194608
93.7700,0.49912647,2.86437533,0.59752230,0.49699924,1.49655078,0.52194603
93.7800,0.49912637,2.86437588,0.59752285,0.49699927,1.49655123,0.52194597
93.7900,0.49912626,2.86437644,0.59752340,0.49699930,1.49655168,0.52194592
93.8000,0.49912615,2.86437700,0.59752395,0.49699933,1.49655212,0.52194587
93.8100,0.49912605,2.86437755,0.59752450,0.49699936,1.49655257,0.52194581
93.8200,0.49912594,2.86437811,0.59752505,0.49699940,1.49655302,0.52194576
93.8300,0.49912583,2.86437867,0.59752560,0.49699943,1.49655346,0.52194571
93.8400,0.49912573,2.86437922,0.59752615,0.49699946,1.49655391,0.52194565
93.8500,0.49912562,2.86437977,0.59752670,0.49699949,1.49655435,0.52194560
93.8600,0.49912552,2.86438033,0.59752725,0.49699952,1.49655480,0.52194555
93.8700,0.49912541,2.86438088,0.59752780,0.49699955,1.49655524,0.52194549
93.8800,0.49912530,2.86438144,0.59752834,0.49699958,1.49655569,0.52194544
93.8900,0.49912520,2.86438199,0.59752889,0.49699961,1.49655613,0.52194539
93.9000,0.49912509,2.86438254,0.59752944,0.49699964,1.49655658,0.52194534
93.9100,0.49912499,2.86438309,0.59752998,0.49699967,1.49655702,0.52194528
93.9200,0.49912488,2.86438364,0.59753053,0.49699970,1.49655746,0.52194523
93.9300,0.49912478,2.86438419,0.59753107,0.49699973,1.49655790,0.52194518
93.9400,0.49912467,2.86438474,0.59753162,0.49699976,1.49655834,0.52194513
93.9500,0.49912457,2.86438529,0.59753216,0.49699979,1.49655879,0.52194507
93.9600,0.49912446,2.86438584,0.59753271,0.49699983,1.49655923,0.52194502
93.9700,0.49912436,2.86438639,0.59753325,0.49699986,1.49655967,0.52194497
93.9800,0.49912425,2.86438694,0.59753380,0.49699989,1.49656011,0.52194492
93.9900,0.49912415,2.86438749,0.59753434,0.49699992,1.49656055,0.52194487
94.0000,0.49912404,2.86438804,0.59753488,0.49699995,1.49656099,0.52194481
94.0100,0.49912394,2.86438859,0.59753542,0.49699998,1.49656142,0.52194476
94.0200,0.49912383,2.86438913,0.59753596,0.49700001,1.49656186,0.52194471
94.0300,0.49912373,2.86438968,0.59753651,0.49700004,1.49656230,0.52194466
94.0400,0.49912362,2.86439022,0.59753705,0.49700007,1.49656274,0.52194461
94.0500,0.49912352,2.86439077,0.59753759,0.49700010,1.49656317,0.52194455
94.0600,0.49912341,2.86439132,0.59753813,0.49700013,1.49656361,0.52194450
94.0700,0.49912331,2.86439186,0.59753867,0.49700016,1.49656405,0.52194445
94.0800,0.49912321,2.86439240,0.59753920,0.49700019,1.49656448,0.52194440
94.0900,0.49912310,2.86439295,0.59753974,0.49700022,1.49656492,0.52194435
94.1000,0.49912300,2.86439349,0.59754028,0.49700025,1.49656535,0.52194430
94.1100,0.49912289,2.86439404,0.59754082,0.49700028,1.49656579,0.52194424
94.1200,0.49912279,2.86439458,0.59754136,0.49700031,1.49656622,0.52194419
94.1300,0.49912269,2.86439512,0.59754189,0.49700034,1.49656666,0.52194414
94.1400,0.49912258,2.86439566,0.59754243,0.49700037,1.49656709,0.52194409
94.1500,0.49912248,2.86439620,0.59754297,0.49700040,1.49656752,0.52194404
94.1600,0.49912238,2.86439674,0.59754350,0.49700043,1.49656796,0.52194399
94.1700,0.49912227,2.86439728,0.59754404,0.49700046,1.49656839,0.52194394
94.1800,0.49912217,2.86439782,0.59754457,0.49700049,1.49656882,0.52194389
94.1900,0.49912207,2.86439836,0.59754511,0.49700052,1.49656925,0.52194384
94.2000,0.49912196,2.86439890,0.59754564,0.49700055,1.49656968,0.52194378
94.2100,0.49912186,2.86439944,0.59754618,0.49700058,1.49657011,0.52194373
94.2200,0.49912176,2.86439998,0.59754671,0.49700061,1.49657054,0.52194368
94.2300,0.49912165,2.86440052,0.59754724,0.49700063,1.49657097,0.52194363
94.2400,0.49912155,2.86440105,0.59754777,0.49700066,1.49657140,0.52194358
94.2500,0.49912145,2.86440159,0.59754831,0.49700069,1.49657183,0.52194353
94.2600,0.49912134,2.86440213,0.59754884,0.49700072,1.49657226,0.52194348
94.2700,0.49912124,2.86440266,0.59754937,0.49700075,1.49657269,0.52194343
94.2800,0.49912114,2.86440320,0.59754990,0.49700078,1.49657312,0.52194338
94.2900,0.49912104,2.86440374,0.59755043,0.49700081,1.49657354,0.52194333
94.3000,0.49912093,2.86440427,0.59755096,0.49700084,1.49657397,0.52194328
94.3100,0.49912083,2.86440480,0.59755149,0.49700087,1.49657440,0.52194323
94.3200,0.49912073,2.86440534,0.59755202,0.49700090,1.49657482,0.52194318
94.3300,0.49912063,2.86440587,0.59755255,0.49700093,1.49657525,0.52194313
94.3400,0.49912053,2.86440641,0.59755308,0.49700096,1.49657568,0.52194308
94.3500,0.49912042,2.86440694,0.59755360,0.49700099,1.49657610,0.52194303
94.3600,0.49912032,2.86440747,0.59755413,0.49700102,1.49657653,0.52194298
94.3700,0.49912022,2.86440800,0.59755466,0.49700105,1.49657695,0.52194293
94.3800,0.49912012,2.86440853,0.59755518,0.49700107,1.49657737,0.52194288
94.3900,0.49912002,2.86440906,0.59755571,0.49700110,1.49657780,0.52194283
94.4000,0.49911992,2.86440960,0.59755624,0.49700113,1.49657822,0.52194278
94.4100,0.49911981,2.86441013,0.59755676,0.49700116,1.49657864,0.52194273
94.4200,0.49911971,2.86441065,0.59755729,0.49700119,1.49657907,0.52194268
94.4300,0.49911961,2.86441118,0.59755781,0.49700122,1.49657949,0.52194263
94.4400,0.49911951,2.86441171,0.59755834,0.49700125,1.49657991,0.52194258
94.4500,0.49911941,2.86441224,0.59755886,0.49700128,1.49658033,0.52194253
94.4600,0.49911931,2.86441277,0.59755938,0.49700131,1.49658075,0.52194248
94.4700,0.49911921,2.86441330,0.59755991,0.49700133,1.49658117,0.52194244
94.4800,0.49911911,2.86441382,0.59756043,0.49700136,1.49658159,0.52194239
94.4900,0.49911901,2.86441435,0.59756095,0.49700139,1.49658201,0.52194234
94.5000,0.49911891,2.86441488,0.59756147,0.49700142,1.49658243,0.52194229
94.5100,0.49911880,2.86441540,0.59756200,0.49700145,1.49658285,0.52194224
94.5200,0.49911870,2.86441593,0.59756252,0.49700148,1.49658327,0.52194219
94.5300,0.49911860,2.86441645,0.59756304,0.49700151,1.49658369,0.52194214
94.5400,0.49911850,2.86441698,0.59756356,0.49700154,1.49658410,0.52194209
94.5500,0.49911840,2.86441750,0.59756408,0.49700156,1.49658452,0.52194204
94.5600,0.49911830,2.86441803,0.59756460,0.49700159,1.49658494,0.52194200
94.5700,0.49911820,2.86441855,0.59756512,0.49700162,1.49658535,0.52194195
94.5800,0.49911810,2.86441907,0.59756563,0.49700165,1.49658577,0.52194190
94.5900,0.49911800,2.86441960,0.59756615,0.49700168,1.49658619,0.52194185
94.6000,0.49911790,2.86442012,0.59756667,0.49700171,1.49658660,0.52194180
94.6100,0.49911780,2.86442064,0.59756719,0.49700173,1.49658702,0.52194175
94.6200,0.49911770,2.86442116,0.59756770,0.49700176,1.49658743,0.52194170
94.6300,0.49911760,2.86442168,0.59756822,0.49700179,1.49658784,0.52194166
94.6400,0.49911750,2.86442220,0.59756874,0.49700182,1.49658826,0.52194161
94.6500,0.49911740,2.86442272,0.59756925,0.49700185,1.49658867,0.52194156
94.6600,0.49911731,2.86442324,0.59756977,0.49700188,1.49658908,0.52194151
94.6700,0.49911721,2.86442376,0.59757028,0.49700190,1.49658950,0.52194146
94.6800,0.49911711,2.86442428,0.59757080,0.49700193,1.49658991,0.52194142
94.6900,0.49911701,2.86442480,0.59757131,0.49700196,1.49659032,0.52194137
94.7000,0.49911691,2.86442532,0.59757183,0.49700199,1.49659073,0.52194132
94.7100,0.49911681,2.86442583,0.59757234,0.49700202,1.49659114,0.52194127
94.7200,0.49911671,2.86442635,0.59757285,0.49700204,1.49659155,0.52194122
94.7300,0.49911661,2.86442687,0.59757337,0.49700207,1.49659196,0.52194118
94.7400,0.49911651,2.86442738,0.59757388,0.49700210,1.49659237,0.52194113
94.7500,0.49911641,2.86442790,0.59757439,0.49700213,1.49659278,0.52194108
94.7600,0.49911632,2.86442842,0.59757490,0.49700216,1.49659319,0.52194103
94.7700,0.49911622,2.86442893,0.59757541,0.49700218,1.49659360,0.52194099
94.7800,0.49911612,2.86442945,0.59757592,0.49700221,1.49659401,0.52194094
94.7900,0.49911602,2.86442996,0.59757643,0.49700224,1.49659442,0.52194089
94.8000,0.49911592,2.86443047,0.59757694,0.49700227,1.49659483,0.52194084
94.8100,0.49911582,2.86443099,0.59757745,0.49700230,1.49659523,0.52194080
94.8200,0.49911573,2.86443150,0.59757796,0.49700232,1.49659564,0.52194075
94.8300,0.49911563,2.86443201,0.59757847,0.49700235,1.49659605,0.52194070
94.8400,0.49911553,2.86443253,0.59757898,0.49700238,1.49659645,0.52194066
94.8500,0.49911543,2.86443304,0.59757949,0.49700241,1.49659686,0.52194061
94.8600,0.49911533,2.86443355,0.59757999,0.49700243,1.49659726,0.52194056
94.8700,0.49911524,2.86443406,0.59758050,0.49700246,1.49659767,0.52194052
94.8800,0.49911514,2.86443457,0.59758101,0.49700249,1.49659807,0.52194047
94.8900,0.49911504,2.86443508,0.59758151,0.49700252,1.49659848,0.52194042
94.9000,0.49911494,2.86443559,0.59758202,0.49700254,1.49659888,0.52194037
94.9100,0.49911485,2.86443610,0.59758253,0.49700257,1.49659928,0.52194033
94.9200,0.49911475,2.86443661,0.59758303,0.49700260,1.49659969,0.52194028
94.9300,0.49911465,2.86443712,0.59758354,0.49700263,1.49660009,0.52194024
94.9400,0.49911455,2.86443763,0.59758404,0.49700265,1.49660049,0.52194019
94.9500,0.49911446,2.86443813,0.59758454,0.49700268,1.49660089,0.52194014
94.9600,0.49911436,2.86443864,0.59758505,0.49700271,1.49660130,0.52194010
94.9700,0.49911426,2.86443915,0.59758555,0.49700274,1.49660170,0.52194005
94.9800,0.49911417,2.86443965,0.59758605,0.49700276,1.49660210,0.52194000
94.9900,0.49911407,2.86444016,0.59758656,0.49700279,1.49660250,0.52193996
95.0000,0.49911397,2.86444067,0.59758706,0.49700282,1.49660290,0.52193991
95.0100,0.49911388,2.86444117,0.59758756,0.49700284,1.49660330,0.52193986
95.0200,0.49911378,2.86444168,0.59758806,0.49700287,1.49660370,0.52193982
95.0300,0.49911368,2.86444218,0.59758856,0.49700290,1.49660410,0.52193977
95.0400,0.49911359,2.86444268,0.59758906,0.49700293,1.49660450,0.52193973
95.0500,0.49911349,2.86444319,0.59758956,0.49700295,1.49660489,0.52193968
95.0600,0.49911339,2.86444369,0.59759006,0.49700298,1.49660529,0.52193964
95.0700,0.49911330,2.86444419,0.59759056,0.49700301,1.49660569,0.52193959
95.0800,0.49911320,2.86444470,0.59759106,0.49700303,1.49660609,0.52193954
95.0900,0.49911311,2.86444520,0.59759156,0.49700306,1.49660648,0.52193950
95.1000,0.49911301,2.86444570,0.59759206,0.49700309,1.49660688,0.52193945
95.1100,0.49911291,2.86444620,0.59759256,0.49700311,1.49660728,0.52193941
95.1200,0.49911282,2.86444670,0.59759305,0.49700314,1.49660767,0.52193936
95.1300,0.49911272,2.86444720,0.59759355,0.49700317,1.49660807,0.52193932
95.1400,0.49911263,2.86444770,0.59759405,0.49700319,1.49660846,0.52193927
95.1500,0.49911253,2.86444820,0.59759454,0.49700322,1.49660886,0.52193923
95.1600,0.49911244,2.86444870,0.59759504,0.49700325,1.49660925,0.52193918
95.1700,0.49911234,2.86444920,0.59759553,0.49700327,1.49660964,0.52193914
95.1800,0.49911224,2.86444970,0.59759603,0.49700330,1.49661004,0.52193909
95.1900,0.49911215,2.86445020,0.59759652,0.49700333,1.49661043,0.52193904
95.2000,0.49911205,2.86445070,0.59759702,0.49700335,1.49661082,0.52193900
95.2100,0.49911196,2.86445119,0.59759751,0.49700338,1.49661122,0.52193895
95.2200,0.49911186,2.86445169,0.59759801,0.49700341,1.49661161,0.52193891
95.2300,0.49911177,2.86445219,0.59759850,0.49700343,1.49661200,0.52193887
95.2400,0.49911167,2.86445268,0.59759899,0.49700346,1.49661239,0.52193882
95.2500,0.49911158,2.86445318,0.59759949,0.49700349,1.49661278,0.52193878
95.2600,0.49911148,2.86445367,0.59759998,0.49700351,1.49661317,0.52193873
95.2700,0.49911139,2.86445417,0.59760047,0.49700354,1.49661356,0.52193869
95.2800,0.49911130,2.86445466,0.59760096,0.49700357,1.49661395,0.52193864
95.2900,0.49911120,2.86445516,0.59760145,0.49700359,1.49661434,0.52193860
95.3000,0.49911111,2.86445565,0.59760194,0.49700362,1.49661473,0.52193855
95.3100,0.49911101,2.86445615,0.59760243,0.49700364,1.49661512,0.52193851
95.3200,0.49911092,2.86445664,0.59760292,0.49700367,1.49661551,0.52193846
95.3300,0.49911082,2.86445713,0.59760341,0.49700370,1.49661590,0.52193842
95.3400,0.49911073,2.86445762,0.59760390,0.49700372,1.49661628,0.52193838
95.3500,0.49911064,2.86445811,0.59760439,0.49700375,1.49661667,0.52193833
95.3600,0.49911054,2.86445861,0.59760488,0.49700378,1.49661706,0.52193829
95.3700,0.49911045,2.86445910,0.59760537,0.49700380,1.49661744,0.52193824
95.3800,0.49911035,2.86445959,0.59760585,0.49700383,1.49661783,0.52193820
95.3900,0.49911026,2.86446008,0.59760634,0.49700385,1.49661822,0.52193815
95.4000,0.49911017,2.86446057,0.59760683,0.49700388,1.49661860,0.52193811
95.4100,0.49911007,2.86446106,0.59760731,0.49700391,1.49661899,0.52193807
95.4200,0.49910998,2.86446155,0.59760780,0.49700393,1.49661937,0.52193802
95.4300,0.49910989,2.86446203,0.59760828,0.49700396,1.49661976,0.52193798
95.4400,0.49910979,2.86446252,0.59760877,0.49700398,1.49662014,0.52193794
95.4500,0.49910970,2.86446301,0.59760925,0.49700401,1.49662052,0.52193789
95.4600,0.49910961,2.86446350,0.59760974,0.49700404,1.49662091,0.52193785
95.4700,0.49910951,2.86446399,0.59761022,0.49700406,1.49662129,0.52193780
95.4800,0.49910942,2.86446447,0.59761071,0.49700409,1.49662167,0.52193776
95.4900,0.49910933,2.86446496,0.59761119,0.49700411,1.49662205,0.52193772
95.5000,0.49910923,2.86446544,0.59761167,0.49700414,1.49662244,0.52193767
95.5100,0.49910914,2.86446593,0.59761216,0.49700416,1.49662282,0.52193763
95.5200,0.49910905,2.86446642,0.59761264,0.49700419,1.49662320,0.52193759
95.5300,0.49910896,2.86446690,0.59761312,0.49700422,1.49662358,0.52193754
95.5400,0.49910886,2.86446738,0.59761360,0.49700424,1.49662396,0.52193750
95.5500,0.49910877,2.86446787,0.59761408,0.49700427,1.49662434,0.52193746
95.5600,0.49910868,2.86446835,0.59761456,0.49700429,1.49662472,0.52193741
95.5700,0.49910859,2.86446884,0.59761504,0.49700432,1.49662510,0.52193737
95.5800,0.49910849,2.86446932,0.59761552,0.49700434,1.49662548,0.52193733
95.5900,0.49910840,2.86446980,0.59761600,0.49700437,1.49662586,0.52193729
95.6000,0.49910831,2.86447028,0.59761648,0.49700439,1.49662624,0.52193724
95.6100,0.49910822,2.86447076,0.59761696,0.49700442,1.49662661,0.52193720
95.6200,0.49910812,2.86447125,0.59761744,0.49700444,1.49662699,0.52193716
95.6300,0.49910803,2.86447173,0.59761792,0.49700447,1.49662737,0.52193711
95.6400,0.49910794,2.86447221,0.59761840,0.49700450,1.49662775,0.52193707
95.6500,0.49910785,2.86447269,0.59761887,0.49700452,1.49662812,0.52193703
95.6600,0.49910776,2.86447317,0.59761935,0.49700455,1.49662850,0.52193699
95.6700,0.49910767,2.86447365,0.59761983,0.49700457,1.49662887,0.52193694
95.6800,0.49910757,2.86447413,0.59762030,0.49700460,1.49662925,0.52193690
95.6900,0.49910748,2.86447460,0.59762078,0.49700462,1.49662962,0.52193686
95.7000,0.49910739,2.86447508,0.59762126,0.49700465,1.49663000,0.52193682
95.7100,0.49910730,2.86447556,0.59762173,0.49700467,1.49663037,0.52193677
95.7200,0.49910721,2.86447604,0.59762221,0.49700470,1.49663075,0.52193673
95.7300,0.49910712,2.86447651,0.59762268,0.49700472,1.49663112,0.52193669
95.7400,0.49910703,2.86447699,0.59762315,0.49700475,1.49663150,0.52193665
95.7500,0.49910694,2.86447747,0.59762363,0.49700477,1.49663187,0.52193661
95.7600,0.49910684,2.86447794,0.59762410,0.49700480,1.49663224,0.52193656
95.7700,0.49910675,2.86447842,0.59762457,0.49700482,1.49663261,0.52193652
95.7800,0.49910666,2.86447889,0.59762505,0.49700485,1.49663299,0.52193648
95.7900,0.49910657,2.86447937,0.59762552,0.49700487,1.49663336,0.52193644
95.8000,0.49910648,2.86447984,0.59762599,0.49700490,1.49663373,0.52193640
95.8100,0.49910639,2.86448032,0.59762646,0.49700492,1.49663410,0.52193635
95.8200,0.49910630,2.86448079,0.59762693,0.49700495,1.49663447,0.52193631
95.8300,0.49910621,2.86448126,0.59762741,0.49700497,1.49663484,0.52193627
95.8400,0.49910612,2.86448174,0.59762788,0.49700500,1.49663521,0.52193623
95.8500,0.49910603,2.86448221,0.59762835,0.49700502,1.49663558,0.52193619
95.8600,0.49910594,2.86448268,0.59762882,0.49700505,1.49663595,0.52193615
95.8700,0.49910585,2.86448315,0.59762929,0.49700507,1.49663632,0.52193610
95.8800,0.49910576,2.86448363,0.59762975,0.49700509,1.49663669,0.52193606
95.8900,0.49910567,2.86448410,0.59763022,0.49700512,1.49663706,0.52193602
95.9000,0.49910558,2.86448457,0.59763069,0.49700514,1.49663742,0.52193598
95.9100,0.49910549,2.86448504,0.59763116,0.49700517,1.49663779,0.52193594
95.9200,0.49910540,2.86448551,0.59763163,0.49700519,1.49663816,0.52193590
95.9300,0.49910531,2.86448598,0.59763209,0.49700522,1.49663852,0.52193586
95.9400,0.49910522,2.86448645,0.59763256,0.49700524,1.49663889,0.52193582
95.9500,0.49910513,2.86448691,0.59763303,0.49700527,1.49663926,0.52193577
95.9600,0.49910504,2.86448738,0.59763349,0.49700529,1.49663962,0.52193573
95.9700,0.49910495,2.86448785,0.59763396,0.49700532,1.49663999,0.52193569
95.9800,0.49910486,2.86448832,0.59763442,0.49700534,1.49664035,0.52193565
95.9900,0.49910477,2.86448879,0.59763489,0.49700536,1.49664072,0.52193561
96.0000,0.49910468,2.86448925,0.59763535,0.49700539,1.49664108,0.52193557
96.0100,0.49910459,2.86448972,0.59763582,0.49700541,1.49664145,0.52193553
96.0200,0.49910450,2.86449019,0.59763628,0.49700544,1.49664181,0.52193549
96.0300,0.49910442,2.86449065,0.59763675,0.49700546,1.49664217,0.52193545
96.0400,0.49910433,2.86449112,0.59763721,0.49700549,1.49664254,0.52193541
96.0500,0.49910424,2.86449158,0.59763767,0.49700551,1.49664290,0.52193537
96.0600,0.49910415,2.86449205,0.59763814,0.49700553,1.49664326,0.52193533
96.0700,0.49910406,2.86449251,0.59763860,0.49700556,1.49664362,0.52193529
96.0800,0.49910397,2.86449297,0.59763906,0.49700558,1.49664399,0.52193525
96.0900,0.49910388,2.86449344,0.59763952,0.49700561,1.49664435,0.52193521
96.1000,0.49910379,2.86449390,0.59763998,0.49700563,1.49664471,0.52193516
96.1100,0.49910371,2.86449436,0.59764044,0.49700565,1.49664507,0.52193512
96.1200,0.49910362,2.86449483,0.59764090,0.49700568,1.49664543,0.52193508
96.1300,0.49910353,2.86449529,0.59764136,0.49700570,1.49664579,0.52193504
96.1400,0.49910344,2.86449575,0.59764182,0.49700573,1.49664615,0.52193500
96.1500,0.49910335,2.86449621,0.59764228,0.49700575,1.49664651,0.52193496
96.1600,0.49910326,2.86449667,0.59764274,0.49700577,1.49664687,0.52193492
96.1700,0.49910318,2.86449713,0.59764320,0.49700580,1.49664723,0.52193488
96.1800,0.49910309,2.86449759,0.59764366,0.49700582,1.49664759,0.52193484
96.1900,0.49910300,2.86449805,0.59764412,0.49700585,1.49664794,0.52193480
96.2000,0.49910291,2.86449851,0.59764457,0.49700587,1.49664830,0.52193476
96.2100,0.49910282,2.86449897,0.59764503,0.49700589,1.49664866,0.52193472
96.2200,0.49910274,2.86449943,0.59764549,0.49700592,1.49664902,0.52193468
96.2300,0.49910265,2.86449989,0.59764594,0.49700594,1.49664937,0.52193465
96.2400,0.49910256,2.86450035,0.59764640,0.49700597,1.49664973,0.52193461
96.2500,0.49910247,2.86450080,0.59764686,0.49700599,1.49665009,0.52193457
96.2600,0.49910239,2.86450126,0.59764731,0.49700601,1.49665044,0.52193453
96.2700,0.49910230,2.86450172,0.59764777,0.49700604,1.49665080,0.52193449
96.2800,0.49910221,2.86450218,0.59764822,0.49700606,1.49665115,0.52193445
96.2900,0.49910213,2.86450263,0.59764868,0.49700608,1.49665151,0.52193441
96.3000,0.49910204,2.86450309,0.59764913,0.49700611,1.49665186,0.52193437
96.3100,0.49910195,2.86450354,0.59764958,0.49700613,1.49665221,0.52193433
96.3200,0.49910186,2.86450400,0.59765004,0.49700615,1.49665257,0.52193429
96.3300,0.49910178,2.86450445,0.59765049,0.49700618,1.49665292,0.52193425
96.3400,0.49910169,2.86450491,0.59765094,0.49700620,1.49665328,0.52193421
96.3500,0.49910160,2.86450536,0.59765139,0.49700622,1.49665363,0.52193417
96.3600,0.49910152,2.86450581,0.59765185,0.49700625,1.49665398,0.52193413
96.3700,0.49910143,2.86450627,0.59765230,0.49700627,1.49665433,0.52193409
96.3800,0.49910134,2.86450672,0.59765275,0.49700629,1.49665468,0.52193406
96.3900,0.49910126,2.86450717,0.59765320,0.49700632,1.49665504,0.52193402
96.4000,0.49910117,2.86450763,0.59765365,0.49700634,1.49665539,0.52193398
96.4100,0.49910108,2.86450808,0.59765410,0.49700636,1.49665574,0.52193394
96.4200,0.49910100,2.86450853,0.59765455,0.49700639,1.49665609,0.52193390
96.4300,0.49910091,2.86450898,0.59765500,0.49700641,1.49665644,0.52193386
96.4400,0.49910083,2.86450943,0.59765545,0.49700643,1.49665679,0.52193382
96.4500,0.49910074,2.86450988,0.59765590,0.49700646,1.49665714,0.52193378
96.4600,0.49910065,2.86451033,0.59765635,0.49700648,1.49665749,0.52193375
96.4700,0.49910057,2.86451078,0.59765679,0.49700650,1.49665784,0.52193371
96.4800,0.49910048,2.86451123,0.59765724,0.49700653,1.49665818,0.52193367
96.4900,0.49910040,2.86451168,0.59765769,0.49700655,1.49665853,0.52193363
96.5000,0.49910031,2.86451213,0.59765814,0.49700657,1.49665888,0.52193359
96.5100,0.49910022,2.86451258,0.59765858,0.49700660,1.49665923,0.52193355
96.5200,0.49910014,2.86451302,0.59765903,0.49700662,1.49665957,0.52193352
96.5300,0.49910005,2.86451347,0.59765948,0.49700664,1.49665992,0.52193348
96.5400,0.49909997,2.86451392,0.59765992,0.49700666,1.49666027,0.52193344
96.5500,0.49909988,2.86451437,0.59766037,0.49700669,1.49666061,0.52193340
96.5600,0.49909980,2.86451481,0.59766081,0.49700671,1.49666096,0.52193336
96.5700,0.49909971,2.86451526,0.59766126,0.49700673,1.49666131,0.52193332
96.5800,0.49909963,2.86451570,0.59766170,0.49700676,1.49666165,0.52193329
96.5900,0.49909954,2.86451615,0.59766214,0.49700678,1.49666200,0.52193325
96.6000,0.49909946,2.86451659,0.59766259,0.49700680,1.49666234,0.52193321
96.6100,0.49909937,2.86451704,0.59766303,0.49700682,1.49666268,0.52193317
96.6200,0.49909929,2.86451748,0.59766347,0.49700685,1.49666303,0.52193314
96.6300,0.49909920,2.86451793,0.59766392,0.49700687,1.49666337,0.52193310
96.6400,0.49909912,2.86451837,0.59766436,0.49700689,1.49666372,0.52193306
96.6500,0.49909903,2.86451881,0.59766480,0.49700692,1.49666406,0.52193302
96.6600,0.49909895,2.86451926,0.59766524,0.49700694,1.49666440,0.52193298
96.6700,0.49909886,2.86451970,0.59766568,0.49700696,1.49666474,0.52193295
96.6800,0.49909878,2.86452014,0.59766612,0.49700698,1.49666509,0.52193291
96.6900,0.49909869,2.86452058,0.59766656,0.49700701,1.49666543,0.52193287
96.7000,0.49909861,2.86452103,0.59766701,0.49700703,1.49666577,0.52193283
96.7100,0.49909853,2.86452147,0.59766744,0.49700705,1.49666611,0.52193280
96.7200,0.49909844,2.86452191,0.59766788,0.49700707,1.49666645,0.52193276
96.7300,0.49909836,2.86452235,0.59766832,0.49700710,1.49666679,0.52193272
96.7400,0.49909827,2.86452279,0.59766876,0.49700712,1.49666713,0.52193269
96.7500,0.49909819,2.86452323,0.59766920,0.49700714,1.49666747,0.52193265
96.7600,0.49909811,2.86452367,0.59766964,0.49700716,1.49666781,0.52193261
96.7700,0.49909802,2.86452411,0.59767008,0.49700719,1.49666815,0.52193257
96.7800,0.49909794,2.86452455,0.59767051,0.49700721,1.49666849,0.52193254
96.7900,0.49909785,2.86452498,0.59767095,0.49700723,1.49666883,0.52193250
96.8000,0.49909777,2.86452542,0.59767139,0.49700725,1.49666917,0.52193246
96.8100,0.49909769,2.86452586,0.59767182,0.49700727,1.49666950,0.52193243
96.8200,0.49909760,2.86452630,0.59767226,0.49700730,1.49666984,0.52193239
96.8300,0.49909752,2.86452673,0.59767270,0.49700732,1.49667018,0.52193235
96.8400,0.49909744,2.86452717,0.59767313,0.49700734,1.49667052,0.52193232
96.8500,0.49909735,2.86452761,0.59767357,0.49700736,1.49667085,0.52193228
96.8600,0.49909727,2.86452804,0.59767400,0.49700739,1.49667119,0.52193224
96.8700,0.49909719,2.86452848,0.59767444,0.49700741,1.49667152,0.52193220
96.8800,0.49909710,2.86452891,0.59767487,0.49700743,1.49667186,0.52193217
96.8900,0.49909702,2.86452935,0.59767530,0.49700745,1.49667220,0.52193213
96.9000,0.49909694,2.86452978,0.59767574,0.49700747,1.49667253,0.52193210
96.9100,0.49909685,2.86453022,0.59767617,0.49700750,1.49667287,0.52193206
96.9200,0.49909677,2.86453065,0.59767660,0.49700752,1.49667320,0.52193202
96.9300,0.49909669,2.86453108,0.59767704,0.49700754,1.49667353,0.52193199
96.9400,0.49909661,2.86453152,0.59767747,0.49700756,1.49667387,0.52193195
96.9500,0.49909652,2.86453195,0.59767790,0.49700758,1.49667420,0.52193191
96.9600,0.49909644,2.86453238,0.59767833,0.49700761,1.49667454,0.52193188
96.9700,0.49909636,2.86453281,0.59767876,0.49700763,1.49667487,0.52193184
96.9800,0.49909628,2.86453325,0.59767919,0.49700765,1.49667520,0.52193180
96.9900,0.49909619,2.86453368,0.59767962,0.49700767,1.49667553,0.52193177
97.0000,0.49909611,2.86453411,0.59768005,0.49700769,1.49667586,0.52193173
97.0100,0.49909603,2.86453454,0.59768048,0.49700771,1.49667620,0.52193170
97.0200,0.49909595,2.86453497,0.59768091,0.49700774,1.49667653,0.52193166
97.0300,0.49909586,2.86453540,0.59768134,0.49700776,1.49667686,0.52193162
97.0400,0.49909578,2.86453583,0.59768177,0.49700778,1.49667719,0.52193159
97.0500,0.49909570,2.86453626,0.59768220,0.49700780,1.49667752,0.52193155
97.0600,0.49909562,2.86453669,0.59768263,0.49700782,1.49667785,0.52193152
97.0700,0.49909554,2.86453712,0.59768305,0.49700784,1.49667818,0.52193148
97.0800,0.49909545,2.86453754,0.59768348,0.49700787,1.49667851,0.52193145
97.0900,0.49909537,2.86453797,0.59768391,0.49700789,1.49667884,0.52193141
97.1000,0.49909529,2.86453840,0.59768434,0.49700791,1.49667917,0.52193137
97.1100,0.49909521,2.86453883,0.59768476,0.49700793,1.49667950,0.52193134
97.1200,0.49909513,2.86453925,0.59768519,0.49700795,1.49667982,0.52193130
97.1300,0.49909505,2.86453968,0.59768561,0.49700797,1.49668015,0.52193127
97.1400,0.49909496,2.86454011,0.59768604,0.49700800,1.49668048,0.52193123
97.1500,0.49909488,2.86454053,0.59768646,0.49700802,1.49668081,0.52193120
97.1600,0.49909480,2.86454096,0.59768689,0.49700804,1.49668113,0.52193116
97.1700,0.49909472,2.86454138,0.59768731,0.49700806,1.49668146,0.52193113
97.1800,0.49909464,2.86454181,0.59768774,0.49700808,1.49668179,0.52193109
97.1900,0.49909456,2.86454223,0.59768816,0.49700810,1.49668211,0.52193106
97.2000,0.49909448,2.86454266,0.59768858,0.49700812,1.49668244,0.52193102
97.2100,0.49909440,2.86454308,0.59768901,0.49700815,1.49668277,0.52193099
97.2200,0.49909432,2.86454350,0.59768943,0.49700817,1.49668309,0.52193095
97.2300,0.49909423,2.86454393,0.59768985,0.49700819,1.49668342,0.52193092
97.2400,0.49909415,2.86454435,0.59769028,0.49700821,1.49668374,0.52193088
97.2500,0.49909407,2.86454477,0.59769070,0.49700823,1.49668406,0.52193085
97.2600,0.49909399,2.86454520,0.59769112,0.49700825,1.49668439,0.52193081
97.2700,0.49909391,2.86454562,0.59769154,0.49700827,1.49668471,0.52193078
97.2800,0.49909383,2.86454604,0.59769196,0.49700829,1.49668504,0.52193074
97.2900,0.49909375,2.86454646,0.59769238,0.49700831,1.49668536,0.52193071
97.3000,0.49909367,2.86454688,0.59769280,0.49700834,1.49668568,0.52193067
97.3100,0.49909359,2.86454730,0.59769322,0.49700836,1.49668600,0.52193064
97.3200,0.49909351,2.86454772,0.59769364,0.49700838,1.49668633,0.52193060
97.3300,0.49909343,2.86454814,0.59769406,0.49700840,1.49668665,0.52193057
97.3400,0.49909335,2.86454856,0.59769448,0.49700842,1.49668697,0.52193053
97.3500,0.49909327,2.86454898,0.59769490,0.49700844,1.49668729,0.52193050
97.3600,0.49909319,2.86454940,0.59769532,0.49700846,1.49668761,0.52193046
97.3700,0.49909311,2.86454982,0.59769573,0.49700848,1.49668793,0.52193043
97.3800,0.49909303,2.86455024,0.59769615,0.49700850,1.49668825,0.52193040
97.3900,0.49909295,2.86455065,0.59769657,0.49700852,1.49668857,0.52193036
97.4000,0.49909287,2.86455107,0.59769699,0.49700855,1.49668889,0.52193033
97.4100,0.49909279,2.86455149,0.59769740,0.49700857,1.49668921,0.52193029
97.4200,0.49909271,2.86455190,0.59769782,0.49700859,1.49668953,0.52193026
97.4300,0.49909263,2.86455232,0.59769823,0.49700861,1.49668985,0.52193022
97.4400,0.49909255,2.86455274,0.59769865,0.49700863,1.49669017,0.52193019
97.4500,0.49909247,2.86455315,0.59769907,0.49700865,1.49669049,0.52193016
97.4600,0.49909239,2.86455357,0.59769948,0.49700867,1.49669081,0.52193012
97.4700,0.49909231,2.86455398,0.59769990,0.49700869,1.49669112,0.52193009
97.4800,0.49909223,2.86455440,0.59770031,0.49700871,1.49669144,0.52193005
97.4900,0.49909216,2.86455481,0.59770072,0.49700873,1.49669176,0.52193002
97.5000,0.49909208,2.86455523,0.59770114,0.49700875,1.49669207,0.52192999
97.5100,0.49909200,2.86455564,0.59770155,0.49700877,1.49669239,0.52192995
97.5200,0.49909192,2.86455605,0.59770196,0.49700879,1.49669271,0.52192992
97.5300,0.49909184,2.86455647,0.59770238,0.49700881,1.49669302,0.52192988
97.5400,0.49909176,2.86455688,0.59770279,0.49700884,1.49669334,0.52192985
97.5500,0.49909168,2.86455729,0.59770320,0.49700886,1.49669365,0.52192982
97.5600,0.49909160,2.86455771,0.59770361,0.49700888,1.49669397,0.52192978
97.5700,0.49909152,2.86455812,0.59770402,0.49700890,1.49669428,0.52192975
97.5800,0.49909145,2.86455853,0.59770444,0.49700892,1.49669460,0.52192972
97.5900,0.49909137,2.86455894,0.59770485,0.49700894,1.49669491,0.52192968
97.6000,0.49909129,2.86455935,0.59770526,0.49700896,1.49669523,0.52192965
97.6100,0.49909121,2.86455976,0.59770567,0.49700898,1.49669554,0.52192962
97.6200,0.49909113,2.86456017,0.59770608,0.49700900,1.49669585,0.52192958
97.6300,0.49909105,2.86456058,0.59770649,0.49700902,1.49669617,0.52192955
97.6400,0.49909098,2.86456099,0.59770690,0.49700904,1.49669648,0.52192952
97.6500,0.49909090,2.86456140,0.59770731,0.49700906,1.49669679,0.52192948
97.6600,0.49909082,2.86456181,0.59770771,0.49700908,1.49669710,0.52192945
97.6700,0.49909074,2.86456222,0.59770812,0.49700910,1.49669742,0.52192942
97.6800,0.49909066,2.86456263,0.59770853,0.49700912,1.49669773,0.52192938
97.6900,0.49909059,2.86456303,0.59770894,0.49700914,1.49669804,0.52192935
97.7000,0.49909051,2.86456344,0.59770935,0.49700916,1.49669835,0.52192932
97.7100,0.49909043,2.86456385,0.59770975,0.49700918,1.49669866,0.52192928
97.7200,0.49909035,2.86456426,0.59771016,0.49700920,1.49669897,0.52192925
97.7300,0.49909027,2.86456466,0.59771057,0.49700922,1.49669928,0.52192922
97.7400,0.49909020,2.86456507,0.59771097,0.49700924,1.49669959,0.52192919
97.7500,0.49909012,2.86456547,0.59771138,0.49700926,1.49669990,0.52192915
97.7600,0.49909004,2.86456588,0.59771178,0.49700928,1.49670021,0.52192912
97.7700,0.49908996,2.86456629,0.59771219,0.49700930,1.49670052,0.52192909
97.7800,0.49908989,2.86456669,0.59771259,0.49700932,1.49670083,0.52192905
97.7900,0.49908981,2.86456710,0.59771300,0.49700934,1.49670113,0.52192902
97.8000,0.49908973,2.86456750,0.59771340,0.49700936,1.49670144,0.52192899
97.8100,0.49908966,2.86456790,0.59771381,0.49700938,1.49670175,0.52192896
97.8200,0.49908958,2.86456831,0.59771421,0.49700940,1.49670206,0.52192892
97.8300,0.49908950,2.86456871,0.59771461,0.49700942,1.49670237,0.52192889
97.8400,0.49908942,2.86456911,0.59771502,0.49700944,1.49670267,0.52192886
97.8500,0.49908935,2.86456952,0.59771542,0.49700946,1.49670298,0.52192883
97.8600,0.49908927,2.86456992,0.59771582,0.49700948,1.49670329,0.52192879
97.8700,0.49908919,2.86457032,0.59771622,0.49700950,1.49670359,0.52192876
97.8800,0.49908912,2.86457072,0.59771662,0.49700952,1.49670390,0.52192873
97.8900,0.49908904,2.86457112,0.59771703,0.49700954,1.49670420,0.52192870
97.9000,0.49908896,2.86457153,0.59771743,0.49700956,1.49670451,0.52192867
97.9100,0.49908889,2.86457193,0.59771783,0.49700958,1.49670481,0.52192863
97.9200,0.49908881,2.86457233,0.59771823,0.49700960,1.49670512,0.52192860
97.9300,0.49908873,2.86457273,0.59771863,0.49700962,1.49670542,0.52192857
97.9400,0.49908866,2.86457313,0.59771903,0.49700964,1.49670573,0.52192854
97.9500,0.49908858,2.86457353,0.59771943,0.49700966,1.49670603,0.52192850
97.9600,0.49908851,2.86457393,0.59771983,0.49700968,1.49670633,0.52192847
97.9700,0.49908843,2.86457432,0.59772023,0.49700970,1.49670664,0.52192844
97.9800,0.49908835,2.86457472,0.59772062,0.49700972,1.49670694,0.52192841
97.9900,0.49908828,2.86457512,0.59772102,0.49700974,1.49670724,0.52192838
98.0000,0.49908820,2.86457552,0.59772142,0.49700976,1.49670754,0.52192835
98.0100,0.49908813,2.86457592,0.59772182,0.49700978,1.49670785,0.52192831
98.0200,0.49908805,2.86457631,0.59772222,0.49700979,1.49670815,0.52192828
98.0300,0.49908797,2.86457671,0.59772261,0.49700981,1.49670845,0.52192825
98.0400,0.49908790,2.86457711,0.59772301,0.49700983,1.49670875,0.52192822
98.0500,0.49908782,2.86457750,0.59772341,0.49700985,1.49670905,0.52192819
98.0600,0.49908775,2.86457790,0.59772380,0.49700987,1.49670935,0.52192816
98.0700,0.49908767,2.86457830,0.59772420,0.49700989,1.49670965,0.52192812
98.0800,0.49908760,2.86457869,0.59772459,0.49700991,1.49670995,0.52192809
98.0900,0.49908752,2.86457909,0.59772499,0.49700993,1.49671025,0.52192806
98.1000,0.49908745,2.86457948,0.59772538,0.49700995,1.49671055,0.52192803
98.1100,0.49908737,2.86457988,0.59772578,0.49700997,1.49671085,0.52192800
98.1200,0.49908729,2.86458027,0.59772617,0.49700999,1.49671115,0.52192797
98.1300,0.49908722,2.86458066,0.59772657,0.49701001,1.49671145,0.52192794
98.1400,0.49908714,2.86458106,0.59772696,0.49701003,1.49671175,0.52192790
98.1500,0.49908707,2.86458145,0.59772735,0.49701005,1.49671205,0.52192787
98.1600,0.49908699,2.86458184,0.59772775,0.49701007,1.49671234,0.52192784
98.1700,0.49908692,2.86458224,0.59772814,0.49701008,1.49671264,0.52192781
98.1800,0.49908684,2.86458263,0.59772853,0.49701010,1.49671294,0.52192778
98.1900,0.49908677,2.86458302,0.59772892,0.49701012,1.49671324,0.52192775
98.2000,0.49908669,2.86458341,0.59772932,0.49701014,1.49671353,0.52192772
98.2100,0.49908662,2.86458380,0.59772971,0.49701016,1.49671383,0.52192769
98.2200,0.49908655,2.86458419,0.59773010,0.49701018,1.49671412,0.52192766
98.2300,0.49908647,2.86458458,0.59773049,0.49701020,1.49671442,0.52192763
98.2400,0.49908640,2.86458497,0.59773088,0.49701022,1.49671472,0.52192759
98.2500,0.49908632,2.86458536,0.59773127,0.49701024,1.49671501,0.52192756
98.2600,0.49908625,2.86458575,0.59773166,0.49701026,1.49671531,0.52192753
98.2700,0.49908617,2.86458614,0.59773205,0.49701027,1.49671560,0.52192750
98.2800,0.49908610,2.86458653,0.59773244,0.49701029,1.49671590,0.52192747
98.2900,0.49908602,2.86458692,0.59773283,0.49701031,1.49671619,0.52192744
98.3000,0.49908595,2.86458731,0.59773322,0.49701033,1.49671648,0.52192741
98.3100,0.49908588,2.86458770,0.59773361,0.49701035,1.49671678,0.52192738
98.3200,0.49908580,2.86458809,0.59773399,0.49701037,1.49671707,0.52192735
98.3300,0.49908573,2.86458847,0.59773438,0.49701039,1.49671736,0.52192732
98.3400,0.49908565,2.86458886,0.59773477,0.49701041,1.49671766,0.52192729
98.3500,0.49908558,2.86458925,0.59773516,0.49701043,1.49671795,0.52192726
98.3600,0.49908551,2.86458964,0.59773554,0.49701044,1.49671824,0.52192723
98.3700,0.49908543,2.86459002,0.59773593,0.49701046,1.49671853,0.52192720
98.3800,0.49908536,2.86459041,0.59773632,0.49701048,1.49671883,0.52192717
98.3900,0.49908529,2.86459079,0.59773670,0.49701050,1.49671912,0.52192714
98.4000,0.49908521,2.86459118,0.59773709,0.49701052,1.49671941,0.52192711
98.4100,0.49908514,2.86459156,0.59773748,0.49701054,1.49671970,0.52192708
98.4200,0.49908506,2.86459195,0.59773786,0.49701056,1.49671999,0.52192705
98.4300,0.49908499,2.86459233,0.59773825,0.49701058,1.49672028,0.52192702
98.4400,0.49908492,2.86459272,0.59773863,0.49701059,1.49672057,0.52192699
98.4500,0.49908484,2.86459310,0.59773901,0.49701061,1.49672086,0.52192696
98.4600,0.49908477,2.86459348,0.59773940,0.49701063,1.49672115,0.52192693
98.4700,0.49908470,2.86459387,0.59773978,0.49701065,1.49672144,0.52192690
98.4800,0.49908463,2.86459425,0.59774017,0.49701067,1.49672173,0.52192687
98.4900,0.49908455,2.86459463,0.59774055,0.49701069,1.49672202,0.52192684
98.5000,0.49908448,2.86459502,0.59774093,0.49701070,1.49672231,0.52192681
98.5100,0.49908441,2.86459540,0.59774131,0.49701072,1.49672259,0.52192678
98.5200,0.49908433,2.86459578,0.59774170,0.49701074,1.49672288,0.52192675
98.5300,0.49908426,2.86459616,0.59774208,0.49701076,1.49672317,0.52192672
98.5400,0.49908419,2.86459654,0.59774246,0.49701078,1.49672346,0.52192669
98.5500,0.49908412,2.86459692,0.59774284,0.49701080,1.49672375,0.52192666
98.5600,0.49908404,2.86459730,0.59774322,0.49701082,1.49672403,0.52192663
98.5700,0.49908397,2.86459768,0.59774360,0.49701083,1.49672432,0.52192660
98.5800,0.49908390,2.86459806,0.59774398,0.49701085,1.49672461,0.52192657
98.5900,0.49908383,2.86459844,0.59774436,0.49701087,1.49672489,0.52192654
98.6000,0.49908375,2.86459882,0.59774474,0.49701089,1.49672518,0.52192651
98.6100,0.49908368,2.86459920,0.59774512,0.49701091,1.49672546,0.52192648
98.6200,0.49908361,2.86459958,0.59774550,0.49701092,1.49672575,0.52192645
98.6300,0.49908354,2.86459996,0.59774588,0.49701094,1.49672603,0.52192642
98.6400,0.49908346,2.86460034,0.59774626,0.49701096,1.49672632,0.52192639
98.6500,0.49908339,2.86460071,0.59774664,0.49701098,1.49672660,0.52192636
98.6600,0.49908332,2.86460109,0.59774702,0.49701100,1.49672689,0.52192633
98.6700,0.49908325,2.86460147,0.59774740,0.49701102,1.49672717,0.52192630
98.6800,0.49908318,2.86460185,0.59774777,0.49701103,1.49672745,0.52192628
98.6900,0.49908310,2.86460222,0.59774815,0.49701105,1.49672774,0.52192625
98.7000,0.49908303,2.86460260,0.59774853,0.49701107,1.49672802,0.52192622
98.7100,0.49908296,2.86460298,0.59774890,0.49701109,1.49672830,0.52192619
98.7200,0.49908289,2.86460335,0.59774928,0.49701111,1.49672859,0.52192616
98.7300,0.49908282,2.86460373,0.59774966,0.49701112,1.49672887,0.52192613
98.7400,0.49908275,2.86460410,0.59775003,0.49701114,1.49672915,0.52192610
98.7500,0.49908267,2.86460448,0.59775041,0.49701116,1.49672943,0.52192607
98.7600,0.49908260,2.86460485,0.59775078,0.49701118,1.49672971,0.52192604
98.7700,0.49908253,2.86460522,0.59775116,0.49701120,1.49673000,0.52192601
98.7800,0.49908246,2.86460560,0.59775153,0.49701121,1.49673028,0.52192599
98.7900,0.49908239,2.86460597,0.59775191,0.49701123,1.49673056,0.52192596
98.8000,0.49908232,2.86460635,0.59775228,0.49701125,1.49673084,0.52192593
98.8100,0.49908225,2.86460672,0.59775265,0.49701127,1.49673112,0.52192590
98.8200,0.49908217,2.86460709,0.59775303,0.49701129,1.49673140,0.52192587
98.8300,0.49908210,2.86460746,0.59775340,0.49701130,1.49673168,0.52192584
98.8400,0.49908203,2.86460784,0.59775377,0.49701132,1.49673196,0.52192581
98.8500,0.49908196,2.86460821,0.59775415,0.49701134,1.49673224,0.52192579
98.8600,0.49908189,2.86460858,0.59775452,0.49701136,1.49673252,0.52192576
98.8700,0.49908182,2.86460895,0.59775489,0.49701137,1.49673279,0.52192573
98.8800,0.49908175,2.86460932,0.59775526,0.49701139,1.49673307,0.52192570
98.8900,0.49908168,2.86460969,0.59775563,0.49701141,1.49673335,0.52192567
98.9000,0.49908161,2.86461006,0.59775601,0.49701143,1.49673363,0.52192564
98.9100,0.49908154,2.86461043,0.59775638,0.49701144,1.49673391,0.52192561
98.9200,0.49908147,2.86461080,0.59775675,0.49701146,1.49673418,0.52192559
98.9300,0.49908140,2.86461117,0.59775712,0.49701148,1.49673446,0.52192556
98.9400,0.49908133,2.86461154,0.59775749,0.49701150,1.49673474,0.52192553
98.9500,0.49908126,2.86461191,0.59775786,0.49701152,1.49673501,0.52192550
98.9600,0.49908118,2.86461228,0.59775823,0.49701153,1.49673529,0.52192547
98.9700,0.49908111,2.86461265,0.59775860,0.49701155,1.49673557,0.52192545
98.9800,0.49908104,2.86461301,0.59775896,0.49701157,1.49673584,0.52192542
98.9900,0.49908097,2.86461338,0.59775933,0.49701159,1.49673612,0.52192539
99.0000,0.49908090,2.86461375,0.59775970,0.49701160,1.49673639,0.52192536
99.0100,0.49908083,2.86461412,0.59776007,0.49701162,1.49673667,0.52192533
99.0200,0.49908076,2.86461448,0.59776044,0.49701164,1.49673694,0.52192531
99.0300,0.49908069,2.86461485,0.59776080,0.49701165,1.49673722,0.52192528
99.0400,0.49908062,2.86461522,0.59776117,0.49701167,1.49673749,0.52192525
99.0500,0.49908055,2.86461558,0.59776154,0.49701169,1.49673777,0.52192522
99.0600,0.49908048,2.86461595,0.59776191,0.49701171,1.49673804,0.52192519
99.0700,0.49908041,2.86461631,0.59776227,0.49701172,1.49673831,0.52192517
99.0800,0.49908035,2.86461668,0.59776264,0.49701174,1.49673859,0.52192514
99.0900,0.49908028,2.86461704,0.59776300,0.49701176,1.49673886,0.52192511
99.1000,0.49908021,2.86461741,0.59776337,0.49701178,1.49673913,0.52192508
99.1100,0.49908014,2.86461777,0.59776373,0.49701179,1.49673941,0.52192506
99.1200,0.49908007,2.86461813,0.59776410,0.49701181,1.49673968,0.52192503
99.1300,0.49908000,2.86461850,0.59776446,0.49701183,1.49673995,0.52192500
99.1400,0.49907993,2.86461886,0.59776483,0.49701185,1.49674022,0.52192497
99.1500,0.49907986,2.86461922,0.59776519,0.49701186,1.49674049,0.52192495
99.1600,0.49907979,2.86461959,0.59776556,0.49701188,1.49674076,0.52192492
99.1700,0.49907972,2.86461995,0.59776592,0.49701190,1.49674104,0.52192489
99.1800,0.49907965,2.86462031,0.59776628,0.49701191,1.49674131,0.52192486
99.1900,0.49907958,2.86462067,0.59776665,0.49701193,1.49674158,0.52192484
99.2000,0.49907951,2.86462104,0.59776701,0.49701195,1.49674185,0.52192481
99.2100,0.49907944,2.86462140,0.59776737,0.49701197,1.49674212,0.52192478
99.2200,0.49907938,2.86462176,0.59776773,0.49701198,1.49674239,0.52192475
99.2300,0.49907931,2.86462212,0.59776809,0.49701200,1.49674266,0.52192473
99.2400,0.49907924,2.86462248,0.59776846,0.49701202,1.49674293,0.52192470
99.2500,0.49907917,2.86462284,0.59776882,0.49701203,1.49674319,0.52192467
99.2600,0.49907910,2.86462320,0.59776918,0.49701205,1.49674346,0.52192465
99.2700,0.49907903,2.86462356,0.59776954,0.49701207,1.49674373,0.52192462
99.2800,0.49907896,2.86462392,0.59776990,0.49701208,1.49674400,0.52192459
99.2900,0.49907890,2.86462428,0.59777026,0.49701210,1.49674427,0.52192457
99.3000,0.49907883,2.86462464,0.59777062,0.49701212,1.49674454,0.52192454
99.3100,0.49907876,2.86462499,0.59777098,0.49701213,1.49674480,0.52192451
99.3200,0.49907869,2.86462535,0.59777134,0.49701215,1.49674507,0.52192448
99.3300,0.49907862,2.86462571,0.59777170,0.49701217,1.49674534,0.52192446
99.3400,0.49907855,2.86462607,0.59777206,0.49701219,1.49674560,0.52192443
99.3500,0.49907849,2.86462642,0.59777241,0.49701220,1.49674587,0.52192440
99.3600,0.49907842,2.86462678,0.59777277,0.49701222,1.49674614,0.52192438
99.3700,0.49907835,2.86462714,0.59777313,0.49701224,1.49674640,0.52192435
99.3800,0.49907828,2.86462749,0.59777349,0.49701225,1.49674667,0.52192432
99.3900,0.49907821,2.86462785,0.59777384,0.49701227,1.49674693,0.52192430
99.4000,0.49907815,2.86462821,0.59777420,0.49701229,1.49674720,0.52192427
99.4100,0.49907808,2.86462856,0.59777456,0.49701230,1.49674746,0.52192424
99.4200,0.49907801,2.86462892,0.59777492,0.49701232,1.49674773,0.52192422
99.4300,0.49907794,2.86462927,0.59777527,0.49701234,1.49674799,0.52192419
99.4400,0.49907787,2.86462963,0.59777563,0.49701235,1.49674826,0.52192417
99.4500,0.49907781,2.86462998,0.59777598,0.49701237,1.49674852,0.52192414
99.4600,0.49907774,2.86463034,0.59777634,0.49701239,1.49674878,0.52192411
99.4700,0.49907767,2.86463069,0.59777669,0.49701240,1.49674905,0.52192409
99.4800,0.49907760,2.86463104,0.59777705,0.49701242,1.49674931,0.52192406
99.4900,0.49907754,2.86463140,0.59777740,0.49701244,1.49674957,0.52192403
99.5000,0.49907747,2.86463175,0.59777776,0.49701245,1.49674984,0.52192401
99.5100,0.49907740,2.86463210,0.59777811,0.49701247,1.49675010,0.52192398
99.5200,0.49907734,2.86463245,0.59777847,0.49701248,1.49675036,0.52192395
99.5300,0.49907727,2.86463281,0.59777882,0.49701250,1.49675062,0.52192393
99.5400,0.49907720,2.86463316,0.59777917,0.49701252,1.49675089,0.52192390
99.5500,0.49907713,2.86463351,0.59777952,0.49701253,1.49675115,0.52192388
99.5600,0.49907707,2.86463386,0.59777988,0.49701255,1.49675141,0.52192385
99.5700,0.49907700,2.86463421,0.59778023,0.49701257,1.49675167,0.52192382
99.5800,0.49907693,2.86463456,0.59778058,0.49701258,1.49675193,0.52192380
99.5900,0.49907687,2.86463491,0.59778093,0.49701260,1.49675219,0.52192377
99.6000,0.49907680,2.86463526,0.59778129,0.49701262,1.49675245,0.52192375
99.6100,0.49907673,2.86463561,0.59778164,0.49701263,1.49675271,0.52192372
99.6200,0.49907667,2.86463596,0.59778199,0.49701265,1.49675297,0.52192370
99.6300,0.49907660,2.86463631,0.59778234,0.49701267,1.49675323,0.52192367
99.6400,0.49907653,2.86463666,0.59778269,0.49701268,1.49675349,0.52192364
99.6500,0.49907647,2.86463701,0.59778304,0.49701270,1.49675375,0.52192362
99.6600,0.49907640,2.86463736,0.59778339,0.49701271,1.49675401,0.52192359
99.6700,0.49907633,2.86463771,0.59778374,0.49701273,1.49675427,0.52192357
99.6800,0.49907627,2.86463805,0.59778409,0.49701275,1.49675452,0.52192354
99.6900,0.49907620,2.86463840,0.59778444,0.49701276,1.49675478,0.52192352
99.7000,0.49907613,2.86463875,0.59778479,0.49701278,1.49675504,0.52192349
99.7100,0.49907607,2.86463910,0.59778513,0.49701279,1.49675530,0.52192346
99.7200,0.49907600,2.86463944,0.59778548,0.49701281,1.49675556,0.52192344
99.7300,0.49907594,2.86463979,0.59778583,0.49701283,1.49675581,0.52192341
99.7400,0.49907587,2.86464014,0.59778618,0.49701284,1.49675607,0.52192339
99.7500,0.49907580,2.86464048,0.59778653,0.49701286,1.49675633,0.52192336
99.7600,0.49907574,2.86464083,0.59778687,0.49701288,1.49675658,0.52192334
99.7700,0.49907567,2.86464117,0.59778722,0.49701289,1.49675684,0.52192331
99.7800,0.49907561,2.86464152,0.59778757,0.49701291,1.49675709,0.52192329
99.7900,0.49907554,2.86464186,0.59778791,0.49701292,1.49675735,0.52192326
99.8000,0.49907547,2.86464221,0.59778826,0.49701294,1.49675761,0.52192324
99.8100,0.49907541,2.86464255,0.59778860,0.49701296,1.49675786,0.52192321
99.8200,0.49907534,2.86464290,0.59778895,0.49701297,1.49675812,0.52192319
99.8300,0.49907528,2.86464324,0.59778930,0.49701299,1.49675837,0.52192316
99.8400,0.49907521,2.86464358,0.59778964,0.49701300,1.49675863,0.52192314
99.8500,0.49907515,2.86464393,0.59778999,0.49701302,1.49675888,0.52192311
99.8600,0.49907508,2.86464427,0.59779033,0.49701303,1.49675913,0.52192309
99.8700,0.49907502,2.86464461,0.59779067,0.49701305,1.49675939,0.52192306
99.8800,0.49907495,2.86464496,0.59779102,0.49701307,1.49675964,0.52192304
99.8900,0.49907488,2.86464530,0.59779136,0.49701308,1.49675989,0.52192301
99.9000,0.49907482,2.86464564,0.59779171,0.49701310,1.49676015,0.52192299
99.9100,0.49907475,2.86464598,0.59779205,0.49701311,1.49676040,0.52192296
99.9200,0.49907469,2.86464632,0.59779239,0.49701313,1.49676065,0.52192294
99.9300,0.49907462,2.86464666,0.59779273,0.49701315,1.49676091,0.52192291
99.9400,0.49907456,2.86464700,0.59779308,0.49701316,1.49676116,0.52192289
99.9500,0.49907449,2.86464734,0.59779342,0.49701318,1.49676141,0.52192286
99.9600,0.49907443,2.86464768,0.59779376,0.49701319,1.49676166,0.52192284
99.9700,0.49907436,2.86464802,0.59779410,0.49701321,1.49676191,0.52192281
99.9800,0.49907430,2.86464836,0.59779444,0.49701322,1.49676216,0.52192279
99.9900,0.49907424,2.86464870,0.59779478,0.49701324,1.49676241,0.52192276
100.0000,0.49907417,2.86464904,0.59779513,0.49701326,1.49676267,0.52192274
