time,y_hif,y_o2,y_p300,y_p53,y_casp,y_kp
0.0000,1.00000000,0.00000000,0.00000000,0.00000000,0.00000000,0.00000000
0.0100,1.01511611,0.01790115,0.00059939,0.00049975,0.00099975,0.00001793
0.0200,1.03006234,0.03560289,0.00119756,0.00099900,0.00199900,0.00007145
0.0300,1.04483568,0.05310278,0.00179445,0.00149775,0.00299775,0.00016013
0.0400,1.05943332,0.07039856,0.00239004,0.00199601,0.00399600,0.00028355
0.0500,1.07385261,0.08748817,0.00298431,0.00249376,0.00499375,0.00044128
0.0600,1.08809113,0.10436974,0.00357722,0.00299102,0.00599100,0.00063288
0.0700,1.10214661,0.12104158,0.00416873,0.00348778,0.00698775,0.00085793
0.0800,1.11601698,0.13750218,0.00475883,0.00398404,0.00798400,0.00111596
0.0900,1.12970033,0.15375022,0.00534748,0.00447981,0.00897975,0.00140654
0.1000,1.14319497,0.16978454,0.00593465,0.00497508,0.00997500,0.00172923
0.1100,1.15649934,0.18560418,0.00652033,0.00546986,0.01096975,0.00208356
0.1200,1.16961210,0.20120833,0.00710448,0.00596414,0.01196400,0.00246909
0.1300,1.18253203,0.21659636,0.00768708,0.00645793,0.01295775,0.00288536
0.1400,1.19525813,0.23176779,0.00826811,0.00695123,0.01395100,0.00333191
0.1500,1.20778952,0.24672234,0.00884755,0.00744403,0.01494375,0.00380830
0.1600,1.22012551,0.26145983,0.00942536,0.00793634,0.01593600,0.00431405
0.1700,1.23226555,0.27598027,0.01000154,0.00842815,0.01692775,0.00484871
0.1800,1.24420925,0.29028382,0.01057605,0.00891948,0.01791900,0.00541182
0.1900,1.25595636,0.30437077,0.01114889,0.00941031,0.01890975,0.00600292
0.2000,1.26750679,0.31824154,0.01172004,0.00990066,0.01990000,0.00662155
0.2100,1.27886057,0.33189671,0.01228946,0.01039051,0.02088975,0.00726727
0.2200,1.29001788,0.34533698,0.01285716,0.01087987,0.02187900,0.00793960
0.2300,1.30097902,0.35856317,0.01342311,0.01136875,0.02286776,0.00863809
0.2400,1.31174443,0.37157622,0.01398730,0.01185713,0.02385601,0.00936229
0.2500,1.32231465,0.38437719,0.01454971,0.01234503,0.02484376,0.01011176
0.2600,1.33269036,0.39696726,0.01511034,0.01283244,0.02583101,0.01088602
0.2700,1.34287233,0.40934769,0.01566916,0.01331936,0.02681776,0.01168465
0.2800,1.35286147,0.42151988,0.01622616,0.01380580,0.02780401,0.01250720
0.2900,1.36265875,0.43348529,0.01678134,0.01429174,0.02878976,0.01335321
0.3000,1.37226527,0.44524548,0.01733468,0.01477721,0.02977502,0.01422226
0.3100,1.38168220,0.45680211,0.01788618,0.01526219,0.03075977,0.01511390
0.3200,1.39091083,0.46815692,0.01843582,0.01574668,0.03174402,0.01602770
0.3300,1.39995250,0.47931171,0.01898360,0.01623069,0.03272777,0.01696323
0.3400,1.40880866,0.49026837,0.01952951,0.01671421,0.03371103,0.01792007
0.3500,1.41748081,0.50102885,0.02007354,0.01719725,0.03469378,0.01889779
0.3600,1.42597053,0.51159517,0.02061569,0.01767981,0.03567603,0.01989597
0.3700,1.43427947,0.52196941,0.02115594,0.01816188,0.03665779,0.02091420
0.3800,1.44240935,0.53215369,0.02169430,0.01864348,0.03763904,0.02195206
0.3900,1.45036192,0.54215020,0.02223076,0.01912459,0.03861980,0.02300916
0.4000,1.45813902,0.55196116,0.02276532,0.01960522,0.03960005,0.02408508
0.4100,1.46574250,0.56158884,0.02329797,0.02008537,0.04057981,0.02517943
0.4200,1.47317430,0.57103557,0.02382872,0.02056504,0.04155906,0.02629182
0.4300,1.48043638,0.58030368,0.02435755,0.02104423,0.04253782,0.02742185
0.4400,1.48753072,0.58939554,0.02488447,0.02152294,0.04351608,0.02856915
0.4500,1.49445938,0.59831357,0.02540947,0.02200117,0.04449383,0.02973334
0.4600,1.50122441,0.60706020,0.02593256,0.02247893,0.04547109,0.03091403
0.4700,1.50782791,0.61563787,0.02645374,0.02295620,0.04644785,0.03211086
0.4800,1.51427201,0.62404906,0.02697300,0.02343300,0.04742411,0.03332347
0.4900,1.52055884,0.63229624,0.02749035,0.02390933,0.04839987,0.03455149
0.5000,1.52669056,0.64038192,0.02800578,0.02438517,0.04937513,0.03579457
0.5100,1.53266937,0.64830861,0.02851931,0.02486054,0.05034989,0.03705237
0.5200,1.53849744,0.65607880,0.02903093,0.02533544,0.05132415,0.03832452
0.5300,1.54417699,0.66369503,0.02954064,0.02580986,0.05229791,0.03961071
0.5400,1.54971022,0.67115980,0.03004845,0.02628380,0.05327117,0.04091058
0.5500,1.55509936,0.67847563,0.03055436,0.02675727,0.05424393,0.04222381
0.5600,1.56034661,0.68564505,0.03105837,0.02723027,0.05521620,0.04355009
0.5700,1.56545422,0.69267054,0.03156050,0.02770280,0.05618796,0.04488907
0.5800,1.57042439,0.69955463,0.03206073,0.02817485,0.05715923,0.04624046
0.5900,1.57525935,0.70629979,0.03255908,0.02864643,0.05812999,0.04760395
0.6000,1.57996132,0.71290851,0.03305556,0.02911754,0.05910026,0.04897922
0.6100,1.58453249,0.71938326,0.03355016,0.02958817,0.06007003,0.05036598
0.6200,1.58897509,0.72572649,0.03404290,0.03005834,0.06103930,0.05176393
0.6300,1.59329128,0.73194064,0.03453377,0.03052804,0.06200807,0.05317279
0.6400,1.59748326,0.73802812,0.03502279,0.03099726,0.06297634,0.05459227
0.6500,1.60155318,0.74399134,0.03550996,0.03146602,0.06394411,0.05602208
0.6600,1.60550321,0.74983268,0.03599528,0.03193431,0.06491138,0.05746197
0.6700,1.60933548,0.75555449,0.03647877,0.03240213,0.06587815,0.05891164
0.6800,1.61305212,0.76115913,0.03696044,0.03286948,0.06684443,0.06037085
0.6900,1.61665522,0.76664889,0.03744028,0.03333637,0.06781020,0.06183933
0.7000,1.62014686,0.77202608,0.03791830,0.03380278,0.06877548,0.06331682
0.7100,1.62352913,0.77729295,0.03839452,0.03426874,0.06974026,0.06480307
0.7200,1.62680406,0.78245175,0.03886894,0.03473422,0.07070454,0.06629783
0.7300,1.62997367,0.78750468,0.03934157,0.03519924,0.07166832,0.06780087
0.7400,1.63303997,0.79245394,0.03981241,0.03566380,0.07263160,0.06931194
0.7500,1.63600494,0.79730168,0.04028148,0.03612788,0.07359438,0.07083082
0.7600,1.63887053,0.80205003,0.04074878,0.03659151,0.07455667,0.07235726
0.7700,1.64163868,0.80670109,0.04121432,0.03705467,0.07551845,0.07389106
0.7800,1.64431129,0.81125694,0.04167812,0.03751737,0.07647974,0.07543198
0.7900,1.64689025,0.81571961,0.04214017,0.03797961,0.07744053,0.07697982
0.8000,1.64937741,0.82009112,0.04260049,0.03844138,0.07840082,0.07853435
0.8100,1.65177462,0.82437344,0.04305908,0.03890269,0.07936061,0.08009538
0.8200,1.65408367,0.82856854,0.04351596,0.03936354,0.08031990,0.08166269
0.8300,1.65630636,0.83267833,0.04397113,0.03982393,0.08127870,0.08323610
0.8400,1.65844442,0.83670470,0.04442461,0.04028386,0.08223699,0.08481539
0.8500,1.66049960,0.84064952,0.04487640,0.04074333,0.08319479,0.08640039
0.8600,1.66247359,0.84451461,0.04532651,0.04120234,0.08415209,0.08799089
0.8700,1.66436807,0.84830177,0.04577495,0.04166088,0.08510889,0.08958673
0.8800,1.66618468,0.85201278,0.04622173,0.04211898,0.08606519,0.09118771
0.8900,1.66792506,0.85564936,0.04666686,0.04257661,0.08702100,0.09279366
0.9000,1.66959080,0.85921323,0.04711034,0.04303378,0.08797630,0.09440441
0.9100,1.67118346,0.86270606,0.04755220,0.04349050,0.08893111,0.09601978
0.9200,1.67270458,0.86612950,0.04799243,0.04394676,0.08988542,0.09763961
0.9300,1.67415569,0.86948517,0.04843105,0.04440256,0.09083924,0.09926373
0.9400,1.67553827,0.87277465,0.04886807,0.04485791,0.09179255,0.10089199
0.9500,1.67685379,0.87599949,0.04930349,0.04531280,0.09274537,0.10252423
0.9600,1.67810367,0.87916124,0.04973733,0.04576724,0.09369768,0.10416030
0.9700,1.67928934,0.88226137,0.05016959,0.04622123,0.09464951,0.10580003
0.9800,1.68041217,0.88530137,0.05060029,0.04667475,0.09560083,0.10744330
0.9900,1.68147353,0.88828268,0.05102943,0.04712783,0.09655165,0.10908994
1.0000,1.68247474,0.89120670,0.05145702,0.04758045,0.09750198,0.11073983
1.0100,1.68341713,0.89407482,0.05188308,0.04803262,0.09845181,0.11239282
1.0200,1.68430196,0.89688839,0.05230761,0.04848434,0.09940114,0.11404878
1.0300,1.68513051,0.89964875,0.05273063,0.04893560,0.10034998,0.11570757
1.0400,1.68590400,0.90235720,0.05315213,0.04938641,0.10129831,0.11736907
1.0500,1.68662364,0.90501501,0.05357214,0.04983677,0.10224615,0.11903314
1.0600,1.68729063,0.90762342,0.05399066,0.05028669,0.10319349,0.12069966
1.0700,1.68790612,0.91018367,0.05440770,0.05073615,0.10414034,0.12236852
1.0800,1.68847125,0.91269694,0.05482327,0.05118516,0.10508669,0.12403958
1.0900,1.68898715,0.91516441,0.05523737,0.05163372,0.10603254,0.12571274
1.1000,1.68945489,0.91758722,0.05565003,0.05208183,0.10697789,0.12738787
1.1100,1.68987557,0.91996650,0.05606125,0.05252950,0.10792274,0.12906487
1.1200,1.69025022,0.92230335,0.05647103,0.05297672,0.10886710,0.13074363
1.1300,1.69057987,0.92459882,0.05687939,0.05342349,0.10981096,0.13242404
1.1400,1.69086553,0.92685399,0.05728634,0.05386981,0.11075433,0.13410599
1.1500,1.69110819,0.92906986,0.05769188,0.05431568,0.11169719,0.13578937
1.1600,1.69130881,0.93124745,0.05809602,0.05476111,0.11263956,0.13747410
1.1700,1.69146833,0.93338774,0.05849878,0.05520610,0.11358144,0.13916007
1.1800,1.69158768,0.93549169,0.05890017,0.05565064,0.11452281,0.14084718
1.1900,1.69166777,0.93756023,0.05930018,0.05609473,0.11546369,0.14253533
1.2000,1.69170947,0.93959429,0.05969884,0.05653838,0.11640408,0.14422444
1.2100,1.69171366,0.94159475,0.06009614,0.05698159,0.11734396,0.14591442
1.2200,1.69168118,0.94356250,0.06049211,0.05742435,0.11828335,0.14760517
1.2300,1.69161286,0.94549839,0.06088674,0.05786667,0.11922224,0.14929661
1.2400,1.69150952,0.94740326,0.06128006,0.05830855,0.12016064,0.15098864
1.2500,1.69137194,0.94927792,0.06167205,0.05874998,0.12109854,0.15268120
1.2600,1.69120090,0.95112318,0.06206274,0.05919097,0.12203594,0.15437419
1.2700,1.69099717,0.95293980,0.06245214,0.05963153,0.12297285,0.15606754
1.2800,1.69076147,0.95472856,0.06284025,0.06007164,0.12390926,0.15776117
1.2900,1.69049455,0.95649020,0.06322708,0.06051131,0.12484517,0.15945500
1.3000,1.69019711,0.95822543,0.06361263,0.06095054,0.12578059,0.16114895
1.3100,1.68986983,0.95993498,0.06399693,0.06138933,0.12671551,0.16284296
1.3200,1.68951341,0.96161953,0.06437997,0.06182768,0.12764994,0.16453694
1.3300,1.68912850,0.96327977,0.06476177,0.06226559,0.12858387,0.16623083
1.3400,1.68871576,0.96491634,0.06514233,0.06270307,0.12951730,0.16792456
1.3500,1.68827581,0.96652989,0.06552166,0.06314011,0.13045024,0.16961806
1.3600,1.68780927,0.96812106,0.06589978,0.06357671,0.13138268,0.17131127
1.3700,1.68731676,0.96969045,0.06627668,0.06401287,0.13231463,0.17300411
1.3800,1.68679886,0.97123866,0.06665237,0.06444860,0.13324608,0.17469653
1.3900,1.68625615,0.97276628,0.06702688,0.06488389,0.13417703,0.17638846
1.4000,1.68568920,0.97427389,0.06740019,0.06531874,0.13510749,0.17807984
1.4100,1.68509856,0.97576202,0.06777233,0.06575316,0.13603746,0.17977062
1.4200,1.68448476,0.97723123,0.06814329,0.06618715,0.13696693,0.18146072
1.4300,1.68384835,0.97868206,0.06851310,0.06662070,0.13789590,0.18315010
1.4400,1.68318982,0.98011500,0.06888174,0.06705381,0.13882437,0.18483870
1.4500,1.68250970,0.98153057,0.06924924,0.06748650,0.13975236,0.18652647
1.4600,1.68180846,0.98292927,0.06961560,0.06791875,0.14067984,0.18821334
1.4700,1.68108659,0.98431156,0.06998083,0.06835057,0.14160683,0.18989926
1.4800,1.68034456,0.98567792,0.07034493,0.06878195,0.14253333,0.19158419
1.4900,1.67958283,0.98702880,0.07070792,0.06921290,0.14345933,0.19326807
1.5000,1.67880185,0.98836465,0.07106980,0.06964343,0.14438484,0.19495086
1.5100,1.67800205,0.98968590,0.07143058,0.07007352,0.14530985,0.19663249
1.5200,1.67718387,0.99099298,0.07179026,0.07050318,0.14623436,0.19831294
1.5300,1.67634772,0.99228629,0.07214885,0.07093241,0.14715839,0.19999213
1.5400,1.67549401,0.99356625,0.07250637,0.07136121,0.14808191,0.20167005
1.5500,1.67462314,0.99483323,0.07286282,0.07178959,0.14900495,0.20334662
1.5600,1.67373550,0.99608764,0.07321820,0.07221753,0.14992748,0.20502182
1.5700,1.67283148,0.99732983,0.07357252,0.07264505,0.15084953,0.20669560
1.5800,1.67191144,0.99856017,0.07392580,0.07307213,0.15177107,0.20836791
1.5900,1.67097575,0.99977902,0.07427803,0.07349879,0.15269213,0.21003872
1.6000,1.67002477,1.00098672,0.07462922,0.07392503,0.15361269,0.21170798
1.6100,1.66905884,1.00218360,0.07497939,0.07435083,0.15453275,0.21337565
1.6200,1.66807830,1.00337001,0.07532853,0.07477621,0.15545232,0.21504170
1.6300,1.66708348,1.00454625,0.07567666,0.07520117,0.15637140,0.21670607
1.6400,1.66607471,1.00571264,0.07602378,0.07562570,0.15728998,0.21836875
1.6500,1.66505230,1.00686948,0.07636991,0.07604980,0.15820807,0.22002968
1.6600,1.66401657,1.00801707,0.07671503,0.07647348,0.15912567,0.22168884
1.6700,1.66296781,1.00915570,0.07705917,0.07689674,0.16004277,0.22334618
1.6800,1.66190632,1.01028565,0.07740233,0.07731957,0.16095937,0.22500167
1.6900,1.66083239,1.01140719,0.07774451,0.07774198,0.16187549,0.22665528
1.7000,1.65974630,1.01252059,0.07808573,0.07816397,0.16279111,0.22830698
1.7100,1.65864833,1.01362611,0.07842598,0.07858553,0.16370623,0.22995672
1.7200,1.65753874,1.01472401,0.07876528,0.07900667,0.16462087,0.23160448
1.7300,1.65641780,1.01581452,0.07910363,0.07942739,0.16553500,0.23325022
1.7400,1.65528576,1.01689790,0.07944104,0.07984769,0.16644865,0.23489392
1.7500,1.65414288,1.01797438,0.07977752,0.08026757,0.16736180,0.23653554
1.7600,1.65298940,1.01904418,0.08011306,0.08068703,0.16827446,0.23817506
1.7700,1.65182556,1.02010753,0.08044769,0.08110607,0.16918663,0.23981243
1.7800,1.65065160,1.02116465,0.08078139,0.08152468,0.17009830,0.24144764
1.7900,1.64946774,1.02221575,0.08111419,0.08194289,0.17100948,0.24308066
1.8000,1.64827421,1.02326102,0.08144608,0.08236067,0.17192017,0.24471145
1.8100,1.64707122,1.02430068,0.08177707,0.08277803,0.17283036,0.24633999
1.8200,1.64585900,1.02533492,0.08210718,0.08319498,0.17374006,0.24796625
1.8300,1.64463774,1.02636393,0.08243639,0.08361150,0.17464927,0.24959021
1.8400,1.64340766,1.02738790,0.08276473,0.08402761,0.17555799,0.25121184
1.8500,1.64216895,1.02840700,0.08309219,0.08444331,0.17646621,0.25283111
1.8600,1.64092181,1.02942141,0.08341878,0.08485859,0.17737394,0.25444800
1.8700,1.63966643,1.03043130,0.08374452,0.08527345,0.17828118,0.25606248
1.8800,1.63840300,1.03143685,0.08406939,0.08568790,0.17918793,0.25767454
1.8900,1.63713169,1.03243820,0.08439342,0.08610193,0.18009418,0.25928414
1.9000,1.63585269,1.03343553,0.08471660,0.08651555,0.18099994,0.26089126
1.9100,1.63456617,1.03442898,0.08503894,0.08692875,0.18190521,0.26249588
1.9200,1.63327230,1.03541870,0.08536044,0.08734154,0.18280999,0.26409798
1.9300,1.63197125,1.03640484,0.08568112,0.08775392,0.18371427,0.26569754
1.9400,1.63066318,1.03738755,0.08600098,0.08816589,0.18461807,0.26729452
1.9500,1.62934825,1.03836696,0.08632002,0.08857744,0.18552137,0.26888892
1.9600,1.62802661,1.03934320,0.08663824,0.08898858,0.18642418,0.27048071
1.9700,1.62669843,1.04031642,0.08695567,0.08939931,0.18732650,0.27206987
1.9800,1.62536384,1.04128672,0.08727229,0.08980962,0.18822833,0.27365638
1.9900,1.62402300,1.04225425,0.08758811,0.09021953,0.18912966,0.27524021
2.0000,1.62267604,1.04321912,0.08790315,0.09062903,0.19003051,0.27682136
2.0100,1.62132311,1.04418145,0.08821740,0.09103811,0.19093086,0.27839980
2.0200,1.61996434,1.04514135,0.08853088,0.09144679,0.19183072,0.27997551
2.0300,1.61859987,1.04609893,0.08884358,0.09185506,0.19273009,0.28154847
2.0400,1.61722982,1.04705432,0.08915551,0.09226292,0.19362897,0.28311867
2.0500,1.61585433,1.04800760,0.08946667,0.09267037,0.19452736,0.28468609
2.0600,1.61447352,1.04895888,0.08977708,0.09307741,0.19542526,0.28625070
2.0700,1.61308751,1.04990827,0.09008674,0.09348405,0.19632266,0.28781250
2.0800,1.61169643,1.05085586,0.09039564,0.09389027,0.19721958,0.28937146
2.0900,1.61030038,1.05180175,0.09070381,0.09429610,0.19811600,0.29092757
2.1000,1.60889949,1.05274603,0.09101123,0.09470151,0.19901194,0.29248081
2.1100,1.60749387,1.05368878,0.09131793,0.09510652,0.19990738,0.29403116
2.1200,1.60608362,1.05463010,0.09162389,0.09551112,0.20080234,0.29557862
2.1300,1.60466886,1.05557008,0.09192913,0.09591532,0.20169680,0.29712316
2.1400,1.60324969,1.05650879,0.09223365,0.09631912,0.20259077,0.29866477
2.1500,1.60182622,1.05744631,0.09253746,0.09672251,0.20348426,0.30020343
2.1600,1.60039854,1.05838273,0.09284056,0.09712549,0.20437725,0.30173913
2.1700,1.59896675,1.05931812,0.09314295,0.09752808,0.20526975,0.30327186
2.1800,1.59753096,1.06025255,0.09344465,0.09793026,0.20616177,0.30480159
2.1900,1.59609126,1.06118610,0.09374565,0.09833203,0.20705329,0.30632832
2.2000,1.59464773,1.06211884,0.09404596,0.09873341,0.20794433,0.30785204
2.2100,1.59320048,1.06305083,0.09434558,0.09913438,0.20883487,0.30937272
2.2200,1.59174959,1.06398215,0.09464453,0.09953495,0.20972492,0.31089035
2.2300,1.59029514,1.06491285,0.09494280,0.09993512,0.21061449,0.31240493
2.2400,1.58883724,1.06584300,0.09524039,0.10033489,0.21150357,0.31391644
2.2500,1.58737595,1.06677266,0.09553732,0.10073426,0.21239215,0.31542486
2.2600,1.58591136,1.06770190,0.09583359,0.10113323,0.21328025,0.31693019
2.2700,1.58444355,1.06863076,0.09612919,0.10153180,0.21416786,0.31843240
2.2800,1.58297261,1.06955931,0.09642415,0.10192997,0.21505498,0.31993150
2.2900,1.58149860,1.07048759,0.09671845,0.10232775,0.21594161,0.32142747
2.3000,1.58002161,1.07141567,0.09701211,0.10272512,0.21682775,0.32292029
2.3100,1.57854171,1.07234359,0.09730513,0.10312210,0.21771340,0.32440995
2.3200,1.57705898,1.07327141,0.09759751,0.10351867,0.21859857,0.32589645
2.3300,1.57557348,1.07419917,0.09788926,0.10391486,0.21948324,0.32737977
2.3400,1.57408528,1.07512692,0.09818038,0.10431064,0.22036743,0.32885990
2.3500,1.57259446,1.07605471,0.09847088,0.10470603,0.22125113,0.33033683
2.3600,1.57110108,1.07698258,0.09876076,0.10510102,0.22213434,0.33181056
2.3700,1.56960522,1.07791057,0.09905002,0.10549562,0.22301706,0.33328106
2.3800,1.56810692,1.07883873,0.09933867,0.10588982,0.22389930,0.33474833
2.3900,1.56660627,1.07976710,0.09962672,0.10628363,0.22478104,0.33621236
2.4000,1.56510332,1.08069572,0.09991416,0.10667704,0.22566230,0.33767315
2.4100,1.56359813,1.08162463,0.10020100,0.10707006,0.22654307,0.33913067
2.4200,1.56209077,1.08255386,0.10048725,0.10746269,0.22742336,0.34058492
2.4300,1.56058129,1.08348345,0.10077291,0.10785492,0.22830315,0.34203590
2.4400,1.55906975,1.08441344,0.10105798,0.10824676,0.22918246,0.34348359
2.4500,1.55755621,1.08534387,0.10134246,0.10863821,0.23006128,0.34492798
2.4600,1.55604072,1.08627475,0.10162637,0.10902927,0.23093961,0.34636907
2.4700,1.55452335,1.08720614,0.10190970,0.10941993,0.23181746,0.34780684
2.4800,1.55300414,1.08813805,0.10219246,0.10981020,0.23269482,0.34924130
2.4900,1.55148316,1.08907052,0.10247466,0.11020009,0.23357169,0.35067242
2.5000,1.54996044,1.09000359,0.10275629,0.11058958,0.23444808,0.35210020
2.5100,1.54843604,1.09093727,0.10303736,0.11097868,0.23532397,0.35352464
2.5200,1.54691002,1.09187159,0.10331787,0.11136739,0.23619939,0.35494572
2.5300,1.54538242,1.09280660,0.10359784,0.11175571,0.23707431,0.35636345
2.5400,1.54385330,1.09374230,0.10387725,0.11214365,0.23794875,0.35777780
2.5500,1.54232269,1.09467872,0.10415612,0.11253119,0.23882270,0.35918878
2.5600,1.54079065,1.09561590,0.10443445,0.11291835,0.23969617,0.36059637
2.5700,1.53925722,1.09655385,0.10471224,0.11330512,0.24056914,0.36200057
2.5800,1.53772246,1.09749259,0.10498950,0.11369150,0.24144164,0.36340138
2.5900,1.53618639,1.09843216,0.10526622,0.11407750,0.24231364,0.36479878
2.6000,1.53464908,1.09937257,0.10554242,0.11446311,0.24318517,0.36619276
2.6100,1.53311056,1.10031384,0.10581810,0.11484833,0.24405620,0.36758333
2.6200,1.53157087,1.10125599,0.10609326,0.11523317,0.24492675,0.36897048
2.6300,1.53003006,1.10219905,0.10636790,0.11561762,0.24579681,0.37035420
2.6400,1.52848816,1.10314303,0.10664203,0.11600169,0.24666639,0.37173447
2.6500,1.52694522,1.10408795,0.10691565,0.11638537,0.24753548,0.37311131
2.6600,1.52540129,1.10503383,0.10718876,0.11676867,0.24840409,0.37448470
2.6700,1.52385639,1.10598068,0.10746138,0.11715158,0.24927221,0.37585463
2.6800,1.52231056,1.10692853,0.10773349,0.11753411,0.25013985,0.37722110
2.6900,1.52076385,1.10787739,0.10800511,0.11791626,0.25100700,0.37858411
2.7000,1.51921630,1.10882727,0.10827624,0.11829803,0.25187367,0.37994364
2.7100,1.51766793,1.10977819,0.10854687,0.11867941,0.25273985,0.38129970
2.7200,1.51611879,1.11073017,0.10881703,0.11906041,0.25360555,0.38265228
2.7300,1.51456891,1.11168321,0.10908670,0.11944103,0.25447076,0.38400137
2.7400,1.51301832,1.11263734,0.10935589,0.11982127,0.25533549,0.38534697
2.7500,1.51146707,1.11359257,0.10962461,0.12020113,0.25619973,0.38668907
2.7600,1.50991519,1.11454890,0.10989285,0.12058060,0.25706349,0.38802767
2.7700,1.50836270,1.11550635,0.11016063,0.12095970,0.25792677,0.38936277
2.7800,1.50680965,1.11646494,0.11042794,0.12133842,0.25878956,0.39069436
2.7900,1.50525606,1.11742467,0.11069478,0.12171676,0.25965186,0.39202243
2.8000,1.50370197,1.11838556,0.11096117,0.12209471,0.26051369,0.39334698
2.8100,1.50214741,1.11934761,0.11122710,0.12247230,0.26137503,0.39466801
2.8200,1.50059241,1.12031084,0.11149258,0.12284950,0.26223588,0.39598551
2.8300,1.49903700,1.12127525,0.11175761,0.12322632,0.26309625,0.39729948
2.8400,1.49748122,1.12224086,0.11202219,0.12360277,0.26395614,0.39860992
2.8500,1.49592508,1.12320767,0.11228633,0.12397884,0.26481555,0.39991682
2.8600,1.49436863,1.12417570,0.11255003,0.12435453,0.26567447,0.40122017
2.8700,1.49281189,1.12514494,0.11281329,0.12472985,0.26653291,0.40251998
2.8800,1.49125490,1.12611542,0.11307611,0.12510479,0.26739086,0.40381625
2.8900,1.48969767,1.12708713,0.11333850,0.12547936,0.26824833,0.40510895
2.9000,1.48814023,1.12806009,0.11360047,0.12585355,0.26910532,0.40639811
2.9100,1.48658263,1.12903430,0.11386201,0.12622737,0.26996183,0.40768370
2.9200,1.48502487,1.13000977,0.11412312,0.12660081,0.27081786,0.40896573
2.9300,1.48346699,1.13098650,0.11438381,0.12697388,0.27167340,0.41024420
2.9400,1.48190902,1.13196450,0.11464409,0.12734657,0.27252846,0.41151910
2.9500,1.48035097,1.13294378,0.11490396,0.12771889,0.27338303,0.41279043
2.9600,1.47879289,1.13392434,0.11516341,0.12809084,0.27423713,0.41405818
2.9700,1.47723479,1.13490619,0.11542245,0.12846241,0.27509074,0.41532237
2.9800,1.47567669,1.13588933,0.11568109,0.12883362,0.27594387,0.41658297
2.9900,1.47411863,1.13687377,0.11593932,0.12920445,0.27679652,0.41783999
3.0000,1.47256063,1.13785951,0.11619716,0.12957491,0.27764869,0.41909343
3.0100,1.47100271,1.13884655,0.11645459,0.12994500,0.27850037,0.42034328
3.0200,1.46944489,1.13983491,0.11671163,0.13031472,0.27935158,0.42158955
3.0300,1.46788720,1.14082458,0.11696828,0.13068406,0.28020230,0.42283223
3.0400,1.46632967,1.14181556,0.11722454,0.13105304,0.28105254,0.42407132
3.0500,1.46477231,1.14280787,0.11748042,0.13142165,0.28190230,0.42530681
3.0600,1.46321515,1.14380150,0.11773591,0.13178989,0.28275158,0.42653871
3.0700,1.46165821,1.14479646,0.11799102,0.13215776,0.28360038,0.42776701
3.0800,1.46010151,1.14579274,0.11824575,0.13252526,0.28444869,0.42899172
3.0900,1.45854508,1.14679036,0.11850010,0.13289240,0.28529653,0.43021283
3.1000,1.45698894,1.14778932,0.11875408,0.13325916,0.28614389,0.43143033
3.1100,1.45543310,1.14878961,0.11900769,0.13362556,0.28699076,0.43264424
3.1200,1.45387759,1.14979123,0.11926093,0.13399159,0.28783716,0.43385454
3.1300,1.45232244,1.15079420,0.11951381,0.13435726,0.28868307,0.43506124
3.1400,1.45076765,1.15179851,0.11976632,0.13472256,0.28952850,0.43626433
3.1500,1.44921326,1.15280417,0.12001848,0.13508749,0.29037346,0.43746381
3.1600,1.44765928,1.15381116,0.12027027,0.13545206,0.29121793,0.43865969
3.1700,1.44610573,1.15481950,0.12052171,0.13581626,0.29206193,0.43985196
3.1800,1.44455263,1.15582919,0.12077279,0.13618010,0.29290544,0.44104062
3.1900,1.44300000,1.15684023,0.12102353,0.13654357,0.29374848,0.44222567
3.2000,1.44144787,1.15785261,0.12127392,0.13690668,0.29459103,0.44340711
3.2100,1.43989624,1.15886634,0.12152396,0.13726943,0.29543311,0.44458494
3.2200,1.43834514,1.15988142,0.12177366,0.13763181,0.29627470,0.44575916
3.2300,1.43679459,1.16089785,0.12202301,0.13799383,0.29711582,0.44692977
3.2400,1.43524461,1.16191563,0.12227203,0.13835549,0.29795646,0.44809676
3.2500,1.43369521,1.16293475,0.12252072,0.13871678,0.29879662,0.44926014
3.2600,1.43214641,1.16395523,0.12276906,0.13907771,0.29963630,0.45041992
3.2700,1.43059823,1.16497705,0.12301708,0.13943828,0.30047550,0.45157608
3.2800,1.42905068,1.16600022,0.12326477,0.13979849,0.30131423,0.45272862
3.2900,1.42750380,1.16702473,0.12351213,0.14015834,0.30215247,0.45387756
3.3000,1.42595758,1.16805059,0.12375917,0.14051783,0.30299024,0.45502288
3.3100,1.42441206,1.16907780,0.12400588,0.14087696,0.30382753,0.45616459
3.3200,1.42286724,1.17010635,0.12425228,0.14123573,0.30466434,0.45730269
3.3300,1.42132314,1.17113624,0.12449835,0.14159414,0.30550067,0.45843718
3.3400,1.41977978,1.17216748,0.12474412,0.14195219,0.30633652,0.45956806
3.3500,1.41823718,1.17320006,0.12498956,0.14230988,0.30717190,0.46069533
3.3600,1.41669535,1.17423397,0.12523470,0.14266721,0.30800680,0.46181899
3.3700,1.41515431,1.17526922,0.12547953,0.14302419,0.30884122,0.46293904
3.3800,1.41361408,1.17630581,0.12572405,0.14338080,0.30967516,0.46405548
3.3900,1.41207466,1.17734374,0.12596827,0.14373706,0.31050863,0.46516832
3.4000,1.41053608,1.17838299,0.12621218,0.14409297,0.31134162,0.46627755
3.4100,1.40899835,1.17942358,0.12645580,0.14444851,0.31217413,0.46738317
3.4200,1.40746149,1.18046550,0.12669912,0.14480371,0.31300617,0.46848519
3.4300,1.40592551,1.18150874,0.12694214,0.14515854,0.31383773,0.46958360
3.4400,1.40439042,1.18255331,0.12718486,0.14551302,0.31466881,0.47067842
3.4500,1.40285625,1.18359920,0.12742730,0.14586714,0.31549942,0.47176963
3.4600,1.40132300,1.18464641,0.12766944,0.14622091,0.31632955,0.47285724
3.4700,1.39979069,1.18569493,0.12791130,0.14657433,0.31715920,0.47394126
3.4800,1.39825933,1.18674478,0.12815287,0.14692739,0.31798838,0.47502167
3.4900,1.39672895,1.18779593,0.12839416,0.14728010,0.31881708,0.47609849
3.5000,1.39519954,1.18884840,0.12863517,0.14763245,0.31964530,0.47717172
3.5100,1.39367114,1.18990217,0.12887589,0.14798445,0.32047305,0.47824136
3.5200,1.39214374,1.19095725,0.12911634,0.14833610,0.32130033,0.47930740
3.5300,1.39061737,1.19201363,0.12935652,0.14868740,0.32212713,0.48036986
3.5400,1.38909203,1.19307131,0.12959642,0.14903834,0.32295345,0.48142872
3.5500,1.38756775,1.19413028,0.12983605,0.14938894,0.32377929,0.48248401
3.5600,1.38604453,1.19519055,0.13007541,0.14973918,0.32460467,0.48353571
3.5700,1.38452239,1.19625211,0.13031450,0.15008907,0.32542956,0.48458382
3.5800,1.38300134,1.19731496,0.13055332,0.15043861,0.32625399,0.48562836
3.5900,1.38148139,1.19837908,0.13079188,0.15078780,0.32707793,0.48666932
3.6000,1.37996256,1.19944449,0.13103018,0.15113664,0.32790141,0.48770671
3.6100,1.37844485,1.20051118,0.13126822,0.15148513,0.32872440,0.48874052
3.6200,1.37692829,1.20157914,0.13150600,0.15183327,0.32954693,0.48977076
3.6300,1.37541288,1.20264837,0.13174352,0.15218106,0.33036898,0.49079743
3.6400,1.37389864,1.20371887,0.13198079,0.15252851,0.33119055,0.49182053
3.6500,1.37238557,1.20479063,0.13221781,0.15287560,0.33201165,0.49284008
3.6600,1.37087369,1.20586365,0.13245458,0.15322235,0.33283228,0.49385606
3.6700,1.36936302,1.20693792,0.13269109,0.15356875,0.33365243,0.49486848
3.6800,1.36785356,1.20801345,0.13292736,0.15391481,0.33447211,0.49587734
3.6900,1.36634532,1.20909023,0.13316338,0.15426051,0.33529132,0.49688266
3.7000,1.36483832,1.21016825,0.13339916,0.15460588,0.33611005,0.49788442
3.7100,1.36333257,1.21124752,0.13363470,0.15495089,0.33692831,0.49888263
3.7200,1.36182808,1.21232802,0.13386999,0.15529556,0.33774610,0.49987730
3.7300,1.36032486,1.21340975,0.13410505,0.15563988,0.33856341,0.50086842
3.7400,1.35882292,1.21449272,0.13433987,0.15598386,0.33938025,0.50185601
3.7500,1.35732228,1.21557691,0.13457445,0.15632750,0.34019662,0.50284006
3.7600,1.35582294,1.21666232,0.13480881,0.15667079,0.34101251,0.50382057
3.7700,1.35432491,1.21774895,0.13504293,0.15701373,0.34182793,0.50479756
3.7800,1.35282820,1.21883679,0.13527681,0.15735634,0.34264288,0.50577102
3.7900,1.35133284,1.21992584,0.13551048,0.15769859,0.34345736,0.50674095
3.8000,1.34983882,1.22101610,0.13574391,0.15804051,0.34427136,0.50770737
3.8100,1.34834615,1.22210756,0.13597712,0.15838208,0.34508490,0.50867026
3.8200,1.34685486,1.22320021,0.13621010,0.15872332,0.34589796,0.50962965
3.8300,1.34536494,1.22429406,0.13644286,0.15906421,0.34671055,0.51058552
3.8400,1.34387641,1.22538909,0.13667541,0.15940475,0.34752267,0.51153788
3.8500,1.34238927,1.22648531,0.13690773,0.15974496,0.34833431,0.51248674
3.8600,1.34090354,1.22758271,0.13713984,0.16008483,0.34914549,0.51343211
3.8700,1.33941923,1.22868129,0.13737173,0.16042435,0.34995619,0.51437397
3.8800,1.33793635,1.22978103,0.13760340,0.16076354,0.35076642,0.51531234
3.8900,1.33645490,1.23088194,0.13783487,0.16110238,0.35157619,0.51624722
3.9000,1.33497490,1.23198401,0.13806612,0.16144089,0.35238548,0.51717862
3.9100,1.33349635,1.23308724,0.13829716,0.16177905,0.35319430,0.51810653
3.9200,1.33201927,1.23419163,0.13852800,0.16211688,0.35400265,0.51903097
3.9300,1.33054366,1.23529716,0.13875862,0.16245437,0.35481053,0.51995193
3.9400,1.32906954,1.23640383,0.13898905,0.16279152,0.35561793,0.52086943
3.9500,1.32759690,1.23751165,0.13921927,0.16312834,0.35642487,0.52178345
3.9600,1.32612577,1.23862059,0.13944929,0.16346481,0.35723134,0.52269402
3.9700,1.32465615,1.23973067,0.13967910,0.16380095,0.35803734,0.52360113
3.9800,1.32318804,1.24084187,0.13990872,0.16413675,0.35884287,0.52450478
3.9900,1.32172147,1.24195419,0.14013814,0.16447222,0.35964793,0.52540498
4.0000,1.32025643,1.24306763,0.14036737,0.16480735,0.36045252,0.52630174
4.0100,1.31879293,1.24418218,0.14059640,0.16514214,0.36125664,0.52719506
4.0200,1.31733099,1.24529784,0.14082523,0.16547660,0.36206029,0.52808494
4.0300,1.31587060,1.24641459,0.14105388,0.16581072,0.36286347,0.52897139
4.0400,1.31441179,1.24753245,0.14128233,0.16614451,0.36366618,0.52985441
4.0500,1.31295456,1.24865139,0.14151060,0.16647796,0.36446843,0.53073400
4.0600,1.31149891,1.24977142,0.14173867,0.16681108,0.36527020,0.53161018
4.0700,1.31004486,1.25089253,0.14196656,0.16714387,0.36607151,0.53248294
4.0800,1.30859240,1.25201472,0.14219427,0.16747632,0.36687235,0.53335229
4.0900,1.30714156,1.25313799,0.14242179,0.16780844,0.36767272,0.53421824
4.1000,1.30569233,1.25426231,0.14264913,0.16814023,0.36847262,0.53508078
4.1100,1.30424474,1.25538771,0.14287629,0.16847168,0.36927205,0.53593993
4.1200,1.30279877,1.25651415,0.14310327,0.16880280,0.37007102,0.53679569
4.1300,1.30135444,1.25764165,0.14333007,0.16913359,0.37086951,0.53764806
4.1400,1.29991176,1.25877020,0.14355669,0.16946405,0.37166755,0.53849705
4.1500,1.29847074,1.25989979,0.14378313,0.16979418,0.37246511,0.53934266
4.1600,1.29703138,1.26103042,0.14400941,0.17012397,0.37326220,0.54018490
4.1700,1.29559369,1.26216208,0.14423551,0.17045344,0.37405883,0.54102377
4.1800,1.29415768,1.26329477,0.14446143,0.17078257,0.37485499,0.54185928
4.1900,1.29272335,1.26442848,0.14468719,0.17111138,0.37565069,0.54269143
4.2000,1.29129071,1.26556320,0.14491278,0.17143986,0.37644591,0.54352023
4.2100,1.28985977,1.26669894,0.14513820,0.17176800,0.37724067,0.54434568
4.2200,1.28843053,1.26783568,0.14536345,0.17209582,0.37803497,0.54516779
4.2300,1.28700301,1.26897343,0.14558853,0.17242331,0.37882880,0.54598656
4.2400,1.28557721,1.27011217,0.14581345,0.17275047,0.37962216,0.54680200
4.2500,1.28415313,1.27125191,0.14603821,0.17307731,0.38041505,0.54761411
4.2600,1.28273078,1.27239263,0.14626281,0.17340381,0.38120748,0.54842291
4.2700,1.28131017,1.27353433,0.14648724,0.17372999,0.38199945,0.54922838
4.2800,1.27989131,1.27467700,0.14671152,0.17405584,0.38279094,0.55003055
4.2900,1.27847420,1.27582065,0.14693563,0.17438137,0.38358198,0.55082941
4.3000,1.27705884,1.27696527,0.14715959,0.17470657,0.38437254,0.55162497
4.3100,1.27564525,1.27811084,0.14738339,0.17503144,0.38516264,0.55241723
4.3200,1.27423343,1.27925737,0.14760704,0.17535599,0.38595228,0.55320621
4.3300,1.27282338,1.28040485,0.14783053,0.17568021,0.38674145,0.55399190
4.3400,1.27141511,1.28155327,0.14805387,0.17600411,0.38753016,0.55477431
4.3500,1.27000864,1.28270263,0.14827706,0.17632768,0.38831840,0.55555346
4.3600,1.26860395,1.28385293,0.14850010,0.17665093,0.38910618,0.55632933
4.3700,1.26720107,1.28500415,0.14872298,0.17697386,0.38989349,0.55710194
4.3800,1.26579999,1.28615630,0.14894572,0.17729646,0.39068034,0.55787130
4.3900,1.26440073,1.28730937,0.14916831,0.17761874,0.39146672,0.55863741
4.4000,1.26300327,1.28846335,0.14939076,0.17794069,0.39225264,0.55940027
4.4100,1.26160765,1.28961824,0.14961306,0.17826232,0.39303810,0.56015990
4.4200,1.26021384,1.29077403,0.14983521,0.17858363,0.39382309,0.56091629
4.4300,1.25882188,1.29193071,0.15005723,0.17890462,0.39460762,0.56166945
4.4400,1.25743175,1.29308829,0.15027910,0.17922529,0.39539168,0.56241940
4.4500,1.25604346,1.29424676,0.15050082,0.17954563,0.39617529,0.56316613
4.4600,1.25465702,1.29540610,0.15072241,0.17986566,0.39695842,0.56390965
4.4700,1.25327244,1.29656632,0.15094386,0.18018536,0.39774110,0.56464996
4.4800,1.25188972,1.29772741,0.15116517,0.18050474,0.39852331,0.56538708
4.4900,1.25050886,1.29888937,0.15138635,0.18082380,0.39930506,0.56612101
4.5000,1.24912987,1.30005219,0.15160739,0.18114255,0.40008635,0.56685175
4.5100,1.24775275,1.30121586,0.15182829,0.18146097,0.40086718,0.56757931
4.5200,1.24637751,1.30238038,0.15204906,0.18177907,0.40164754,0.56830370
4.5300,1.24500416,1.30354574,0.15226970,0.18209686,0.40242744,0.56902492
4.5400,1.24363269,1.30471194,0.15249020,0.18241433,0.40320688,0.56974298
4.5500,1.24226312,1.30587897,0.15271057,0.18273147,0.40398585,0.57045789
4.5600,1.24089544,1.30704683,0.15293082,0.18304830,0.40476437,0.57116965
4.5700,1.23952967,1.30821552,0.15315093,0.18336482,0.40554242,0.57187826
4.5800,1.23816580,1.30938502,0.15337091,0.18368101,0.40632001,0.57258374
4.5900,1.23680385,1.31055533,0.15359077,0.18399689,0.40709714,0.57328609
4.6000,1.23544381,1.31172644,0.15381050,0.18431245,0.40787381,0.57398531
4.6100,1.23408569,1.31289836,0.15403011,0.18462770,0.40865002,0.57468142
4.6200,1.23272949,1.31407107,0.15424959,0.18494263,0.40942577,0.57537442
4.6300,1.23137522,1.31524457,0.15446895,0.18525724,0.41020105,0.57606431
4.6400,1.23002288,1.31641885,0.15468818,0.18557154,0.41097588,0.57675110
4.6500,1.22867249,1.31759392,0.15490729,0.18588553,0.41175025,0.57743480
4.6600,1.22732403,1.31876975,0.15512628,0.18619920,0.41252415,0.57811542
4.6700,1.22597751,1.31994636,0.15534515,0.18651255,0.41329760,0.57879296
4.6800,1.22463294,1.32112372,0.15556390,0.18682559,0.41407058,0.57946742
4.6900,1.22329033,1.32230184,0.15578254,0.18713832,0.41484311,0.58013882
4.7000,1.22194967,1.32348072,0.15600105,0.18745073,0.41561517,0.58080716
4.7100,1.22061097,1.32466034,0.15621945,0.18776283,0.41638678,0.58147245
4.7200,1.21927423,1.32584070,0.15643773,0.18807462,0.41715792,0.58213469
4.7300,1.21793946,1.32702179,0.15665590,0.18838610,0.41792861,0.58279389
4.7400,1.21660667,1.32820362,0.15687395,0.18869726,0.41869884,0.58345006
4.7500,1.21527584,1.32938617,0.15709189,0.18900811,0.41946861,0.58410320
4.7600,1.21394699,1.33056944,0.15730972,0.18931865,0.42023792,0.58475332
4.7700,1.21262013,1.33175342,0.15752744,0.18962888,0.42100677,0.58540043
4.7800,1.21129524,1.33293811,0.15774504,0.18993879,0.42177516,0.58604453
4.7900,1.20997235,1.33412350,0.15796253,0.19024840,0.42254310,0.58668563
4.8000,1.20865144,1.33530959,0.15817992,0.19055770,0.42331057,0.58732374
4.8100,1.20733253,1.33649637,0.15839719,0.19086668,0.42407759,0.58795886
4.8200,1.20601562,1.33768383,0.15861436,0.19117536,0.42484415,0.58859101
4.8300,1.20470070,1.33887198,0.15883142,0.19148372,0.42561025,0.58922018
4.8400,1.20338779,1.34006080,0.15904838,0.19179178,0.42637590,0.58984638
4.8500,1.20207689,1.34125029,0.15926522,0.19209953,0.42714109,0.59046963
4.8600,1.20076799,1.34244045,0.15948197,0.19240697,0.42790581,0.59108992
4.8700,1.19946111,1.34363126,0.15969861,0.19271410,0.42867009,0.59170727
4.8800,1.19815624,1.34482273,0.15991514,0.19302093,0.42943390,0.59232168
4.8900,1.19685339,1.34601484,0.16013158,0.19332744,0.43019726,0.59293316
4.9000,1.19555256,1.34720760,0.16034791,0.19363365,0.43096016,0.59354171
4.9100,1.19425375,1.34840099,0.16056414,0.19393956,0.43172261,0.59414735
4.9200,1.19295697,1.34959502,0.16078027,0.19424515,0.43248460,0.59475008
4.9300,1.19166221,1.35078967,0.16099630,0.19455044,0.43324613,0.59534990
4.9400,1.19036949,1.35198494,0.16121223,0.19485542,0.43400721,0.59594683
4.9500,1.18907879,1.35318082,0.16142806,0.19516010,0.43476783,0.59654086
4.9600,1.18779014,1.35437732,0.16164380,0.19546447,0.43552799,0.59713202
4.9700,1.18650352,1.35557442,0.16185944,0.19576854,0.43628770,0.59772029
4.9800,1.18521894,1.35677212,0.16207498,0.19607230,0.43704695,0.59830570
4.9900,1.18393641,1.35797041,0.16229042,0.19637576,0.43780575,0.59888825
5.0000,1.18265592,1.35916929,0.16250577,0.19667891,0.43856409,0.59946795
5.0100,1.18137747,1.36036875,0.16272103,0.19698176,0.43932198,0.60004479
5.0200,1.18010108,1.36156879,0.16293619,0.19728431,0.44007941,0.60061880
5.0300,1.17882673,1.36276940,0.16315126,0.19758655,0.44083639,0.60118997
5.0400,1.17755444,1.36397058,0.16336624,0.19788849,0.44159291,0.60175832
5.0500,1.17628421,1.36517232,0.16358113,0.19819013,0.44234898,0.60232385
5.0600,1.17501603,1.36637461,0.16379592,0.19849146,0.44310459,0.60288656
5.0700,1.17374991,1.36757745,0.16401062,0.19879250,0.44385975,0.60344648
5.0800,1.17248585,1.36878084,0.16422524,0.19909323,0.44461446,0.60400359
5.0900,1.17122386,1.36998476,0.16443976,0.19939366,0.44536871,0.60455792
5.1000,1.16996393,1.37118922,0.16465420,0.19969378,0.44612251,0.60510946
5.1100,1.16870606,1.37239421,0.16486855,0.19999361,0.44687585,0.60565822
5.1200,1.16745027,1.37359971,0.16508281,0.20029314,0.44762875,0.60620422
5.1300,1.16619654,1.37480574,0.16529698,0.20059236,0.44838118,0.60674746
5.1400,1.16494488,1.37601228,0.16551107,0.20089129,0.44913317,0.60728794
5.1500,1.16369530,1.37721932,0.16572507,0.20118992,0.44988470,0.60782568
5.1600,1.16244779,1.37842687,0.16593899,0.20148824,0.45063578,0.60836068
5.1700,1.16120236,1.37963491,0.16615282,0.20178627,0.45138640,0.60889294
5.1800,1.15995900,1.38084344,0.16636657,0.20208400,0.45213658,0.60942248
5.1900,1.15871772,1.38205245,0.16658024,0.20238143,0.45288630,0.60994930
5.2000,1.15747853,1.38326195,0.16679382,0.20267856,0.45363557,0.61047342
5.2100,1.15624141,1.38447192,0.16700732,0.20297540,0.45438439,0.61099483
5.2200,1.15500638,1.38568235,0.16722074,0.20327193,0.45513275,0.61151354
5.2300,1.15377343,1.38689325,0.16743408,0.20356817,0.45588066,0.61202957
5.2400,1.15254256,1.38810461,0.16764733,0.20386412,0.45662813,0.61254291
5.2500,1.15131378,1.38931642,0.16786051,0.20415976,0.45737514,0.61305358
5.2600,1.15008709,1.39052868,0.16807361,0.20445511,0.45812170,0.61356159
5.2700,1.14886248,1.39174138,0.16828663,0.20475017,0.45886780,0.61406694
5.2800,1.14763997,1.39295452,0.16849957,0.20504492,0.45961346,0.61456963
5.2900,1.14641954,1.39416808,0.16871243,0.20533938,0.46035867,0.61506969
5.3000,1.14520121,1.39538208,0.16892521,0.20563355,0.46110342,0.61556710
5.3100,1.14398497,1.39659649,0.16913792,0.20592742,0.46184773,0.61606189
5.3200,1.14277082,1.39781132,0.16935055,0.20622100,0.46259158,0.61655405
5.3300,1.14155876,1.39902655,0.16956311,0.20651428,0.46333499,0.61704360
5.3400,1.14034880,1.40024219,0.16977559,0.20680727,0.46407794,0.61753055
5.3500,1.13914093,1.40145823,0.16998799,0.20709997,0.46482044,0.61801489
5.3600,1.13793516,1.40267467,0.17020032,0.20739237,0.46556250,0.61849664
5.3700,1.13673149,1.40389149,0.17041258,0.20768447,0.46630410,0.61897581
5.3800,1.13552991,1.40510870,0.17062476,0.20797629,0.46704526,0.61945240
5.3900,1.13433043,1.40632628,0.17083687,0.20826781,0.46778597,0.61992642
5.4000,1.13313305,1.40754423,0.17104891,0.20855904,0.46852622,0.62039788
5.4100,1.13193777,1.40876256,0.17126087,0.20884998,0.46926603,0.62086679
5.4200,1.13074458,1.40998124,0.17147276,0.20914063,0.47000539,0.62133315
5.4300,1.12955350,1.41120028,0.17168459,0.20943098,0.47074430,0.62179696
5.4400,1.12836451,1.41241967,0.17189634,0.20972105,0.47148276,0.62225825
5.4500,1.12717763,1.41363941,0.17210802,0.21001082,0.47222078,0.62271701
5.4600,1.12599285,1.41485949,0.17231963,0.21030030,0.47295834,0.62317325
5.4700,1.12481016,1.41607991,0.17253117,0.21058949,0.47369546,0.62362699
5.4800,1.12362958,1.41730065,0.17274264,0.21087840,0.47443213,0.62407822
5.4900,1.12245110,1.41852172,0.17295405,0.21116701,0.47516836,0.62452696
5.5000,1.12127473,1.41974311,0.17316538,0.21145533,0.47590413,0.62497321
5.5100,1.12010045,1.42096481,0.17337665,0.21174337,0.47663946,0.62541698
5.5200,1.11892828,1.42218682,0.17358785,0.21203111,0.47737434,0.62585827
5.5300,1.11775820,1.42340914,0.17379899,0.21231857,0.47810877,0.62629711
5.5400,1.11659023,1.42463176,0.17401005,0.21260574,0.47884276,0.62673348
5.5500,1.11542436,1.42585467,0.17422106,0.21289262,0.47957630,0.62716741
5.5600,1.11426060,1.42707786,0.17443199,0.21317921,0.48030939,0.62759889
5.5700,1.11309893,1.42830134,0.17464286,0.21346551,0.48104204,0.62802794
5.5800,1.11193937,1.42952510,0.17485367,0.21375153,0.48177424,0.62845456
5.5900,1.11078191,1.43074913,0.17506441,0.21403726,0.48250599,0.62887876
5.6000,1.10962655,1.43197343,0.17527508,0.21432271,0.48323730,0.62930055
5.6100,1.10847329,1.43319800,0.17548570,0.21460787,0.48396816,0.62971994
5.6200,1.10732214,1.43442281,0.17569625,0.21489274,0.48469858,0.63013692
5.6300,1.10617308,1.43564789,0.17590673,0.21517733,0.48542855,0.63055152
5.6400,1.10502612,1.43687320,0.17611716,0.21546163,0.48615808,0.63096374
5.6500,1.10388127,1.43809876,0.17632752,0.21574565,0.48688716,0.63137358
5.6600,1.10273851,1.43932456,0.17653782,0.21602938,0.48761579,0.63178106
5.6700,1.10159786,1.44055059,0.17674805,0.21631282,0.48834399,0.63218617
5.6800,1.10045930,1.44177684,0.17695823,0.21659599,0.48907173,0.63258893
5.6900,1.09932285,1.44300332,0.17716835,0.21687887,0.48979903,0.63298935
5.7000,1.09818849,1.44423001,0.17737840,0.21716146,0.49052589,0.63338743
5.7100,1.09705622,1.44545692,0.17758840,0.21744377,0.49125231,0.63378319
5.7200,1.09592606,1.44668402,0.17779833,0.21772580,0.49197827,0.63417662
5.7300,1.09479799,1.44791134,0.17800821,0.21800755,0.49270380,0.63456773
5.7400,1.09367202,1.44913884,0.17821802,0.21828901,0.49342888,0.63495654
5.7500,1.09254815,1.45036654,0.17842778,0.21857019,0.49415352,0.63534305
5.7600,1.09142636,1.45159442,0.17863748,0.21885109,0.49487772,0.63572727
5.7700,1.09030668,1.45282249,0.17884712,0.21913171,0.49560147,0.63610920
5.7800,1.08918908,1.45405073,0.17905670,0.21941204,0.49632478,0.63648886
5.7900,1.08807358,1.45527914,0.17926623,0.21969210,0.49704764,0.63686625
5.8000,1.08696017,1.45650771,0.17947570,0.21997187,0.49777007,0.63724137
5.8100,1.08584886,1.45773645,0.17968511,0.22025136,0.49849205,0.63761424
5.8200,1.08473963,1.45896534,0.17989446,0.22053058,0.49921358,0.63798487
5.8300,1.08363249,1.46019439,0.18010376,0.22080951,0.49993468,0.63835325
5.8400,1.08252744,1.46142358,0.18031300,0.22108816,0.50065533,0.63871941
5.8500,1.08142448,1.46265291,0.18052219,0.22136654,0.50137555,0.63908333
5.8600,1.08032360,1.46388237,0.18073132,0.22164463,0.50209532,0.63944505
5.8700,1.07922481,1.46511197,0.18094039,0.22192245,0.50281464,0.63980455
5.8800,1.07812811,1.46634169,0.18114941,0.22219998,0.50353353,0.64016185
5.8900,1.07703349,1.46757153,0.18135838,0.22247724,0.50425198,0.64051695
5.9000,1.07594095,1.46880149,0.18156729,0.22275422,0.50496998,0.64086987
5.9100,1.07485049,1.47003156,0.18177615,0.22303092,0.50568755,0.64122061
5.9200,1.07376212,1.47126174,0.18198495,0.22330735,0.50640467,0.64156918
5.9300,1.07267582,1.47249202,0.18219370,0.22358350,0.50712135,0.64191558
5.9400,1.07159160,1.47372239,0.18240240,0.22385937,0.50783759,0.64225983
5.9500,1.07050946,1.47495285,0.18261104,0.22413496,0.50855339,0.64260192
5.9600,1.06942940,1.47618341,0.18281963,0.22441028,0.50926876,0.64294187
5.9700,1.06835141,1.47741404,0.18302817,0.22468532,0.50998368,0.64327969
5.9800,1.06727549,1.47864475,0.18323665,0.22496008,0.51069816,0.64361538
5.9900,1.06620165,1.47987553,0.18344509,0.22523457,0.51141220,0.64394895
6.0000,1.06512987,1.48110638,0.18365347,0.22550879,0.51212580,0.64428041
6.0100,1.06406017,1.48233729,0.18386180,0.22578273,0.51283897,0.64460977
6.0200,1.06299253,1.48356826,0.18407008,0.22605639,0.51355169,0.64493702
6.0300,1.06192696,1.48479928,0.18427831,0.22632978,0.51426398,0.64526218
6.0400,1.06086346,1.48603035,0.18448649,0.22660290,0.51497582,0.64558527
6.0500,1.05980202,1.48726146,0.18469461,0.22687574,0.51568723,0.64590627
6.0600,1.05874265,1.48849261,0.18490269,0.22714831,0.51639820,0.64622521
6.0700,1.05768533,1.48972380,0.18511071,0.22742061,0.51710873,0.64654209
6.0800,1.05663007,1.49095501,0.18531869,0.22769263,0.51781882,0.64685691
6.0900,1.05557688,1.49218625,0.18552662,0.22796438,0.51852848,0.64716969
6.1000,1.05452574,1.49341750,0.18573450,0.22823585,0.51923770,0.64748042
6.1100,1.05347665,1.49464877,0.18594232,0.22850706,0.51994648,0.64778913
6.1200,1.05242962,1.49588005,0.18615010,0.22877799,0.52065482,0.64809581
6.1300,1.05138464,1.49711134,0.18635783,0.22904865,0.52136272,0.64840048
6.1400,1.05034171,1.49834262,0.18656551,0.22931904,0.52207019,0.64870313
6.1500,1.04930083,1.49957391,0.18677315,0.22958916,0.52277722,0.64900379
6.1600,1.04826200,1.50080518,0.18698073,0.22985900,0.52348381,0.64930245
6.1700,1.04722521,1.50203644,0.18718827,0.23012858,0.52418997,0.64959912
6.1800,1.04619047,1.50326768,0.18739576,0.23039788,0.52489569,0.64989381
6.1900,1.04515777,1.50449889,0.18760320,0.23066692,0.52560097,0.65018653
6.2000,1.04412710,1.50573008,0.18781059,0.23093568,0.52630582,0.65047728
6.2100,1.04309848,1.50696124,0.18801794,0.23120418,0.52701023,0.65076607
6.2200,1.04207189,1.50819236,0.18822524,0.23147241,0.52771421,0.65105292
6.2300,1.04104734,1.50942344,0.18843249,0.23174036,0.52841775,0.65133781
6.2400,1.04002483,1.51065447,0.18863969,0.23200805,0.52912086,0.65162078
6.2500,1.03900434,1.51188545,0.18884685,0.23227547,0.52982353,0.65190181
6.2600,1.03798588,1.51311638,0.18905397,0.23254262,0.53052576,0.65218092
6.2700,1.03696945,1.51434724,0.18926103,0.23280951,0.53122756,0.65245811
6.2800,1.03595505,1.51557804,0.18946805,0.23307612,0.53192892,0.65273340
6.2900,1.03494267,1.51680878,0.18967503,0.23334247,0.53262985,0.65300678
6.3000,1.03393231,1.51803944,0.18988196,0.23360855,0.53333035,0.65327828
6.3100,1.03292397,1.51927002,0.19008884,0.23387437,0.53403041,0.65354788
6.3200,1.03191765,1.52050052,0.19029568,0.23413992,0.53473004,0.65381561
6.3300,1.03091334,1.52173093,0.19050247,0.23440520,0.53542923,0.65408146
6.3400,1.02991105,1.52296125,0.19070922,0.23467021,0.53612799,0.65434545
6.3500,1.02891077,1.52419147,0.19091592,0.23493496,0.53682631,0.65460758
6.3600,1.02791250,1.52542160,0.19112258,0.23519945,0.53752421,0.65486787
6.3700,1.02691624,1.52665162,0.19132919,0.23546367,0.53822166,0.65512630
6.3800,1.02592199,1.52788153,0.19153576,0.23572762,0.53891869,0.65538290
6.3900,1.02492973,1.52911132,0.19174229,0.23599131,0.53961528,0.65563767
6.4000,1.02393948,1.53034100,0.19194877,0.23625473,0.54031144,0.65589062
6.4100,1.02295123,1.53157055,0.19215521,0.23651789,0.54100717,0.65614176
6.4200,1.02196498,1.53279998,0.19236160,0.23678079,0.54170246,0.65639108
6.4300,1.02098072,1.53402928,0.19256795,0.23704342,0.54239733,0.65663861
6.4400,1.01999845,1.53525844,0.19277425,0.23730579,0.54309176,0.65688434
6.4500,1.01901818,1.53648746,0.19298052,0.23756789,0.54378575,0.65712828
6.4600,1.01803989,1.53771633,0.19318673,0.23782973,0.54447932,0.65737044
6.4700,1.01706359,1.53894506,0.19339291,0.23809131,0.54517246,0.65761083
6.4800,1.01608927,1.54017363,0.19359904,0.23835263,0.54586516,0.65784946
6.4900,1.01511694,1.54140205,0.19380513,0.23861369,0.54655743,0.65808632
6.5000,1.01414658,1.54263030,0.19401118,0.23887448,0.54724927,0.65832143
6.5100,1.01317820,1.54385839,0.19421718,0.23913501,0.54794068,0.65855480
6.5200,1.01221180,1.54508631,0.19442314,0.23939528,0.54863166,0.65878643
6.5300,1.01124737,1.54631405,0.19462906,0.23965529,0.54932221,0.65901633
6.5400,1.01028490,1.54754161,0.19483494,0.23991504,0.55001233,0.65924450
6.5500,1.00932441,1.54876900,0.19504077,0.24017452,0.55070201,0.65947095
6.5600,1.00836588,1.54999619,0.19524656,0.24043375,0.55139127,0.65969570
6.5700,1.00740932,1.55122319,0.19545231,0.24069272,0.55208010,0.65991874
6.5800,1.00645472,1.55245000,0.19565802,0.24095142,0.55276850,0.66014008
6.5900,1.00550207,1.55367660,0.19586369,0.24120987,0.55345646,0.66035974
6.6000,1.00455138,1.55490300,0.19606931,0.24146806,0.55414400,0.66057771
6.6100,1.00360264,1.55612920,0.19627489,0.24172599,0.55483111,0.66079400
6.6200,1.00265586,1.55735518,0.19648043,0.24198366,0.55551779,0.66100862
6.6300,1.00171102,1.55858094,0.19668593,0.24224107,0.55620404,0.66122159
6.6400,1.00076813,1.55980648,0.19689139,0.24249822,0.55688987,0.66143289
6.6500,0.99982718,1.56103180,0.19709681,0.24275512,0.55757526,0.66164255
6.6600,0.99888818,1.56225689,0.19730218,0.24301176,0.55826023,0.66185056
6.6700,0.99795111,1.56348174,0.19750752,0.24326814,0.55894476,0.66205694
6.6800,0.99701598,1.56470636,0.19771281,0.24352426,0.55962887,0.66226169
6.6900,0.99608278,1.56593074,0.19791806,0.24378013,0.56031255,0.66246481
6.7000,0.99515152,1.56715487,0.19812327,0.24403573,0.56099581,0.66266633
6.7100,0.99422218,1.56837875,0.19832844,0.24429109,0.56167863,0.66286623
6.7200,0.99329477,1.56960238,0.19853357,0.24454618,0.56236103,0.66306453
6.7300,0.99236928,1.57082575,0.19873866,0.24480102,0.56304301,0.66326123
6.7400,0.99144571,1.57204886,0.19894371,0.24505561,0.56372455,0.66345635
6.7500,0.99052406,1.57327170,0.19914872,0.24530994,0.56440567,0.66364988
6.7600,0.98960432,1.57449427,0.19935369,0.24556401,0.56508636,0.66384184
6.7700,0.98868650,1.57571657,0.19955862,0.24581783,0.56576662,0.66403223
6.7800,0.98777059,1.57693859,0.19976350,0.24607139,0.56644646,0.66422105
6.7900,0.98685658,1.57816033,0.19996835,0.24632470,0.56712587,0.66440832
6.8000,0.98594449,1.57938179,0.20017316,0.24657776,0.56780486,0.66459404
6.8100,0.98503429,1.58060295,0.20037793,0.24683056,0.56848342,0.66477822
6.8200,0.98412599,1.58182383,0.20058265,0.24708311,0.56916155,0.66496086
6.8300,0.98321959,1.58304440,0.20078734,0.24733540,0.56983926,0.66514198
6.8400,0.98231508,1.58426467,0.20099199,0.24758745,0.57051655,0.66532156
6.8500,0.98141247,1.58548464,0.20119660,0.24783923,0.57119340,0.66549964
6.8600,0.98051174,1.58670430,0.20140116,0.24809077,0.57186984,0.66567620
6.8700,0.97961290,1.58792365,0.20160569,0.24834205,0.57254585,0.66585126
6.8800,0.97871594,1.58914268,0.20181018,0.24859309,0.57322143,0.66602482
6.8900,0.97782086,1.59036139,0.20201463,0.24884386,0.57389659,0.66619689
6.9000,0.97692766,1.59157978,0.20221904,0.24909439,0.57457132,0.66636748
6.9100,0.97603634,1.59279783,0.20242341,0.24934467,0.57524563,0.66653659
6.9200,0.97514689,1.59401556,0.20262774,0.24959469,0.57591952,0.66670422
6.9300,0.97425930,1.59523295,0.20283203,0.24984447,0.57659299,0.66687039
6.9400,0.97337358,1.59645000,0.20303628,0.25009399,0.57726603,0.66703511
6.9500,0.97248973,1.59766671,0.20324049,0.25034326,0.57793864,0.66719837
6.9600,0.97160774,1.59888307,0.20344467,0.25059229,0.57861083,0.66736018
6.9700,0.97072760,1.60009908,0.20364880,0.25084106,0.57928260,0.66752056
6.9800,0.96984932,1.60131474,0.20385289,0.25108958,0.57995395,0.66767950
6.9900,0.96897290,1.60253003,0.20405695,0.25133786,0.58062488,0.66783701
7.0000,0.96809832,1.60374497,0.20426097,0.25158588,0.58129538,0.66799310
7.0100,0.96722559,1.60495954,0.20446494,0.25183366,0.58196546,0.66814778
7.0200,0.96635470,1.60617374,0.20466888,0.25208118,0.58263511,0.66830105
7.0300,0.96548566,1.60738757,0.20487278,0.25232846,0.58330435,0.66845292
7.0400,0.96461845,1.60860102,0.20507664,0.25257549,0.58397316,0.66860339
7.0500,0.96375307,1.60981410,0.20528046,0.25282228,0.58464155,0.66875247
7.0600,0.96288953,1.61102679,0.20548424,0.25306881,0.58530952,0.66890017
7.0700,0.96202782,1.61223909,0.20568799,0.25331510,0.58597707,0.66904649
7.0800,0.96116794,1.61345100,0.20589169,0.25356114,0.58664420,0.66919144
7.0900,0.96030987,1.61466252,0.20609536,0.25380693,0.58731091,0.66933502
7.1000,0.95945363,1.61587364,0.20629898,0.25405248,0.58797719,0.66947725
7.1100,0.95859921,1.61708435,0.20650257,0.25429778,0.58864306,0.66961812
7.1200,0.95774660,1.61829467,0.20670612,0.25454283,0.58930850,0.66975764
7.1300,0.95689580,1.61950457,0.20690963,0.25478764,0.58997353,0.66989583
7.1400,0.95604681,1.62071406,0.20711310,0.25503220,0.59063813,0.67003268
7.1500,0.95519963,1.62192314,0.20731654,0.25527652,0.59130231,0.67016820
7.1600,0.95435425,1.62313180,0.20751993,0.25552059,0.59196608,0.67030239
7.1700,0.95351067,1.62434003,0.20772328,0.25576442,0.59262942,0.67043527
7.1800,0.95266889,1.62554784,0.20792660,0.25600800,0.59329235,0.67056685
7.1900,0.95182890,1.62675522,0.20812988,0.25625134,0.59395485,0.67069711
7.2000,0.95099070,1.62796217,0.20833312,0.25649443,0.59461694,0.67082608
7.2100,0.95015429,1.62916868,0.20853632,0.25673728,0.59527861,0.67095375
7.2200,0.94931966,1.63037475,0.20873948,0.25697989,0.59593986,0.67108014
7.2300,0.94848682,1.63158038,0.20894260,0.25722225,0.59660069,0.67120524
7.2400,0.94765575,1.63278556,0.20914569,0.25746437,0.59726110,0.67132908
7.2500,0.94682646,1.63399029,0.20934873,0.25770624,0.59792110,0.67145164
7.2600,0.94599894,1.63519457,0.20955174,0.25794788,0.59858067,0.67157294
7.2700,0.94517320,1.63639839,0.20975471,0.25818927,0.59923983,0.67169298
7.2800,0.94434922,1.63760176,0.20995764,0.25843041,0.59989857,0.67181177
7.2900,0.94352700,1.63880465,0.21016053,0.25867132,0.60055689,0.67192931
7.3000,0.94270654,1.64000709,0.21036339,0.25891198,0.60121480,0.67204561
7.3100,0.94188785,1.64120905,0.21056620,0.25915241,0.60187229,0.67216068
7.3200,0.94107090,1.64241054,0.21076897,0.25939259,0.60252936,0.67227452
7.3300,0.94025571,1.64361156,0.21097171,0.25963253,0.60318602,0.67238714
7.3400,0.93944227,1.64481209,0.21117441,0.25987223,0.60384225,0.67249854
7.3500,0.93863057,1.64601214,0.21137707,0.26011169,0.60449808,0.67260873
7.3600,0.93782061,1.64721171,0.21157969,0.26035091,0.60515348,0.67271771
7.3700,0.93701239,1.64841079,0.21178227,0.26058988,0.60580847,0.67282549
7.3800,0.93620591,1.64960937,0.21198482,0.26082862,0.60646304,0.67293208
7.3900,0.93540116,1.65080746,0.21218732,0.26106712,0.60711720,0.67303748
7.4000,0.93459814,1.65200505,0.21238979,0.26130538,0.60777094,0.67314170
7.4100,0.93379685,1.65320214,0.21259221,0.26154340,0.60842427,0.67324474
7.4200,0.93299728,1.65439873,0.21279460,0.26178118,0.60907718,0.67334661
7.4300,0.93219944,1.65559480,0.21299695,0.26201872,0.60972968,0.67344731
7.4400,0.93140331,1.65679037,0.21319926,0.26225603,0.61038176,0.67354685
7.4500,0.93060889,1.65798542,0.21340154,0.26249309,0.61103343,0.67364524
7.4600,0.92981619,1.65917995,0.21360377,0.26272992,0.61168468,0.67374247
7.4700,0.92902519,1.66037396,0.21380597,0.26296651,0.61233552,0.67383856
7.4800,0.92823590,1.66156745,0.21400812,0.26320286,0.61298594,0.67393352
7.4900,0.92744831,1.66276041,0.21421024,0.26343898,0.61363595,0.67402734
7.5000,0.92666242,1.66395285,0.21441232,0.26367486,0.61428555,0.67412003
7.5100,0.92587823,1.66514475,0.21461436,0.26391050,0.61493473,0.67421160
7.5200,0.92509572,1.66633611,0.21481636,0.26414590,0.61558350,0.67430205
7.5300,0.92431491,1.66752694,0.21501832,0.26438107,0.61623185,0.67439140
7.5400,0.92353579,1.66871722,0.21522024,0.26461600,0.61687980,0.67447963
7.5500,0.92275834,1.66990696,0.21542213,0.26485070,0.61752733,0.67456677
7.5600,0.92198258,1.67109615,0.21562397,0.26508516,0.61817444,0.67465281
7.5700,0.92120849,1.67228479,0.21582578,0.26531939,0.61882115,0.67473776
7.5800,0.92043608,1.67347288,0.21602754,0.26555338,0.61946744,0.67482162
7.5900,0.91966534,1.67466041,0.21622927,0.26578713,0.62011332,0.67490441
7.6000,0.91889626,1.67584738,0.21643096,0.26602065,0.62075879,0.67498612
7.6100,0.91812885,1.67703379,0.21663261,0.26625394,0.62140384,0.67506676
7.6200,0.91736310,1.67821964,0.21683422,0.26648699,0.62204849,0.67514634
7.6300,0.91659901,1.67940491,0.21703579,0.26671981,0.62269272,0.67522486
7.6400,0.91583658,1.68058962,0.21723732,0.26695240,0.62333654,0.67530233
7.6500,0.91507579,1.68177375,0.21743882,0.26718475,0.62397995,0.67537875
7.6600,0.91431666,1.68295731,0.21764027,0.26741686,0.62462295,0.67545413
7.6700,0.91355916,1.68414028,0.21784168,0.26764875,0.62526554,0.67552847
7.6800,0.91280332,1.68532268,0.21804306,0.26788040,0.62590772,0.67560178
7.6900,0.91204911,1.68650449,0.21824439,0.26811182,0.62654949,0.67567406
7.7000,0.91129653,1.68768571,0.21844569,0.26834301,0.62719084,0.67574532
7.7100,0.91054559,1.68886634,0.21864695,0.26857396,0.62783179,0.67581556
7.7200,0.90979628,1.69004638,0.21884816,0.26880468,0.62847233,0.67588479
7.7300,0.90904859,1.69122582,0.21904934,0.26903518,0.62911246,0.67595302
7.7400,0.90830253,1.69240466,0.21925048,0.26926544,0.62975217,0.67602024
7.7500,0.90755809,1.69358291,0.21945158,0.26949546,0.63039148,0.67608646
7.7600,0.90681526,1.69476054,0.21965263,0.26972526,0.63103038,0.67615170
7.7700,0.90607405,1.69593758,0.21985365,0.26995483,0.63166887,0.67621594
7.7800,0.90533445,1.69711400,0.22005463,0.27018417,0.63230695,0.67627921
7.7900,0.90459646,1.69828981,0.22025557,0.27041327,0.63294463,0.67634150
7.8000,0.90386007,1.69946500,0.22045647,0.27064215,0.63358189,0.67640281
7.8100,0.90312528,1.70063958,0.22065733,0.27087079,0.63421875,0.67646316
7.8200,0.90239208,1.70181354,0.22085815,0.27109921,0.63485520,0.67652255
7.8300,0.90166049,1.70298687,0.22105893,0.27132740,0.63549124,0.67658098
7.8400,0.90093048,1.70415958,0.22125967,0.27155536,0.63612687,0.67663846
7.8500,0.90020207,1.70533166,0.22146037,0.27178309,0.63676209,0.67669499
7.8600,0.89947523,1.70650312,0.22166103,0.27201059,0.63739691,0.67675058
7.8700,0.89874998,1.70767393,0.22186165,0.27223786,0.63803132,0.67680524
7.8800,0.89802631,1.70884412,0.22206223,0.27246490,0.63866532,0.67685896
7.8900,0.89730422,1.71001366,0.22226277,0.27269172,0.63929892,0.67691175
7.9000,0.89658369,1.71118257,0.22246327,0.27291831,0.63993211,0.67696361
7.9100,0.89586474,1.71235083,0.22266373,0.27314467,0.64056489,0.67701456
7.9200,0.89514735,1.71351844,0.22286415,0.27337080,0.64119727,0.67706460
7.9300,0.89443153,1.71468541,0.22306452,0.27359671,0.64182924,0.67711373
7.9400,0.89371726,1.71585173,0.22326486,0.27382239,0.64246080,0.67716195
7.9500,0.89300455,1.71701739,0.22346516,0.27404784,0.64309196,0.67720927
7.9600,0.89229340,1.71818240,0.22366542,0.27427307,0.64372271,0.67725570
7.9700,0.89158379,1.71934675,0.22386563,0.27449807,0.64435306,0.67730124
7.9800,0.89087573,1.72051044,0.22406581,0.27472284,0.64498301,0.67734589
7.9900,0.89016922,1.72167347,0.22426594,0.27494739,0.64561254,0.67738967
8.0000,0.88946425,1.72283583,0.22446603,0.27517171,0.64624167,0.67743256
8.0100,0.88876081,1.72399753,0.22466609,0.27539581,0.64687040,0.67747459
8.0200,0.88805891,1.72515855,0.22486610,0.27561969,0.64749873,0.67751574
8.0300,0.88735854,1.72631891,0.22506607,0.27584333,0.64812664,0.67755604
8.0400,0.88665969,1.72747859,0.22526600,0.27606676,0.64875416,0.67759547
8.0500,0.88596237,1.72863759,0.22546589,0.27628996,0.64938127,0.67763406
8.0600,0.88526658,1.72979591,0.22566574,0.27651293,0.65000798,0.67767179
8.0700,0.88457230,1.73095355,0.22586554,0.27673568,0.65063428,0.67770868
8.0800,0.88387954,1.73211051,0.22606531,0.27695821,0.65126018,0.67774473
8.0900,0.88318829,1.73326678,0.22626503,0.27718051,0.65188568,0.67777995
8.1000,0.88249854,1.73442236,0.22646472,0.27740259,0.65251077,0.67781433
8.1100,0.88181031,1.73557726,0.22666436,0.27762445,0.65313546,0.67784789
8.1200,0.88112358,1.73673146,0.22686396,0.27784609,0.65375975,0.67788062
8.1300,0.88043834,1.73788496,0.22706352,0.27806750,0.65438363,0.67791254
8.1400,0.87975460,1.73903777,0.22726303,0.27828869,0.65500711,0.67794364
8.1500,0.87907236,1.74018987,0.22746251,0.27850966,0.65563020,0.67797394
8.1600,0.87839161,1.74134128,0.22766194,0.27873040,0.65625287,0.67800343
8.1700,0.87771234,1.74249198,0.22786134,0.27895093,0.65687515,0.67803212
8.1800,0.87703456,1.74364198,0.22806069,0.27917123,0.65749703,0.67806001
8.1900,0.87635825,1.74479126,0.22825999,0.27939131,0.65811850,0.67808711
8.2000,0.87568343,1.74593984,0.22845926,0.27961117,0.65873957,0.67811343
8.2100,0.87501008,1.74708771,0.22865848,0.27983081,0.65936024,0.67813896
8.2200,0.87433820,1.74823485,0.22885767,0.28005023,0.65998051,0.67816371
8.2300,0.87366779,1.74938129,0.22905681,0.28026943,0.66060038,0.67818769
8.2400,0.87299884,1.75052700,0.22925590,0.28048841,0.66121985,0.67821089
8.2500,0.87233136,1.75167199,0.22945496,0.28070717,0.66183892,0.67823333
8.2600,0.87166533,1.75281626,0.22965397,0.28092571,0.66245759,0.67825501
8.2700,0.87100076,1.75395981,0.22985294,0.28114403,0.66307586,0.67827593
8.2800,0.87033764,1.75510263,0.23005187,0.28136213,0.66369372,0.67829610
8.2900,0.86967597,1.75624472,0.23025076,0.28158001,0.66431119,0.67831552
8.3000,0.86901575,1.75738607,0.23044960,0.28179767,0.66492826,0.67833419
8.3100,0.86835697,1.75852670,0.23064840,0.28201511,0.66554493,0.67835212
8.3200,0.86769963,1.75966659,0.23084716,0.28223234,0.66616120,0.67836931
8.3300,0.86704373,1.76080574,0.23104587,0.28244934,0.66677707,0.67838577
8.3400,0.86638926,1.76194415,0.23124455,0.28266613,0.66739255,0.67840150
8.3500,0.86573622,1.76308182,0.23144318,0.28288271,0.66800762,0.67841650
8.3600,0.86508461,1.76421875,0.23164176,0.28309906,0.66862230,0.67843079
8.3700,0.86443442,1.76535493,0.23184031,0.28331520,0.66923657,0.67844436
8.3800,0.86378566,1.76649037,0.23203881,0.28353112,0.66985045,0.67845721
8.3900,0.86313831,1.76762505,0.23223726,0.28374682,0.67046394,0.67846935
8.4000,0.86249238,1.76875899,0.23243568,0.28396230,0.67107702,0.67848079
8.4100,0.86184786,1.76989217,0.23263405,0.28417757,0.67168971,0.67849153
8.4200,0.86120475,1.77102460,0.23283237,0.28439263,0.67230200,0.67850157
8.4300,0.86056304,1.77215627,0.23303066,0.28460746,0.67291389,0.67851092
8.4400,0.85992274,1.77328719,0.23322890,0.28482209,0.67352538,0.67851957
8.4500,0.85928384,1.77441734,0.23342709,0.28503649,0.67413648,0.67852754
8.4600,0.85864633,1.77554673,0.23362525,0.28525068,0.67474718,0.67853483
8.4700,0.85801022,1.77667536,0.23382335,0.28546466,0.67535749,0.67854144
8.4800,0.85737549,1.77780322,0.23402142,0.28567842,0.67596740,0.67854738
8.4900,0.85674216,1.77893031,0.23421944,0.28589196,0.67657691,0.67855265
8.5000,0.85611021,1.78005664,0.23441742,0.28610529,0.67718603,0.67855725
8.5100,0.85547964,1.78118219,0.23461535,0.28631841,0.67779475,0.67856119
8.5200,0.85485045,1.78230697,0.23481324,0.28653131,0.67840307,0.67856446
8.5300,0.85422263,1.78343098,0.23501108,0.28674400,0.67901101,0.67856709
8.5400,0.85359619,1.78455420,0.23520888,0.28695648,0.67961854,0.67856906
8.5500,0.85297111,1.78567666,0.23540664,0.28716874,0.68022568,0.67857038
8.5600,0.85234740,1.78679833,0.23560435,0.28738079,0.68083243,0.67857106
8.5700,0.85172505,1.78791922,0.23580202,0.28759262,0.68143878,0.67857110
8.5800,0.85110407,1.78903932,0.23599964,0.28780425,0.68204473,0.67857050
8.5900,0.85048444,1.79015864,0.23619722,0.28801566,0.68265030,0.67856927
8.6000,0.84986616,1.79127718,0.23639475,0.28822686,0.68325547,0.67856741
8.6100,0.84924924,1.79239492,0.23659224,0.28843784,0.68386024,0.67856493
8.6200,0.84863366,1.79351188,0.23678968,0.28864862,0.68446462,0.67856182
8.6300,0.84801943,1.79462805,0.23698708,0.28885918,0.68506861,0.67855809
8.6400,0.84740653,1.79574342,0.23718444,0.28906953,0.68567220,0.67855375
8.6500,0.84679498,1.79685799,0.23738175,0.28927967,0.68627540,0.67854880
8.6600,0.84618476,1.79797177,0.23757901,0.28948960,0.68687821,0.67854324
8.6700,0.84557588,1.79908475,0.23777623,0.28969931,0.68748063,0.67853707
8.6800,0.84496833,1.80019694,0.23797340,0.28990882,0.68808265,0.67853030
8.6900,0.84436210,1.80130832,0.23817053,0.29011812,0.68868428,0.67852294
8.7000,0.84375719,1.80241890,0.23836761,0.29032720,0.68928552,0.67851498
8.7100,0.84315361,1.80352867,0.23856465,0.29053608,0.68988636,0.67850643
8.7200,0.84255134,1.80463764,0.23876164,0.29074474,0.69048682,0.67849730
8.7300,0.84195039,1.80574580,0.23895858,0.29095320,0.69108688,0.67848758
8.7400,0.84135075,1.80685315,0.23915548,0.29116145,0.69168655,0.67847728
8.7500,0.84075242,1.80795969,0.23935233,0.29136948,0.69228583,0.67846641
8.7600,0.84015540,1.80906541,0.23954914,0.29157731,0.69288472,0.67845496
8.7700,0.83955967,1.81017033,0.23974590,0.29178493,0.69348321,0.67844294
8.7800,0.83896525,1.81127443,0.23994262,0.29199234,0.69408132,0.67843035
8.7900,0.83837212,1.81237771,0.24013929,0.29219955,0.69467903,0.67841721
8.8000,0.83778029,1.81348018,0.24033591,0.29240654,0.69527636,0.67840350
8.8100,0.83718975,1.81458182,0.24053249,0.29261333,0.69587329,0.67838923
8.8200,0.83660050,1.81568265,0.24072902,0.29281991,0.69646984,0.67837442
8.8300,0.83601253,1.81678265,0.24092550,0.29302628,0.69706600,0.67835905
8.8400,0.83542584,1.81788183,0.24112194,0.29323244,0.69766176,0.67834313
8.8500,0.83484044,1.81898018,0.24131833,0.29343840,0.69825714,0.67832668
8.8600,0.83425631,1.82007771,0.24151467,0.29364415,0.69885212,0.67830968
8.8700,0.83367345,1.82117441,0.24171097,0.29384969,0.69944672,0.67829215
8.8800,0.83309186,1.82227028,0.24190722,0.29405503,0.70004093,0.67827408
8.8900,0.83251154,1.82336531,0.24210342,0.29426016,0.70063475,0.67825548
8.9000,0.83193249,1.82445952,0.24229958,0.29446508,0.70122818,0.67823635
8.9100,0.83135470,1.82555290,0.24249569,0.29466980,0.70182122,0.67821670
8.9200,0.83077816,1.82664543,0.24269175,0.29487432,0.70241388,0.67819653
8.9300,0.83020288,1.82773714,0.24288777,0.29507862,0.70300614,0.67817584
8.9400,0.82962886,1.82882800,0.24308373,0.29528272,0.70359802,0.67815464
8.9500,0.82905608,1.82991803,0.24327965,0.29548662,0.70418951,0.67813293
8.9600,0.82848455,1.83100722,0.24347553,0.29569031,0.70478062,0.67811070
8.9700,0.82791427,1.83209556,0.24367135,0.29589380,0.70537133,0.67808798
8.9800,0.82734522,1.83318306,0.24386713,0.29609708,0.70596166,0.67806475
8.9900,0.82677742,1.83426972,0.24406286,0.29630016,0.70655160,0.67804102
9.0000,0.82621085,1.83535554,0.24425854,0.29650304,0.70714116,0.67801679
9.0100,0.82564551,1.83644050,0.24445417,0.29670571,0.70773033,0.67799207
9.0200,0.82508141,1.83752462,0.24464976,0.29690818,0.70831911,0.67796686
9.0300,0.82451853,1.83860790,0.24484530,0.29711044,0.70890751,0.67794117
9.0400,0.82395687,1.83969032,0.24504079,0.29731250,0.70949552,0.67791499
9.0500,0.82339644,1.84077189,0.24523623,0.29751436,0.71008314,0.67788833
9.0600,0.82283722,1.84185261,0.24543162,0.29771601,0.71067038,0.67786119
9.0700,0.82227922,1.84293247,0.24562696,0.29791746,0.71125723,0.67783358
9.0800,0.82172244,1.84401148,0.24582226,0.29811871,0.71184370,0.67780549
9.0900,0.82116686,1.84508963,0.24601751,0.29831976,0.71242978,0.67777694
9.1000,0.82061249,1.84616693,0.24621271,0.29852061,0.71301548,0.67774792
9.1100,0.82005932,1.84724337,0.24640786,0.29872125,0.71360079,0.67771843
9.1200,0.81950736,1.84831895,0.24660296,0.29892169,0.71418572,0.67768849
9.1300,0.81895659,1.84939367,0.24679801,0.29912193,0.71477026,0.67765808
9.1400,0.81840702,1.85046752,0.24699301,0.29932197,0.71535442,0.67762723
9.1500,0.81785865,1.85154052,0.24718797,0.29952181,0.71593820,0.67759592
9.1600,0.81731146,1.85261265,0.24738287,0.29972145,0.71652159,0.67756416
9.1700,0.81676546,1.85368392,0.24757773,0.29992088,0.71710460,0.67753195
9.1800,0.81622065,1.85475432,0.24777254,0.30012012,0.71768722,0.67749930
9.1900,0.81567702,1.85582385,0.24796729,0.30031916,0.71826946,0.67746622
9.2000,0.81513456,1.85689251,0.24816200,0.30051799,0.71885132,0.67743269
9.2100,0.81459329,1.85796031,0.24835666,0.30071663,0.71943280,0.67739873
9.2200,0.81405318,1.85902723,0.24855127,0.30091507,0.72001389,0.67736433
9.2300,0.81351425,1.86009329,0.24874583,0.30111330,0.72059460,0.67732951
9.2400,0.81297649,1.86115847,0.24894034,0.30131134,0.72117493,0.67729426
9.2500,0.81243989,1.86222278,0.24913480,0.30150918,0.72175487,0.67725858
9.2600,0.81190445,1.86328621,0.24932921,0.30170682,0.72233444,0.67722248
9.2700,0.81137017,1.86434877,0.24952357,0.30190426,0.72291362,0.67718597
9.2800,0.81083705,1.86541046,0.24971788,0.30210151,0.72349242,0.67714904
9.2900,0.81030509,1.86647126,0.24991214,0.30229855,0.72407084,0.67711169
9.3000,0.80977428,1.86753119,0.25010635,0.30249540,0.72464887,0.67707394
9.3100,0.80924461,1.86859024,0.25030051,0.30269205,0.72522653,0.67703577
9.3200,0.80871609,1.86964841,0.25049461,0.30288850,0.72580380,0.67699720
9.3300,0.80818872,1.87070570,0.25068867,0.30308475,0.72638070,0.67695823
9.3400,0.80766248,1.87176210,0.25088268,0.30328081,0.72695721,0.67691886
9.3500,0.80713739,1.87281763,0.25107664,0.30347667,0.72753335,0.67687908
9.3600,0.80661342,1.87387226,0.25127054,0.30367233,0.72810910,0.67683892
9.3700,0.80609060,1.87492602,0.25146440,0.30386780,0.72868447,0.67679836
9.3800,0.80556890,1.87597889,0.25165820,0.30406307,0.72925947,0.67675741
9.3900,0.80504833,1.87703087,0.25185196,0.30425814,0.72983408,0.67671607
9.4000,0.80452888,1.87808197,0.25204566,0.30445302,0.73040831,0.67667435
9.4100,0.80401055,1.87913217,0.25223931,0.30464770,0.73098217,0.67663225
9.4200,0.80349335,1.88018149,0.25243291,0.30484219,0.73155565,0.67658976
9.4300,0.80297726,1.88122992,0.25262646,0.30503648,0.73212874,0.67654690
9.4400,0.80246228,1.88227746,0.25281995,0.30523057,0.73270146,0.67650367
9.4500,0.80194842,1.88332410,0.25301340,0.30542447,0.73327380,0.67646006
9.4600,0.80143567,1.88436986,0.25320679,0.30561818,0.73384576,0.67641608
9.4700,0.80092402,1.88541472,0.25340014,0.30581169,0.73441735,0.67637173
9.4800,0.80041347,1.88645869,0.25359343,0.30600501,0.73498855,0.67632702
9.4900,0.79990402,1.88750176,0.25378667,0.30619813,0.73555938,0.67628194
9.5000,0.79939568,1.88854393,0.25397985,0.30639106,0.73612983,0.67623651
9.5100,0.79888842,1.88958521,0.25417299,0.30658379,0.73669990,0.67619071
9.5200,0.79838227,1.89062560,0.25436607,0.30677633,0.73726960,0.67614456
9.5300,0.79787720,1.89166508,0.25455910,0.30696868,0.73783891,0.67609806
9.5400,0.79737322,1.89270367,0.25475208,0.30716083,0.73840786,0.67605120
9.5500,0.79687032,1.89374135,0.25494501,0.30735279,0.73897642,0.67600400
9.5600,0.79636850,1.89477814,0.25513788,0.30754456,0.73954461,0.67595645
9.5700,0.79586777,1.89581403,0.25533070,0.30773613,0.74011242,0.67590856
9.5800,0.79536811,1.89684901,0.25552347,0.30792751,0.74067986,0.67586032
9.5900,0.79486953,1.89788309,0.25571619,0.30811870,0.74124692,0.67581175
9.6000,0.79437202,1.89891627,0.25590885,0.30830970,0.74181360,0.67576284
9.6100,0.79387558,1.89994855,0.25610146,0.30850051,0.74237991,0.67571359
9.6200,0.79338020,1.90097992,0.25629402,0.30869112,0.74294584,0.67566401
9.6300,0.79288589,1.90201039,0.25648653,0.30888154,0.74351140,0.67561410
9.6400,0.79239265,1.90303995,0.25667898,0.30907177,0.74407658,0.67556387
9.6500,0.79190046,1.90406860,0.25687138,0.30926181,0.74464139,0.67551330
9.6600,0.79140932,1.90509635,0.25706372,0.30945166,0.74520582,0.67546242
9.6700,0.79091925,1.90612319,0.25725601,0.30964132,0.74576988,0.67541121
9.6800,0.79043022,1.90714912,0.25744825,0.30983078,0.74633357,0.67535968
9.6900,0.78994224,1.90817414,0.25764044,0.31002006,0.74689688,0.67530783
9.7000,0.78945531,1.90919825,0.25783257,0.31020915,0.74745981,0.67525567
9.7100,0.78896942,1.91022146,0.25802465,0.31039804,0.74802237,0.67520320
9.7200,0.78848458,1.91124375,0.25821668,0.31058675,0.74858456,0.67515042
9.7300,0.78800077,1.91226513,0.25840865,0.31077526,0.74914638,0.67509733
9.7400,0.78751800,1.91328560,0.25860057,0.31096359,0.74970782,0.67504393
9.7500,0.78703627,1.91430515,0.25879243,0.31115173,0.75026889,0.67499023
9.7600,0.78655556,1.91532380,0.25898424,0.31133968,0.75082959,0.67493622
9.7700,0.78607588,1.91634152,0.25917599,0.31152744,0.75138991,0.67488192
9.7800,0.78559724,1.91735834,0.25936770,0.31171501,0.75194986,0.67482731
9.7900,0.78511961,1.91837424,0.25955934,0.31190239,0.75250944,0.67477241
9.8000,0.78464301,1.91938923,0.25975094,0.31208958,0.75306865,0.67471722
9.8100,0.78416742,1.92040329,0.25994247,0.31227659,0.75362748,0.67466174
9.8200,0.78369285,1.92141645,0.26013396,0.31246341,0.75418595,0.67460596
9.8300,0.78321930,1.92242868,0.26032539,0.31265004,0.75474404,0.67454990
9.8400,0.78274676,1.92344000,0.26051676,0.31283648,0.75530176,0.67449355
9.8500,0.78227522,1.92445040,0.26070808,0.31302273,0.75585911,0.67443692
9.8600,0.78180470,1.92545988,0.26089935,0.31320880,0.75641609,0.67438001
9.8700,0.78133518,1.92646845,0.26109056,0.31339468,0.75697269,0.67432282
9.8800,0.78086666,1.92747609,0.26128172,0.31358038,0.75752893,0.67426534
9.8900,0.78039914,1.92848281,0.26147282,0.31376588,0.75808480,0.67420760
9.9000,0.77993261,1.92948862,0.26166386,0.31395120,0.75864029,0.67414958
9.9100,0.77946708,1.93049350,0.26185485,0.31413634,0.75919542,0.67409129
9.9200,0.77900255,1.93149746,0.26204579,0.31432129,0.75975017,0.67403272
9.9300,0.77853900,1.93250050,0.26223667,0.31450605,0.76030456,0.67397389
9.9400,0.77807644,1.93350262,0.26242749,0.31469062,0.76085858,0.67391480
9.9500,0.77761487,1.93450382,0.26261826,0.31487502,0.76141222,0.67385543
9.9600,0.77715427,1.93550409,0.26280898,0.31505922,0.76196550,0.67379581
9.9700,0.77669466,1.93650344,0.26299963,0.31524324,0.76251841,0.67373593
9.9800,0.77623603,1.93750186,0.26319024,0.31542708,0.76307095,0.67367579
9.9900,0.77577837,1.93849936,0.26338078,0.31561073,0.76362312,0.67361539
10.0000,0.77532169,1.93949594,0.26357127,0.31579419,0.76417493,0.67355473
10.0100,0.77486597,1.94049159,0.26376171,0.31597747,0.76472636,0.67349382
10.0200,0.77441123,1.94148632,0.26395209,0.31616057,0.76527743,0.67343267
10.0300,0.77395745,1.94248012,0.26414241,0.31634348,0.76582813,0.67337126
10.0400,0.77350463,1.94347299,0.26433267,0.31652621,0.76637846,0.67330960
10.0500,0.77305278,1.94446494,0.26452288,0.31670876,0.76692842,0.67324770
10.0600,0.77260188,1.94545596,0.26471304,0.31689112,0.76747802,0.67318556
10.0700,0.77215194,1.94644605,0.26490314,0.31707330,0.76802725,0.67312317
10.0800,0.77170296,1.94743522,0.26509318,0.31725529,0.76857611,0.67306054
10.0900,0.77125493,1.94842346,0.26528316,0.31743710,0.76912461,0.67299767
10.1000,0.77080784,1.94941077,0.26547309,0.31761873,0.76967274,0.67293457
10.1100,0.77036171,1.95039715,0.26566296,0.31780018,0.77022050,0.67287123
10.1200,0.76991652,1.95138260,0.26585277,0.31798145,0.77076790,0.67280766
10.1300,0.76947227,1.95236712,0.26604253,0.31816253,0.77131493,0.67274386
10.1400,0.76902896,1.95335072,0.26623223,0.31834343,0.77186159,0.67267982
10.1500,0.76858660,1.95433338,0.26642188,0.31852415,0.77240789,0.67261556
10.1600,0.76814516,1.95531512,0.26661146,0.31870468,0.77295383,0.67255107
10.1700,0.76770466,1.95629592,0.26680099,0.31888504,0.77349939,0.67248636
10.1800,0.76726510,1.95727580,0.26699046,0.31906521,0.77404460,0.67242142
10.1900,0.76682646,1.95825474,0.26717988,0.31924520,0.77458943,0.67235626
10.2000,0.76638875,1.95923275,0.26736923,0.31942501,0.77513391,0.67229088
10.2100,0.76595196,1.96020983,0.26755853,0.31960464,0.77567802,0.67222528
10.2200,0.76551609,1.96118598,0.26774778,0.31978409,0.77622176,0.67215947
10.2300,0.76508115,1.96216120,0.26793696,0.31996336,0.77676514,0.67209344
10.2400,0.76464712,1.96313549,0.26812609,0.32014245,0.77730816,0.67202720
10.2500,0.76421401,1.96410884,0.26831516,0.32032136,0.77785081,0.67196075
10.2600,0.76378181,1.96508126,0.26850417,0.32050009,0.77839310,0.67189408
10.2700,0.76335053,1.96605275,0.26869312,0.32067864,0.77893502,0.67182721
10.2800,0.76292015,1.96702330,0.26888202,0.32085701,0.77947659,0.67176013
10.2900,0.76249068,1.96799293,0.26907085,0.32103520,0.78001779,0.67169285
10.3000,0.76206211,1.96896162,0.26925963,0.32121321,0.78055862,0.67162536
10.3100,0.76163444,1.96992937,0.26944835,0.32139105,0.78109909,0.67155767
10.3200,0.76120768,1.97089619,0.26963702,0.32156870,0.78163921,0.67148977
10.3300,0.76078181,1.97186208,0.26982562,0.32174617,0.78217895,0.67142168
10.3400,0.76035684,1.97282704,0.27001417,0.32192347,0.78271834,0.67135339
10.3500,0.75993276,1.97379106,0.27020265,0.32210059,0.78325736,0.67128491
10.3600,0.75950958,1.97475414,0.27039108,0.32227753,0.78379603,0.67121623
10.3700,0.75908728,1.97571629,0.27057945,0.32245429,0.78433433,0.67114736
10.3800,0.75866587,1.97667751,0.27076776,0.32263088,0.78487227,0.67107829
10.3900,0.75824534,1.97763779,0.27095602,0.32280728,0.78540984,0.67100904
10.4000,0.75782570,1.97859714,0.27114421,0.32298351,0.78594706,0.67093960
10.4100,0.75740694,1.97955555,0.27133234,0.32315956,0.78648392,0.67086997
10.4200,0.75698905,1.98051303,0.27152042,0.32333544,0.78702041,0.67080015
10.4300,0.75657205,1.98146957,0.27170844,0.32351114,0.78755655,0.67073015
10.4400,0.75615591,1.98242518,0.27189639,0.32368666,0.78809232,0.67065997
10.4500,0.75574065,1.98337985,0.27208429,0.32386200,0.78862774,0.67058961
10.4600,0.75532626,1.98433359,0.27227213,0.32403717,0.78916279,0.67051906
10.4700,0.75491273,1.98528639,0.27245991,0.32421216,0.78969748,0.67044834
10.4800,0.75450007,1.98623825,0.27264763,0.32438698,0.79023182,0.67037744
10.4900,0.75408828,1.98718918,0.27283529,0.32456162,0.79076580,0.67030637
10.5000,0.75367734,1.98813917,0.27302289,0.32473609,0.79129941,0.67023512
10.5100,0.75326727,1.98908823,0.27321043,0.32491038,0.79183267,0.67016369
10.5200,0.75285805,1.99003635,0.27339791,0.32508449,0.79236557,0.67009210
10.5300,0.75244968,1.99098354,0.27358534,0.32525843,0.79289811,0.67002034
10.5400,0.75204217,1.99192979,0.27377270,0.32543219,0.79343029,0.66994840
10.5500,0.75163551,1.99287510,0.27396000,0.32560578,0.79396211,0.66987631
10.5600,0.75122970,1.99381947,0.27414724,0.32577920,0.79449358,0.66980404
10.5700,0.75082474,1.99476291,0.27433442,0.32595244,0.79502468,0.66973161
10.5800,0.75042062,1.99570542,0.27452154,0.32612551,0.79555543,0.66965902
10.5900,0.75001734,1.99664699,0.27470861,0.32629840,0.79608582,0.66958626
10.6000,0.74961490,1.99758762,0.27489561,0.32647112,0.79661586,0.66951334
10.6100,0.74921330,1.99852731,0.27508255,0.32664366,0.79714553,0.66944027
10.6200,0.74881254,1.99946607,0.27526943,0.32681603,0.79767485,0.66936704
10.6300,0.74841261,2.00040390,0.27545625,0.32698823,0.79820382,0.66929364
10.6400,0.74801351,2.00134078,0.27564301,0.32716025,0.79873242,0.66922010
10.6500,0.74761525,2.00227673,0.27582970,0.32733211,0.79926067,0.66914640
10.6600,0.74721781,2.00321175,0.27601634,0.32750378,0.79978856,0.66907255
10.6700,0.74682120,2.00414582,0.27620292,0.32767529,0.80031610,0.66899854
10.6800,0.74642541,2.00507896,0.27638944,0.32784662,0.80084328,0.66892439
10.6900,0.74603044,2.00601117,0.27657589,0.32801778,0.80137011,0.66885008
10.7000,0.74563630,2.00694244,0.27676228,0.32818877,0.80189658,0.66877563
10.7100,0.74524297,2.00787277,0.27694862,0.32835959,0.80242269,0.66870103
10.7200,0.74485046,2.00880217,0.27713489,0.32853024,0.80294845,0.66862629
10.7300,0.74445876,2.00973063,0.27732110,0.32870071,0.80347386,0.66855140
10.7400,0.74406788,2.01065815,0.27750725,0.32887101,0.80399891,0.66847637
10.7500,0.74367780,2.01158474,0.27769334,0.32904114,0.80452360,0.66840120
10.7600,0.74328853,2.01251040,0.27787937,0.32921110,0.80504794,0.66832589
10.7700,0.74290007,2.01343511,0.27806533,0.32938089,0.80557193,0.66825043
10.7800,0.74251241,2.01435890,0.27825123,0.32955051,0.80609556,0.66817484
10.7900,0.74212556,2.01528174,0.27843708,0.32971996,0.80661884,0.66809912
10.8000,0.74173950,2.01620365,0.27862286,0.32988923,0.80714176,0.66802325
10.8100,0.74135425,2.01712463,0.27880858,0.33005834,0.80766433,0.66794726
10.8200,0.74096979,2.01804467,0.27899423,0.33022728,0.80818655,0.66787112
10.8300,0.74058612,2.01896377,0.27917983,0.33039604,0.80870841,0.66779486
10.8400,0.74020325,2.01988194,0.27936536,0.33056464,0.80922992,0.66771847
10.8500,0.73982116,2.02079918,0.27955083,0.33073307,0.80975108,0.66764194
10.8600,0.73943987,2.02171547,0.27973624,0.33090132,0.81027189,0.66756529
10.8700,0.73905936,2.02263084,0.27992159,0.33106941,0.81079234,0.66748851
10.8800,0.73867964,2.02354527,0.28010687,0.33123733,0.81131244,0.66741160
10.8900,0.73830070,2.02445877,0.28029210,0.33140508,0.81183219,0.66733457
10.9000,0.73792254,2.02537133,0.28047726,0.33157266,0.81235159,0.66725741
10.9100,0.73754516,2.02628295,0.28066235,0.33174008,0.81287063,0.66718013
10.9200,0.73716855,2.02719365,0.28084739,0.33190732,0.81338933,0.66710273
10.9300,0.73679273,2.02810340,0.28103236,0.33207440,0.81390767,0.66702520
10.9400,0.73641767,2.02901223,0.28121727,0.33224131,0.81442566,0.66694756
10.9500,0.73604339,2.02992012,0.28140212,0.33240805,0.81494330,0.66686979
10.9600,0.73566987,2.03082708,0.28158691,0.33257462,0.81546059,0.66679191
10.9700,0.73529712,2.03173310,0.28177163,0.33274102,0.81597753,0.66671392
10.9800,0.73492514,2.03263819,0.28195629,0.33290726,0.81649412,0.66663580
10.9900,0.73455393,2.03354235,0.28214088,0.33307333,0.81701036,0.66655757
11.0000,0.73418347,2.03444558,0.28232542,0.33323924,0.81752624,0.66647923
11.0100,0.73381377,2.03534787,0.28250989,0.33340497,0.81804178,0.66640078
11.0200,0.73344484,2.03624923,0.28269429,0.33357054,0.81855697,0.66632221
11.0300,0.73307666,2.03714966,0.28287864,0.33373594,0.81907181,0.66624353
11.0400,0.73270923,2.03804916,0.28306292,0.33390118,0.81958630,0.66616475
11.0500,0.73234256,2.03894772,0.28324714,0.33406625,0.82010044,0.66608585
11.0600,0.73197663,2.03984536,0.28343129,0.33423116,0.82061423,0.66600685
11.0700,0.73161146,2.04074206,0.28361538,0.33439590,0.82112767,0.66592774
11.0800,0.73124703,2.04163783,0.28379941,0.33456047,0.82164077,0.66584853
11.0900,0.73088335,2.04253267,0.28398337,0.33472488,0.82215351,0.66576921
11.1000,0.73052041,2.04342658,0.28416727,0.33488912,0.82266591,0.66568979
11.1100,0.73015822,2.04431955,0.28435111,0.33505319,0.82317796,0.66561026
11.1200,0.72979676,2.04521160,0.28453488,0.33521711,0.82368966,0.66553064
11.1300,0.72943604,2.04610272,0.28471859,0.33538085,0.82420101,0.66545091
11.1400,0.72907606,2.04699291,0.28490224,0.33554443,0.82471202,0.66537108
11.1500,0.72871681,2.04788217,0.28508582,0.33570785,0.82522268,0.66529116
11.1600,0.72835830,2.04877050,0.28526933,0.33587110,0.82573299,0.66521113
11.1700,0.72800051,2.04965790,0.28545279,0.33603419,0.82624295,0.66513101
11.1800,0.72764346,2.05054437,0.28563618,0.33619712,0.82675257,0.66505080
11.1900,0.72728713,2.05142991,0.28581950,0.33635988,0.82726184,0.66497049
11.2000,0.72693153,2.05231452,0.28600276,0.33652248,0.82777077,0.66489008
11.2100,0.72657665,2.05319821,0.28618596,0.33668491,0.82827935,0.66480958
11.2200,0.72622250,2.05408097,0.28636909,0.33684718,0.82878758,0.66472899
11.2300,0.72586906,2.05496280,0.28655216,0.33700929,0.82929547,0.66464831
11.2400,0.72551634,2.05584371,0.28673516,0.33717123,0.82980301,0.66456754
11.2500,0.72516434,2.05672368,0.28691810,0.33733301,0.83031020,0.66448667
11.2600,0.72481306,2.05760273,0.28710098,0.33749463,0.83081705,0.66440572
11.2700,0.72446248,2.05848086,0.28728379,0.33765608,0.83132356,0.66432469
11.2800,0.72411262,2.05935806,0.28746653,0.33781737,0.83182972,0.66424356
11.2900,0.72376347,2.06023433,0.28764921,0.33797851,0.83233553,0.66416235
11.3000,0.72341503,2.06110968,0.28783183,0.33813947,0.83284100,0.66408105
11.3100,0.72306729,2.06198410,0.28801438,0.33830028,0.83334613,0.66399967
11.3200,0.72272026,2.06285760,0.28819686,0.33846092,0.83385091,0.66391821
11.3300,0.72237393,2.06373017,0.28837928,0.33862141,0.83435535,0.66383666
11.3400,0.72202830,2.06460182,0.28856164,0.33878173,0.83485944,0.66375503
11.3500,0.72168338,2.06547255,0.28874393,0.33894189,0.83536320,0.66367332
11.3600,0.72133914,2.06634235,0.28892615,0.33910189,0.83586660,0.66359153
11.3700,0.72099561,2.06721123,0.28910831,0.33926173,0.83636967,0.66350967
11.3800,0.72065277,2.06807918,0.28929041,0.33942140,0.83687239,0.66342772
11.3900,0.72031062,2.06894621,0.28947244,0.33958092,0.83737476,0.66334569
11.4000,0.71996917,2.06981233,0.28965440,0.33974027,0.83787680,0.66326359
11.4100,0.71962840,2.07067752,0.28983630,0.33989947,0.83837849,0.66318142
11.4200,0.71928832,2.07154178,0.29001814,0.34005851,0.83887984,0.66309916
11.4300,0.71894893,2.07240513,0.29019990,0.34021738,0.83938085,0.66301684
11.4400,0.71861022,2.07326756,0.29038161,0.34037610,0.83988151,0.66293444
11.4500,0.71827219,2.07412906,0.29056324,0.34053465,0.84038184,0.66285196
11.4600,0.71793484,2.07498965,0.29074481,0.34069305,0.84088182,0.66276942
11.4700,0.71759818,2.07584932,0.29092632,0.34085128,0.84138146,0.66268680
11.4800,0.71726219,2.07670806,0.29110776,0.34100936,0.84188076,0.66260412
11.4900,0.71692688,2.07756589,0.29128913,0.34116728,0.84237972,0.66252136
11.5000,0.71659224,2.07842280,0.29147044,0.34132504,0.84287833,0.66243853
11.5100,0.71625827,2.07927879,0.29165168,0.34148264,0.84337661,0.66235564
11.5200,0.71592498,2.08013387,0.29183285,0.34164008,0.84387455,0.66227268
11.5300,0.71559235,2.08098802,0.29201396,0.34179737,0.84437214,0.66218965
11.5400,0.71526039,2.08184126,0.29219500,0.34195449,0.84486940,0.66210656
11.5500,0.71492910,2.08269358,0.29237598,0.34211146,0.84536631,0.66202340
11.5600,0.71459848,2.08354499,0.29255689,0.34226827,0.84586289,0.66194018
11.5700,0.71426851,2.08439548,0.29273774,0.34242492,0.84635912,0.66185689
11.5800,0.71393921,2.08524506,0.29291851,0.34258141,0.84685502,0.66177354
11.5900,0.71361057,2.08609372,0.29309923,0.34273775,0.84735058,0.66169013
11.6000,0.71328258,2.08694146,0.29327987,0.34289393,0.84784579,0.66160666
11.6100,0.71295526,2.08778830,0.29346045,0.34304995,0.84834067,0.66152313
11.6200,0.71262858,2.08863421,0.29364096,0.34320582,0.84883521,0.66143953
11.6300,0.71230256,2.08947922,0.29382140,0.34336152,0.84932941,0.66135588
11.6400,0.71197720,2.09032331,0.29400178,0.34351708,0.84982328,0.66127217
11.6500,0.71165248,2.09116649,0.29418209,0.34367247,0.85031680,0.66118840
11.6600,0.71132841,2.09200876,0.29436234,0.34382771,0.85080999,0.66110457
11.6700,0.71100499,2.09285011,0.29454252,0.34398279,0.85130284,0.66102069
11.6800,0.71068221,2.09369056,0.29472263,0.34413772,0.85179535,0.66093675
11.6900,0.71036008,2.09453009,0.29490267,0.34429249,0.85228752,0.66085275
11.7000,0.71003859,2.09536872,0.29508265,0.34444710,0.85277936,0.66076870
11.7100,0.70971774,2.09620643,0.29526256,0.34460156,0.85327086,0.66068460
11.7200,0.70939753,2.09704324,0.29544240,0.34475586,0.85376202,0.66060044
11.7300,0.70907796,2.09787913,0.29562218,0.34491001,0.85425284,0.66051624
11.7400,0.70875902,2.09871412,0.29580189,0.34506400,0.85474333,0.66043198
11.7500,0.70844072,2.09954820,0.29598153,0.34521784,0.85523349,0.66034766
11.7600,0.70812306,2.10038137,0.29616110,0.34537152,0.85572330,0.66026330
11.7700,0.70780602,2.10121363,0.29634061,0.34552505,0.85621278,0.66017889
11.7800,0.70748961,2.10204499,0.29652005,0.34567843,0.85670193,0.66009443
11.7900,0.70717383,2.10287544,0.29669942,0.34583165,0.85719074,0.66000992
11.8000,0.70685868,2.10370499,0.29687872,0.34598471,0.85767921,0.65992536
11.8100,0.70654416,2.10453363,0.29705796,0.34613762,0.85816735,0.65984075
11.8200,0.70623026,2.10536137,0.29723713,0.34629038,0.85865515,0.65975610
11.8300,0.70591698,2.10618820,0.29741623,0.34644298,0.85914262,0.65967140
11.8400,0.70560432,2.10701413,0.29759526,0.34659543,0.85962975,0.65958665
11.8500,0.70529228,2.10783915,0.29777423,0.34674773,0.86011655,0.65950186
11.8600,0.70498086,2.10866327,0.29795313,0.34689987,0.86060301,0.65941703
11.8700,0.70467006,2.10948649,0.29813196,0.34705186,0.86108914,0.65933215
11.8800,0.70435987,2.11030881,0.29831072,0.34720370,0.86157494,0.65924723
11.8900,0.70405029,2.11113023,0.29848941,0.34735538,0.86206040,0.65916227
11.9000,0.70374133,2.11195074,0.29866804,0.34750692,0.86254553,0.65907726
11.9100,0.70343297,2.11277036,0.29884660,0.34765829,0.86303032,0.65899222
11.9200,0.70312523,2.11358907,0.29902509,0.34780952,0.86351478,0.65890713
11.9300,0.70281809,2.11440689,0.29920351,0.34796059,0.86399891,0.65882200
11.9400,0.70251156,2.11522381,0.29938186,0.34811152,0.86448271,0.65873683
11.9500,0.70220564,2.11603983,0.29956015,0.34826229,0.86496617,0.65865163
11.9600,0.70190032,2.11685495,0.29973836,0.34841291,0.86544930,0.65856638
11.9700,0.70159560,2.11766917,0.29991651,0.34856337,0.86593210,0.65848110
11.9800,0.70129148,2.11848250,0.30009459,0.34871369,0.86641456,0.65839578
11.9900,0.70098795,2.11929493,0.30027260,0.34886385,0.86689670,0.65831042
12.0000,0.70068503,2.12010647,0.30045055,0.34901387,0.86737850,0.65822503
12.0100,0.70038270,2.12091711,0.30062842,0.34916373,0.86785997,0.65813960
12.0200,0.70008097,2.12172685,0.30080623,0.34931344,0.86834110,0.65805414
12.0300,0.69977983,2.12253570,0.30098396,0.34946300,0.86882191,0.65796864
12.0400,0.69947928,2.12334366,0.30116163,0.34961241,0.86930239,0.65788310
12.0500,0.69917932,2.12415073,0.30133923,0.34976167,0.86978253,0.65779754
12.0600,0.69887995,2.12495690,0.30151676,0.34991078,0.87026235,0.65771194
12.0700,0.69858117,2.12576218,0.30169423,0.35005974,0.87074183,0.65762631
12.0800,0.69828297,2.12656657,0.30187162,0.35020855,0.87122098,0.65754064
12.0900,0.69798536,2.12737007,0.30204895,0.35035721,0.87169980,0.65745495
12.1000,0.69768834,2.12817267,0.30222620,0.35050572,0.87217830,0.65736922
12.1100,0.69739189,2.12897439,0.30240339,0.35065408,0.87265646,0.65728346
12.1200,0.69709602,2.12977522,0.30258051,0.35080229,0.87313429,0.65719768
12.1300,0.69680074,2.13057516,0.30275755,0.35095035,0.87361179,0.65711186
12.1400,0.69650603,2.13137421,0.30293453,0.35109826,0.87408897,0.65702602
12.1500,0.69621189,2.13217238,0.30311144,0.35124602,0.87456581,0.65694014
12.1600,0.69591834,2.13296965,0.30328829,0.35139364,0.87504233,0.65685424
12.1700,0.69562535,2.13376605,0.30346506,0.35154111,0.87551852,0.65676832
12.1800,0.69533294,2.13456155,0.30364176,0.35168842,0.87599437,0.65668236
12.1900,0.69504110,2.13535617,0.30381839,0.35183559,0.87646990,0.65659638
12.2000,0.69474983,2.13614991,0.30399496,0.35198262,0.87694511,0.65651037
12.2100,0.69445912,2.13694276,0.30417145,0.35212949,0.87741998,0.65642434
12.2200,0.69416898,2.13773472,0.30434788,0.35227621,0.87789452,0.65633828
12.2300,0.69387941,2.13852581,0.30452423,0.35242279,0.87836874,0.65625220
12.2400,0.69359040,2.13931601,0.30470052,0.35256922,0.87884263,0.65616609
12.2500,0.69330196,2.14010533,0.30487673,0.35271550,0.87931620,0.65607996
12.2600,0.69301407,2.14089377,0.30505288,0.35286164,0.87978943,0.65599381
12.2700,0.69272675,2.14168133,0.30522896,0.35300763,0.88026234,0.65590763
12.2800,0.69243998,2.14246801,0.30540496,0.35315347,0.88073492,0.65582144
12.2900,0.69215378,2.14325381,0.30558090,0.35329916,0.88120718,0.65573522
12.3000,0.69186812,2.14403873,0.30575677,0.35344471,0.88167911,0.65564898
12.3100,0.69158303,2.14482277,0.30593257,0.35359011,0.88215071,0.65556271
12.3200,0.69129848,2.14560593,0.30610829,0.35373537,0.88262199,0.65547643
12.3300,0.69101449,2.14638822,0.30628395,0.35388048,0.88309294,0.65539013
12.3400,0.69073105,2.14716963,0.30645954,0.35402544,0.88356356,0.65530381
12.3500,0.69044815,2.14795016,0.30663506,0.35417026,0.88403386,0.65521747
12.3600,0.69016581,2.14872982,0.30681051,0.35431493,0.88450383,0.65513111
12.3700,0.68988401,2.14950861,0.30698588,0.35445945,0.88497348,0.65504473
12.3800,0.68960276,2.15028652,0.30716119,0.35460383,0.88544281,0.65495834
12.3900,0.68932205,2.15106356,0.30733643,0.35474807,0.88591180,0.65487193
12.4000,0.68904188,2.15183972,0.30751160,0.35489216,0.88638048,0.65478550
12.4100,0.68876226,2.15261501,0.30768669,0.35503610,0.88684883,0.65469905
12.4200,0.68848317,2.15338943,0.30786172,0.35517990,0.88731685,0.65461259
12.4300,0.68820463,2.15416298,0.30803667,0.35532355,0.88778455,0.65452612
12.4400,0.68792662,2.15493566,0.30821156,0.35546706,0.88825193,0.65443962
12.4500,0.68764915,2.15570747,0.30838638,0.35561043,0.88871898,0.65435312
12.4600,0.68737221,2.15647841,0.30856112,0.35575365,0.88918571,0.65426660
12.4700,0.68709581,2.15724848,0.30873579,0.35589673,0.88965212,0.65418006
12.4800,0.68681994,2.15801769,0.30891040,0.35603966,0.89011820,0.65409351
12.4900,0.68654460,2.15878602,0.30908493,0.35618245,0.89058396,0.65400695
12.5000,0.68626980,2.15955349,0.30925939,0.35632509,0.89104940,0.65392038
12.5100,0.68599552,2.16032010,0.30943379,0.35646759,0.89151451,0.65383379
12.5200,0.68572176,2.16108583,0.30960811,0.35660995,0.89197931,0.65374719
12.5300,0.68544854,2.16185071,0.30978236,0.35675216,0.89244378,0.65366058
12.5400,0.68517584,2.16261472,0.30995654,0.35689424,0.89290792,0.65357396
12.5500,0.68490366,2.16337786,0.31013065,0.35703616,0.89337175,0.65348733
12.5600,0.68463201,2.16414015,0.31030468,0.35717795,0.89383525,0.65340068
12.5700,0.68436087,2.16490157,0.31047865,0.35731959,0.89429843,0.65331403
12.5800,0.68409026,2.16566213,0.31065255,0.35746109,0.89476129,0.65322737
12.5900,0.68382016,2.16642183,0.31082637,0.35760245,0.89522383,0.65314070
12.6000,0.68355059,2.16718067,0.31100013,0.35774366,0.89568605,0.65305402
12.6100,0.68328153,2.16793865,0.31117381,0.35788474,0.89614795,0.65296733
12.6200,0.68301298,2.16869577,0.31134742,0.35802567,0.89660952,0.65288063
12.6300,0.68274495,2.16945203,0.31152096,0.35816645,0.89707078,0.65279392
12.6400,0.68247743,2.17020743,0.31169443,0.35830710,0.89753172,0.65270721
12.6500,0.68221042,2.17096198,0.31186783,0.35844761,0.89799233,0.65262049
12.6600,0.68194393,2.17171567,0.31204116,0.35858797,0.89845263,0.65253376
12.6700,0.68167794,2.17246851,0.31221442,0.35872819,0.89891260,0.65244703
12.6800,0.68141246,2.17322049,0.31238760,0.35886827,0.89937226,0.65236029
12.6900,0.68114749,2.17397161,0.31256072,0.35900821,0.89983159,0.65227354
12.7000,0.68088302,2.17472188,0.31273376,0.35914801,0.90029061,0.65218679
12.7100,0.68061905,2.17547130,0.31290673,0.35928767,0.90074931,0.65210004
12.7200,0.68035559,2.17621987,0.31307963,0.35942719,0.90120769,0.65201328
12.7300,0.68009264,2.17696759,0.31325246,0.35956657,0.90166575,0.65192651
12.7400,0.67983018,2.17771445,0.31342521,0.35970580,0.90212349,0.65183974
12.7500,0.67956822,2.17846046,0.31359790,0.35984490,0.90258091,0.65175297
12.7600,0.67930676,2.17920563,0.31377051,0.35998386,0.90303802,0.65166620
12.7700,0.67904580,2.17994994,0.31394305,0.36012267,0.90349480,0.65157942
12.7800,0.67878533,2.18069341,0.31411552,0.36026135,0.90395127,0.65149264
12.7900,0.67852536,2.18143603,0.31428792,0.36039989,0.90440742,0.65140585
12.8000,0.67826588,2.18217780,0.31446025,0.36053829,0.90486326,0.65131907
12.8100,0.67800689,2.18291873,0.31463250,0.36067654,0.90531878,0.65123228
12.8200,0.67774840,2.18365881,0.31480469,0.36081466,0.90577397,0.65114549
12.8300,0.67749040,2.18439804,0.31497680,0.36095264,0.90622886,0.65105870
12.8400,0.67723288,2.18513643,0.31514884,0.36109048,0.90668342,0.65097191
12.8500,0.67697585,2.18587398,0.31532081,0.36122819,0.90713767,0.65088512
12.8600,0.67671931,2.18661069,0.31549270,0.36136575,0.90759160,0.65079833
12.8700,0.67646326,2.18734655,0.31566453,0.36150317,0.90804522,0.65071154
12.8800,0.67620769,2.18808157,0.31583628,0.36164046,0.90849852,0.65062474
12.8900,0.67595260,2.18881575,0.31600796,0.36177761,0.90895150,0.65053795
12.9000,0.67569800,2.18954909,0.31617957,0.36191462,0.90940417,0.65045117
12.9100,0.67544387,2.19028159,0.31635110,0.36205149,0.90985652,0.65036438
12.9200,0.67519023,2.19101325,0.31652256,0.36218823,0.91030856,0.65027759
12.9300,0.67493706,2.19174408,0.31669396,0.36232482,0.91076028,0.65019081
12.9400,0.67468438,2.19247406,0.31686528,0.36246128,0.91121169,0.65010403
12.9500,0.67443217,2.19320321,0.31703652,0.36259760,0.91166278,0.65001725
12.9600,0.67418043,2.19393153,0.31720770,0.36273379,0.91211356,0.64993047
12.9700,0.67392917,2.19465900,0.31737880,0.36286983,0.91256402,0.64984370
12.9800,0.67367838,2.19538565,0.31754983,0.36300574,0.91301417,0.64975693
12.9900,0.67342807,2.19611146,0.31772079,0.36314152,0.91346401,0.64967016
13.0000,0.67317822,2.19683644,0.31789168,0.36327715,0.91391353,0.64958340
13.0100,0.67292885,2.19756058,0.31806249,0.36341265,0.91436273,0.64949664
13.0200,0.67267994,2.19828389,0.31823323,0.36354802,0.91481163,0.64940989
13.0300,0.67243150,2.19900637,0.31840390,0.36368324,0.91526021,0.64932314
13.0400,0.67218353,2.19972803,0.31857449,0.36381833,0.91570847,0.64923639
13.0500,0.67193603,2.20044885,0.31874502,0.36395329,0.91615643,0.64914966
13.0600,0.67168898,2.20116884,0.31891547,0.36408811,0.91660407,0.64906292
13.0700,0.67144241,2.20188801,0.31908585,0.36422279,0.91705139,0.64897620
13.0800,0.67119629,2.20260634,0.31925615,0.36435734,0.91749841,0.64888948
13.0900,0.67095064,2.20332385,0.31942639,0.36449175,0.91794511,0.64880276
13.1000,0.67070544,2.20404054,0.31959655,0.36462603,0.91839150,0.64871605
13.1100,0.67046071,2.20475640,0.31976664,0.36476017,0.91883758,0.64862935
13.1200,0.67021643,2.20547143,0.31993665,0.36489417,0.91928335,0.64854266
13.1300,0.66997261,2.20618564,0.32010659,0.36502804,0.91972880,0.64845597
13.1400,0.66972924,2.20689903,0.32027646,0.36516178,0.92017395,0.64836930
13.1500,0.66948633,2.20761159,0.32044626,0.36529538,0.92061878,0.64828263
13.1600,0.66924388,2.20832333,0.32061599,0.36542885,0.92106330,0.64819596
13.1700,0.66900187,2.20903426,0.32078564,0.36556218,0.92150751,0.64810931
13.1800,0.66876032,2.20974436,0.32095522,0.36569538,0.92195141,0.64802266
13.1900,0.66851922,2.21045364,0.32112472,0.36582844,0.92239500,0.64793603
13.2000,0.66827857,2.21116210,0.32129415,0.36596137,0.92283828,0.64784940
13.2100,0.66803837,2.21186975,0.32146351,0.36609417,0.92328124,0.64776278
13.2200,0.66779861,2.21257657,0.32163280,0.36622683,0.92372390,0.64767618
13.2300,0.66755930,2.21328258,0.32180201,0.36635936,0.92416625,0.64758958
13.2400,0.66732044,2.21398778,0.32197115,0.36649175,0.92460829,0.64750299
13.2500,0.66708202,2.21469216,0.32214022,0.36662401,0.92505002,0.64741641
13.2600,0.66684404,2.21539572,0.32230922,0.36675614,0.92549144,0.64732985
13.2700,0.66660651,2.21609847,0.32247814,0.36688814,0.92593255,0.64724329
13.2800,0.66636942,2.21680041,0.32264699,0.36702000,0.92637335,0.64715675
13.2900,0.66613276,2.21750154,0.32281576,0.36715173,0.92681384,0.64707021
13.3000,0.66589655,2.21820185,0.32298446,0.36728333,0.92725402,0.64698369
13.3100,0.66566077,2.21890135,0.32315309,0.36741479,0.92769390,0.64689718
13.3200,0.66542544,2.21960005,0.32332165,0.36754612,0.92813347,0.64681069
13.3300,0.66519054,2.22029793,0.32349013,0.36767732,0.92857272,0.64672420
13.3400,0.66495607,2.22099500,0.32365854,0.36780839,0.92901167,0.64663773
13.3500,0.66472204,2.22169127,0.32382687,0.36793932,0.92945032,0.64655127
13.3600,0.66448844,2.22238673,0.32399514,0.36807013,0.92988865,0.64646482
13.3700,0.66425527,2.22308138,0.32416332,0.36820080,0.93032668,0.64637838
13.3800,0.66402253,2.22377523,0.32433144,0.36833134,0.93076440,0.64629196
13.3900,0.66379023,2.22446827,0.32449948,0.36846175,0.93120181,0.64620556
13.4000,0.66355835,2.22516051,0.32466745,0.36859202,0.93163892,0.64611916
13.4100,0.66332690,2.22585194,0.32483534,0.36872217,0.93207572,0.64603278
13.4200,0.66309588,2.22654258,0.32500317,0.36885218,0.93251221,0.64594642
13.4300,0.66286529,2.22723240,0.32517091,0.36898207,0.93294840,0.64586006
13.4400,0.66263512,2.22792143,0.32533859,0.36911182,0.93338428,0.64577373
13.4500,0.66240537,2.22860966,0.32550619,0.36924144,0.93381986,0.64568741
13.4600,0.66217605,2.22929709,0.32567372,0.36937093,0.93425512,0.64560110
13.4700,0.66194715,2.22998372,0.32584117,0.36950029,0.93469009,0.64551481
13.4800,0.66171867,2.23066955,0.32600855,0.36962953,0.93512474,0.64542853
13.4900,0.66149061,2.23135458,0.32617586,0.36975863,0.93555910,0.64534227
13.5000,0.66126297,2.23203882,0.32634309,0.36988760,0.93599314,0.64525603
13.5100,0.66103575,2.23272226,0.32651025,0.37001644,0.93642689,0.64516980
13.5200,0.66080895,2.23340490,0.32667733,0.37014515,0.93686032,0.64508358
13.5300,0.66058256,2.23408675,0.32684434,0.37027373,0.93729346,0.64499739
13.5400,0.66035659,2.23476781,0.32701128,0.37040218,0.93772628,0.64491121
13.5500,0.66013104,2.23544807,0.32717815,0.37053050,0.93815881,0.64482505
13.5600,0.65990589,2.23612754,0.32734494,0.37065869,0.93859103,0.64473890
13.5700,0.65968116,2.23680622,0.32751165,0.37078676,0.93902294,0.64465277
13.5800,0.65945684,2.23748411,0.32767829,0.37091469,0.93945455,0.64456666
13.5900,0.65923294,2.23816121,0.32784486,0.37104250,0.93988586,0.64448057
13.6000,0.65900944,2.23883752,0.32801136,0.37117017,0.94031687,0.64439449
13.6100,0.65878635,2.23951304,0.32817778,0.37129772,0.94074757,0.64430843
13.6200,0.65856367,2.24018777,0.32834412,0.37142514,0.94117797,0.64422239
13.6300,0.65834139,2.24086172,0.32851040,0.37155243,0.94160806,0.64413637
13.6400,0.65811953,2.24153488,0.32867659,0.37167960,0.94203786,0.64405037
13.6500,0.65789806,2.24220725,0.32884272,0.37180663,0.94246735,0.64396438
13.6600,0.65767701,2.24287884,0.32900877,0.37193354,0.94289654,0.64387841
13.6700,0.65745635,2.24354964,0.32917474,0.37206032,0.94332542,0.64379247
13.6800,0.65723610,2.24421966,0.32934065,0.37218697,0.94375401,0.64370654
13.6900,0.65701625,2.24488890,0.32950647,0.37231349,0.94418229,0.64362063
13.7000,0.65679680,2.24555736,0.32967223,0.37243989,0.94461027,0.64353474
13.7100,0.65657775,2.24622504,0.32983791,0.37256615,0.94503795,0.64344887
13.7200,0.65635909,2.24689193,0.33000351,0.37269230,0.94546532,0.64336302
13.7300,0.65614084,2.24755805,0.33016905,0.37281831,0.94589240,0.64327719
13.7400,0.65592298,2.24822339,0.33033450,0.37294420,0.94631918,0.64319138
13.7500,0.65570552,2.24888795,0.33049989,0.37306996,0.94674565,0.64310559
13.7600,0.65548845,2.24955173,0.33066519,0.37319559,0.94717183,0.64301983
13.7700,0.65527178,2.25021474,0.33083043,0.37332110,0.94759770,0.64293408
13.7800,0.65505550,2.25087697,0.33099559,0.37344648,0.94802327,0.64284835
13.7900,0.65483962,2.25153842,0.33116067,0.37357173,0.94844855,0.64276264
13.8000,0.65462412,2.25219910,0.33132569,0.37369686,0.94887352,0.64267696
13.8100,0.65440902,2.25285901,0.33149062,0.37382186,0.94929819,0.64259130
13.8200,0.65419430,2.25351815,0.33165549,0.37394674,0.94972257,0.64250565
13.8300,0.65397998,2.25417651,0.33182027,0.37407149,0.95014664,0.64242003
13.8400,0.65376604,2.25483410,0.33198499,0.37419611,0.95057042,0.64233443
13.8500,0.65355249,2.25549093,0.33214963,0.37432061,0.95099389,0.64224886
13.8600,0.65333933,2.25614698,0.33231419,0.37444499,0.95141707,0.64216330
13.8700,0.65312655,2.25680226,0.33247868,0.37456923,0.95183995,0.64207777
13.8800,0.65291415,2.25745678,0.33264310,0.37469336,0.95226253,0.64199226
13.8900,0.65270214,2.25811053,0.33280744,0.37481736,0.95268481,0.64190677
13.9000,0.65249052,2.25876351,0.33297171,0.37494123,0.95310679,0.64182131
13.9100,0.65227927,2.25941572,0.33313590,0.37506498,0.95352848,0.64173587
13.9200,0.65206840,2.26006717,0.33330002,0.37518860,0.95394987,0.64165045
13.9300,0.65185792,2.26071786,0.33346406,0.37531210,0.95437096,0.64156505
13.9400,0.65164781,2.26136778,0.33362803,0.37543547,0.95479175,0.64147968
13.9500,0.65143809,2.26201695,0.33379192,0.37555872,0.95521224,0.64139433
13.9600,0.65122874,2.26266534,0.33395574,0.37568185,0.95563244,0.64130900
13.9700,0.65101976,2.26331298,0.33411949,0.37580485,0.95605234,0.64122370
13.9800,0.65081117,2.26395986,0.33428316,0.37592773,0.95647195,0.64113843
13.9900,0.65060295,2.26460598,0.33444675,0.37605048,0.95689125,0.64105317
14.0000,0.65039510,2.26525134,0.33461028,0.37617311,0.95731027,0.64096794
14.0100,0.65018762,2.26589594,0.33477372,0.37629562,0.95772898,0.64088274
14.0200,0.64998052,2.26653978,0.33493709,0.37641800,0.95814740,0.64079755
14.0300,0.64977379,2.26718287,0.33510039,0.37654026,0.95856552,0.64071240
14.0400,0.64956743,2.26782520,0.33526361,0.37666240,0.95898335,0.64062727
14.0500,0.64936144,2.26846678,0.33542676,0.37678441,0.95940088,0.64054216
14.0600,0.64915582,2.26910760,0.33558983,0.37690630,0.95981812,0.64045708
14.0700,0.64895057,2.26974767,0.33575283,0.37702807,0.96023506,0.64037202
14.0800,0.64874568,2.27038698,0.33591575,0.37714971,0.96065170,0.64028699
14.0900,0.64854117,2.27102555,0.33607860,0.37727123,0.96106805,0.64020198
14.1000,0.64833701,2.27166336,0.33624137,0.37739263,0.96148411,0.64011700
14.1100,0.64813323,2.27230042,0.33640407,0.37751391,0.96189987,0.64003205
14.1200,0.64792980,2.27293674,0.33656669,0.37763506,0.96231534,0.63994712
14.1300,0.64772674,2.27357230,0.33672924,0.37775610,0.96273051,0.63986221
14.1400,0.64752405,2.27420712,0.33689172,0.37787701,0.96314539,0.63977734
14.1500,0.64732171,2.27484119,0.33705411,0.37799780,0.96355997,0.63969248
14.1600,0.64711974,2.27547451,0.33721644,0.37811847,0.96397426,0.63960766
14.1700,0.64691812,2.27610709,0.33737869,0.37823901,0.96438826,0.63952286
14.1800,0.64671687,2.27673892,0.33754086,0.37835943,0.96480196,0.63943809
14.1900,0.64651597,2.27737001,0.33770296,0.37847974,0.96521538,0.63935334
14.2000,0.64631543,2.27800035,0.33786498,0.37859992,0.96562849,0.63926862
14.2100,0.64611525,2.27862995,0.33802693,0.37871998,0.96604132,0.63918393
14.2200,0.64591542,2.27925881,0.33818880,0.37883992,0.96645385,0.63909927
14.2300,0.64571595,2.27988693,0.33835060,0.37895974,0.96686609,0.63901463
14.2400,0.64551683,2.28051431,0.33851233,0.37907944,0.96727804,0.63893002
14.2500,0.64531807,2.28114095,0.33867398,0.37919901,0.96768969,0.63884543
14.2600,0.64511966,2.28176685,0.33883555,0.37931847,0.96810106,0.63876088
14.2700,0.64492160,2.28239201,0.33899705,0.37943780,0.96851213,0.63867635
14.2800,0.64472390,2.28301644,0.33915847,0.37955702,0.96892291,0.63859185
14.2900,0.64452654,2.28364013,0.33931982,0.37967612,0.96933340,0.63850738
14.3000,0.64432954,2.28426308,0.33948109,0.37979509,0.96974359,0.63842293
14.3100,0.64413288,2.28488530,0.33964229,0.37991395,0.97015350,0.63833851
14.3200,0.64393657,2.28550678,0.33980341,0.38003268,0.97056311,0.63825412
14.3300,0.64374061,2.28612753,0.33996446,0.38015130,0.97097244,0.63816976
14.3400,0.64354500,2.28674755,0.34012543,0.38026980,0.97138147,0.63808543
14.3500,0.64334973,2.28736684,0.34028633,0.38038817,0.97179022,0.63800113
14.3600,0.64315480,2.28798539,0.34044715,0.38050643,0.97219867,0.63791685
14.3700,0.64296022,2.28860322,0.34060790,0.38062457,0.97260683,0.63783260
14.3800,0.64276599,2.28922031,0.34076857,0.38074259,0.97301470,0.63774839
14.3900,0.64257210,2.28983668,0.34092916,0.38086049,0.97342229,0.63766420
14.4000,0.64237854,2.29045232,0.34108968,0.38097827,0.97382958,0.63758004
14.4100,0.64218533,2.29106723,0.34125013,0.38109593,0.97423658,0.63749591
14.4200,0.64199247,2.29168142,0.34141050,0.38121348,0.97464330,0.63741181
14.4300,0.64179994,2.29229488,0.34157079,0.38133090,0.97504972,0.63732773
14.4400,0.64160775,2.29290762,0.34173101,0.38144821,0.97545586,0.63724369
14.4500,0.64141589,2.29351963,0.34189116,0.38156540,0.97586171,0.63715968
14.4600,0.64122438,2.29413092,0.34205123,0.38168247,0.97626727,0.63707569
14.4700,0.64103320,2.29474148,0.34221122,0.38179942,0.97667254,0.63699174
14.4800,0.64084236,2.29535133,0.34237114,0.38191626,0.97707752,0.63690781
14.4900,0.64065185,2.29596045,0.34253098,0.38203298,0.97748222,0.63682392
14.5000,0.64046168,2.29656886,0.34269075,0.38214958,0.97788662,0.63674006
14.5100,0.64027184,2.29717654,0.34285044,0.38226606,0.97829074,0.63665622
14.5200,0.64008234,2.29778351,0.34301006,0.38238242,0.97869457,0.63657242
14.5300,0.63989317,2.29838975,0.34316960,0.38249867,0.97909812,0.63648864
14.5400,0.63970432,2.29899528,0.34332907,0.38261480,0.97950138,0.63640490
14.5500,0.63951581,2.29960010,0.34348846,0.38273081,0.97990435,0.63632119
14.5600,0.63932763,2.30020420,0.34364777,0.38284671,0.98030703,0.63623750
14.5700,0.63913978,2.30080758,0.34380701,0.38296249,0.98070943,0.63615385
14.5800,0.63895226,2.30141025,0.34396618,0.38307815,0.98111154,0.63607023
14.5900,0.63876507,2.30201221,0.34412526,0.38319370,0.98151336,0.63598664
14.6000,0.63857820,2.30261345,0.34428428,0.38330913,0.98191490,0.63590308
14.6100,0.63839166,2.30321399,0.34444321,0.38342444,0.98231615,0.63581955
14.6200,0.63820544,2.30381381,0.34460208,0.38353964,0.98271711,0.63573606
14.6300,0.63801956,2.30441292,0.34476086,0.38365472,0.98311779,0.63565259
14.6400,0.63783399,2.30501133,0.34491957,0.38376968,0.98351819,0.63556916
14.6500,0.63764875,2.30560902,0.34507821,0.38388453,0.98391830,0.63548575
14.6600,0.63746383,2.30620601,0.34523677,0.38399926,0.98431812,0.63540238
14.6700,0.63727923,2.30680229,0.34539526,0.38411388,0.98471766,0.63531904
14.6800,0.63709496,2.30739786,0.34555366,0.38422838,0.98511691,0.63523573
14.6900,0.63691100,2.30799273,0.34571200,0.38434277,0.98551588,0.63515246
14.7000,0.63672737,2.30858690,0.34587026,0.38445704,0.98591457,0.63506921
14.7100,0.63654405,2.30918036,0.34602844,0.38457119,0.98631297,0.63498600
14.7200,0.63636106,2.30977311,0.34618654,0.38468524,0.98671108,0.63490282
14.7300,0.63617838,2.31036517,0.34634458,0.38479916,0.98710891,0.63481967
14.7400,0.63599602,2.31095652,0.34650253,0.38491297,0.98750646,0.63473655
14.7500,0.63581397,2.31154718,0.34666041,0.38502667,0.98790373,0.63465347
14.7600,0.63563225,2.31213713,0.34681822,0.38514025,0.98830071,0.63457042
14.7700,0.63545083,2.31272638,0.34697594,0.38525372,0.98869741,0.63448740
14.7800,0.63526973,2.31331494,0.34713360,0.38536707,0.98909382,0.63440441
14.7900,0.63508895,2.31390280,0.34729118,0.38548031,0.98948995,0.63432146
14.8000,0.63490848,2.31448996,0.34744868,0.38559343,0.98988580,0.63423854
14.8100,0.63472832,2.31507642,0.34760610,0.38570644,0.99028137,0.63415565
14.8200,0.63454847,2.31566219,0.34776345,0.38581934,0.99067665,0.63407279
14.8300,0.63436893,2.31624727,0.34792073,0.38593212,0.99107165,0.63398997
14.8400,0.63418971,2.31683165,0.34807793,0.38604479,0.99146637,0.63390718
14.8500,0.63401079,2.31741534,0.34823505,0.38615734,0.99186081,0.63382442
14.8600,0.63383218,2.31799833,0.34839210,0.38626978,0.99225497,0.63374170
14.8700,0.63365388,2.31858064,0.34854907,0.38638211,0.99264884,0.63365900
14.8800,0.63347589,2.31916225,0.34870597,0.38649432,0.99304243,0.63357635
14.8900,0.63329821,2.31974317,0.34886279,0.38660643,0.99343574,0.63349372
14.9000,0.63312083,2.32032341,0.34901953,0.38671841,0.99382877,0.63341113
14.9100,0.63294376,2.32090296,0.34917620,0.38683029,0.99422152,0.63332857
14.9200,0.63276699,2.32148181,0.34933280,0.38694205,0.99461399,0.63324605
14.9300,0.63259053,2.32205999,0.34948932,0.38705370,0.99500618,0.63316356
14.9400,0.63241437,2.32263747,0.34964576,0.38716524,0.99539809,0.63308110
14.9500,0.63223851,2.32321427,0.34980212,0.38727666,0.99578971,0.63299868
14.9600,0.63206296,2.32379039,0.34995841,0.38738798,0.99618106,0.63291629
14.9700,0.63188770,2.32436582,0.35011463,0.38749918,0.99657213,0.63283394
14.9800,0.63171275,2.32494057,0.35027077,0.38761026,0.99696291,0.63275162
14.9900,0.63153810,2.32551464,0.35042683,0.38772124,0.99735342,0.63266933
15.0000,0.63136375,2.32608803,0.35058282,0.38783211,0.99774365,0.63258708
15.0100,0.63118970,2.32666073,0.35073873,0.38794286,0.99813360,0.63250486
15.0200,0.63101594,2.32723276,0.35089457,0.38805350,0.99852327,0.63242267
15.0300,0.63084249,2.32780410,0.35105033,0.38816403,0.99891266,0.63234052
15.0400,0.63066933,2.32837477,0.35120601,0.38827444,0.99930177,0.63225841
15.0500,0.63049647,2.32894476,0.35136162,0.38838475,0.99969061,0.63217633
15.0600,0.63032390,2.32951407,0.35151715,0.38849495,1.00007916,0.63209428
15.0700,0.63015163,2.33008271,0.35167261,0.38860503,1.00046744,0.63201227
15.0800,0.62997965,2.33065067,0.35182799,0.38871500,1.00085544,0.63193029
15.0900,0.62980797,2.33121796,0.35198330,0.38882486,1.00124316,0.63184835
15.1000,0.62963658,2.33178458,0.35213853,0.38893462,1.00163060,0.63176644
15.1100,0.62946549,2.33235052,0.35229368,0.38904426,1.00201776,0.63168457
15.1200,0.62929468,2.33291579,0.35244876,0.38915379,1.00240465,0.63160273
15.1300,0.62912417,2.33348038,0.35260376,0.38926321,1.00279126,0.63152093
15.1400,0.62895395,2.33404431,0.35275869,0.38937251,1.00317760,0.63143916
15.1500,0.62878402,2.33460757,0.35291354,0.38948171,1.00356365,0.63135743
15.1600,0.62861437,2.33517016,0.35306831,0.38959080,1.00394943,0.63127573
15.1700,0.62844502,2.33573208,0.35322301,0.38969978,1.00433494,0.63119407
15.1800,0.62827595,2.33629333,0.35337764,0.38980865,1.00472016,0.63111244
15.1900,0.62810718,2.33685391,0.35353218,0.38991741,1.00510511,0.63103085
15.2000,0.62793869,2.33741383,0.35368665,0.39002606,1.00548979,0.63094929
15.2100,0.62777048,2.33797309,0.35384105,0.39013460,1.00587418,0.63086777
15.2200,0.62760256,2.33853168,0.35399537,0.39024303,1.00625831,0.63078629
15.2300,0.62743493,2.33908960,0.35414961,0.39035135,1.00664215,0.63070484
15.2400,0.62726758,2.33964686,0.35430378,0.39045956,1.00702573,0.63062342
15.2500,0.62710052,2.34020346,0.35445787,0.39056766,1.00740902,0.63054204
15.2600,0.62693373,2.34075940,0.35461189,0.39067566,1.00779204,0.63046070
15.2700,0.62676724,2.34131468,0.35476583,0.39078354,1.00817479,0.63037940
15.2800,0.62660102,2.34186930,0.35491969,0.39089132,1.00855726,0.63029813
15.2900,0.62643508,2.34242326,0.35507348,0.39099898,1.00893946,0.63021689
15.3000,0.62626943,2.34297656,0.35522720,0.39110654,1.00932138,0.63013569
15.3100,0.62610406,2.34352920,0.35538083,0.39121399,1.00970303,0.63005453
15.3200,0.62593896,2.34408119,0.35553439,0.39132133,1.01008440,0.62997340
15.3300,0.62577415,2.34463252,0.35568788,0.39142857,1.01046550,0.62989231
15.3400,0.62560961,2.34518319,0.35584129,0.39153569,1.01084633,0.62981126
15.3500,0.62544535,2.34573321,0.35599462,0.39164271,1.01122688,0.62973024
15.3600,0.62528137,2.34628257,0.35614788,0.39174962,1.01160716,0.62964926
15.3700,0.62511767,2.34683129,0.35630106,0.39185642,1.01198717,0.62956831
15.3800,0.62495424,2.34737935,0.35645417,0.39196311,1.01236690,0.62948740
15.3900,0.62479109,2.34792676,0.35660720,0.39206970,1.01274636,0.62940653
15.4000,0.62462821,2.34847351,0.35676015,0.39217618,1.01312554,0.62932570
15.4100,0.62446561,2.34901962,0.35691303,0.39228255,1.01350446,0.62924490
15.4200,0.62430328,2.34956508,0.35706583,0.39238881,1.01388310,0.62916414
15.4300,0.62414122,2.35010989,0.35721856,0.39249497,1.01426147,0.62908341
15.4400,0.62397944,2.35065405,0.35737121,0.39260102,1.01463957,0.62900272
15.4500,0.62381793,2.35119757,0.35752378,0.39270696,1.01501739,0.62892207
15.4600,0.62365669,2.35174044,0.35767628,0.39281280,1.01539495,0.62884145
15.4700,0.62349572,2.35228266,0.35782870,0.39291852,1.01577223,0.62876087
15.4800,0.62333502,2.35282424,0.35798105,0.39302415,1.01614924,0.62868033
15.4900,0.62317459,2.35336517,0.35813332,0.39312966,1.01652598,0.62859983
15.5000,0.62301443,2.35390546,0.35828551,0.39323507,1.01690245,0.62851936
15.5100,0.62285454,2.35444511,0.35843763,0.39334037,1.01727864,0.62843893
15.5200,0.62269491,2.35498412,0.35858968,0.39344557,1.01765457,0.62835854
15.5300,0.62253556,2.35552248,0.35874164,0.39355066,1.01803023,0.62827818
15.5400,0.62237647,2.35606021,0.35889354,0.39365565,1.01840561,0.62819786
15.5500,0.62221765,2.35659729,0.35904535,0.39376052,1.01878073,0.62811758
15.5600,0.62205909,2.35713374,0.35919709,0.39386530,1.01915557,0.62803734
15.5700,0.62190080,2.35766955,0.35934875,0.39396996,1.01953015,0.62795713
15.5800,0.62174277,2.35820472,0.35950034,0.39407453,1.01990445,0.62787696
15.5900,0.62158501,2.35873926,0.35965185,0.39417898,1.02027849,0.62779683
15.6000,0.62142751,2.35927316,0.35980329,0.39428333,1.02065225,0.62771674
15.6100,0.62127027,2.35980642,0.35995465,0.39438758,1.02102575,0.62763668
15.6200,0.62111330,2.36033905,0.36010593,0.39449172,1.02139898,0.62755666
15.6300,0.62095658,2.36087105,0.36025714,0.39459575,1.02177193,0.62747668
15.6400,0.62080013,2.36140241,0.36040828,0.39469968,1.02214462,0.62739673
15.6500,0.62064394,2.36193314,0.36055933,0.39480351,1.02251704,0.62731683
15.6600,0.62048801,2.36246324,0.36071031,0.39490723,1.02288920,0.62723696
15.6700,0.62033234,2.36299271,0.36086122,0.39501085,1.02326108,0.62715713
15.6800,0.62017693,2.36352155,0.36101205,0.39511436,1.02363270,0.62707734
15.6900,0.62002178,2.36404977,0.36116280,0.39521776,1.02400404,0.62699758
15.7000,0.61986688,2.36457735,0.36131348,0.39532107,1.02437512,0.62691787
15.7100,0.61971224,2.36510430,0.36146408,0.39542427,1.02474594,0.62683819
15.7200,0.61955786,2.36563063,0.36161460,0.39552736,1.02511648,0.62675855
15.7300,0.61940374,2.36615634,0.36176505,0.39563035,1.02548676,0.62667894
15.7400,0.61924987,2.36668141,0.36191543,0.39573324,1.02585677,0.62659938
15.7500,0.61909626,2.36720587,0.36206572,0.39583602,1.02622651,0.62651985
15.7600,0.61894290,2.36772969,0.36221594,0.39593870,1.02659599,0.62644036
15.7700,0.61878979,2.36825290,0.36236609,0.39604127,1.02696520,0.62636091
15.7800,0.61863694,2.36877548,0.36251616,0.39614375,1.02733414,0.62628150
15.7900,0.61848435,2.36929745,0.36266615,0.39624611,1.02770282,0.62620213
15.8000,0.61833200,2.36981879,0.36281607,0.39634838,1.02807123,0.62612280
15.8100,0.61817991,2.37033951,0.36296592,0.39645054,1.02843937,0.62604350
15.8200,0.61802807,2.37085961,0.36311568,0.39655260,1.02880725,0.62596424
15.8300,0.61787648,2.37137909,0.36326537,0.39665456,1.02917486,0.62588502
15.8400,0.61772514,2.37189796,0.36341499,0.39675641,1.02954221,0.62580584
15.8500,0.61757405,2.37241621,0.36356453,0.39685816,1.02990929,0.62572670
15.8600,0.61742321,2.37293384,0.36371399,0.39695981,1.03027611,0.62564759
15.8700,0.61727261,2.37345085,0.36386338,0.39706135,1.03064266,0.62556853
15.8800,0.61712227,2.37396725,0.36401269,0.39716280,1.03100894,0.62548950
15.8900,0.61697218,2.37448304,0.36416192,0.39726414,1.03137496,0.62541051
15.9000,0.61682233,2.37499821,0.36431108,0.39736537,1.03174072,0.62533157
15.9100,0.61667273,2.37551277,0.36446017,0.39746651,1.03210621,0.62525266
15.9200,0.61652337,2.37602672,0.36460918,0.39756754,1.03247144,0.62517378
15.9300,0.61637426,2.37654006,0.36475811,0.39766848,1.03283641,0.62509495
15.9400,0.61622540,2.37705279,0.36490697,0.39776931,1.03320111,0.62501616
15.9500,0.61607678,2.37756490,0.36505575,0.39787003,1.03356554,0.62493740
15.9600,0.61592840,2.37807641,0.36520445,0.39797066,1.03392972,0.62485869
15.9700,0.61578027,2.37858731,0.36535308,0.39807119,1.03429362,0.62478001
15.9800,0.61563239,2.37909760,0.36550163,0.39817161,1.03465727,0.62470137
15.9900,0.61548474,2.37960729,0.36565011,0.39827193,1.03502065,0.62462277
16.0000,0.61533734,2.38011637,0.36579851,0.39837215,1.03538377,0.62454421
16.0100,0.61519018,2.38062484,0.36594684,0.39847227,1.03574663,0.62446569
16.0200,0.61504326,2.38113271,0.36609509,0.39857229,1.03610922,0.62438721
16.0300,0.61489658,2.38163997,0.36624326,0.39867221,1.03647156,0.62430877
16.0400,0.61475014,2.38214663,0.36639136,0.39877203,1.03683363,0.62423037
16.0500,0.61460394,2.38265269,0.36653938,0.39887174,1.03719543,0.62415200
16.0600,0.61445798,2.38315815,0.36668733,0.39897136,1.03755698,0.62407368
16.0700,0.61431226,2.38366301,0.36683520,0.39907088,1.03791826,0.62399540
16.0800,0.61416677,2.38416726,0.36698300,0.39917029,1.03827928,0.62391715
16.0900,0.61402153,2.38467092,0.36713072,0.39926961,1.03864004,0.62383894
16.1000,0.61387652,2.38517398,0.36727836,0.39936882,1.03900054,0.62376078
16.1100,0.61373175,2.38567644,0.36742593,0.39946793,1.03936078,0.62368265
16.1200,0.61358721,2.38617830,0.36757342,0.39956695,1.03972076,0.62360456
16.1300,0.61344291,2.38667956,0.36772084,0.39966586,1.04008047,0.62352651
16.1400,0.61329885,2.38718023,0.36786818,0.39976468,1.04043993,0.62344851
16.1500,0.61315502,2.38768031,0.36801545,0.39986339,1.04079912,0.62337054
16.1600,0.61301142,2.38817979,0.36816264,0.39996201,1.04115806,0.62329261
16.1700,0.61286806,2.38867867,0.36830975,0.40006052,1.04151673,0.62321472
16.1800,0.61272493,2.38917697,0.36845679,0.40015894,1.04187514,0.62313687
16.1900,0.61258204,2.38967467,0.36860375,0.40025726,1.04223330,0.62305906
16.2000,0.61243938,2.39017178,0.36875064,0.40035547,1.04259119,0.62298129
16.2100,0.61229695,2.39066829,0.36889745,0.40045359,1.04294883,0.62290356
16.2200,0.61215475,2.39116422,0.36904418,0.40055161,1.04330620,0.62282586
16.2300,0.61201278,2.39165956,0.36919084,0.40064953,1.04366332,0.62274821
16.2400,0.61187104,2.39215431,0.36933743,0.40074736,1.04402017,0.62267060
16.2500,0.61172953,2.39264847,0.36948393,0.40084508,1.04437677,0.62259303
16.2600,0.61158825,2.39314205,0.36963037,0.40094270,1.04473311,0.62251550
16.2700,0.61144720,2.39363504,0.36977672,0.40104023,1.04508919,0.62243801
16.2800,0.61130638,2.39412744,0.36992301,0.40113766,1.04544501,0.62236056
16.2900,0.61116579,2.39461925,0.37006921,0.40123499,1.04580058,0.62228314
16.3000,0.61102542,2.39511049,0.37021534,0.40133222,1.04615588,0.62220577
16.3100,0.61088528,2.39560114,0.37036140,0.40142935,1.04651093,0.62212844
16.3200,0.61074537,2.39609120,0.37050737,0.40152639,1.04686572,0.62205115
16.3300,0.61060569,2.39658068,0.37065328,0.40162332,1.04722025,0.62197390
16.3400,0.61046623,2.39706959,0.37079911,0.40172016,1.04757452,0.62189669
16.3500,0.61032699,2.39755791,0.37094486,0.40181690,1.04792854,0.62181952
16.3600,0.61018798,2.39804565,0.37109053,0.40191355,1.04828230,0.62174239
16.3700,0.61004920,2.39853281,0.37123613,0.40201009,1.04863580,0.62166530
16.3800,0.60991064,2.39901939,0.37138166,0.40210654,1.04898905,0.62158825
16.3900,0.60977230,2.39950540,0.37152711,0.40220289,1.04934204,0.62151123
16.4000,0.60963418,2.39999082,0.37167248,0.40229915,1.04969477,0.62143427
16.4100,0.60949629,2.40047567,0.37181778,0.40239530,1.05004725,0.62135734
16.4200,0.60935862,2.40095995,0.37196300,0.40249136,1.05039947,0.62128045
16.4300,0.60922117,2.40144365,0.37210815,0.40258733,1.05075143,0.62120360
16.4400,0.60908394,2.40192677,0.37225322,0.40268319,1.05110314,0.62112679
16.4500,0.60894694,2.40240932,0.37239822,0.40277896,1.05145459,0.62105002
16.4600,0.60881015,2.40289130,0.37254314,0.40287464,1.05180579,0.62097329
16.4700,0.60867358,2.40337271,0.37268799,0.40297021,1.05215673,0.62089661
16.4800,0.60853724,2.40385354,0.37283276,0.40306569,1.05250742,0.62081996
16.4900,0.60840111,2.40433381,0.37297745,0.40316108,1.05285785,0.62074336
16.5000,0.60826520,2.40481350,0.37312207,0.40325636,1.05320802,0.62066679
16.5100,0.60812950,2.40529262,0.37326661,0.40335155,1.05355794,0.62059027
16.5200,0.60799403,2.40577118,0.37341108,0.40344665,1.05390761,0.62051378
16.5300,0.60785877,2.40624916,0.37355547,0.40354165,1.05425702,0.62043734
16.5400,0.60772373,2.40672658,0.37369979,0.40363655,1.05460618,0.62036093
16.5500,0.60758891,2.40720344,0.37384403,0.40373136,1.05495508,0.62028457
16.5600,0.60745430,2.40767972,0.37398820,0.40382607,1.05530373,0.62020825
16.5700,0.60731990,2.40815544,0.37413229,0.40392068,1.05565213,0.62013197
16.5800,0.60718573,2.40863060,0.37427630,0.40401520,1.05600027,0.62005573
16.5900,0.60705176,2.40910519,0.37442024,0.40410963,1.05634816,0.61997953
16.6000,0.60691801,2.40957922,0.37456411,0.40420396,1.05669579,0.61990337
16.6100,0.60678447,2.41005269,0.37470790,0.40429819,1.05704317,0.61982725
16.6200,0.60665115,2.41052559,0.37485161,0.40439233,1.05739030,0.61975118
16.6300,0.60651804,2.41099794,0.37499525,0.40448638,1.05773718,0.61967514
16.6400,0.60638514,2.41146972,0.37513881,0.40458033,1.05808380,0.61959915
16.6500,0.60625246,2.41194094,0.37528230,0.40467418,1.05843017,0.61952319
16.6600,0.60611998,2.41241161,0.37542571,0.40476794,1.05877629,0.61944728
16.6700,0.60598772,2.41288171,0.37556905,0.40486161,1.05912215,0.61937140
16.6800,0.60585566,2.41335126,0.37571231,0.40495518,1.05946777,0.61929557
16.6900,0.60572382,2.41382025,0.37585549,0.40504865,1.05981313,0.61921978
16.7000,0.60559219,2.41428869,0.37599860,0.40514203,1.06015824,0.61914403
16.7100,0.60546076,2.41475657,0.37614164,0.40523532,1.06050310,0.61906832
16.7200,0.60532955,2.41522389,0.37628460,0.40532852,1.06084770,0.61899266
16.7300,0.60519854,2.41569066,0.37642748,0.40542161,1.06119206,0.61891703
16.7400,0.60506774,2.41615688,0.37657029,0.40551462,1.06153616,0.61884144
16.7500,0.60493715,2.41662254,0.37671303,0.40560753,1.06188002,0.61876590
16.7600,0.60480676,2.41708765,0.37685569,0.40570035,1.06222362,0.61869040
16.7700,0.60467659,2.41755221,0.37699827,0.40579307,1.06256697,0.61861493
16.7800,0.60454662,2.41801622,0.37714078,0.40588570,1.06291007,0.61853951
16.7900,0.60441685,2.41847968,0.37728321,0.40597824,1.06325292,0.61846413
16.8000,0.60428729,2.41894259,0.37742557,0.40607068,1.06359552,0.61838879
16.8100,0.60415794,2.41940495,0.37756785,0.40616303,1.06393787,0.61831350
16.8200,0.60402879,2.41986676,0.37771006,0.40625529,1.06427997,0.61823824
16.8300,0.60389984,2.42032803,0.37785219,0.40634745,1.06462182,0.61816303
16.8400,0.60377110,2.42078875,0.37799425,0.40643952,1.06496342,0.61808785
16.8500,0.60364256,2.42124892,0.37813623,0.40653150,1.06530477,0.61801272
16.8600,0.60351423,2.42170855,0.37827814,0.40662339,1.06564588,0.61793763
16.8700,0.60338610,2.42216763,0.37841997,0.40671518,1.06598673,0.61786258
16.8800,0.60325817,2.42262617,0.37856173,0.40680688,1.06632733,0.61778757
16.8900,0.60313044,2.42308417,0.37870341,0.40689849,1.06666769,0.61771260
16.9000,0.60300291,2.42354162,0.37884502,0.40699000,1.06700779,0.61763768
16.9100,0.60287559,2.42399853,0.37898655,0.40708142,1.06734765,0.61756279
16.9200,0.60274846,2.42445490,0.37912800,0.40717275,1.06768726,0.61748795
16.9300,0.60262153,2.42491073,0.37926938,0.40726399,1.06802662,0.61741315
16.9400,0.60249481,2.42536602,0.37941069,0.40735513,1.06836574,0.61733839
16.9500,0.60236828,2.42582077,0.37955192,0.40744619,1.06870460,0.61726367
16.9600,0.60224196,2.42627498,0.37969308,0.40753715,1.06904322,0.61718899
16.9700,0.60211583,2.42672866,0.37983416,0.40762802,1.06938159,0.61711436
16.9800,0.60198990,2.42718180,0.37997516,0.40771880,1.06971971,0.61703976
16.9900,0.60186417,2.42763440,0.38011610,0.40780948,1.07005759,0.61696521
17.0000,0.60173863,2.42808646,0.38025695,0.40790008,1.07039522,0.61689070
17.0100,0.60161329,2.42853799,0.38039773,0.40799058,1.07073260,0.61681623
17.0200,0.60148815,2.42898898,0.38053844,0.40808099,1.07106973,0.61674180
17.0300,0.60136321,2.42943945,0.38067907,0.40817131,1.07140662,0.61666741
17.0400,0.60123846,2.42988937,0.38081962,0.40826154,1.07174326,0.61659307
17.0500,0.60111391,2.43033877,0.38096011,0.40835168,1.07207966,0.61651877
17.0600,0.60098955,2.43078763,0.38110051,0.40844173,1.07241581,0.61644450
17.0700,0.60086538,2.43123597,0.38124084,0.40853168,1.07275171,0.61637028
17.0800,0.60074142,2.43168377,0.38138110,0.40862155,1.07308737,0.61629611
17.0900,0.60061764,2.43213104,0.38152128,0.40871132,1.07342278,0.61622197
17.1000,0.60049406,2.43257778,0.38166139,0.40880101,1.07375794,0.61614787
17.1100,0.60037067,2.43302400,0.38180142,0.40889060,1.07409286,0.61607382
17.1200,0.60024747,2.43346968,0.38194137,0.40898010,1.07442754,0.61599981
17.1300,0.60012447,2.43391484,0.38208126,0.40906952,1.07476197,0.61592584
17.1400,0.60000166,2.43435948,0.38222106,0.40915884,1.07509615,0.61585191
17.1500,0.59987904,2.43480358,0.38236080,0.40924807,1.07543009,0.61577803
17.1600,0.59975661,2.43524717,0.38250045,0.40933721,1.07576379,0.61570418
17.1700,0.59963437,2.43569022,0.38264004,0.40942627,1.07609724,0.61563038
17.1800,0.59951232,2.43613276,0.38277954,0.40951523,1.07643045,0.61555662
17.1900,0.59939046,2.43657477,0.38291898,0.40960410,1.07676341,0.61548290
17.2000,0.59926880,2.43701626,0.38305833,0.40969288,1.07709613,0.61540922
17.2100,0.59914732,2.43745722,0.38319762,0.40978158,1.07742860,0.61533559
17.2200,0.59902603,2.43789767,0.38333683,0.40987018,1.07776084,0.61526199
17.2300,0.59890493,2.43833759,0.38347596,0.40995869,1.07809282,0.61518844
17.2400,0.59878402,2.43877700,0.38361502,0.41004712,1.07842457,0.61511493
17.2500,0.59866329,2.43921588,0.38375400,0.41013545,1.07875607,0.61504146
17.2600,0.59854275,2.43965425,0.38389291,0.41022370,1.07908733,0.61496804
17.2700,0.59842240,2.44009210,0.38403175,0.41031186,1.07941834,0.61489465
17.2800,0.59830224,2.44052943,0.38417051,0.41039992,1.07974911,0.61482131
17.2900,0.59818226,2.44096624,0.38430920,0.41048790,1.08007964,0.61474801
17.3000,0.59806247,2.44140254,0.38444781,0.41057579,1.08040993,0.61467475
17.3100,0.59794286,2.44183833,0.38458634,0.41066359,1.08073997,0.61460154
17.3200,0.59782344,2.44227360,0.38472481,0.41075131,1.08106978,0.61452836
17.3300,0.59770421,2.44270835,0.38486319,0.41083893,1.08139934,0.61445523
17.3400,0.59758516,2.44314259,0.38500151,0.41092647,1.08172866,0.61438214
17.3500,0.59746629,2.44357632,0.38513974,0.41101391,1.08205773,0.61430909
17.3600,0.59734761,2.44400954,0.38527791,0.41110127,1.08238657,0.61423609
17.3700,0.59722911,2.44444225,0.38541600,0.41118854,1.08271516,0.61416312
17.3800,0.59711079,2.44487444,0.38555401,0.41127573,1.08304352,0.61409020
17.3900,0.59699266,2.44530613,0.38569195,0.41136282,1.08337163,0.61401732
17.4000,0.59687470,2.44573730,0.38582982,0.41144983,1.08369950,0.61394448
17.4100,0.59675693,2.44616797,0.38596761,0.41153675,1.08402713,0.61387168
17.4200,0.59663935,2.44659813,0.38610533,0.41162358,1.08435452,0.61379893
17.4300,0.59652194,2.44702778,0.38624297,0.41171032,1.08468167,0.61372622
17.4400,0.59640471,2.44745692,0.38638054,0.41179698,1.08500857,0.61365355
17.4500,0.59628767,2.44788556,0.38651803,0.41188354,1.08533524,0.61358092
17.4600,0.59617080,2.44831369,0.38665545,0.41197003,1.08566167,0.61350834
17.4700,0.59605412,2.44874132,0.38679279,0.41205642,1.08598786,0.61343579
17.4800,0.59593761,2.44916844,0.38693006,0.41214272,1.08631381,0.61336329
17.4900,0.59582129,2.44959506,0.38706726,0.41222894,1.08663952,0.61329083
17.5000,0.59570514,2.45002118,0.38720438,0.41231508,1.08696499,0.61321842
17.5100,0.59558917,2.45044679,0.38734143,0.41240112,1.08729022,0.61314604
17.5200,0.59547338,2.45087190,0.38747840,0.41248708,1.08761521,0.61307371
17.5300,0.59535776,2.45129652,0.38761530,0.41257295,1.08793996,0.61300142
17.5400,0.59524233,2.45172063,0.38775212,0.41265873,1.08826447,0.61292917
17.5500,0.59512707,2.45214424,0.38788887,0.41274443,1.08858875,0.61285697
17.5600,0.59501199,2.45256735,0.38802555,0.41283004,1.08891279,0.61278480
17.5700,0.59489708,2.45298996,0.38816215,0.41291557,1.08923658,0.61271268
17.5800,0.59478235,2.45341208,0.38829868,0.41300101,1.08956014,0.61264060
17.5900,0.59466780,2.45383370,0.38843513,0.41308636,1.08988347,0.61256857
17.6000,0.59455342,2.45425482,0.38857151,0.41317163,1.09020655,0.61249657
17.6100,0.59443921,2.45467544,0.38870781,0.41325681,1.09052940,0.61242462
17.6200,0.59432518,2.45509557,0.38884404,0.41334190,1.09085201,0.61235271
17.6300,0.59421133,2.45551521,0.38898020,0.41342691,1.09117438,0.61228085
17.6400,0.59409765,2.45593435,0.38911628,0.41351183,1.09149651,0.61220902
17.6500,0.59398414,2.45635300,0.38925229,0.41359667,1.09181841,0.61213724
17.6600,0.59387080,2.45677115,0.38938822,0.41368142,1.09214007,0.61206550
17.6700,0.59375764,2.45718881,0.38952408,0.41376608,1.09246149,0.61199380
17.6800,0.59364465,2.45760598,0.38965987,0.41385066,1.09278268,0.61192214
17.6900,0.59353184,2.45802266,0.38979558,0.41393515,1.09310363,0.61185053
17.7000,0.59341919,2.45843885,0.38993121,0.41401956,1.09342434,0.61177896
17.7100,0.59330672,2.45885455,0.39006678,0.41410389,1.09374482,0.61170743
17.7200,0.59319442,2.45926976,0.39020227,0.41418812,1.09406506,0.61163594
17.7300,0.59308229,2.45968448,0.39033768,0.41427228,1.09438506,0.61156450
17.7400,0.59297033,2.46009872,0.39047302,0.41435635,1.09470483,0.61149310
17.7500,0.59285854,2.46051247,0.39060829,0.41444033,1.09502437,0.61142174
17.7600,0.59274692,2.46092573,0.39074348,0.41452423,1.09534366,0.61135042
17.7700,0.59263547,2.46133850,0.39087860,0.41460804,1.09566273,0.61127915
17.7800,0.59252419,2.46175079,0.39101365,0.41469177,1.09598155,0.61120792
17.7900,0.59241308,2.46216259,0.39114862,0.41477541,1.09630015,0.61113673
17.8000,0.59230213,2.46257391,0.39128352,0.41485897,1.09661851,0.61106558
17.8100,0.59219136,2.46298475,0.39141834,0.41494245,1.09693663,0.61099448
17.8200,0.59208075,2.46339510,0.39155309,0.41502584,1.09725452,0.61092341
17.8300,0.59197031,2.46380498,0.39168777,0.41510915,1.09757217,0.61085239
17.8400,0.59186004,2.46421437,0.39182237,0.41519237,1.09788959,0.61078142
17.8500,0.59174993,2.46462327,0.39195690,0.41527551,1.09820678,0.61071048
17.8600,0.59164000,2.46503170,0.39209135,0.41535857,1.09852373,0.61063959
17.8700,0.59153022,2.46543965,0.39222573,0.41544154,1.09884045,0.61056874
17.8800,0.59142062,2.46584712,0.39236004,0.41552442,1.09915693,0.61049793
17.8900,0.59131118,2.46625411,0.39249427,0.41560723,1.09947318,0.61042717
17.9000,0.59120190,2.46666062,0.39262843,0.41568995,1.09978920,0.61035645
17.9100,0.59109279,2.46706666,0.39276252,0.41577258,1.10010498,0.61028577
17.9200,0.59098385,2.46747222,0.39289653,0.41585514,1.10042053,0.61021513
17.9300,0.59087507,2.46787730,0.39303047,0.41593760,1.10073585,0.61014454
17.9400,0.59076645,2.46828191,0.39316433,0.41601999,1.10105094,0.61007398
17.9500,0.59065800,2.46868604,0.39329812,0.41610229,1.10136579,0.61000347
17.9600,0.59054971,2.46908970,0.39343184,0.41618451,1.10168041,0.60993301
17.9700,0.59044158,2.46949288,0.39356548,0.41626665,1.10199480,0.60986258
17.9800,0.59033362,2.46989559,0.39369905,0.41634870,1.10230895,0.60979220
17.9900,0.59022582,2.47029783,0.39383255,0.41643067,1.10262288,0.60972186
18.0000,0.59011818,2.47069960,0.39396597,0.41651256,1.10293657,0.60965156
18.0100,0.59001071,2.47110089,0.39409932,0.41659437,1.10325003,0.60958131
18.0200,0.58990339,2.47150172,0.39423260,0.41667609,1.10356326,0.60951110
18.0300,0.58979624,2.47190207,0.39436580,0.41675773,1.10387626,0.60944093
18.0400,0.58968924,2.47230196,0.39449893,0.41683929,1.10418902,0.60937080
18.0500,0.58958241,2.47270137,0.39463199,0.41692076,1.10450156,0.60930072
18.0600,0.58947574,2.47310032,0.39476497,0.41700215,1.10481386,0.60923068
18.0700,0.58936923,2.47349880,0.39489788,0.41708347,1.10512593,0.60916068
18.0800,0.58926288,2.47389682,0.39503071,0.41716469,1.10543778,0.60909072
18.0900,0.58915669,2.47429436,0.39516347,0.41724584,1.10574939,0.60902081
18.1000,0.58905065,2.47469145,0.39529616,0.41732690,1.10606077,0.60895094
18.1100,0.58894478,2.47508806,0.39542877,0.41740789,1.10637192,0.60888111
18.1200,0.58883907,2.47548421,0.39556132,0.41748879,1.10668284,0.60881132
18.1300,0.58873351,2.47587990,0.39569378,0.41756961,1.10699353,0.60874158
18.1400,0.58862811,2.47627512,0.39582618,0.41765034,1.10730399,0.60867188
18.1500,0.58852287,2.47666988,0.39595850,0.41773100,1.10761422,0.60860222
18.1600,0.58841778,2.47706418,0.39609075,0.41781157,1.10792423,0.60853260
18.1700,0.58831286,2.47745802,0.39622292,0.41789207,1.10823400,0.60846303
18.1800,0.58820809,2.47785140,0.39635502,0.41797248,1.10854354,0.60839350
18.1900,0.58810347,2.47824431,0.39648705,0.41805281,1.10885286,0.60832401
18.2000,0.58799901,2.47863677,0.39661901,0.41813306,1.10916194,0.60825457
18.2100,0.58789471,2.47902876,0.39675089,0.41821323,1.10947080,0.60818517
18.2200,0.58779057,2.47942030,0.39688270,0.41829331,1.10977943,0.60811581
18.2300,0.58768658,2.47981138,0.39701443,0.41837332,1.11008783,0.60804649
18.2400,0.58758274,2.48020200,0.39714610,0.41845324,1.11039600,0.60797722
18.2500,0.58747906,2.48059217,0.39727768,0.41853309,1.11070394,0.60790799
18.2600,0.58737553,2.48098188,0.39740920,0.41861285,1.11101166,0.60783880
18.2700,0.58727216,2.48137113,0.39754064,0.41869254,1.11131914,0.60776965
18.2800,0.58716894,2.48175993,0.39767201,0.41877214,1.11162640,0.60770055
18.2900,0.58706587,2.48214827,0.39780331,0.41885166,1.11193344,0.60763149
18.3000,0.58696296,2.48253616,0.39793453,0.41893110,1.11224024,0.60756247
18.3100,0.58686020,2.48292360,0.39806569,0.41901046,1.11254682,0.60749349
18.3200,0.58675759,2.48331058,0.39819676,0.41908975,1.11285317,0.60742456
18.3300,0.58665514,2.48369711,0.39832777,0.41916895,1.11315929,0.60735567
18.3400,0.58655284,2.48408319,0.39845870,0.41924807,1.11346519,0.60728682
18.3500,0.58645069,2.48446882,0.39858956,0.41932711,1.11377086,0.60721802
18.3600,0.58634869,2.48485399,0.39872034,0.41940607,1.11407630,0.60714925
18.3700,0.58624684,2.48523872,0.39885106,0.41948495,1.11438152,0.60708053
18.3800,0.58614514,2.48562300,0.39898170,0.41956376,1.11468651,0.60701186
18.3900,0.58604360,2.48600683,0.39911226,0.41964248,1.11499127,0.60694322
18.4000,0.58594220,2.48639021,0.39924276,0.41972112,1.11529581,0.60687463
18.4100,0.58584095,2.48677314,0.39937318,0.41979968,1.11560012,0.60680608
18.4200,0.58573986,2.48715563,0.39950353,0.41987817,1.11590421,0.60673758
18.4300,0.58563891,2.48753767,0.39963380,0.41995657,1.11620807,0.60666911
18.4400,0.58553811,2.48791926,0.39976401,0.42003490,1.11651170,0.60660069
18.4500,0.58543746,2.48830041,0.39989414,0.42011314,1.11681512,0.60653232
18.4600,0.58533696,2.48868112,0.40002420,0.42019131,1.11711830,0.60646398
18.4700,0.58523661,2.48906138,0.40015418,0.42026940,1.11742126,0.60639569
18.4800,0.58513641,2.48944120,0.40028409,0.42034741,1.11772400,0.60632744
18.4900,0.58503635,2.48982057,0.40041393,0.42042534,1.11802651,0.60625923
18.5000,0.58493644,2.49019950,0.40054370,0.42050319,1.11832879,0.60619107
18.5100,0.58483668,2.49057799,0.40067339,0.42058097,1.11863086,0.60612295
18.5200,0.58473707,2.49095604,0.40080302,0.42065866,1.11893269,0.60605487
18.5300,0.58463760,2.49133365,0.40093256,0.42073628,1.11923431,0.60598683
18.5400,0.58453828,2.49171081,0.40106204,0.42081381,1.11953570,0.60591884
18.5500,0.58443911,2.49208754,0.40119144,0.42089127,1.11983687,0.60585089
18.5600,0.58434008,2.49246383,0.40132078,0.42096865,1.12013781,0.60578298
18.5700,0.58424119,2.49283968,0.40145003,0.42104596,1.12043853,0.60571511
18.5800,0.58414245,2.49321509,0.40157922,0.42112318,1.12073902,0.60564729
18.5900,0.58404386,2.49359007,0.40170833,0.42120033,1.12103930,0.60557951
18.6000,0.58394541,2.49396461,0.40183738,0.42127740,1.12133934,0.60551177
18.6100,0.58384711,2.49433871,0.40196634,0.42135439,1.12163917,0.60544408
18.6200,0.58374895,2.49471237,0.40209524,0.42143130,1.12193878,0.60537643
18.6300,0.58365093,2.49508561,0.40222406,0.42150814,1.12223816,0.60530882
18.6400,0.58355306,2.49545840,0.40235282,0.42158489,1.12253732,0.60524125
18.6500,0.58345533,2.49583077,0.40248149,0.42166157,1.12283625,0.60517373
18.6600,0.58335775,2.49620270,0.40261010,0.42173818,1.12313497,0.60510625
18.6700,0.58326031,2.49657419,0.40273864,0.42181470,1.12343346,0.60503881
18.6800,0.58316301,2.49694526,0.40286710,0.42189115,1.12373173,0.60497141
18.6900,0.58306585,2.49731589,0.40299549,0.42196752,1.12402978,0.60490406
18.7000,0.58296883,2.49768609,0.40312381,0.42204381,1.12432760,0.60483675
18.7100,0.58287196,2.49805586,0.40325205,0.42212003,1.12462521,0.60476948
18.7200,0.58277523,2.49842521,0.40338022,0.42219617,1.12492259,0.60470226
18.7300,0.58267864,2.49879412,0.40350832,0.42227223,1.12521976,0.60463508
18.7400,0.58258219,2.49916260,0.40363635,0.42234822,1.12551670,0.60456794
18.7500,0.58248588,2.49953066,0.40376431,0.42242413,1.12581342,0.60450084
18.7600,0.58238971,2.49989828,0.40389219,0.42249996,1.12610992,0.60443379
18.7700,0.58229368,2.50026548,0.40402001,0.42257571,1.12640620,0.60436677
18.7800,0.58219780,2.50063226,0.40414775,0.42265139,1.12670226,0.60429981
18.7900,0.58210205,2.50099860,0.40427541,0.42272699,1.12699810,0.60423288
18.8000,0.58200644,2.50136453,0.40440301,0.42280252,1.12729372,0.60416600
18.8100,0.58191097,2.50173002,0.40453053,0.42287797,1.12758912,0.60409916
18.8200,0.58181564,2.50209509,0.40465799,0.42295334,1.12788429,0.60403236
18.8300,0.58172045,2.50245974,0.40478537,0.42302864,1.12817925,0.60396560
18.8400,0.58162539,2.50282397,0.40491267,0.42310386,1.12847399,0.60389889
18.8500,0.58153048,2.50318777,0.40503991,0.42317901,1.12876851,0.60383222
18.8600,0.58143570,2.50355115,0.40516707,0.42325407,1.12906281,0.60376560
18.8700,0.58134106,2.50391411,0.40529416,0.42332907,1.12935690,0.60369901
18.8800,0.58124656,2.50427664,0.40542118,0.42340398,1.12965076,0.60363247
18.8900,0.58115219,2.50463876,0.40554813,0.42347883,1.12994440,0.60356597
18.9000,0.58105796,2.50500046,0.40567501,0.42355359,1.13023783,0.60349952
18.9100,0.58096387,2.50536173,0.40580181,0.42362828,1.13053103,0.60343310
18.9200,0.58086992,2.50572259,0.40592855,0.42370290,1.13082402,0.60336673
18.9300,0.58077610,2.50608303,0.40605521,0.42377744,1.13111679,0.60330040
18.9400,0.58068242,2.50644305,0.40618180,0.42385190,1.13140934,0.60323412
18.9500,0.58058887,2.50680265,0.40630831,0.42392629,1.13170168,0.60316788
18.9600,0.58049546,2.50716184,0.40643476,0.42400060,1.13199379,0.60310168
18.9700,0.58040218,2.50752061,0.40656113,0.42407484,1.13228569,0.60303552
18.9800,0.58030904,2.50787897,0.40668743,0.42414901,1.13257737,0.60296940
18.9900,0.58021603,2.50823691,0.40681367,0.42422309,1.13286883,0.60290333
19.0000,0.58012316,2.50859443,0.40693982,0.42429711,1.13316008,0.60283730
19.0100,0.58003042,2.50895154,0.40706591,0.42437105,1.13345111,0.60277132
19.0200,0.57993781,2.50930824,0.40719193,0.42444491,1.13374192,0.60270537
19.0300,0.57984534,2.50966453,0.40731787,0.42451870,1.13403251,0.60263947
19.0400,0.57975300,2.51002040,0.40744374,0.42459242,1.13432289,0.60257361
19.0500,0.57966080,2.51037586,0.40756954,0.42466606,1.13461305,0.60250780
19.0600,0.57956873,2.51073091,0.40769527,0.42473962,1.13490300,0.60244202
19.0700,0.57947679,2.51108554,0.40782093,0.42481311,1.13519273,0.60237629
19.0800,0.57938498,2.51143977,0.40794652,0.42488653,1.13548224,0.60231060
19.0900,0.57929331,2.51179359,0.40807203,0.42495987,1.13577154,0.60224496
19.1000,0.57920176,2.51214700,0.40819748,0.42503314,1.13606062,0.60217936
19.1100,0.57911035,2.51250000,0.40832285,0.42510634,1.13634948,0.60211380
19.1200,0.57901907,2.51285259,0.40844815,0.42517946,1.13663813,0.60204828
19.1300,0.57892792,2.51320477,0.40857338,0.42525251,1.13692656,0.60198280
19.1400,0.57883691,2.51355655,0.40869853,0.42532548,1.13721478,0.60191737
19.1500,0.57874602,2.51390792,0.40882362,0.42539838,1.13750278,0.60185198
19.1600,0.57865526,2.51425888,0.40894864,0.42547120,1.13779057,0.60178663
19.1700,0.57856464,2.51460944,0.40907358,0.42554396,1.13807815,0.60172133
19.1800,0.57847414,2.51495959,0.40919845,0.42561663,1.13836550,0.60165607
19.1900,0.57838378,2.51530934,0.40932325,0.42568924,1.13865265,0.60159085
19.2000,0.57829354,2.51565868,0.40944798,0.42576177,1.13893958,0.60152567
19.2100,0.57820343,2.51600762,0.40957264,0.42583423,1.13922629,0.60146054
19.2200,0.57811346,2.51635616,0.40969723,0.42590661,1.13951279,0.60139545
19.2300,0.57802361,2.51670430,0.40982175,0.42597893,1.13979908,0.60133040
19.2400,0.57793389,2.51705203,0.40994619,0.42605116,1.14008515,0.60126539
19.2500,0.57784429,2.51739936,0.41007057,0.42612333,1.14037101,0.60120043
19.2600,0.57775483,2.51774629,0.41019487,0.42619542,1.14065666,0.60113551
19.2700,0.57766549,2.51809282,0.41031910,0.42626744,1.14094209,0.60107063
19.2800,0.57757628,2.51843895,0.41044326,0.42633939,1.14122731,0.60100579
19.2900,0.57748720,2.51878469,0.41056735,0.42641126,1.14151231,0.60094100
19.3000,0.57739825,2.51913002,0.41069137,0.42648307,1.14179711,0.60087625
19.3100,0.57730942,2.51947495,0.41081532,0.42655480,1.14208169,0.60081154
19.3200,0.57722072,2.51981949,0.41093920,0.42662645,1.14236605,0.60074688
19.3300,0.57713215,2.52016363,0.41106300,0.42669804,1.14265021,0.60068225
19.3400,0.57704370,2.52050737,0.41118674,0.42676955,1.14293415,0.60061767
19.3500,0.57695538,2.52085072,0.41131040,0.42684099,1.14321788,0.60055313
19.3600,0.57686718,2.52119367,0.41143400,0.42691235,1.14350140,0.60048864
19.3700,0.57677911,2.52153623,0.41155752,0.42698365,1.14378470,0.60042419
19.3800,0.57669117,2.52187839,0.41168097,0.42705487,1.14406779,0.60035978
19.3900,0.57660335,2.52222015,0.41180435,0.42712602,1.14435067,0.60029541
19.4000,0.57651566,2.52256153,0.41192766,0.42719710,1.14463334,0.60023108
19.4100,0.57642809,2.52290251,0.41205090,0.42726811,1.14491580,0.60016680
19.4200,0.57634064,2.52324309,0.41217407,0.42733905,1.14519805,0.60010256
19.4300,0.57625332,2.52358329,0.41229717,0.42740991,1.14548008,0.60003836
19.4400,0.57616612,2.52392309,0.41242019,0.42748070,1.14576191,0.59997421
19.4500,0.57607905,2.52426251,0.41254315,0.42755142,1.14604352,0.59991009
19.4600,0.57599210,2.52460153,0.41266604,0.42762207,1.14632492,0.59984602
19.4700,0.57590527,2.52494016,0.41278885,0.42769265,1.14660612,0.59978200
19.4800,0.57581857,2.52527840,0.41291160,0.42776315,1.14688710,0.59971801
19.4900,0.57573199,2.52561625,0.41303427,0.42783359,1.14716787,0.59965407
19.5000,0.57564553,2.52595372,0.41315687,0.42790395,1.14744843,0.59959017
19.5100,0.57555920,2.52629080,0.41327941,0.42797425,1.14772878,0.59952631
19.5200,0.57547298,2.52662749,0.41340187,0.42804447,1.14800892,0.59946249
19.5300,0.57538689,2.52696379,0.41352426,0.42811462,1.14828885,0.59939872
19.5400,0.57530092,2.52729970,0.41364658,0.42818470,1.14856857,0.59933499
19.5500,0.57521507,2.52763523,0.41376883,0.42825471,1.14884808,0.59927130
19.5600,0.57512935,2.52797038,0.41389102,0.42832464,1.14912738,0.59920766
19.5700,0.57504374,2.52830514,0.41401313,0.42839451,1.14940648,0.59914405
19.5800,0.57495826,2.52863951,0.41413517,0.42846431,1.14968536,0.59908049
19.5900,0.57487289,2.52897350,0.41425714,0.42853403,1.14996404,0.59901697
19.6000,0.57478765,2.52930711,0.41437903,0.42860369,1.15024250,0.59895350
19.6100,0.57470253,2.52964033,0.41450086,0.42867327,1.15052076,0.59889006
19.6200,0.57461753,2.52997317,0.41462262,0.42874279,1.15079881,0.59882667
19.6300,0.57453264,2.53030563,0.41474431,0.42881223,1.15107665,0.59876332
19.6400,0.57444788,2.53063771,0.41486593,0.42888161,1.15135428,0.59870002
19.6500,0.57436323,2.53096941,0.41498748,0.42895091,1.15163170,0.59863675
19.6600,0.57427871,2.53130072,0.41510895,0.42902015,1.15190892,0.59857353
19.6700,0.57419430,2.53163166,0.41523036,0.42908931,1.15218592,0.59851035
19.6800,0.57411002,2.53196221,0.41535170,0.42915840,1.15246272,0.59844721
19.6900,0.57402585,2.53229239,0.41547297,0.42922743,1.15273931,0.59838412
19.7000,0.57394180,2.53262219,0.41559416,0.42929638,1.15301570,0.59832107
19.7100,0.57385787,2.53295161,0.41571529,0.42936527,1.15329188,0.59825806
19.7200,0.57377405,2.53328065,0.41583635,0.42943408,1.15356785,0.59819509
19.7300,0.57369035,2.53360932,0.41595733,0.42950283,1.15384361,0.59813216
19.7400,0.57360678,2.53393761,0.41607825,0.42957150,1.15411916,0.59806928
19.7500,0.57352331,2.53426552,0.41619910,0.42964011,1.15439451,0.59800644
19.7600,0.57343997,2.53459306,0.41631988,0.42970865,1.15466966,0.59794364
19.7700,0.57335674,2.53492022,0.41644058,0.42977711,1.15494459,0.59788088
19.7800,0.57327363,2.53524701,0.41656122,0.42984551,1.15521932,0.59781817
19.7900,0.57319063,2.53557343,0.41668179,0.42991384,1.15549384,0.59775550
19.8000,0.57310776,2.53589947,0.41680229,0.42998210,1.15576816,0.59769287
19.8100,0.57302499,2.53622513,0.41692271,0.43005029,1.15604227,0.59763028
19.8200,0.57294235,2.53655043,0.41704307,0.43011842,1.15631618,0.59756774
19.8300,0.57285981,2.53687535,0.41716336,0.43018647,1.15658988,0.59750524
19.8400,0.57277740,2.53719990,0.41728358,0.43025445,1.15686337,0.59744277
19.8500,0.57269510,2.53752408,0.41740373,0.43032237,1.15713666,0.59738036
19.8600,0.57261291,2.53784789,0.41752380,0.43039022,1.15740974,0.59731798
19.8700,0.57253084,2.53817132,0.41764381,0.43045800,1.15768262,0.59725565
19.8800,0.57244889,2.53849439,0.41776375,0.43052571,1.15795529,0.59719336
19.8900,0.57236704,2.53881709,0.41788362,0.43059335,1.15822776,0.59713111
19.9000,0.57228532,2.53913942,0.41800342,0.43066092,1.15850002,0.59706890
19.9100,0.57220370,2.53946138,0.41812315,0.43072842,1.15877208,0.59700673
19.9200,0.57212220,2.53978298,0.41824281,0.43079586,1.15904394,0.59694461
19.9300,0.57204082,2.54010420,0.41836241,0.43086323,1.15931559,0.59688253
19.9400,0.57195954,2.54042506,0.41848193,0.43093053,1.15958703,0.59682049
19.9500,0.57187838,2.54074556,0.41860138,0.43099776,1.15985827,0.59675850
19.9600,0.57179734,2.54106568,0.41872076,0.43106493,1.16012931,0.59669654
19.9700,0.57171640,2.54138544,0.41884008,0.43113202,1.16040014,0.59663463
19.9800,0.57163558,2.54170484,0.41895932,0.43119905,1.16067077,0.59657276
19.9900,0.57155487,2.54202387,0.41907850,0.43126601,1.16094120,0.59651093
20.0000,0.57147427,2.54234254,0.41919760,0.43133290,1.16121142,0.59644915
20.0100,0.57139379,2.54266085,0.41931664,0.43139973,1.16148144,0.59638740
20.0200,0.57131341,2.54297879,0.41943560,0.43146649,1.16175126,0.59632570
20.0300,0.57123315,2.54329636,0.41955450,0.43153318,1.16202087,0.59626404
20.0400,0.57115300,2.54361358,0.41967333,0.43159980,1.16229028,0.59620243
20.0500,0.57107296,2.54393044,0.41979209,0.43166635,1.16255949,0.59614085
20.0600,0.57099303,2.54424693,0.41991078,0.43173284,1.16282850,0.59607932
20.0700,0.57091322,2.54456306,0.42002940,0.43179926,1.16309730,0.59601783
20.0800,0.57083351,2.54487883,0.42014795,0.43186562,1.16336590,0.59595638
20.0900,0.57075391,2.54519425,0.42026643,0.43193190,1.16363430,0.59589497
20.1000,0.57067443,2.54550930,0.42038484,0.43199812,1.16390250,0.59583361
20.1100,0.57059505,2.54582399,0.42050319,0.43206427,1.16417049,0.59577229
20.1200,0.57051578,2.54613833,0.42062146,0.43213036,1.16443829,0.59571100
20.1300,0.57043663,2.54645231,0.42073967,0.43219638,1.16470588,0.59564977
20.1400,0.57035758,2.54676593,0.42085780,0.43226233,1.16497327,0.59558857
20.1500,0.57027864,2.54707919,0.42097587,0.43232822,1.16524045,0.59552741
20.1600,0.57019981,2.54739210,0.42109387,0.43239403,1.16550744,0.59546630
20.1700,0.57012109,2.54770465,0.42121180,0.43245979,1.16577423,0.59540523
20.1800,0.57004248,2.54801684,0.42132966,0.43252547,1.16604081,0.59534420
20.1900,0.56996398,2.54832868,0.42144745,0.43259109,1.16630720,0.59528321
20.2000,0.56988558,2.54864017,0.42156517,0.43265664,1.16657338,0.59522227
20.2100,0.56980730,2.54895130,0.42168283,0.43272213,1.16683936,0.59516137
20.2200,0.56972912,2.54926208,0.42180041,0.43278755,1.16710515,0.59510051
20.2300,0.56965105,2.54957250,0.42191793,0.43285290,1.16737073,0.59503969
20.2400,0.56957308,2.54988257,0.42203537,0.43291819,1.16763611,0.59497891
20.2500,0.56949523,2.55019229,0.42215275,0.43298341,1.16790129,0.59491817
20.2600,0.56941748,2.55050166,0.42227006,0.43304857,1.16816628,0.59485748
20.2700,0.56933983,2.55081067,0.42238730,0.43311366,1.16843106,0.59479683
20.2800,0.56926230,2.55111934,0.42250448,0.43317868,1.16869564,0.59473622
20.2900,0.56918487,2.55142765,0.42262158,0.43324364,1.16896002,0.59467565
20.3000,0.56910755,2.55173561,0.42273862,0.43330853,1.16922421,0.59461513
20.3100,0.56903033,2.55204323,0.42285558,0.43337336,1.16948819,0.59455464
20.3200,0.56895322,2.55235049,0.42297248,0.43343812,1.16975198,0.59449420
20.3300,0.56887621,2.55265741,0.42308931,0.43350282,1.17001556,0.59443380
20.3400,0.56879932,2.55296397,0.42320607,0.43356745,1.17027895,0.59437344
20.3500,0.56872252,2.55327019,0.42332276,0.43363201,1.17054214,0.59431312
20.3600,0.56864583,2.55357606,0.42343939,0.43369651,1.17080513,0.59425285
20.3700,0.56856925,2.55388159,0.42355594,0.43376095,1.17106792,0.59419261
20.3800,0.56849277,2.55418677,0.42367243,0.43382532,1.17133052,0.59413242
20.3900,0.56841640,2.55449160,0.42378885,0.43388962,1.17159291,0.59407227
20.4000,0.56834013,2.55479609,0.42390520,0.43395386,1.17185511,0.59401216
20.4100,0.56826397,2.55510023,0.42402148,0.43401803,1.17211711,0.59395210
20.4200,0.56818791,2.55540403,0.42413769,0.43408214,1.17237891,0.59389207
20.4300,0.56811195,2.55570748,0.42425384,0.43414619,1.17264052,0.59383209
20.4400,0.56803610,2.55601059,0.42436991,0.43421017,1.17290193,0.59377215
20.4500,0.56796035,2.55631335,0.42448592,0.43427408,1.17316313,0.59371225
20.4600,0.56788470,2.55661578,0.42460186,0.43433793,1.17342415,0.59365239
20.4700,0.56780916,2.55691786,0.42471773,0.43440172,1.17368496,0.59359258
20.4800,0.56773372,2.55721959,0.42483354,0.43446544,1.17394558,0.59353280
20.4900,0.56765839,2.55752099,0.42494927,0.43452909,1.17420600,0.59347307
20.5000,0.56758315,2.55782205,0.42506494,0.43459269,1.17446623,0.59341338
20.5100,0.56750802,2.55812276,0.42518054,0.43465621,1.17472626,0.59335373
20.5200,0.56743299,2.55842313,0.42529607,0.43471968,1.17498609,0.59329412
20.5300,0.56735807,2.55872317,0.42541153,0.43478308,1.17524572,0.59323455
20.5400,0.56728324,2.55902286,0.42552693,0.43484641,1.17550516,0.59317503
20.5500,0.56720852,2.55932222,0.42564226,0.43490968,1.17576440,0.59311554
20.5600,0.56713390,2.55962124,0.42575751,0.43497289,1.17602345,0.59305610
20.5700,0.56705938,2.55991992,0.42587271,0.43503603,1.17628230,0.59299670
20.5800,0.56698496,2.56021826,0.42598783,0.43509911,1.17654096,0.59293734
20.5900,0.56691065,2.56051627,0.42610288,0.43516213,1.17679942,0.59287803
20.6000,0.56683643,2.56081393,0.42621787,0.43522508,1.17705769,0.59281875
20.6100,0.56676231,2.56111127,0.42633279,0.43528797,1.17731576,0.59275952
20.6200,0.56668830,2.56140826,0.42644764,0.43535079,1.17757363,0.59270033
20.6300,0.56661439,2.56170492,0.42656243,0.43541355,1.17783131,0.59264118
20.6400,0.56654057,2.56200125,0.42667714,0.43547625,1.17808879,0.59258207
20.6500,0.56646686,2.56229724,0.42679179,0.43553889,1.17834608,0.59252300
20.6600,0.56639325,2.56259290,0.42690637,0.43560146,1.17860318,0.59246397
20.6700,0.56631973,2.56288822,0.42702088,0.43566396,1.17886008,0.59240499
20.6800,0.56624632,2.56318321,0.42713533,0.43572641,1.17911679,0.59234604
20.6900,0.56617300,2.56347787,0.42724971,0.43578879,1.17937330,0.59228714
20.7000,0.56609979,2.56377219,0.42736402,0.43585111,1.17962962,0.59222828
20.7100,0.56602667,2.56406619,0.42747826,0.43591336,1.17988574,0.59216946
20.7200,0.56595365,2.56435985,0.42759243,0.43597555,1.18014167,0.59211068
20.7300,0.56588074,2.56465318,0.42770654,0.43603768,1.18039741,0.59205195
20.7400,0.56580791,2.56494618,0.42782058,0.43609975,1.18065295,0.59199325
20.7500,0.56573519,2.56523885,0.42793455,0.43616175,1.18090830,0.59193460
20.7600,0.56566257,2.56553119,0.42804846,0.43622369,1.18116346,0.59187599
20.7700,0.56559004,2.56582320,0.42816229,0.43628557,1.18141843,0.59181742
20.7800,0.56551762,2.56611488,0.42827606,0.43634738,1.18167320,0.59175889
20.7900,0.56544529,2.56640623,0.42838976,0.43640914,1.18192777,0.59170040
20.8000,0.56537305,2.56669726,0.42850340,0.43647083,1.18218216,0.59164195
20.8100,0.56530092,2.56698795,0.42861697,0.43653245,1.18243635,0.59158355
20.8200,0.56522888,2.56727832,0.42873047,0.43659402,1.18269035,0.59152518
20.8300,0.56515694,2.56756837,0.42884390,0.43665552,1.18294416,0.59146686
20.8400,0.56508510,2.56785808,0.42895726,0.43671696,1.18319777,0.59140858
20.8500,0.56501335,2.56814747,0.42907056,0.43677834,1.18345120,0.59135033
20.8600,0.56494170,2.56843654,0.42918379,0.43683966,1.18370443,0.59129214
20.8700,0.56487014,2.56872528,0.42929696,0.43690091,1.18395747,0.59123398
20.8800,0.56479869,2.56901369,0.42941005,0.43696211,1.18421031,0.59117586
20.8900,0.56472732,2.56930179,0.42952308,0.43702324,1.18446297,0.59111778
20.9000,0.56465606,2.56958955,0.42963605,0.43708430,1.18471544,0.59105975
20.9100,0.56458489,2.56987700,0.42974894,0.43714531,1.18496771,0.59100176
20.9200,0.56451381,2.57016412,0.42986177,0.43720626,1.18521979,0.59094380
20.9300,0.56444283,2.57045091,0.42997453,0.43726714,1.18547168,0.59088589
20.9400,0.56437195,2.57073739,0.43008723,0.43732796,1.18572338,0.59082802
20.9500,0.56430116,2.57102354,0.43019985,0.43738872,1.18597489,0.59077019
20.9600,0.56423047,2.57130938,0.43031241,0.43744942,1.18622621,0.59071241
20.9700,0.56415987,2.57159489,0.43042491,0.43751006,1.18647734,0.59065466
20.9800,0.56408936,2.57188008,0.43053733,0.43757063,1.18672827,0.59059695
20.9900,0.56401895,2.57216495,0.43064969,0.43763115,1.18697902,0.59053929
21.0000,0.56394864,2.57244950,0.43076199,0.43769160,1.18722958,0.59048167
21.0100,0.56387842,2.57273373,0.43087421,0.43775200,1.18747995,0.59042408
21.0200,0.56380829,2.57301765,0.43098637,0.43781233,1.18773012,0.59036654
21.0300,0.56373825,2.57330124,0.43109846,0.43787260,1.18798011,0.59030904
21.0400,0.56366831,2.57358452,0.43121049,0.43793281,1.18822991,0.59025158
21.0500,0.56359847,2.57386748,0.43132245,0.43799295,1.18847952,0.59019416
21.0600,0.56352871,2.57415012,0.43143434,0.43805304,1.18872894,0.59013679
21.0700,0.56345905,2.57443245,0.43154617,0.43811307,1.18897816,0.59007945
21.0800,0.56338948,2.57471445,0.43165792,0.43817303,1.18922721,0.59002216
21.0900,0.56332001,2.57499615,0.43176962,0.43823294,1.18947606,0.58996490
21.1000,0.56325063,2.57527752,0.43188124,0.43829278,1.18972472,0.58990769
21.1100,0.56318134,2.57555859,0.43199280,0.43835257,1.18997319,0.58985051
21.1200,0.56311214,2.57583933,0.43210429,0.43841229,1.19022148,0.58979338
21.1300,0.56304304,2.57611977,0.43221572,0.43847196,1.19046957,0.58973629
21.1400,0.56297402,2.57639989,0.43232708,0.43853156,1.19071748,0.58967924
21.1500,0.56290510,2.57667969,0.43243837,0.43859110,1.19096520,0.58962223
21.1600,0.56283627,2.57695918,0.43254960,0.43865058,1.19121273,0.58956526
21.1700,0.56276754,2.57723836,0.43266076,0.43871000,1.19146008,0.58950834
21.1800,0.56269889,2.57751723,0.43277185,0.43876937,1.19170723,0.58945145
21.1900,0.56263033,2.57779579,0.43288288,0.43882867,1.19195420,0.58939460
21.2000,0.56256187,2.57807403,0.43299384,0.43888791,1.19220098,0.58933780
21.2100,0.56249350,2.57835196,0.43310474,0.43894709,1.19244758,0.58928104
21.2200,0.56242522,2.57862958,0.43321557,0.43900621,1.19269398,0.58922431
21.2300,0.56235703,2.57890690,0.43332633,0.43906528,1.19294020,0.58916763
21.2400,0.56228892,2.57918390,0.43343702,0.43912428,1.19318623,0.58911099
21.2500,0.56222091,2.57946059,0.43354765,0.43918322,1.19343208,0.58905439
21.2600,0.56215299,2.57973697,0.43365822,0.43924210,1.19367773,0.58899783
21.2700,0.56208516,2.58001305,0.43376871,0.43930093,1.19392321,0.58894131
21.2800,0.56201742,2.58028881,0.43387915,0.43935969,1.19416849,0.58888483
21.2900,0.56194977,2.58056427,0.43398951,0.43941839,1.19441359,0.58882839
21.3000,0.56188221,2.58083942,0.43409981,0.43947704,1.19465850,0.58877199
21.3100,0.56181474,2.58111427,0.43421004,0.43953562,1.19490323,0.58871563
21.3200,0.56174736,2.58138880,0.43432021,0.43959415,1.19514776,0.58865932
21.3300,0.56168007,2.58166304,0.43443031,0.43965262,1.19539212,0.58860304
21.3400,0.56161286,2.58193696,0.43454035,0.43971103,1.19563629,0.58854681
21.3500,0.56154575,2.58221058,0.43465032,0.43976937,1.19588027,0.58849061
21.3600,0.56147872,2.58248389,0.43476022,0.43982766,1.19612406,0.58843446
21.3700,0.56141178,2.58275690,0.43487006,0.43988590,1.19636768,0.58837834
21.3800,0.56134493,2.58302961,0.43497983,0.43994407,1.19661110,0.58832227
21.3900,0.56127817,2.58330201,0.43508954,0.44000218,1.19685434,0.58826624
21.4000,0.56121150,2.58357411,0.43519918,0.44006023,1.19709740,0.58821025
21.4100,0.56114491,2.58384590,0.43530875,0.44011823,1.19734027,0.58815430
21.4200,0.56107842,2.58411739,0.43541826,0.44017617,1.19758295,0.58809839
21.4300,0.56101201,2.58438858,0.43552770,0.44023404,1.19782545,0.58804251
21.4400,0.56094568,2.58465947,0.43563708,0.44029186,1.19806777,0.58798668
21.4500,0.56087945,2.58493005,0.43574639,0.44034962,1.19830990,0.58793090
21.4600,0.56081330,2.58520034,0.43585564,0.44040733,1.19855185,0.58787515
21.4700,0.56074724,2.58547032,0.43596482,0.44046497,1.19879361,0.58781944
21.4800,0.56068127,2.58574001,0.43607393,0.44052256,1.19903519,0.58776377
21.4900,0.56061538,2.58600939,0.43618298,0.44058008,1.19927659,0.58770814
21.5000,0.56054958,2.58627847,0.43629197,0.44063755,1.19951780,0.58765255
21.5100,0.56048387,2.58654726,0.43640088,0.44069496,1.19975883,0.58759701
21.5200,0.56041824,2.58681574,0.43650974,0.44075232,1.19999967,0.58754150
21.5300,0.56035270,2.58708393,0.43661852,0.44080961,1.20024033,0.58748603
21.5400,0.56028724,2.58735182,0.43672725,0.44086685,1.20048081,0.58743061
21.5500,0.56022188,2.58761941,0.43683590,0.44092403,1.20072110,0.58737522
21.5600,0.56015659,2.58788670,0.43694449,0.44098115,1.20096122,0.58731988
21.5700,0.56009140,2.58815370,0.43705302,0.44103821,1.20120114,0.58726457
21.5800,0.56002628,2.58842040,0.43716148,0.44109522,1.20144089,0.58720931
21.5900,0.55996126,2.58868680,0.43726988,0.44115216,1.20168045,0.58715408
21.6000,0.55989632,2.58895291,0.43737821,0.44120905,1.20191983,0.58709890
21.6100,0.55983146,2.58921872,0.43748647,0.44126589,1.20215903,0.58704375
21.6200,0.55976669,2.58948424,0.43759467,0.44132266,1.20239805,0.58698865
21.6300,0.55970200,2.58974946,0.43770280,0.44137938,1.20263688,0.58693359
21.6400,0.55963740,2.59001439,0.43781087,0.44143604,1.20287553,0.58687856
21.6500,0.55957288,2.59027903,0.43791888,0.44149264,1.20311400,0.58682358
21.6600,0.55950845,2.59054337,0.43802682,0.44154919,1.20335229,0.58676864
21.6700,0.55944410,2.59080742,0.43813469,0.44160567,1.20359040,0.58671373
21.6800,0.55937983,2.59107117,0.43824250,0.44166210,1.20382832,0.58665887
21.6900,0.55931565,2.59133463,0.43835024,0.44171848,1.20406606,0.58660405
21.7000,0.55925156,2.59159781,0.43845792,0.44177479,1.20430362,0.58654926
21.7100,0.55918754,2.59186069,0.43856554,0.44183105,1.20454101,0.58649452
21.7200,0.55912361,2.59212327,0.43867309,0.44188726,1.20477820,0.58643982
21.7300,0.55905977,2.59238557,0.43878057,0.44194340,1.20501522,0.58638516
21.7400,0.55899600,2.59264758,0.43888799,0.44199949,1.20525206,0.58633053
21.7500,0.55893232,2.59290929,0.43899534,0.44205552,1.20548872,0.58627595
21.7600,0.55886873,2.59317072,0.43910263,0.44211150,1.20572520,0.58622141
21.7700,0.55880521,2.59343186,0.43920986,0.44216742,1.20596149,0.58616690
21.7800,0.55874178,2.59369271,0.43931702,0.44222328,1.20619761,0.58611244
21.7900,0.55867843,2.59395326,0.43942411,0.44227909,1.20643354,0.58605802
21.8000,0.55861516,2.59421354,0.43953114,0.44233484,1.20666930,0.58600364
21.8100,0.55855198,2.59447352,0.43963811,0.44239053,1.20690487,0.58594929
21.8200,0.55848888,2.59473322,0.43974501,0.44244617,1.20714027,0.58589499
21.8300,0.55842586,2.59499262,0.43985185,0.44250175,1.20737549,0.58584073
21.8400,0.55836292,2.59525175,0.43995862,0.44255727,1.20761052,0.58578650
21.8500,0.55830006,2.59551058,0.44006533,0.44261274,1.20784538,0.58573232
21.8600,0.55823729,2.59576913,0.44017197,0.44266815,1.20808006,0.58567818
21.8700,0.55817460,2.59602739,0.44027855,0.44272350,1.20831456,0.58562407
21.8800,0.55811198,2.59628537,0.44038506,0.44277880,1.20854887,0.58557001
21.8900,0.55804945,2.59654307,0.44049151,0.44283405,1.20878302,0.58551598
21.9000,0.55798700,2.59680047,0.44059790,0.44288923,1.20901698,0.58546200
21.9100,0.55792464,2.59705760,0.44070422,0.44294436,1.20925076,0.58540806
21.9200,0.55786235,2.59731444,0.44081047,0.44299944,1.20948436,0.58535415
21.9300,0.55780014,2.59757100,0.44091667,0.44305446,1.20971779,0.58530029
21.9400,0.55773801,2.59782727,0.44102279,0.44310942,1.20995104,0.58524646
21.9500,0.55767597,2.59808326,0.44112886,0.44316433,1.21018411,0.58519267
21.9600,0.55761400,2.59833897,0.44123486,0.44321919,1.21041700,0.58513893
21.9700,0.55755212,2.59859440,0.44134079,0.44327398,1.21064971,0.58508522
21.9800,0.55749031,2.59884954,0.44144666,0.44332873,1.21088225,0.58503155
21.9900,0.55742858,2.59910441,0.44155247,0.44338341,1.21111460,0.58497793
22.0000,0.55736694,2.59935899,0.44165821,0.44343804,1.21134678,0.58492434
22.0100,0.55730537,2.59961329,0.44176389,0.44349262,1.21157879,0.58487079
22.0200,0.55724389,2.59986731,0.44186950,0.44354714,1.21181061,0.58481728
22.0300,0.55718248,2.60012106,0.44197505,0.44360160,1.21204226,0.58476382
22.0400,0.55712115,2.60037452,0.44208054,0.44365601,1.21227373,0.58471039
22.0500,0.55705990,2.60062770,0.44218596,0.44371037,1.21250502,0.58465700
22.0600,0.55699873,2.60088061,0.44229132,0.44376467,1.21273614,0.58460365
22.0700,0.55693764,2.60113323,0.44239661,0.44381892,1.21296708,0.58455034
22.0800,0.55687663,2.60138558,0.44250184,0.44387311,1.21319784,0.58449706
22.0900,0.55681569,2.60163765,0.44260701,0.44392724,1.21342843,0.58444383
22.1000,0.55675484,2.60188945,0.44271211,0.44398132,1.21365884,0.58439064
22.1100,0.55669406,2.60214096,0.44281715,0.44403535,1.21388908,0.58433749
22.1200,0.55663336,2.60239220,0.44292212,0.44408932,1.21411914,0.58428437
22.1300,0.55657274,2.60264316,0.44302703,0.44414323,1.21434902,0.58423130
22.1400,0.55651220,2.60289385,0.44313188,0.44419710,1.21457872,0.58417827
22.1500,0.55645173,2.60314426,0.44323666,0.44425090,1.21480825,0.58412527
22.1600,0.55639135,2.60339440,0.44334138,0.44430466,1.21503761,0.58407231
22.1700,0.55633104,2.60364426,0.44344604,0.44435835,1.21526679,0.58401940
22.1800,0.55627080,2.60389385,0.44355063,0.44441200,1.21549579,0.58396652
22.1900,0.55621065,2.60414316,0.44365516,0.44446559,1.21572462,0.58391368
22.2000,0.55615057,2.60439220,0.44375962,0.44451912,1.21595327,0.58386088
22.2100,0.55609057,2.60464096,0.44386402,0.44457260,1.21618175,0.58380813
22.2200,0.55603065,2.60488946,0.44396836,0.44462603,1.21641006,0.58375541
22.2300,0.55597080,2.60513768,0.44407264,0.44467940,1.21663818,0.58370272
22.2400,0.55591103,2.60538562,0.44417685,0.44473272,1.21686614,0.58365008
22.2500,0.55585134,2.60563330,0.44428099,0.44478599,1.21709392,0.58359748
22.2600,0.55579172,2.60588070,0.44438508,0.44483920,1.21732152,0.58354492
22.2700,0.55573218,2.60612783,0.44448910,0.44489236,1.21754895,0.58349239
22.2800,0.55567271,2.60637469,0.44459306,0.44494546,1.21777621,0.58343991
22.2900,0.55561332,2.60662128,0.44469695,0.44499851,1.21800329,0.58338746
22.3000,0.55555401,2.60686760,0.44480078,0.44505151,1.21823020,0.58333506
22.3100,0.55549478,2.60711365,0.44490455,0.44510445,1.21845693,0.58328269
22.3200,0.55543561,2.60735943,0.44500825,0.44515734,1.21868349,0.58323036
22.3300,0.55537653,2.60760494,0.44511189,0.44521017,1.21890988,0.58317807
22.3400,0.55531752,2.60785019,0.44521547,0.44526295,1.21913610,0.58312582
22.3500,0.55525858,2.60809516,0.44531898,0.44531568,1.21936214,0.58307361
22.3600,0.55519973,2.60833986,0.44542243,0.44536835,1.21958800,0.58302144
22.3700,0.55514094,2.60858430,0.44552582,0.44542098,1.21981370,0.58296930
22.3800,0.55508223,2.60882847,0.44562915,0.44547354,1.22003922,0.58291721
22.3900,0.55502360,2.60907237,0.44573241,0.44552606,1.22026457,0.58286516
22.4000,0.55496504,2.60931601,0.44583561,0.44557852,1.22048974,0.58281314
22.4100,0.55490655,2.60955938,0.44593874,0.44563093,1.22071474,0.58276116
22.4200,0.55484814,2.60980248,0.44604181,0.44568328,1.22093957,0.58270922
22.4300,0.55478981,2.61004532,0.44614482,0.44573559,1.22116423,0.58265732
22.4400,0.55473154,2.61028789,0.44624777,0.44578784,1.22138872,0.58260546
22.4500,0.55467336,2.61053019,0.44635065,0.44584003,1.22161303,0.58255364
22.4600,0.55461524,2.61077223,0.44645348,0.44589218,1.22183717,0.58250186
22.4700,0.55455720,2.61101401,0.44655623,0.44594427,1.22206114,0.58245011
22.4800,0.55449924,2.61125552,0.44665893,0.44599630,1.22228494,0.58239841
22.4900,0.55444135,2.61149677,0.44676156,0.44604829,1.22250856,0.58234674
22.5000,0.55438353,2.61173776,0.44686413,0.44610022,1.22273202,0.58229512
22.5100,0.55432578,2.61197848,0.44696664,0.44615210,1.22295530,0.58224353
22.5200,0.55426811,2.61221894,0.44706908,0.44620393,1.22317841,0.58219198
22.5300,0.55421051,2.61245913,0.44717146,0.44625570,1.22340135,0.58214047
22.5400,0.55415298,2.61269907,0.44727378,0.44630743,1.22362412,0.58208899
22.5500,0.55409553,2.61293874,0.44737604,0.44635910,1.22384672,0.58203756
22.5600,0.55403815,2.61317815,0.44747823,0.44641071,1.22406914,0.58198616
22.5700,0.55398084,2.61341730,0.44758036,0.44646228,1.22429140,0.58193481
22.5800,0.55392361,2.61365619,0.44768243,0.44651379,1.22451348,0.58188349
22.5900,0.55386645,2.61389482,0.44778444,0.44656525,1.22473540,0.58183221
22.6000,0.55380936,2.61413318,0.44788638,0.44661666,1.22495714,0.58178097
22.6100,0.55375234,2.61437129,0.44798826,0.44666802,1.22517872,0.58172977
22.6200,0.55369540,2.61460914,0.44809008,0.44671933,1.22540012,0.58167860
22.6300,0.55363852,2.61484673,0.44819184,0.44677058,1.22562136,0.58162748
22.6400,0.55358172,2.61508406,0.44829353,0.44682178,1.22584242,0.58157639
22.6500,0.55352499,2.61532113,0.44839516,0.44687293,1.22606332,0.58152534
22.6600,0.55346833,2.61555795,0.44849673,0.44692403,1.22628404,0.58147433
22.6700,0.55341175,2.61579450,0.44859824,0.44697507,1.22650460,0.58142336
22.6800,0.55335523,2.61603080,0.44869968,0.44702607,1.22672498,0.58137243
22.6900,0.55329879,2.61626684,0.44880107,0.44707701,1.22694520,0.58132154
22.7000,0.55324242,2.61650263,0.44890239,0.44712790,1.22716525,0.58127068
22.7100,0.55318612,2.61673816,0.44900364,0.44717874,1.22738512,0.58121986
22.7200,0.55312989,2.61697343,0.44910484,0.44722953,1.22760483,0.58116909
22.7300,0.55307373,2.61720845,0.44920597,0.44728026,1.22782437,0.58111835
22.7400,0.55301764,2.61744321,0.44930705,0.44733095,1.22804374,0.58106764
22.7500,0.55296162,2.61767771,0.44940806,0.44738158,1.22826295,0.58101698
22.7600,0.55290567,2.61791196,0.44950900,0.44743216,1.22848198,0.58096635
22.7700,0.55284980,2.61814596,0.44960989,0.44748269,1.22870085,0.58091577
22.7800,0.55279399,2.61837970,0.44971071,0.44753317,1.22891955,0.58086522
22.7900,0.55273825,2.61861319,0.44981147,0.44758360,1.22913807,0.58081471
22.8000,0.55268259,2.61884642,0.44991217,0.44763398,1.22935644,0.58076424
22.8100,0.55262699,2.61907940,0.45001281,0.44768431,1.22957463,0.58071380
22.8200,0.55257146,2.61931213,0.45011339,0.44773458,1.22979266,0.58066341
22.8300,0.55251601,2.61954460,0.45021390,0.44778481,1.23001051,0.58061305
22.8400,0.55246062,2.61977682,0.45031435,0.44783498,1.23022820,0.58056273
22.8500,0.55240530,2.62000879,0.45041475,0.44788510,1.23044573,0.58051245
22.8600,0.55235006,2.62024051,0.45051507,0.44793518,1.23066308,0.58046221
22.8700,0.55229488,2.62047198,0.45061534,0.44798520,1.23088027,0.58041200
22.8800,0.55223977,2.62070320,0.45071555,0.44803517,1.23109729,0.58036183
22.8900,0.55218473,2.62093416,0.45081569,0.44808509,1.23131415,0.58031171
22.9000,0.55212976,2.62116488,0.45091577,0.44813496,1.23153083,0.58026161
22.9100,0.55207486,2.62139534,0.45101579,0.44818478,1.23174736,0.58021156
22.9200,0.55202002,2.62162556,0.45111575,0.44823455,1.23196371,0.58016155
22.9300,0.55196526,2.62185552,0.45121565,0.44828426,1.23217990,0.58011157
22.9400,0.55191056,2.62208524,0.45131548,0.44833393,1.23239592,0.58006163
22.9500,0.55185593,2.62231471,0.45141526,0.44838355,1.23261177,0.58001173
22.9600,0.55180137,2.62254393,0.45151497,0.44843312,1.23282746,0.57996187
22.9700,0.55174688,2.62277290,0.45161462,0.44848263,1.23304298,0.57991205
22.9800,0.55169246,2.62300162,0.45171421,0.44853210,1.23325834,0.57986226
22.9900,0.55163810,2.62323010,0.45181374,0.44858152,1.23347353,0.57981251
23.0000,0.55158382,2.62345833,0.45191321,0.44863088,1.23368856,0.57976280
23.0100,0.55152960,2.62368631,0.45201261,0.44868020,1.23390342,0.57971313
23.0200,0.55147545,2.62391404,0.45211196,0.44872947,1.23411811,0.57966349
23.0300,0.55142136,2.62414153,0.45221124,0.44877868,1.23433264,0.57961389
23.0400,0.55136735,2.62436877,0.45231046,0.44882785,1.23454700,0.57956433
23.0500,0.55131340,2.62459577,0.45240963,0.44887697,1.23476120,0.57951481
23.0600,0.55125951,2.62482252,0.45250873,0.44892604,1.23497523,0.57946533
23.0700,0.55120570,2.62504903,0.45260776,0.44897505,1.23518910,0.57941588
23.0800,0.55115195,2.62527529,0.45270674,0.44902402,1.23540281,0.57936647
23.0900,0.55109827,2.62550131,0.45280566,0.44907294,1.23561635,0.57931710
23.1000,0.55104466,2.62572708,0.45290451,0.44912181,1.23582972,0.57926777
23.1100,0.55099111,2.62595261,0.45300331,0.44917063,1.23604293,0.57921848
23.1200,0.55093763,2.62617790,0.45310204,0.44921940,1.23625598,0.57916922
23.1300,0.55088422,2.62640294,0.45320071,0.44926812,1.23646886,0.57912000
23.1400,0.55083087,2.62662774,0.45329932,0.44931679,1.23668157,0.57907082
23.1500,0.55077759,2.62685230,0.45339787,0.44936541,1.23689413,0.57902167
23.1600,0.55072437,2.62707661,0.45349636,0.44941398,1.23710652,0.57897257
23.1700,0.55067122,2.62730068,0.45359479,0.44946251,1.23731874,0.57892350
23.1800,0.55061814,2.62752451,0.45369316,0.44951098,1.23753080,0.57887446
23.1900,0.55056513,2.62774810,0.45379147,0.44955941,1.23774270,0.57882547
23.2000,0.55051217,2.62797145,0.45388971,0.44960778,1.23795444,0.57877651
23.2100,0.55045929,2.62819456,0.45398790,0.44965611,1.23816601,0.57872759
23.2200,0.55040647,2.62841743,0.45408602,0.44970439,1.23837742,0.57867871
23.2300,0.55035372,2.62864006,0.45418409,0.44975262,1.23858866,0.57862987
23.2400,0.55030103,2.62886244,0.45428209,0.44980080,1.23879975,0.57858106
23.2500,0.55024840,2.62908459,0.45438003,0.44984893,1.23901067,0.57853229
23.2600,0.55019585,2.62930650,0.45447791,0.44989701,1.23922142,0.57848356
23.2700,0.55014335,2.62952817,0.45457573,0.44994504,1.23943202,0.57843486
23.2800,0.55009092,2.62974960,0.45467350,0.44999303,1.23964245,0.57838621
23.2900,0.55003856,2.62997079,0.45477120,0.45004097,1.23985272,0.57833759
23.3000,0.54998626,2.63019175,0.45486884,0.45008885,1.24006283,0.57828900
23.3100,0.54993403,2.63041246,0.45496641,0.45013669,1.24027277,0.57824046
23.3200,0.54988186,2.63063294,0.45506393,0.45018449,1.24048255,0.57819195
23.3300,0.54982976,2.63085319,0.45516139,0.45023223,1.24069217,0.57814348
23.3400,0.54977772,2.63107319,0.45525879,0.45027992,1.24090163,0.57809505
23.3500,0.54972574,2.63129296,0.45535613,0.45032757,1.24111093,0.57804665
23.3600,0.54967383,2.63151249,0.45545340,0.45037517,1.24132007,0.57799829
23.3700,0.54962198,2.63173179,0.45555062,0.45042272,1.24152904,0.57794997
23.3800,0.54957020,2.63195085,0.45564778,0.45047022,1.24173785,0.57790169
23.3900,0.54951848,2.63216968,0.45574487,0.45051767,1.24194651,0.57785344
23.4000,0.54946682,2.63238827,0.45584191,0.45056507,1.24215500,0.57780523
23.4100,0.54941523,2.63260662,0.45593889,0.45061243,1.24236333,0.57775706
23.4200,0.54936370,2.63282475,0.45603580,0.45065974,1.24257149,0.57770892
23.4300,0.54931223,2.63304263,0.45613266,0.45070700,1.24277950,0.57766082
23.4400,0.54926083,2.63326029,0.45622945,0.45075422,1.24298735,0.57761276
23.4500,0.54920949,2.63347771,0.45632619,0.45080138,1.24319504,0.57756473
23.4600,0.54915822,2.63369489,0.45642286,0.45084850,1.24340256,0.57751675
23.4700,0.54910701,2.63391185,0.45651948,0.45089557,1.24360993,0.57746880
23.4800,0.54905586,2.63412857,0.45661604,0.45094259,1.24381713,0.57742088
23.4900,0.54900477,2.63434506,0.45671253,0.45098956,1.24402418,0.57737301
23.5000,0.54895375,2.63456131,0.45680897,0.45103649,1.24423106,0.57732517
23.5100,0.54890279,2.63477734,0.45690534,0.45108337,1.24443779,0.57727736
23.5200,0.54885189,2.63499313,0.45700166,0.45113020,1.24464436,0.57722960
23.5300,0.54880105,2.63520869,0.45709791,0.45117699,1.24485076,0.57718187
23.5400,0.54875028,2.63542402,0.45719411,0.45122372,1.24505701,0.57713418
23.5500,0.54869957,2.63563912,0.45729025,0.45127041,1.24526309,0.57708652
23.5600,0.54864892,2.63585399,0.45738632,0.45131706,1.24546902,0.57703890
23.5700,0.54859834,2.63606863,0.45748234,0.45136365,1.24567479,0.57699132
23.5800,0.54854781,2.63628304,0.45757830,0.45141020,1.24588040,0.57694378
23.5900,0.54849735,2.63649723,0.45767420,0.45145670,1.24608585,0.57689627
23.6000,0.54844695,2.63671118,0.45777003,0.45150315,1.24629114,0.57684880
23.6100,0.54839661,2.63692490,0.45786581,0.45154956,1.24649627,0.57680136
23.6200,0.54834633,2.63713839,0.45796153,0.45159592,1.24670125,0.57675396
23.6300,0.54829612,2.63735166,0.45805719,0.45164223,1.24690606,0.57670660
23.6400,0.54824596,2.63756470,0.45815279,0.45168850,1.24711072,0.57665928
23.6500,0.54819587,2.63777751,0.45824833,0.45173472,1.24731522,0.57661199
23.6600,0.54814584,2.63799009,0.45834381,0.45178089,1.24751956,0.57656474
23.6700,0.54809587,2.63820244,0.45843923,0.45182701,1.24772374,0.57651753
23.6800,0.54804596,2.63841457,0.45853459,0.45187309,1.24792777,0.57647035
23.6900,0.54799611,2.63862647,0.45862989,0.45191912,1.24813163,0.57642321
23.7000,0.54794632,2.63883815,0.45872514,0.45196511,1.24833534,0.57637610
23.7100,0.54789660,2.63904960,0.45882032,0.45201105,1.24853889,0.57632903
23.7200,0.54784693,2.63926082,0.45891544,0.45205694,1.24874229,0.57628200
23.7300,0.54779733,2.63947182,0.45901051,0.45210278,1.24894552,0.57623501
23.7400,0.54774778,2.63968259,0.45910552,0.45214858,1.24914860,0.57618805
23.7500,0.54769830,2.63989314,0.45920046,0.45219433,1.24935152,0.57614113
23.7600,0.54764887,2.64010346,0.45929535,0.45224004,1.24955429,0.57609424
23.7700,0.54759951,2.64031356,0.45939018,0.45228570,1.24975689,0.57604739
23.7800,0.54755021,2.64052344,0.45948495,0.45233131,1.24995934,0.57600058
23.7900,0.54750096,2.64073309,0.45957966,0.45237688,1.25016164,0.57595380
23.8000,0.54745178,2.64094252,0.45967431,0.45242240,1.25036377,0.57590706
23.8100,0.54740266,2.64115172,0.45976890,0.45246788,1.25056575,0.57586036
23.8200,0.54735359,2.64136070,0.45986343,0.45251331,1.25076758,0.57581369
23.8300,0.54730459,2.64156946,0.45995791,0.45255869,1.25096925,0.57576706
23.8400,0.54725565,2.64177800,0.46005232,0.45260402,1.25117076,0.57572047
23.8500,0.54720676,2.64198631,0.46014668,0.45264932,1.25137211,0.57567391
23.8600,0.54715794,2.64219440,0.46024097,0.45269456,1.25157331,0.57562739
23.8700,0.54710917,2.64240227,0.46033521,0.45273976,1.25177436,0.57558090
23.8800,0.54706046,2.64260992,0.46042939,0.45278491,1.25197524,0.57553445
23.8900,0.54701182,2.64281735,0.46052351,0.45283002,1.25217597,0.57548804
23.9000,0.54696323,2.64302456,0.46061757,0.45287508,1.25237655,0.57544166
23.9100,0.54691470,2.64323155,0.46071157,0.45292010,1.25257697,0.57539532
23.9200,0.54686623,2.64343831,0.46080552,0.45296507,1.25277724,0.57534901
23.9300,0.54681781,2.64364486,0.46089940,0.45300999,1.25297735,0.57530274
23.9400,0.54676946,2.64385119,0.46099323,0.45305487,1.25317730,0.57525651
23.9500,0.54672117,2.64405730,0.46108700,0.45309971,1.25337710,0.57521032
23.9600,0.54667293,2.64426319,0.46118071,0.45314449,1.25357675,0.57516415
23.9700,0.54662475,2.64446886,0.46127436,0.45318924,1.25377624,0.57511803
23.9800,0.54657663,2.64467431,0.46136795,0.45323394,1.25397557,0.57507194
23.9900,0.54652857,2.64487954,0.46146149,0.45327859,1.25417476,0.57502589
24.0000,0.54648057,2.64508456,0.46155496,0.45332319,1.25437378,0.57497987
24.0100,0.54643263,2.64528936,0.46164838,0.45336776,1.25457265,0.57493389
24.0200,0.54638474,2.64549394,0.46174174,0.45341227,1.25477137,0.57488795
24.0300,0.54633691,2.64569830,0.46183504,0.45345674,1.25496994,0.57484204
24.0400,0.54628914,2.64590245,0.46192828,0.45350117,1.25516835,0.57479617
24.0500,0.54624143,2.64610637,0.46202146,0.45354555,1.25536660,0.57475033
24.0600,0.54619377,2.64631009,0.46211459,0.45358989,1.25556470,0.57470453
24.0700,0.54614617,2.64651359,0.46220765,0.45363418,1.25576265,0.57465876
24.0800,0.54609863,2.64671687,0.46230066,0.45367843,1.25596045,0.57461303
24.0900,0.54605115,2.64691993,0.46239361,0.45372263,1.25615809,0.57456734
24.1000,0.54600372,2.64712278,0.46248650,0.45376679,1.25635558,0.57452168
24.1100,0.54595635,2.64732542,0.46257934,0.45381090,1.25655291,0.57447606
24.1200,0.54590904,2.64752784,0.46267211,0.45385497,1.25675009,0.57443047
24.1300,0.54586179,2.64773005,0.46276483,0.45389899,1.25694712,0.57438492
24.1400,0.54581459,2.64793204,0.46285749,0.45394297,1.25714400,0.57433941
24.1500,0.54576745,2.64813382,0.46295009,0.45398690,1.25734072,0.57429393
24.1600,0.54572037,2.64833538,0.46304263,0.45403079,1.25753729,0.57424849
24.1700,0.54567334,2.64853673,0.46313512,0.45407463,1.25773371,0.57420308
24.1800,0.54562637,2.64873787,0.46322754,0.45411843,1.25792997,0.57415771
24.1900,0.54557945,2.64893880,0.46331991,0.45416219,1.25812608,0.57411237
24.2000,0.54553260,2.64913951,0.46341222,0.45420590,1.25832204,0.57406707
24.2100,0.54548580,2.64934001,0.46350448,0.45424957,1.25851785,0.57402180
24.2200,0.54543905,2.64954030,0.46359667,0.45429319,1.25871351,0.57397657
24.2300,0.54539236,2.64974037,0.46368881,0.45433677,1.25890901,0.57393138
24.2400,0.54534573,2.64994024,0.46378089,0.45438030,1.25910436,0.57388622
24.2500,0.54529915,2.65013989,0.46387291,0.45442380,1.25929956,0.57384110
24.2600,0.54525263,2.65033933,0.46396488,0.45446724,1.25949461,0.57379601
24.2700,0.54520617,2.65053857,0.46405678,0.45451064,1.25968951,0.57375096
24.2800,0.54515976,2.65073759,0.46414863,0.45455400,1.25988425,0.57370594
24.2900,0.54511340,2.65093640,0.46424042,0.45459732,1.26007885,0.57366096
24.3000,0.54506711,2.65113500,0.46433216,0.45464059,1.26027329,0.57361601
24.3100,0.54502086,2.65133339,0.46442383,0.45468381,1.26046758,0.57357110
24.3200,0.54497468,2.65153157,0.46451545,0.45472700,1.26066172,0.57352622
24.3300,0.54492855,2.65172954,0.46460701,0.45477013,1.26085571,0.57348138
24.3400,0.54488247,2.65192731,0.46469851,0.45481323,1.26104955,0.57343658
24.3500,0.54483645,2.65212486,0.46478996,0.45485628,1.26124324,0.57339181
24.3600,0.54479048,2.65232221,0.46488135,0.45489929,1.26143678,0.57334707
24.3700,0.54474457,2.65251935,0.46497268,0.45494225,1.26163016,0.57330238
24.3800,0.54469871,2.65271628,0.46506395,0.45498517,1.26182340,0.57325771
24.3900,0.54465291,2.65291300,0.46515517,0.45502805,1.26201649,0.57321308
24.4000,0.54460717,2.65310952,0.46524633,0.45507088,1.26220942,0.57316849
24.4100,0.54456148,2.65330582,0.46533743,0.45511367,1.26240221,0.57312393
24.4200,0.54451584,2.65350193,0.46542847,0.45515642,1.26259485,0.57307941
24.4300,0.54447026,2.65369782,0.46551946,0.45519912,1.26278733,0.57303492
24.4400,0.54442473,2.65389351,0.46561039,0.45524178,1.26297967,0.57299047
24.4500,0.54437925,2.65408899,0.46570126,0.45528440,1.26317186,0.57294605
24.4600,0.54433383,2.65428427,0.46579207,0.45532698,1.26336390,0.57290167
24.4700,0.54428847,2.65447934,0.46588283,0.45536951,1.26355578,0.57285732
24.4800,0.54424316,2.65467420,0.46597353,0.45541199,1.26374752,0.57281301
24.4900,0.54419790,2.65486886,0.46606418,0.45545444,1.26393911,0.57276873
24.5000,0.54415270,2.65506332,0.46615476,0.45549684,1.26413055,0.57272449
24.5100,0.54410755,2.65525757,0.46624529,0.45553920,1.26432185,0.57268028
24.5200,0.54406245,2.65545162,0.46633576,0.45558151,1.26451299,0.57263611
24.5300,0.54401741,2.65564546,0.46642618,0.45562379,1.26470398,0.57259197
24.5400,0.54397242,2.65583910,0.46651654,0.45566602,1.26489483,0.57254786
24.5500,0.54392749,2.65603254,0.46660684,0.45570820,1.26508552,0.57250380
24.5600,0.54388260,2.65622577,0.46669708,0.45575035,1.26527607,0.57245976
24.5700,0.54383778,2.65641880,0.46678727,0.45579245,1.26546647,0.57241576
24.5800,0.54379300,2.65661162,0.46687740,0.45583451,1.26565673,0.57237180
24.5900,0.54374828,2.65680425,0.46696748,0.45587652,1.26584683,0.57232787
24.6000,0.54370361,2.65699667,0.46705749,0.45591850,1.26603678,0.57228398
24.6100,0.54365900,2.65718889,0.46714745,0.45596043,1.26622659,0.57224012
24.6200,0.54361444,2.65738090,0.46723736,0.45600231,1.26641625,0.57219629
24.6300,0.54356993,2.65757272,0.46732721,0.45604416,1.26660576,0.57215250
24.6400,0.54352547,2.65776433,0.46741700,0.45608596,1.26679513,0.57210875
24.6500,0.54348107,2.65795575,0.46750673,0.45612772,1.26698435,0.57206503
24.6600,0.54343672,2.65814696,0.46759641,0.45616944,1.26717342,0.57202134
24.6700,0.54339242,2.65833797,0.46768603,0.45621112,1.26736234,0.57197769
24.6800,0.54334817,2.65852878,0.46777559,0.45625275,1.26755111,0.57193408
24.6900,0.54330398,2.65871940,0.46786510,0.45629435,1.26773974,0.57189049
24.7000,0.54325984,2.65890981,0.46795455,0.45633590,1.26792822,0.57184695
24.7100,0.54321575,2.65910002,0.46804394,0.45637740,1.26811656,0.57180343
24.7200,0.54317171,2.65929003,0.46813328,0.45641887,1.26830474,0.57175996
24.7300,0.54312773,2.65947985,0.46822256,0.45646029,1.26849279,0.57171651
24.7400,0.54308380,2.65966946,0.46831179,0.45650167,1.26868068,0.57167310
24.7500,0.54303992,2.65985888,0.46840096,0.45654301,1.26886843,0.57162973
24.7600,0.54299609,2.66004810,0.46849007,0.45658431,1.26905603,0.57158639
24.7700,0.54295231,2.66023712,0.46857913,0.45662557,1.26924348,0.57154308
24.7800,0.54290859,2.66042594,0.46866813,0.45666678,1.26943079,0.57149981
24.7900,0.54286491,2.66061456,0.46875707,0.45670795,1.26961796,0.57145657
24.8000,0.54282129,2.66080299,0.46884596,0.45674908,1.26980497,0.57141337
24.8100,0.54277772,2.66099122,0.46893479,0.45679017,1.26999184,0.57137020
24.8200,0.54273420,2.66117925,0.46902356,0.45683122,1.27017857,0.57132707
24.8300,0.54269074,2.66136709,0.46911228,0.45687222,1.27036515,0.57128397
24.8400,0.54264732,2.66155473,0.46920095,0.45691319,1.27055158,0.57124090
24.8500,0.54260396,2.66174217,0.46928955,0.45695411,1.27073787,0.57119787
24.8600,0.54256064,2.66192942,0.46937810,0.45699499,1.27092402,0.57115488
24.8700,0.54251738,2.66211647,0.46946660,0.45703583,1.27111001,0.57111191
24.8800,0.54247417,2.66230333,0.46955504,0.45707663,1.27129587,0.57106898
24.8900,0.54243101,2.66248999,0.46964342,0.45711738,1.27148158,0.57102609
24.9000,0.54238790,2.66267646,0.46973175,0.45715810,1.27166714,0.57098323
24.9100,0.54234484,2.66286273,0.46982002,0.45719877,1.27185256,0.57094040
24.9200,0.54230183,2.66304881,0.46990823,0.45723941,1.27203783,0.57089761
24.9300,0.54225887,2.66323469,0.46999639,0.45728000,1.27222296,0.57085485
24.9400,0.54221597,2.66342038,0.47008450,0.45732055,1.27240795,0.57081213
24.9500,0.54217311,2.66360588,0.47017254,0.45736106,1.27259279,0.57076944
24.9600,0.54213030,2.66379118,0.47026054,0.45740152,1.27277748,0.57072679
24.9700,0.54208755,2.66397629,0.47034847,0.45744195,1.27296203,0.57068416
24.9800,0.54204484,2.66416120,0.47043635,0.45748234,1.27314644,0.57064158
24.9900,0.54200219,2.66434593,0.47052418,0.45752268,1.27333071,0.57059902
25.0000,0.54195958,2.66453046,0.47061195,0.45756299,1.27351483,0.57055650
25.0100,0.54191703,2.66471479,0.47069966,0.45760325,1.27369880,0.57051402
25.0200,0.54187452,2.66489894,0.47078732,0.45764347,1.27388264,0.57047157
25.0300,0.54183207,2.66508289,0.47087492,0.45768365,1.27406632,0.57042915
25.0400,0.54178966,2.66526666,0.47096247,0.45772379,1.27424987,0.57038677
25.0500,0.54174731,2.66545023,0.47104996,0.45776389,1.27443327,0.57034442
25.0600,0.54170500,2.66563361,0.47113739,0.45780395,1.27461653,0.57030210
25.0700,0.54166274,2.66581680,0.47122477,0.45784397,1.27479965,0.57025982
25.0800,0.54162054,2.66599979,0.47131210,0.45788395,1.27498262,0.57021757
25.0900,0.54157838,2.66618260,0.47139937,0.45792389,1.27516545,0.57017535
25.1000,0.54153627,2.66636522,0.47148658,0.45796379,1.27534814,0.57013317
25.1100,0.54149421,2.66654765,0.47157374,0.45800364,1.27553068,0.57009103
25.1200,0.54145220,2.66672988,0.47166085,0.45804346,1.27571308,0.57004891
25.1300,0.54141024,2.66691193,0.47174789,0.45808324,1.27589534,0.57000683
25.1400,0.54136833,2.66709379,0.47183489,0.45812297,1.27607746,0.56996479
25.1500,0.54132647,2.66727546,0.47192183,0.45816267,1.27625943,0.56992277
25.1600,0.54128466,2.66745694,0.47200871,0.45820232,1.27644127,0.56988079
25.1700,0.54124289,2.66763823,0.47209554,0.45824194,1.27662296,0.56983885
25.1800,0.54120117,2.66781934,0.47218231,0.45828151,1.27680450,0.56979694
25.1900,0.54115951,2.66800025,0.47226903,0.45832105,1.27698591,0.56975506
25.2000,0.54111789,2.66818098,0.47235569,0.45836054,1.27716717,0.56971322
25.2100,0.54107632,2.66836152,0.47244229,0.45839999,1.27734830,0.56967140
25.2200,0.54103480,2.66854188,0.47252885,0.45843941,1.27752928,0.56962963
25.2300,0.54099333,2.66872204,0.47261534,0.45847878,1.27771012,0.56958788
25.2400,0.54095190,2.66890202,0.47270179,0.45851812,1.27789081,0.56954617
25.2500,0.54091053,2.66908181,0.47278817,0.45855741,1.27807137,0.56950450
25.2600,0.54086920,2.66926142,0.47287451,0.45859667,1.27825179,0.56946285
25.2700,0.54082792,2.66944084,0.47296078,0.45863588,1.27843206,0.56942124
25.2800,0.54078669,2.66962007,0.47304701,0.45867506,1.27861219,0.56937966
25.2900,0.54074550,2.66979912,0.47313317,0.45871419,1.27879219,0.56933812
25.3000,0.54070437,2.66997798,0.47321929,0.45875329,1.27897204,0.56929661
25.3100,0.54066328,2.67015665,0.47330535,0.45879234,1.27915175,0.56925513
25.3200,0.54062224,2.67033514,0.47339135,0.45883136,1.27933132,0.56921369
25.3300,0.54058125,2.67051345,0.47347730,0.45887034,1.27951075,0.56917228
25.3400,0.54054030,2.67069157,0.47356319,0.45890927,1.27969004,0.56913090
25.3500,0.54049941,2.67086951,0.47364903,0.45894817,1.27986919,0.56908956
25.3600,0.54045856,2.67104726,0.47373482,0.45898703,1.28004820,0.56904825
25.3700,0.54041776,2.67122483,0.47382055,0.45902585,1.28022707,0.56900697
25.3800,0.54037700,2.67140221,0.47390622,0.45906463,1.28040579,0.56896573
25.3900,0.54033629,2.67157941,0.47399184,0.45910337,1.28058438,0.56892452
25.4000,0.54029563,2.67175643,0.47407741,0.45914207,1.28076283,0.56888334
25.4100,0.54025502,2.67193327,0.47416292,0.45918073,1.28094114,0.56884219
25.4200,0.54021446,2.67210992,0.47424838,0.45921935,1.28111931,0.56880108
25.4300,0.54017394,2.67228639,0.47433378,0.45925794,1.28129734,0.56876000
25.4400,0.54013347,2.67246267,0.47441913,0.45929648,1.28147523,0.56871896
25.4500,0.54009304,2.67263878,0.47450443,0.45933499,1.28165298,0.56867795
25.4600,0.54005267,2.67281470,0.47458967,0.45937345,1.28183060,0.56863697
25.4700,0.54001233,2.67299044,0.47467485,0.45941188,1.28200807,0.56859602
25.4800,0.53997205,2.67316600,0.47475998,0.45945027,1.28218540,0.56855511
25.4900,0.53993181,2.67334138,0.47484506,0.45948861,1.28236260,0.56851423
25.5000,0.53989162,2.67351657,0.47493008,0.45952693,1.28253966,0.56847338
25.5100,0.53985148,2.67369159,0.47501505,0.45956520,1.28271657,0.56843256
25.5200,0.53981138,2.67386642,0.47509997,0.45960343,1.28289335,0.56839178
25.5300,0.53977133,2.67404108,0.47518483,0.45964162,1.28306999,0.56835103
25.5400,0.53973132,2.67421555,0.47526964,0.45967978,1.28324650,0.56831032
25.5500,0.53969136,2.67438984,0.47535439,0.45971789,1.28342286,0.56826963
25.5600,0.53965145,2.67456396,0.47543909,0.45975597,1.28359909,0.56822898
25.5700,0.53961159,2.67473789,0.47552373,0.45979401,1.28377518,0.56818837
25.5800,0.53957177,2.67491165,0.47560832,0.45983201,1.28395113,0.56814778
25.5900,0.53953199,2.67508522,0.47569286,0.45986997,1.28412694,0.56810723
25.6000,0.53949226,2.67525862,0.47577734,0.45990789,1.28430261,0.56806671
25.6100,0.53945258,2.67543184,0.47586177,0.45994578,1.28447815,0.56802622
25.6200,0.53941294,2.67560488,0.47594614,0.45998363,1.28465355,0.56798577
25.6300,0.53937335,2.67577774,0.47603046,0.46002143,1.28482881,0.56794535
25.6400,0.53933381,2.67595042,0.47611473,0.46005920,1.28500393,0.56790496
25.6500,0.53929431,2.67612292,0.47619894,0.46009693,1.28517892,0.56786460
25.6600,0.53925485,2.67629525,0.47628310,0.46013463,1.28535377,0.56782428
25.6700,0.53921544,2.67646740,0.47636721,0.46017228,1.28552848,0.56778399
25.6800,0.53917608,2.67663937,0.47645126,0.46020990,1.28570306,0.56774373
25.6900,0.53913676,2.67681117,0.47653526,0.46024748,1.28587749,0.56770350
25.7000,0.53909749,2.67698279,0.47661920,0.46028502,1.28605180,0.56766331
25.7100,0.53905826,2.67715423,0.47670309,0.46032252,1.28622596,0.56762315
25.7200,0.53901908,2.67732550,0.47678693,0.46035998,1.28639999,0.56758302
25.7300,0.53897994,2.67749659,0.47687072,0.46039741,1.28657388,0.56754293
25.7400,0.53894085,2.67766750,0.47695445,0.46043480,1.28674764,0.56750286
25.7500,0.53890180,2.67783824,0.47703812,0.46047215,1.28692125,0.56746283
25.7600,0.53886280,2.67800880,0.47712175,0.46050946,1.28709474,0.56742283
25.7700,0.53882384,2.67817919,0.47720532,0.46054673,1.28726808,0.56738287
25.7800,0.53878493,2.67834940,0.47728883,0.46058397,1.28744129,0.56734293
25.7900,0.53874606,2.67851944,0.47737229,0.46062117,1.28761437,0.56730303
25.8000,0.53870724,2.67868930,0.47745570,0.46065833,1.28778731,0.56726316
25.8100,0.53866846,2.67885899,0.47753906,0.46069545,1.28796011,0.56722333
25.8200,0.53862972,2.67902850,0.47762236,0.46073254,1.28813278,0.56718352
25.8300,0.53859103,2.67919784,0.47770561,0.46076959,1.28830531,0.56714375
25.8400,0.53855239,2.67936701,0.47778881,0.46080660,1.28847771,0.56710401
25.8500,0.53851379,2.67953600,0.47787195,0.46084357,1.28864997,0.56706430
25.8600,0.53847523,2.67970482,0.47795504,0.46088051,1.28882210,0.56702462
25.8700,0.53843672,2.67987346,0.47803808,0.46091741,1.28899409,0.56698498
25.8800,0.53839825,2.68004194,0.47812106,0.46095427,1.28916594,0.56694537
25.8900,0.53835982,2.68021024,0.47820399,0.46099109,1.28933766,0.56690579
25.9000,0.53832144,2.68037836,0.47828687,0.46102787,1.28950925,0.56686624
25.9100,0.53828310,2.68054632,0.47836969,0.46106462,1.28968070,0.56682673
25.9200,0.53824481,2.68071410,0.47845247,0.46110133,1.28985202,0.56678724
25.9300,0.53820656,2.68088171,0.47853518,0.46113801,1.29002320,0.56674779
25.9400,0.53816836,2.68104915,0.47861785,0.46117464,1.29019425,0.56670837
25.9500,0.53813020,2.68121642,0.47870046,0.46121124,1.29036516,0.56666899
25.9600,0.53809208,2.68138352,0.47878302,0.46124781,1.29053594,0.56662963
25.9700,0.53805400,2.68155044,0.47886553,0.46128433,1.29070658,0.56659031
25.9800,0.53801597,2.68171720,0.47894798,0.46132082,1.29087709,0.56655102
25.9900,0.53797798,2.68188378,0.47903038,0.46135727,1.29104747,0.56651176
26.0000,0.53794004,2.68205019,0.47911273,0.46139369,1.29121771,0.56647253
26.0100,0.53790214,2.68221643,0.47919502,0.46143006,1.29138782,0.56643334
26.0200,0.53786428,2.68238251,0.47927727,0.46146640,1.29155780,0.56639417
26.0300,0.53782647,2.68254841,0.47935946,0.46150271,1.29172764,0.56635504
26.0400,0.53778870,2.68271414,0.47944159,0.46153897,1.29189735,0.56631594
26.0500,0.53775097,2.68287971,0.47952368,0.46157520,1.29206692,0.56627687
26.0600,0.53771328,2.68304510,0.47960571,0.46161140,1.29223636,0.56623784
26.0700,0.53767564,2.68321033,0.47968769,0.46164755,1.29240567,0.56619883
26.0800,0.53763804,2.68337538,0.47976962,0.46168367,1.29257485,0.56615986
26.0900,0.53760048,2.68354027,0.47985149,0.46171976,1.29274389,0.56612092
26.1000,0.53756297,2.68370499,0.47993331,0.46175580,1.29291280,0.56608201
26.1100,0.53752550,2.68386954,0.48001508,0.46179181,1.29308158,0.56604313
26.1200,0.53748807,2.68403392,0.48009680,0.46182778,1.29325022,0.56600428
26.1300,0.53745069,2.68419814,0.48017846,0.46186372,1.29341873,0.56596547
26.1400,0.53741334,2.68436218,0.48026007,0.46189962,1.29358711,0.56592668
26.1500,0.53737604,2.68452606,0.48034163,0.46193549,1.29375536,0.56588793
26.1600,0.53733878,2.68468978,0.48042314,0.46197131,1.29392347,0.56584921
26.1700,0.53730157,2.68485332,0.48050459,0.46200710,1.29409145,0.56581053
26.1800,0.53726439,2.68501670,0.48058599,0.46204286,1.29425930,0.56577187
26.1900,0.53722726,2.68517991,0.48066734,0.46207858,1.29442702,0.56573324
26.2000,0.53719017,2.68534296,0.48074864,0.46211426,1.29459461,0.56569465
26.2100,0.53715313,2.68550584,0.48082989,0.46214991,1.29476206,0.56565609
26.2200,0.53711612,2.68566855,0.48091108,0.46218552,1.29492938,0.56561756
26.2300,0.53707916,2.68583110,0.48099222,0.46222109,1.29509657,0.56557906
26.2400,0.53704224,2.68599348,0.48107331,0.46225663,1.29526363,0.56554059
26.2500,0.53700536,2.68615570,0.48115435,0.46229213,1.29543056,0.56550215
26.2600,0.53696852,2.68631775,0.48123533,0.46232759,1.29559735,0.56546375
26.2700,0.53693172,2.68647963,0.48131626,0.46236302,1.29576402,0.56542537
26.2800,0.53689497,2.68664135,0.48139714,0.46239842,1.29593055,0.56538703
26.2900,0.53685826,2.68680291,0.48147797,0.46243377,1.29609695,0.56534872
26.3000,0.53682159,2.68696430,0.48155875,0.46246910,1.29626323,0.56531044
26.3100,0.53678496,2.68712553,0.48163947,0.46250438,1.29642937,0.56527219
26.3200,0.53674837,2.68728659,0.48172015,0.46253963,1.29659538,0.56523397
26.3300,0.53671182,2.68744749,0.48180077,0.46257485,1.29676125,0.56519578
26.3400,0.53667532,2.68760823,0.48188134,0.46261003,1.29692700,0.56515763
26.3500,0.53663886,2.68776880,0.48196185,0.46264517,1.29709262,0.56511951
26.3600,0.53660243,2.68792921,0.48204232,0.46268028,1.29725811,0.56508141
26.3700,0.53656605,2.68808946,0.48212273,0.46271535,1.29742346,0.56504335
26.3800,0.53652971,2.68824954,0.48220310,0.46275038,1.29758869,0.56500532
26.3900,0.53649341,2.68840946,0.48228341,0.46278538,1.29775379,0.56496732
26.4000,0.53645715,2.68856922,0.48236366,0.46282035,1.29791875,0.56492935
26.4100,0.53642094,2.68872881,0.48244387,0.46285528,1.29808359,0.56489141
26.4200,0.53638476,2.68888825,0.48252403,0.46289017,1.29824830,0.56485351
26.4300,0.53634863,2.68904752,0.48260413,0.46292503,1.29841288,0.56481563
26.4400,0.53631253,2.68920663,0.48268418,0.46295985,1.29857732,0.56477779
26.4500,0.53627648,2.68936558,0.48276418,0.46299464,1.29874164,0.56473997
26.4600,0.53624046,2.68952436,0.48284413,0.46302939,1.29890583,0.56470219
26.4700,0.53620449,2.68968299,0.48292403,0.46306411,1.29906989,0.56466444
26.4800,0.53616856,2.68984145,0.48300387,0.46309879,1.29923382,0.56462672
26.4900,0.53613267,2.68999976,0.48308367,0.46313344,1.29939762,0.56458903
26.5000,0.53609682,2.69015790,0.48316341,0.46316805,1.29956129,0.56455137
26.5100,0.53606101,2.69031588,0.48324310,0.46320263,1.29972483,0.56451374
26.5200,0.53602523,2.69047371,0.48332274,0.46323717,1.29988824,0.56447614
26.5300,0.53598950,2.69063137,0.48340233,0.46327168,1.30005153,0.56443858
26.5400,0.53595381,2.69078887,0.48348187,0.46330615,1.30021468,0.56440104
26.5500,0.53591817,2.69094622,0.48356136,0.46334058,1.30037771,0.56436354
26.5600,0.53588256,2.69110340,0.48364079,0.46337499,1.30054061,0.56432606
26.5700,0.53584699,2.69126042,0.48372018,0.46340935,1.30070338,0.56428862
26.5800,0.53581146,2.69141729,0.48379951,0.46344368,1.30086602,0.56425121
26.5900,0.53577597,2.69157400,0.48387879,0.46347798,1.30102854,0.56421382
26.6000,0.53574052,2.69173054,0.48395802,0.46351224,1.30119092,0.56417647
26.6100,0.53570511,2.69188693,0.48403720,0.46354647,1.30135318,0.56413915
26.6200,0.53566974,2.69204317,0.48411633,0.46358066,1.30151531,0.56410186
26.6300,0.53563441,2.69219924,0.48419541,0.46361482,1.30167731,0.56406460
26.6400,0.53559912,2.69235515,0.48427443,0.46364894,1.30183918,0.56402737
26.6500,0.53556386,2.69251091,0.48435341,0.46368303,1.30200093,0.56399017
26.6600,0.53552865,2.69266651,0.48443233,0.46371708,1.30216255,0.56395301
26.6700,0.53549348,2.69282195,0.48451121,0.46375110,1.30232404,0.56391587
26.6800,0.53545835,2.69297724,0.48459003,0.46378509,1.30248540,0.56387876
26.6900,0.53542325,2.69313237,0.48466880,0.46381904,1.30264664,0.56384168
26.7000,0.53538820,2.69328734,0.48474752,0.46385295,1.30280775,0.56380464
26.7100,0.53535319,2.69344215,0.48482619,0.46388684,1.30296873,0.56376762
26.7200,0.53531821,2.69359681,0.48490481,0.46392068,1.30312958,0.56373064
26.7300,0.53528327,2.69375131,0.48498338,0.46395450,1.30329031,0.56369368
26.7400,0.53524838,2.69390566,0.48506190,0.46398827,1.30345091,0.56365676
26.7500,0.53521352,2.69405985,0.48514036,0.46402202,1.30361138,0.56361986
26.7600,0.53517870,2.69421389,0.48521878,0.46405573,1.30377173,0.56358300
26.7700,0.53514392,2.69436776,0.48529714,0.46408940,1.30393195,0.56354617
26.7800,0.53510918,2.69452149,0.48537546,0.46412304,1.30409205,0.56350936
26.7900,0.53507448,2.69467506,0.48545372,0.46415665,1.30425201,0.56347259
26.8000,0.53503981,2.69482847,0.48553194,0.46419022,1.30441186,0.56343585
26.8100,0.53500519,2.69498173,0.48561010,0.46422376,1.30457157,0.56339913
26.8200,0.53497060,2.69513483,0.48568821,0.46425727,1.30473116,0.56336245
26.8300,0.53493605,2.69528778,0.48576627,0.46429074,1.30489062,0.56332580
26.8400,0.53490154,2.69544058,0.48584429,0.46432418,1.30504996,0.56328918
26.8500,0.53486707,2.69559322,0.48592225,0.46435758,1.30520917,0.56325258
26.8600,0.53483264,2.69574571,0.48600016,0.46439095,1.30536826,0.56321602
26.8700,0.53479825,2.69589804,0.48607802,0.46442428,1.30552722,0.56317949
26.8800,0.53476389,2.69605022,0.48615583,0.46445758,1.30568605,0.56314299
26.8900,0.53472958,2.69620225,0.48623359,0.46449085,1.30584476,0.56310652
26.9000,0.53469530,2.69635412,0.48631130,0.46452409,1.30600334,0.56307008
26.9100,0.53466106,2.69650585,0.48638896,0.46455729,1.30616180,0.56303366
26.9200,0.53462685,2.69665741,0.48646657,0.46459045,1.30632014,0.56299728
26.9300,0.53459269,2.69680883,0.48654412,0.46462358,1.30647834,0.56296093
26.9400,0.53455856,2.69696009,0.48662163,0.46465668,1.30663643,0.56292461
26.9500,0.53452448,2.69711120,0.48669909,0.46468975,1.30679438,0.56288832
26.9600,0.53449043,2.69726216,0.48677650,0.46472278,1.30695222,0.56285206
26.9700,0.53445641,2.69741297,0.48685386,0.46475578,1.30710992,0.56281582
26.9800,0.53442244,2.69756363,0.48693116,0.46478874,1.30726751,0.56277962
26.9900,0.53438850,2.69771413,0.48700842,0.46482168,1.30742497,0.56274345
27.0000,0.53435460,2.69786448,0.48708563,0.46485457,1.30758230,0.56270731
27.0100,0.53432074,2.69801469,0.48716279,0.46488744,1.30773951,0.56267119
27.0200,0.53428692,2.69816474,0.48723990,0.46492027,1.30789660,0.56263511
27.0300,0.53425313,2.69831464,0.48731695,0.46495307,1.30805356,0.56259906
27.0400,0.53421939,2.69846438,0.48739396,0.46498583,1.30821040,0.56256304
27.0500,0.53418568,2.69861398,0.48747092,0.46501856,1.30836711,0.56252704
27.0600,0.53415200,2.69876343,0.48754783,0.46505126,1.30852370,0.56249108
27.0700,0.53411837,2.69891273,0.48762469,0.46508393,1.30868017,0.56245514
27.0800,0.53408477,2.69906188,0.48770150,0.46511656,1.30883651,0.56241924
27.0900,0.53405121,2.69921088,0.48777825,0.46514916,1.30899273,0.56238336
27.1000,0.53401768,2.69935973,0.48785496,0.46518172,1.30914882,0.56234752
27.1100,0.53398419,2.69950843,0.48793162,0.46521425,1.30930479,0.56231170
27.1200,0.53395074,2.69965698,0.48800823,0.46524675,1.30946064,0.56227592
27.1300,0.53391733,2.69980538,0.48808479,0.46527922,1.30961636,0.56224016
27.1400,0.53388396,2.69995363,0.48816130,0.46531165,1.30977196,0.56220443
27.1500,0.53385062,2.70010174,0.48823776,0.46534405,1.30992744,0.56216874
27.1600,0.53381732,2.70024969,0.48831418,0.46537642,1.31008280,0.56213307
27.1700,0.53378405,2.70039750,0.48839054,0.46540875,1.31023803,0.56209743
27.1800,0.53375082,2.70054516,0.48846685,0.46544106,1.31039314,0.56206182
27.1900,0.53371763,2.70069267,0.48854311,0.46547333,1.31054813,0.56202624
27.2000,0.53368448,2.70084003,0.48861932,0.46550556,1.31070299,0.56199069
27.2100,0.53365136,2.70098725,0.48869549,0.46553777,1.31085773,0.56195517
27.2200,0.53361828,2.70113432,0.48877160,0.46556994,1.31101235,0.56191968
27.2300,0.53358523,2.70128124,0.48884767,0.46560207,1.31116685,0.56188422
27.2400,0.53355222,2.70142801,0.48892368,0.46563418,1.31132122,0.56184878
27.2500,0.53351925,2.70157464,0.48899965,0.46566625,1.31147547,0.56181338
27.2600,0.53348632,2.70172112,0.48907557,0.46569829,1.31162960,0.56177801
27.2700,0.53345342,2.70186745,0.48915143,0.46573030,1.31178361,0.56174266
27.2800,0.53342055,2.70201364,0.48922725,0.46576228,1.31193750,0.56170735
27.2900,0.53338773,2.70215968,0.48930302,0.46579422,1.31209126,0.56167206
27.3000,0.53335494,2.70230557,0.48937874,0.46582613,1.31224490,0.56163680
27.3100,0.53332218,2.70245132,0.48945441,0.46585801,1.31239842,0.56160158
27.3200,0.53328947,2.70259693,0.48953003,0.46588985,1.31255182,0.56156638
27.3300,0.53325678,2.70274238,0.48960560,0.46592167,1.31270510,0.56153121
27.3400,0.53322414,2.70288770,0.48968113,0.46595345,1.31285825,0.56149607
27.3500,0.53319153,2.70303286,0.48975660,0.46598520,1.31301129,0.56146096
27.3600,0.53315896,2.70317788,0.48983203,0.46601691,1.31316420,0.56142587
27.3700,0.53312642,2.70332276,0.48990740,0.46604860,1.31331699,0.56139082
27.3800,0.53309392,2.70346749,0.48998273,0.46608025,1.31346966,0.56135580
27.3900,0.53306145,2.70361208,0.49005801,0.46611187,1.31362221,0.56132080
27.4000,0.53302902,2.70375652,0.49013324,0.46614346,1.31377464,0.56128583
27.4100,0.53299662,2.70390082,0.49020842,0.46617501,1.31392695,0.56125090
27.4200,0.53296427,2.70404498,0.49028355,0.46620654,1.31407914,0.56121599
27.4300,0.53293194,2.70418899,0.49035863,0.46623803,1.31423121,0.56118111
27.4400,0.53289965,2.70433286,0.49043367,0.46626949,1.31438315,0.56114626
27.4500,0.53286740,2.70447658,0.49050865,0.46630092,1.31453498,0.56111144
27.4600,0.53283518,2.70462016,0.49058359,0.46633231,1.31468669,0.56107665
27.4700,0.53280300,2.70476360,0.49065847,0.46636368,1.31483827,0.56104188
27.4800,0.53277086,2.70490689,0.49073331,0.46639501,1.31498974,0.56100715
27.4900,0.53273875,2.70505005,0.49080810,0.46642631,1.31514108,0.56097244
27.5000,0.53270667,2.70519305,0.49088285,0.46645758,1.31529231,0.56093777
27.5100,0.53267463,2.70533592,0.49095754,0.46648881,1.31544341,0.56090312
27.5200,0.53264262,2.70547865,0.49103218,0.46652002,1.31559440,0.56086850
27.5300,0.53261065,2.70562123,0.49110678,0.46655119,1.31574526,0.56083391
27.5400,0.53257872,2.70576367,0.49118132,0.46658233,1.31589601,0.56079934
27.5500,0.53254682,2.70590596,0.49125582,0.46661344,1.31604664,0.56076481
27.5600,0.53251495,2.70604812,0.49133027,0.46664452,1.31619714,0.56073031
27.5700,0.53248312,2.70619014,0.49140467,0.46667557,1.31634753,0.56069583
27.5800,0.53245133,2.70633201,0.49147903,0.46670658,1.31649780,0.56066138
27.5900,0.53241957,2.70647374,0.49155333,0.46673757,1.31664795,0.56062696
27.6000,0.53238784,2.70661533,0.49162759,0.46676852,1.31679798,0.56059257
27.6100,0.53235615,2.70675678,0.49170180,0.46679944,1.31694789,0.56055821
27.6200,0.53232450,2.70689809,0.49177596,0.46683033,1.31709768,0.56052388
27.6300,0.53229287,2.70703926,0.49185007,0.46686119,1.31724736,0.56048958
27.6400,0.53226129,2.70718029,0.49192413,0.46689202,1.31739691,0.56045530
27.6500,0.53222974,2.70732118,0.49199815,0.46692281,1.31754635,0.56042105
27.6600,0.53219822,2.70746193,0.49207211,0.46695358,1.31769566,0.56038683
27.6700,0.53216673,2.70760253,0.49214603,0.46698431,1.31784486,0.56035264
27.6800,0.53213529,2.70774300,0.49221990,0.46701501,1.31799394,0.56031848
27.6900,0.53210387,2.70788333,0.49229372,0.46704568,1.31814290,0.56028435
27.7000,0.53207249,2.70802352,0.49236750,0.46707632,1.31829175,0.56025024
27.7100,0.53204114,2.70816357,0.49244122,0.46710693,1.31844047,0.56021617
27.7200,0.53200983,2.70830348,0.49251490,0.46713751,1.31858908,0.56018212
27.7300,0.53197856,2.70844325,0.49258853,0.46716805,1.31873757,0.56014810
27.7400,0.53194731,2.70858289,0.49266211,0.46719857,1.31888594,0.56011411
27.7500,0.53191610,2.70872238,0.49273565,0.46722905,1.31903419,0.56008014
27.7600,0.53188493,2.70886174,0.49280913,0.46725951,1.31918233,0.56004621
27.7700,0.53185379,2.70900096,0.49288257,0.46728993,1.31933035,0.56001230
27.7800,0.53182268,2.70914004,0.49295596,0.46732032,1.31947825,0.55997842
27.7900,0.53179161,2.70927898,0.49302930,0.46735068,1.31962603,0.55994457
27.8000,0.53176057,2.70941779,0.49310260,0.46738101,1.31977370,0.55991075
27.8100,0.53172956,2.70955645,0.49317584,0.46741131,1.31992125,0.55987695
27.8200,0.53169859,2.70969498,0.49324904,0.46744158,1.32006868,0.55984319
27.8300,0.53166765,2.70983337,0.49332219,0.46747181,1.32021599,0.55980945
27.8400,0.53163675,2.70997163,0.49339529,0.46750202,1.32036319,0.55977574
27.8500,0.53160588,2.71010975,0.49346835,0.46753220,1.32051027,0.55974206
27.8600,0.53157504,2.71024773,0.49354136,0.46756234,1.32065724,0.55970841
27.8700,0.53154424,2.71038557,0.49361432,0.46759246,1.32080408,0.55967478
27.8800,0.53151347,2.71052328,0.49368723,0.46762254,1.32095081,0.55964118
27.8900,0.53148273,2.71066085,0.49376009,0.46765260,1.32109743,0.55960761
27.9000,0.53145203,2.71079829,0.49383291,0.46768262,1.32124392,0.55957407
27.9100,0.53142136,2.71093559,0.49390568,0.46771261,1.32139030,0.55954056
27.9200,0.53139072,2.71107275,0.49397840,0.46774257,1.32153657,0.55950707
27.9300,0.53136012,2.71120978,0.49405108,0.46777250,1.32168271,0.55947362
27.9400,0.53132955,2.71134667,0.49412371,0.46780241,1.32182875,0.55944019
27.9500,0.53129901,2.71148343,0.49419629,0.46783228,1.32197466,0.55940679
27.9600,0.53126851,2.71162005,0.49426882,0.46786212,1.32212046,0.55937341
27.9700,0.53123804,2.71175653,0.49434130,0.46789193,1.32226615,0.55934007
27.9800,0.53120760,2.71189288,0.49441374,0.46792171,1.32241171,0.55930675
27.9900,0.53117720,2.71202910,0.49448613,0.46795146,1.32255717,0.55927346
28.0000,0.53114683,2.71216518,0.49455847,0.46798118,1.32270250,0.55924019
28.0100,0.53111649,2.71230113,0.49463077,0.46801087,1.32284772,0.55920696
28.0200,0.53108618,2.71243694,0.49470302,0.46804053,1.32299283,0.55917375
28.0300,0.53105591,2.71257262,0.49477522,0.46807015,1.32313782,0.55914057
28.0400,0.53102567,2.71270817,0.49484737,0.46809975,1.32328269,0.55910742
28.0500,0.53099546,2.71284358,0.49491948,0.46812932,1.32342745,0.55907430
28.0600,0.53096529,2.71297885,0.49499154,0.46815886,1.32357210,0.55904120
28.0700,0.53093515,2.71311400,0.49506355,0.46818837,1.32371663,0.55900813
28.0800,0.53090504,2.71324901,0.49513552,0.46821785,1.32386104,0.55897509
28.0900,0.53087496,2.71338389,0.49520743,0.46824730,1.32400534,0.55894208
28.1000,0.53084492,2.71351863,0.49527931,0.46827672,1.32414952,0.55890909
28.1100,0.53081491,2.71365324,0.49535113,0.46830611,1.32429359,0.55887614
28.1200,0.53078493,2.71378772,0.49542291,0.46833546,1.32443755,0.55884321
28.1300,0.53075498,2.71392207,0.49549464,0.46836479,1.32458139,0.55881030
28.1400,0.53072507,2.71405628,0.49556632,0.46839409,1.32472512,0.55877743
28.1500,0.53069519,2.71419036,0.49563796,0.46842336,1.32486873,0.55874458
28.1600,0.53066534,2.71432431,0.49570955,0.46845260,1.32501223,0.55871176
28.1700,0.53063552,2.71445812,0.49578109,0.46848181,1.32515561,0.55867897
28.1800,0.53060574,2.71459181,0.49585258,0.46851099,1.32529888,0.55864620
28.1900,0.53057598,2.71472536,0.49592403,0.46854015,1.32544203,0.55861346
28.2000,0.53054626,2.71485878,0.49599544,0.46856927,1.32558507,0.55858075
28.2100,0.53051657,2.71499207,0.49606679,0.46859836,1.32572800,0.55854807
28.2200,0.53048692,2.71512523,0.49613810,0.46862742,1.32587081,0.55851541
28.2300,0.53045729,2.71525826,0.49620936,0.46865645,1.32601351,0.55848278
28.2400,0.53042770,2.71539116,0.49628058,0.46868546,1.32615610,0.55845018
28.2500,0.53039814,2.71552392,0.49635175,0.46871443,1.32629857,0.55841761
28.2600,0.53036861,2.71565656,0.49642287,0.46874338,1.32644093,0.55838506
28.2700,0.53033912,2.71578906,0.49649394,0.46877229,1.32658318,0.55835254
28.2800,0.53030965,2.71592144,0.49656497,0.46880118,1.32672531,0.55832005
28.2900,0.53028022,2.71605368,0.49663596,0.46883003,1.32686733,0.55828759
28.3000,0.53025082,2.71618580,0.49670689,0.46885886,1.32700924,0.55825515
28.3100,0.53022145,2.71631778,0.49677778,0.46888766,1.32715103,0.55822274
28.3200,0.53019211,2.71644964,0.49684862,0.46891643,1.32729271,0.55819035
28.3300,0.53016280,2.71658136,0.49691942,0.46894516,1.32743428,0.55815800
28.3400,0.53013353,2.71671296,0.49699017,0.46897387,1.32757573,0.55812567
28.3500,0.53010428,2.71684442,0.49706087,0.46900256,1.32771707,0.55809337
28.3600,0.53007507,2.71697576,0.49713153,0.46903121,1.32785830,0.55806109
28.3700,0.53004589,2.71710697,0.49720214,0.46905983,1.32799942,0.55802884
28.3800,0.53001674,2.71723805,0.49727271,0.46908842,1.32814042,0.55799662
28.3900,0.52998762,2.71736900,0.49734323,0.46911699,1.32828131,0.55796443
28.4000,0.52995854,2.71749982,0.49741370,0.46914552,1.32842209,0.55793226
28.4100,0.52992948,2.71763051,0.49748412,0.46917403,1.32856276,0.55790012
28.4200,0.52990046,2.71776108,0.49755450,0.46920251,1.32870332,0.55786801
28.4300,0.52987146,2.71789151,0.49762484,0.46923095,1.32884376,0.55783592
28.4400,0.52984250,2.71802182,0.49769513,0.46925937,1.32898409,0.55780387
28.4500,0.52981357,2.71815200,0.49776537,0.46928777,1.32912431,0.55777183
28.4600,0.52978467,2.71828206,0.49783556,0.46931613,1.32926442,0.55773983
28.4700,0.52975580,2.71841198,0.49790571,0.46934446,1.32940441,0.55770785
28.4800,0.52972696,2.71854178,0.49797581,0.46937276,1.32954430,0.55767590
28.4900,0.52969816,2.71867145,0.49804587,0.46940104,1.32968407,0.55764397
28.5000,0.52966938,2.71880100,0.49811588,0.46942929,1.32982373,0.55761208
28.5100,0.52964064,2.71893042,0.49818585,0.46945750,1.32996328,0.55758020
28.5200,0.52961192,2.71905971,0.49825577,0.46948569,1.33010272,0.55754836
28.5300,0.52958324,2.71918887,0.49832564,0.46951385,1.33024205,0.55751654
28.5400,0.52955459,2.71931791,0.49839547,0.46954199,1.33038126,0.55748475
28.5500,0.52952596,2.71944682,0.49846525,0.46957009,1.33052037,0.55745299
28.5600,0.52949737,2.71957560,0.49853499,0.46959817,1.33065936,0.55742125
28.5700,0.52946881,2.71970426,0.49860468,0.46962621,1.33079825,0.55738954
28.5800,0.52944028,2.71983279,0.49867432,0.46965423,1.33093702,0.55735786
28.5900,0.52941178,2.71996120,0.49874392,0.46968222,1.33107568,0.55732620
28.6000,0.52938331,2.72008948,0.49881347,0.46971018,1.33121423,0.55729457
28.6100,0.52935487,2.72021764,0.49888298,0.46973811,1.33135267,0.55726296
28.6200,0.52932647,2.72034567,0.49895244,0.46976602,1.33149100,0.55723139
28.6300,0.52929809,2.72047357,0.49902186,0.46979389,1.33162922,0.55719983
28.6400,0.52926974,2.72060135,0.49909123,0.46982174,1.33176733,0.55716831
28.6500,0.52924142,2.72072901,0.49916055,0.46984956,1.33190533,0.55713681
28.6600,0.52921314,2.72085654,0.49922983,0.46987735,1.33204322,0.55710534
28.6700,0.52918488,2.72098394,0.49929906,0.46990511,1.33218100,0.55707390
28.6800,0.52915665,2.72111122,0.49936825,0.46993285,1.33231867,0.55704248
28.6900,0.52912846,2.72123838,0.49943739,0.46996055,1.33245623,0.55701108
28.7000,0.52910029,2.72136541,0.49950649,0.46998823,1.33259368,0.55697972
28.7100,0.52907215,2.72149232,0.49957554,0.47001588,1.33273102,0.55694838
28.7200,0.52904405,2.72161910,0.49964455,0.47004351,1.33286825,0.55691707
28.7300,0.52901597,2.72174576,0.49971351,0.47007110,1.33300537,0.55688578
28.7400,0.52898792,2.72187230,0.49978243,0.47009866,1.33314238,0.55685452
28.7500,0.52895991,2.72199871,0.49985130,0.47012620,1.33327928,0.55682328
28.7600,0.52893192,2.72212500,0.49992012,0.47015371,1.33341607,0.55679208
28.7700,0.52890396,2.72225117,0.49998890,0.47018119,1.33355276,0.55676090
28.7800,0.52887604,2.72237721,0.50005763,0.47020865,1.33368933,0.55672974
28.7900,0.52884814,2.72250313,0.50012632,0.47023607,1.33382580,0.55669861
28.8000,0.52882027,2.72262893,0.50019497,0.47026347,1.33396215,0.55666751
28.8100,0.52879243,2.72275461,0.50026357,0.47029084,1.33409840,0.55663643
28.8200,0.52876462,2.72288016,0.50033212,0.47031819,1.33423454,0.55660538
28.8300,0.52873685,2.72300559,0.50040063,0.47034550,1.33437057,0.55657436
28.8400,0.52870910,2.72313090,0.50046909,0.47037279,1.33450649,0.55654336
28.8500,0.52868138,2.72325608,0.50053751,0.47040005,1.33464230,0.55651239
28.8600,0.52865369,2.72338115,0.50060588,0.47042728,1.33477800,0.55648144
28.8700,0.52862603,2.72350609,0.50067421,0.47045448,1.33491360,0.55645052
28.8800,0.52859839,2.72363091,0.50074249,0.47048166,1.33504908,0.55641963
28.8900,0.52857079,2.72375561,0.50081073,0.47050881,1.33518446,0.55638876
28.9000,0.52854322,2.72388018,0.50087893,0.47053593,1.33531973,0.55635792
28.9100,0.52851568,2.72400464,0.50094707,0.47056302,1.33545489,0.55632710
28.9200,0.52848816,2.72412897,0.50101518,0.47059009,1.33558995,0.55629631
28.9300,0.52846068,2.72425319,0.50108324,0.47061713,1.33572489,0.55626555
28.9400,0.52843322,2.72437728,0.50115125,0.47064414,1.33585973,0.55623481
28.9500,0.52840580,2.72450125,0.50121922,0.47067112,1.33599446,0.55620410
28.9600,0.52837840,2.72462510,0.50128714,0.47069808,1.33612909,0.55617342
28.9700,0.52835103,2.72474883,0.50135502,0.47072501,1.33626360,0.55614276
28.9800,0.52832369,2.72487244,0.50142286,0.47075191,1.33639801,0.55611212
28.9900,0.52829638,2.72499593,0.50149065,0.47077878,1.33653231,0.55608151
29.0000,0.52826910,2.72511930,0.50155839,0.47080563,1.33666650,0.55605093
29.0100,0.52824185,2.72524255,0.50162609,0.47083245,1.33680059,0.55602037
29.0200,0.52821462,2.72536568,0.50169375,0.47085924,1.33693457,0.55598984
29.0300,0.52818743,2.72548870,0.50176136,0.47088600,1.33706844,0.55595934
29.0400,0.52816026,2.72561159,0.50182893,0.47091274,1.33720220,0.55592886
29.0500,0.52813312,2.72573436,0.50189645,0.47093945,1.33733586,0.55589841
29.0600,0.52810602,2.72585701,0.50196393,0.47096614,1.33746941,0.55586798
29.0700,0.52807894,2.72597954,0.50203136,0.47099279,1.33760285,0.55583758
29.0800,0.52805189,2.72610196,0.50209875,0.47101942,1.33773619,0.55580720
29.0900,0.52802486,2.72622425,0.50216609,0.47104602,1.33786942,0.55577685
29.1000,0.52799787,2.72634643,0.50223339,0.47107260,1.33800254,0.55574652
29.1100,0.52797090,2.72646849,0.50230065,0.47109915,1.33813556,0.55571623
29.1200,0.52794397,2.72659043,0.50236786,0.47112567,1.33826847,0.55568595
29.1300,0.52791706,2.72671225,0.50243503,0.47115216,1.33840127,0.55565570
29.1400,0.52789018,2.72683395,0.50250215,0.47117863,1.33853397,0.55562548
29.1500,0.52786333,2.72695554,0.50256923,0.47120507,1.33866656,0.55559528
29.1600,0.52783650,2.72707701,0.50263626,0.47123148,1.33879905,0.55556511
29.1700,0.52780971,2.72719836,0.50270325,0.47125787,1.33893143,0.55553497
29.1800,0.52778294,2.72731959,0.50277020,0.47128423,1.33906370,0.55550485
29.1900,0.52775620,2.72744070,0.50283710,0.47131056,1.33919587,0.55547475
29.2000,0.52772949,2.72756170,0.50290396,0.47133687,1.33932793,0.55544468
29.2100,0.52770281,2.72768258,0.50297077,0.47136315,1.33945989,0.55541464
29.2200,0.52767616,2.72780334,0.50303754,0.47138940,1.33959174,0.55538462
29.2300,0.52764953,2.72792399,0.50310426,0.47141562,1.33972348,0.55535462
29.2400,0.52762294,2.72804452,0.50317095,0.47144182,1.33985512,0.55532466
29.2500,0.52759637,2.72816493,0.50323758,0.47146800,1.33998665,0.55529471
29.2600,0.52756983,2.72828522,0.50330417,0.47149414,1.34011808,0.55526480
29.2700,0.52754331,2.72840540,0.50337072,0.47152026,1.34024941,0.55523490
29.2800,0.52751683,2.72852546,0.50343723,0.47154636,1.34038063,0.55520504
29.2900,0.52749037,2.72864541,0.50350369,0.47157242,1.34051174,0.55517520
29.3000,0.52746394,2.72876524,0.50357011,0.47159846,1.34064275,0.55514538
29.3100,0.52743754,2.72888496,0.50363648,0.47162448,1.34077365,0.55511559
29.3200,0.52741116,2.72900455,0.50370281,0.47165046,1.34090445,0.55508582
29.3300,0.52738482,2.72912404,0.50376909,0.47167642,1.34103514,0.55505608
29.3400,0.52735850,2.72924340,0.50383534,0.47170236,1.34116573,0.55502637
29.3500,0.52733221,2.72936266,0.50390153,0.47172827,1.34129622,0.55499668
29.3600,0.52730594,2.72948179,0.50396769,0.47175415,1.34142659,0.55496701
29.3700,0.52727971,2.72960081,0.50403380,0.47178000,1.34155687,0.55493737
29.3800,0.52725350,2.72971972,0.50409986,0.47180583,1.34168704,0.55490776
29.3900,0.52722732,2.72983851,0.50416589,0.47183163,1.34181711,0.55487817
29.4000,0.52720117,2.72995719,0.50423187,0.47185741,1.34194707,0.55484860
29.4100,0.52717504,2.73007575,0.50429780,0.47188316,1.34207693,0.55481906
29.4200,0.52714894,2.73019420,0.50436369,0.47190888,1.34220668,0.55478955
29.4300,0.52712287,2.73031253,0.50442954,0.47193458,1.34233633,0.55476006
29.4400,0.52709683,2.73043075,0.50449535,0.47196025,1.34246588,0.55473059
29.4500,0.52707081,2.73054885,0.50456111,0.47198590,1.34259532,0.55470115
29.4600,0.52704483,2.73066685,0.50462683,0.47201152,1.34272466,0.55467174
29.4700,0.52701886,2.73078472,0.50469250,0.47203711,1.34285390,0.55464235
29.4800,0.52699293,2.73090249,0.50475813,0.47206268,1.34298303,0.55461299
29.4900,0.52696702,2.73102013,0.50482372,0.47208822,1.34311205,0.55458365
29.5000,0.52694114,2.73113767,0.50488926,0.47211374,1.34324098,0.55455433
29.5100,0.52691529,2.73125509,0.50495477,0.47213923,1.34336980,0.55452504
29.5200,0.52688946,2.73137240,0.50502022,0.47216469,1.34349852,0.55449578
29.5300,0.52686367,2.73148960,0.50508564,0.47219013,1.34362713,0.55446653
29.5400,0.52683790,2.73160668,0.50515101,0.47221554,1.34375564,0.55443732
29.5500,0.52681215,2.73172365,0.50521634,0.47224093,1.34388405,0.55440813
29.5600,0.52678643,2.73184051,0.50528162,0.47226629,1.34401236,0.55437896
29.5700,0.52676074,2.73195726,0.50534686,0.47229162,1.34414056,0.55434982
29.5800,0.52673508,2.73207389,0.50541206,0.47231693,1.34426866,0.55432070
29.5900,0.52670944,2.73219041,0.50547721,0.47234221,1.34439666,0.55429161
29.6000,0.52668383,2.73230682,0.50554232,0.47236747,1.34452455,0.55426255
29.6100,0.52665825,2.73242311,0.50560739,0.47239270,1.34465234,0.55423350
29.6200,0.52663269,2.73253930,0.50567242,0.47241791,1.34478003,0.55420448
29.6300,0.52660716,2.73265537,0.50573740,0.47244309,1.34490762,0.55417549
29.6400,0.52658166,2.73277133,0.50580234,0.47246824,1.34503510,0.55414652
29.6500,0.52655618,2.73288718,0.50586724,0.47249337,1.34516248,0.55411758
29.6600,0.52653073,2.73300291,0.50593209,0.47251848,1.34528976,0.55408866
29.6700,0.52650531,2.73311854,0.50599690,0.47254355,1.34541694,0.55405976
29.6800,0.52647991,2.73323405,0.50606167,0.47256861,1.34554402,0.55403089
29.6900,0.52645454,2.73334946,0.50612639,0.47259363,1.34567099,0.55400205
29.7000,0.52642920,2.73346475,0.50619107,0.47261864,1.34579786,0.55397323
29.7100,0.52640388,2.73357993,0.50625571,0.47264361,1.34592463,0.55394443
29.7200,0.52637859,2.73369500,0.50632031,0.47266856,1.34605130,0.55391566
29.7300,0.52635333,2.73380996,0.50638486,0.47269349,1.34617787,0.55388691
29.7400,0.52632809,2.73392481,0.50644937,0.47271839,1.34630433,0.55385819
29.7500,0.52630288,2.73403955,0.50651384,0.47274326,1.34643070,0.55382949
29.7600,0.52627769,2.73415418,0.50657826,0.47276811,1.34655696,0.55380081
29.7700,0.52625254,2.73426870,0.50664265,0.47279294,1.34668312,0.55377216
29.7800,0.52622740,2.73438311,0.50670698,0.47281774,1.34680918,0.55374354
29.7900,0.52620230,2.73449741,0.50677128,0.47284251,1.34693514,0.55371494
29.8000,0.52617722,2.73461160,0.50683554,0.47286726,1.34706099,0.55368636
29.8100,0.52615216,2.73472568,0.50689975,0.47289198,1.34718675,0.55365781
29.8200,0.52612713,2.73483965,0.50696392,0.47291668,1.34731240,0.55362928
29.8300,0.52610213,2.73495351,0.50702804,0.47294135,1.34743796,0.55360077
29.8400,0.52607716,2.73506726,0.50709213,0.47296600,1.34756341,0.55357229
29.8500,0.52605221,2.73518090,0.50715617,0.47299063,1.34768876,0.55354384
29.8600,0.52602728,2.73529444,0.50722017,0.47301522,1.34781401,0.55351541
29.8700,0.52600238,2.73540786,0.50728412,0.47303980,1.34793916,0.55348700
29.8800,0.52597751,2.73552118,0.50734804,0.47306435,1.34806421,0.55345861
29.8900,0.52595266,2.73563438,0.50741191,0.47308887,1.34818916,0.55343026
29.9000,0.52592784,2.73574748,0.50747574,0.47311337,1.34831401,0.55340192
29.9100,0.52590305,2.73586047,0.50753952,0.47313784,1.34843876,0.55337361
29.9200,0.52587828,2.73597335,0.50760327,0.47316229,1.34856341,0.55334532
29.9300,0.52585354,2.73608613,0.50766697,0.47318671,1.34868796,0.55331706
29.9400,0.52582882,2.73619879,0.50773063,0.47321111,1.34881241,0.55328882
29.9500,0.52580413,2.73631135,0.50779425,0.47323548,1.34893676,0.55326061
29.9600,0.52577946,2.73642380,0.50785782,0.47325983,1.34906101,0.55323242
29.9700,0.52575482,2.73653614,0.50792135,0.47328416,1.34918516,0.55320425
29.9800,0.52573021,2.73664838,0.50798485,0.47330846,1.34930921,0.55317611
29.9900,0.52570562,2.73676050,0.50804829,0.47333273,1.34943315,0.55314799
30.0000,0.52568105,2.73687252,0.50811170,0.47335698,1.34955700,0.55311989
30.0100,0.52565651,2.73698444,0.50817506,0.47338121,1.34968075,0.55309182
30.0200,0.52563200,2.73709624,0.50823839,0.47340541,1.34980441,0.55306378
30.0300,0.52560751,2.73720794,0.50830167,0.47342958,1.34992796,0.55303575
30.0400,0.52558305,2.73731953,0.50836491,0.47345374,1.35005141,0.55300775
30.0500,0.52555861,2.73743102,0.50842810,0.47347786,1.35017476,0.55297978
30.0600,0.52553420,2.73754239,0.50849126,0.47350197,1.35029801,0.55295183
30.0700,0.52550982,2.73765367,0.50855437,0.47352604,1.35042117,0.55292390
30.0800,0.52548546,2.73776483,0.50861744,0.47355010,1.35054422,0.55289600
30.0900,0.52546112,2.73787589,0.50868047,0.47357413,1.35066718,0.55286812
30.1000,0.52543681,2.73798684,0.50874345,0.47359813,1.35079004,0.55284026
30.1100,0.52541252,2.73809769,0.50880640,0.47362211,1.35091280,0.55281243
30.1200,0.52538826,2.73820843,0.50886930,0.47364607,1.35103546,0.55278462
30.1300,0.52536403,2.73831907,0.50893216,0.47367000,1.35115802,0.55275683
30.1400,0.52533982,2.73842960,0.50899498,0.47369391,1.35128048,0.55272907
30.1500,0.52531563,2.73854002,0.50905776,0.47371779,1.35140285,0.55270134
30.1600,0.52529147,2.73865034,0.50912049,0.47374165,1.35152511,0.55267362
30.1700,0.52526734,2.73876055,0.50918319,0.47376548,1.35164728,0.55264593
30.1800,0.52524323,2.73887066,0.50924584,0.47378929,1.35176935,0.55261826
30.1900,0.52521914,2.73898066,0.50930845,0.47381308,1.35189132,0.55259062
30.2000,0.52519508,2.73909056,0.50937102,0.47383684,1.35201319,0.55256300
30.2100,0.52517105,2.73920035,0.50943355,0.47386058,1.35213497,0.55253541
30.2200,0.52514704,2.73931004,0.50949603,0.47388429,1.35225664,0.55250783
30.2300,0.52512305,2.73941962,0.50955848,0.47390798,1.35237822,0.55248029
30.2400,0.52509909,2.73952910,0.50962088,0.47393164,1.35249970,0.55245276
30.2500,0.52507515,2.73963848,0.50968324,0.47395529,1.35262108,0.55242526
30.2600,0.52505124,2.73974775,0.50974556,0.47397890,1.35274237,0.55239778
30.2700,0.52502736,2.73985691,0.50980784,0.47400250,1.35286356,0.55237033
30.2800,0.52500349,2.73996597,0.50987007,0.47402606,1.35298465,0.55234289
30.2900,0.52497966,2.74007493,0.50993227,0.47404961,1.35310564,0.55231549
30.3000,0.52495584,2.74018379,0.50999442,0.47407313,1.35322654,0.55228810
30.3100,0.52493205,2.74029254,0.51005654,0.47409663,1.35334733,0.55226074
30.3200,0.52490829,2.74040118,0.51011861,0.47412010,1.35346803,0.55223340
30.3300,0.52488455,2.74050973,0.51018064,0.47414355,1.35358864,0.55220609
30.3400,0.52486084,2.74061817,0.51024263,0.47416698,1.35370914,0.55217880
30.3500,0.52483715,2.74072650,0.51030457,0.47419038,1.35382955,0.55215153
30.3600,0.52481348,2.74083474,0.51036648,0.47421376,1.35394987,0.55212428
30.3700,0.52478984,2.74094287,0.51042834,0.47423711,1.35407008,0.55209706
30.3800,0.52476622,2.74105089,0.51049017,0.47426044,1.35419020,0.55206986
30.3900,0.52474263,2.74115882,0.51055195,0.47428375,1.35431022,0.55204269
30.4000,0.52471906,2.74126664,0.51061369,0.47430703,1.35443015,0.55201554
30.4100,0.52469551,2.74137436,0.51067539,0.47433029,1.35454998,0.55198841
30.4200,0.52467199,2.74148198,0.51073705,0.47435352,1.35466971,0.55196131
30.4300,0.52464850,2.74158949,0.51079867,0.47437674,1.35478934,0.55193422
30.4400,0.52462503,2.74169690,0.51086024,0.47439993,1.35490888,0.55190716
30.4500,0.52460158,2.74180421,0.51092178,0.47442309,1.35502833,0.55188013
30.4600,0.52457815,2.74191142,0.51098327,0.47444623,1.35514767,0.55185312
30.4700,0.52455475,2.74201853,0.51104473,0.47446935,1.35526692,0.55182613
30.4800,0.52453138,2.74212553,0.51110614,0.47449244,1.35538608,0.55179916
30.4900,0.52450803,2.74223243,0.51116751,0.47451551,1.35550514,0.55177222
30.5000,0.52448470,2.74233923,0.51122884,0.47453856,1.35562410,0.55174530
30.5100,0.52446140,2.74244593,0.51129013,0.47456158,1.35574296,0.55171840
30.5200,0.52443812,2.74255253,0.51135138,0.47458458,1.35586174,0.55169153
30.5300,0.52441486,2.74265903,0.51141259,0.47460756,1.35598041,0.55166467
30.5400,0.52439163,2.74276542,0.51147376,0.47463052,1.35609899,0.55163785
30.5500,0.52436842,2.74287172,0.51153489,0.47465345,1.35621747,0.55161104
30.5600,0.52434524,2.74297791,0.51159597,0.47467635,1.35633586,0.55158426
30.5700,0.52432208,2.74308401,0.51165702,0.47469924,1.35645415,0.55155750
30.5800,0.52429894,2.74319000,0.51171802,0.47472210,1.35657235,0.55153076
30.5900,0.52427583,2.74329589,0.51177899,0.47474493,1.35669045,0.55150405
30.6000,0.52425274,2.74340168,0.51183991,0.47476775,1.35680846,0.55147736
30.6100,0.52422967,2.74350737,0.51190079,0.47479054,1.35692637,0.55145069
30.6200,0.52420663,2.74361296,0.51196164,0.47481331,1.35704419,0.55142405
30.6300,0.52418361,2.74371845,0.51202244,0.47483605,1.35716191,0.55139742
30.6400,0.52416061,2.74382384,0.51208320,0.47485877,1.35727954,0.55137082
30.6500,0.52413764,2.74392913,0.51214392,0.47488147,1.35739707,0.55134425
30.6600,0.52411470,2.74403432,0.51220460,0.47490414,1.35751451,0.55131769
30.6700,0.52409177,2.74413942,0.51226524,0.47492680,1.35763185,0.55129116
30.6800,0.52406887,2.74424441,0.51232584,0.47494942,1.35774910,0.55126465
30.6900,0.52404599,2.74434930,0.51238639,0.47497203,1.35786625,0.55123817
30.7000,0.52402314,2.74445409,0.51244691,0.47499461,1.35798331,0.55121170
30.7100,0.52400031,2.74455878,0.51250739,0.47501717,1.35810027,0.55118526
30.7200,0.52397750,2.74466338,0.51256783,0.47503971,1.35821714,0.55115885
30.7300,0.52395472,2.74476787,0.51262822,0.47506222,1.35833392,0.55113245
30.7400,0.52393196,2.74487227,0.51268858,0.47508471,1.35845060,0.55110608
30.7500,0.52390922,2.74497657,0.51274890,0.47510718,1.35856719,0.55107973
30.7600,0.52388651,2.74508077,0.51280917,0.47512963,1.35868368,0.55105340
30.7700,0.52386381,2.74518487,0.51286941,0.47515205,1.35880008,0.55102710
30.7800,0.52384115,2.74528887,0.51292960,0.47517445,1.35891638,0.55100081
30.7900,0.52381850,2.74539277,0.51298976,0.47519683,1.35903259,0.55097455
30.8000,0.52379588,2.74549657,0.51304988,0.47521918,1.35914871,0.55094832
30.8100,0.52377328,2.74560028,0.51310995,0.47524151,1.35926473,0.55092210
30.8200,0.52375071,2.74570389,0.51316999,0.47526382,1.35938066,0.55089591
30.8300,0.52372815,2.74580740,0.51322998,0.47528611,1.35949650,0.55086974
30.8400,0.52370563,2.74591081,0.51328993,0.47530837,1.35961224,0.55084359
30.8500,0.52368312,2.74601413,0.51334985,0.47533061,1.35972789,0.55081747
30.8600,0.52366064,2.74611734,0.51340972,0.47535283,1.35984345,0.55079137
30.8700,0.52363818,2.74622046,0.51346956,0.47537502,1.35995891,0.55076529
30.8800,0.52361574,2.74632349,0.51352935,0.47539720,1.36007428,0.55073923
30.8900,0.52359332,2.74642641,0.51358911,0.47541935,1.36018956,0.55071319
30.9000,0.52357093,2.74652924,0.51364882,0.47544147,1.36030474,0.55068718
30.9100,0.52354856,2.74663197,0.51370850,0.47546358,1.36041983,0.55066119
30.9200,0.52352622,2.74673460,0.51376813,0.47548566,1.36053483,0.55063522
30.9300,0.52350389,2.74683714,0.51382773,0.47550772,1.36064973,0.55060928
30.9400,0.52348159,2.74693958,0.51388728,0.47552976,1.36076454,0.55058335
30.9500,0.52345931,2.74704192,0.51394680,0.47555178,1.36087926,0.55055745
30.9600,0.52343706,2.74714417,0.51400627,0.47557377,1.36099389,0.55053157
30.9700,0.52341483,2.74724632,0.51406571,0.47559574,1.36110842,0.55050571
30.9800,0.52339262,2.74734837,0.51412510,0.47561769,1.36122286,0.55047988
30.9900,0.52337043,2.74745033,0.51418446,0.47563961,1.36133721,0.55045407
31.0000,0.52334826,2.74755219,0.51424378,0.47566152,1.36145147,0.55042828
31.0100,0.52332612,2.74765395,0.51430305,0.47568340,1.36156563,0.55040251
31.0200,0.52330400,2.74775562,0.51436229,0.47570526,1.36167970,0.55037676
31.0300,0.52328190,2.74785719,0.51442149,0.47572709,1.36179368,0.55035104
31.0400,0.52325983,2.74795867,0.51448065,0.47574891,1.36190757,0.55032534
31.0500,0.52323778,2.74806005,0.51453977,0.47577070,1.36202137,0.55029966
31.0600,0.52321575,2.74816134,0.51459884,0.47579247,1.36213507,0.55027400
31.0700,0.52319374,2.74826253,0.51465788,0.47581422,1.36224868,0.55024836
31.0800,0.52317175,2.74836362,0.51471688,0.47583595,1.36236220,0.55022275
31.0900,0.52314979,2.74846462,0.51477584,0.47585765,1.36247563,0.55019716
31.1000,0.52312785,2.74856553,0.51483477,0.47587933,1.36258897,0.55017159
31.1100,0.52310593,2.74866634,0.51489365,0.47590099,1.36270221,0.55014604
31.1200,0.52308404,2.74876705,0.51495249,0.47592263,1.36281536,0.55012051
31.1300,0.52306216,2.74886767,0.51501129,0.47594424,1.36292842,0.55009501
31.1400,0.52304031,2.74896820,0.51507005,0.47596584,1.36304139,0.55006953
31.1500,0.52301848,2.74906863,0.51512878,0.47598741,1.36315427,0.55004407
31.1600,0.52299667,2.74916896,0.51518746,0.47600896,1.36326706,0.55001863
31.1700,0.52297489,2.74926921,0.51524611,0.47603049,1.36337976,0.54999321
31.1800,0.52295312,2.74936935,0.51530472,0.47605199,1.36349236,0.54996782
31.1900,0.52293138,2.74946941,0.51536328,0.47607348,1.36360488,0.54994244
31.2000,0.52290966,2.74956936,0.51542181,0.47609494,1.36371730,0.54991709
31.2100,0.52288797,2.74966923,0.51548030,0.47611638,1.36382963,0.54989176
31.2200,0.52286629,2.74976900,0.51553875,0.47613780,1.36394187,0.54986646
31.2300,0.52284464,2.74986868,0.51559716,0.47615919,1.36405402,0.54984117
31.2400,0.52282301,2.74996826,0.51565553,0.47618057,1.36416608,0.54981591
31.2500,0.52280140,2.75006775,0.51571386,0.47620192,1.36427805,0.54979067
31.2600,0.52277981,2.75016715,0.51577215,0.47622325,1.36438993,0.54976544
31.2700,0.52275825,2.75026645,0.51583041,0.47624456,1.36450172,0.54974025
31.2800,0.52273670,2.75036566,0.51588862,0.47626585,1.36461342,0.54971507
31.2900,0.52271518,2.75046478,0.51594680,0.47628712,1.36472502,0.54968991
31.3000,0.52269368,2.75056380,0.51600493,0.47630836,1.36483654,0.54966478
31.3100,0.52267220,2.75066273,0.51606303,0.47632958,1.36494797,0.54963967
31.3200,0.52265074,2.75076157,0.51612109,0.47635079,1.36505930,0.54961458
31.3300,0.52262931,2.75086031,0.51617911,0.47637197,1.36517055,0.54958951
31.3400,0.52260789,2.75095896,0.51623709,0.47639312,1.36528171,0.54956446
31.3500,0.52258650,2.75105752,0.51629503,0.47641426,1.36539277,0.54953944
31.3600,0.52256513,2.75115599,0.51635294,0.47643538,1.36550375,0.54951443
31.3700,0.52254378,2.75125436,0.51641080,0.47645647,1.36561464,0.54948945
31.3800,0.52252246,2.75135264,0.51646863,0.47647754,1.36572543,0.54946449
31.3900,0.52250115,2.75145083,0.51652641,0.47649859,1.36583614,0.54943955
31.4000,0.52247987,2.75154893,0.51658416,0.47651962,1.36594676,0.54941463
31.4100,0.52245860,2.75164694,0.51664187,0.47654063,1.36605729,0.54938973
31.4200,0.52243736,2.75174485,0.51669954,0.47656162,1.36616773,0.54936486
31.4300,0.52241614,2.75184267,0.51675717,0.47658258,1.36627807,0.54934001
31.4400,0.52239495,2.75194040,0.51681477,0.47660353,1.36638833,0.54931517
31.4500,0.52237377,2.75203804,0.51687232,0.47662445,1.36649850,0.54929036
31.4600,0.52235261,2.75213559,0.51692984,0.47664535,1.36660859,0.54926557
31.4700,0.52233148,2.75223304,0.51698731,0.47666623,1.36671858,0.54924080
31.4800,0.52231037,2.75233041,0.51704475,0.47668709,1.36682848,0.54921606
31.4900,0.52228927,2.75242768,0.51710215,0.47670793,1.36693830,0.54919133
31.5000,0.52226820,2.75252486,0.51715952,0.47672874,1.36704802,0.54916663
31.5100,0.52224716,2.75262195,0.51721684,0.47674954,1.36715766,0.54914194
31.5200,0.52222613,2.75271895,0.51727412,0.47677031,1.36726720,0.54911728
31.5300,0.52220512,2.75281586,0.51733137,0.47679107,1.36737666,0.54909264
31.5400,0.52218413,2.75291268,0.51738858,0.47681180,1.36748603,0.54906802
31.5500,0.52216317,2.75300941,0.51744575,0.47683251,1.36759532,0.54904342
31.5600,0.52214223,2.75310604,0.51750288,0.47685320,1.36770451,0.54901885
31.5700,0.52212130,2.75320259,0.51755997,0.47687387,1.36781361,0.54899429
31.5800,0.52210040,2.75329905,0.51761703,0.47689451,1.36792263,0.54896976
31.5900,0.52207952,2.75339541,0.51767404,0.47691514,1.36803156,0.54894524
31.6000,0.52205866,2.75349169,0.51773102,0.47693575,1.36814040,0.54892075
31.6100,0.52203783,2.75358787,0.51778796,0.47695633,1.36824915,0.54889628
31.6200,0.52201701,2.75368397,0.51784486,0.47697689,1.36835781,0.54887183
31.6300,0.52199621,2.75377998,0.51790173,0.47699744,1.36846639,0.54884740
31.6400,0.52197544,2.75387589,0.51795855,0.47701796,1.36857487,0.54882299
31.6500,0.52195468,2.75397172,0.51801534,0.47703846,1.36868327,0.54879861
31.6600,0.52193395,2.75406746,0.51807209,0.47705894,1.36879158,0.54877424
31.6700,0.52191324,2.75416310,0.51812880,0.47707940,1.36889981,0.54874990
31.6800,0.52189254,2.75425866,0.51818547,0.47709984,1.36900794,0.54872557
31.6900,0.52187187,2.75435413,0.51824210,0.47712025,1.36911599,0.54870127
31.7000,0.52185122,2.75444951,0.51829870,0.47714065,1.36922395,0.54867699
31.7100,0.52183059,2.75454480,0.51835526,0.47716103,1.36933182,0.54865273
31.7200,0.52180998,2.75464000,0.51841178,0.47718138,1.36943961,0.54862849
31.7300,0.52178939,2.75473511,0.51846826,0.47720172,1.36954731,0.54860427
31.7400,0.52176883,2.75483014,0.51852471,0.47722203,1.36965492,0.54858007
31.7500,0.52174828,2.75492507,0.51858111,0.47724232,1.36976244,0.54855590
31.7600,0.52172775,2.75501992,0.51863748,0.47726260,1.36986988,0.54853174
31.7700,0.52170725,2.75511468,0.51869381,0.47728285,1.36997723,0.54850760
31.7800,0.52168676,2.75520935,0.51875010,0.47730308,1.37008449,0.54848349
31.7900,0.52166630,2.75530393,0.51880636,0.47732329,1.37019166,0.54845940
31.8000,0.52164585,2.75539842,0.51886258,0.47734348,1.37029875,0.54843532
31.8100,0.52162543,2.75549283,0.51891876,0.47736365,1.37040575,0.54841127
31.8200,0.52160502,2.75558714,0.51897490,0.47738380,1.37051267,0.54838724
31.8300,0.52158464,2.75568137,0.51903100,0.47740393,1.37061950,0.54836323
31.8400,0.52156428,2.75577551,0.51908707,0.47742403,1.37072624,0.54833924
31.8500,0.52154394,2.75586957,0.51914310,0.47744412,1.37083289,0.54831527
31.8600,0.52152361,2.75596353,0.51919909,0.47746419,1.37093946,0.54829132
31.8700,0.52150331,2.75605741,0.51925504,0.47748424,1.37104594,0.54826739
31.8800,0.52148303,2.75615120,0.51931095,0.47750426,1.37115234,0.54824349
31.8900,0.52146277,2.75624490,0.51936683,0.47752427,1.37125864,0.54821960
31.9000,0.52144253,2.75633852,0.51942267,0.47754425,1.37136487,0.54819573
31.9100,0.52142231,2.75643205,0.51947847,0.47756422,1.37147100,0.54817189
31.9200,0.52140211,2.75652549,0.51953424,0.47758416,1.37157705,0.54814806
31.9300,0.52138193,2.75661884,0.51958997,0.47760409,1.37168302,0.54812426
31.9400,0.52136177,2.75671211,0.51964566,0.47762399,1.37178890,0.54810048
31.9500,0.52134163,2.75680529,0.51970131,0.47764388,1.37189469,0.54807671
31.9600,0.52132151,2.75689838,0.51975693,0.47766374,1.37200039,0.54805297
31.9700,0.52130141,2.75699139,0.51981250,0.47768358,1.37210601,0.54802925
31.9800,0.52128133,2.75708431,0.51986804,0.47770341,1.37221155,0.54800555
31.9900,0.52126127,2.75717714,0.51992355,0.47772321,1.37231700,0.54798187
32.0000,0.52124123,2.75726989,0.51997901,0.47774299,1.37242236,0.54795821
32.0100,0.52122121,2.75736255,0.52003444,0.47776275,1.37252764,0.54793457
32.0200,0.52120121,2.75745513,0.52008983,0.47778250,1.37263283,0.54791095
32.0300,0.52118124,2.75754762,0.52014518,0.47780222,1.37273794,0.54788735
32.0400,0.52116128,2.75764002,0.52020050,0.47782192,1.37284296,0.54786377
32.0500,0.52114134,2.75773234,0.52025578,0.47784160,1.37294790,0.54784021
32.0600,0.52112142,2.75782457,0.52031102,0.47786127,1.37305275,0.54781668
32.0700,0.52110152,2.75791671,0.52036623,0.47788091,1.37315751,0.54779316
32.0800,0.52108164,2.75800877,0.52042139,0.47790053,1.37326219,0.54776966
32.0900,0.52106178,2.75810075,0.52047652,0.47792013,1.37336679,0.54774619
32.1000,0.52104194,2.75819264,0.52053162,0.47793972,1.37347130,0.54772273
32.1100,0.52102212,2.75828444,0.52058667,0.47795928,1.37357573,0.54769929
32.1200,0.52100232,2.75837616,0.52064169,0.47797882,1.37368007,0.54767588
32.1300,0.52098254,2.75846779,0.52069667,0.47799834,1.37378432,0.54765248
32.1400,0.52096277,2.75855934,0.52075162,0.47801785,1.37388850,0.54762911
32.1500,0.52094303,2.75865080,0.52080653,0.47803733,1.37399258,0.54760575
32.1600,0.52092331,2.75874218,0.52086140,0.47805679,1.37409659,0.54758242
32.1700,0.52090361,2.75883347,0.52091623,0.47807624,1.37420050,0.54755910
32.1800,0.52088393,2.75892468,0.52097103,0.47809566,1.37430434,0.54753581
32.1900,0.52086426,2.75901580,0.52102579,0.47811506,1.37440809,0.54751253
32.2000,0.52084462,2.75910684,0.52108051,0.47813445,1.37451175,0.54748928
32.2100,0.52082499,2.75919780,0.52113520,0.47815381,1.37461533,0.54746604
32.2200,0.52080539,2.75928867,0.52118985,0.47817316,1.37471883,0.54744283
32.2300,0.52078580,2.75937945,0.52124446,0.47819248,1.37482224,0.54741964
32.2400,0.52076624,2.75947015,0.52129903,0.47821179,1.37492557,0.54739646
32.2500,0.52074669,2.75956077,0.52135357,0.47823107,1.37502881,0.54737331
32.2600,0.52072717,2.75965130,0.52140807,0.47825034,1.37513197,0.54735018
32.2700,0.52070766,2.75974175,0.52146254,0.47826958,1.37523505,0.54732706
32.2800,0.52068817,2.75983212,0.52151697,0.47828881,1.37533804,0.54730397
32.2900,0.52066870,2.75992240,0.52157136,0.47830802,1.37544095,0.54728090
32.3000,0.52064925,2.76001260,0.52162572,0.47832721,1.37554378,0.54725784
32.3100,0.52062982,2.76010271,0.52168003,0.47834637,1.37564652,0.54723481
32.3200,0.52061041,2.76019275,0.52173432,0.47836552,1.37574918,0.54721179
32.3300,0.52059102,2.76028269,0.52178856,0.47838465,1.37585175,0.54718880
32.3400,0.52057165,2.76037256,0.52184277,0.47840376,1.37595424,0.54716583
32.3500,0.52055230,2.76046234,0.52189694,0.47842285,1.37605665,0.54714287
32.3600,0.52053296,2.76055204,0.52195108,0.47844192,1.37615897,0.54711994
32.3700,0.52051365,2.76064165,0.52200518,0.47846097,1.37626122,0.54709703
32.3800,0.52049435,2.76073118,0.52205924,0.47848000,1.37636337,0.54707413
32.3900,0.52047508,2.76082063,0.52211327,0.47849902,1.37646545,0.54705126
32.4000,0.52045582,2.76091000,0.52216725,0.47851801,1.37656744,0.54702840
32.4100,0.52043658,2.76099928,0.52222121,0.47853698,1.37666935,0.54700557
32.4200,0.52041736,2.76108848,0.52227512,0.47855594,1.37677118,0.54698275
32.4300,0.52039816,2.76117760,0.52232901,0.47857487,1.37687292,0.54695996
32.4400,0.52037898,2.76126664,0.52238285,0.47859379,1.37697458,0.54693718
32.4500,0.52035982,2.76135559,0.52243666,0.47861268,1.37707616,0.54691443
32.4600,0.52034068,2.76144446,0.52249043,0.47863156,1.37717765,0.54689169
32.4700,0.52032156,2.76153325,0.52254416,0.47865042,1.37727907,0.54686897
32.4800,0.52030245,2.76162196,0.52259786,0.47866926,1.37738040,0.54684628
32.4900,0.52028336,2.76171058,0.52265152,0.47868808,1.37748164,0.54682360
32.5000,0.52026430,2.76179913,0.52270515,0.47870688,1.37758281,0.54680094
32.5100,0.52024525,2.76188759,0.52275874,0.47872566,1.37768389,0.54677831
32.5200,0.52022622,2.76197597,0.52281229,0.47874442,1.37778489,0.54675569
32.5300,0.52020721,2.76206426,0.52286581,0.47876316,1.37788581,0.54673309
32.5400,0.52018822,2.76215248,0.52291929,0.47878189,1.37798665,0.54671051
32.5500,0.52016924,2.76224061,0.52297274,0.47880059,1.37808740,0.54668795
32.5600,0.52015029,2.76232867,0.52302615,0.47881928,1.37818807,0.54666541
32.5700,0.52013135,2.76241664,0.52307952,0.47883795,1.37828866,0.54664289
32.5800,0.52011244,2.76250453,0.52313286,0.47885659,1.37838917,0.54662039
32.5900,0.52009354,2.76259234,0.52318616,0.47887522,1.37848960,0.54659791
32.6000,0.52007466,2.76268007,0.52323942,0.47889383,1.37858994,0.54657545
32.6100,0.52005580,2.76276772,0.52329265,0.47891242,1.37869021,0.54655301
32.6200,0.52003696,2.76285528,0.52334585,0.47893100,1.37879039,0.54653059
32.6300,0.52001813,2.76294277,0.52339900,0.47894955,1.37889049,0.54650818
32.6400,0.51999933,2.76303017,0.52345213,0.47896808,1.37899051,0.54648580
32.6500,0.51998054,2.76311750,0.52350521,0.47898660,1.37909044,0.54646344
32.6600,0.51996177,2.76320474,0.52355826,0.47900510,1.37919030,0.54644109
32.6700,0.51994303,2.76329190,0.52361127,0.47902357,1.37929007,0.54641877
32.6800,0.51992429,2.76337899,0.52366425,0.47904203,1.37938977,0.54639646
32.6900,0.51990558,2.76346599,0.52371719,0.47906047,1.37948938,0.54637418
32.7000,0.51988689,2.76355291,0.52377010,0.47907889,1.37958891,0.54635191
32.7100,0.51986821,2.76363975,0.52382297,0.47909730,1.37968836,0.54632966
32.7200,0.51984956,2.76372652,0.52387580,0.47911568,1.37978773,0.54630743
32.7300,0.51983092,2.76381320,0.52392860,0.47913404,1.37988701,0.54628522
32.7400,0.51981230,2.76389980,0.52398137,0.47915239,1.37998622,0.54626303
32.7500,0.51979370,2.76398632,0.52403409,0.47917072,1.38008535,0.54624086
32.7600,0.51977511,2.76407277,0.52408679,0.47918903,1.38018439,0.54621871
32.7700,0.51975655,2.76415913,0.52413944,0.47920732,1.38028336,0.54619658
32.7800,0.51973800,2.76424541,0.52419206,0.47922559,1.38038224,0.54617447
32.7900,0.51971947,2.76433162,0.52424465,0.47924384,1.38048104,0.54615237
32.8000,0.51970096,2.76441774,0.52429720,0.47926208,1.38057976,0.54613030
32.8100,0.51968247,2.76450379,0.52434971,0.47928029,1.38067841,0.54610824
32.8200,0.51966400,2.76458975,0.52440219,0.47929849,1.38077697,0.54608621
32.8300,0.51964554,2.76467564,0.52445463,0.47931667,1.38087545,0.54606419
32.8400,0.51962710,2.76476145,0.52450704,0.47933483,1.38097385,0.54604219
32.8500,0.51960868,2.76484718,0.52455941,0.47935297,1.38107217,0.54602021
32.8600,0.51959028,2.76493283,0.52461175,0.47937109,1.38117041,0.54599826
32.8700,0.51957190,2.76501840,0.52466405,0.47938920,1.38126857,0.54597631
32.8800,0.51955353,2.76510389,0.52471632,0.47940728,1.38136665,0.54595439
32.8900,0.51953519,2.76518931,0.52476855,0.47942535,1.38146465,0.54593249
32.9000,0.51951686,2.76527464,0.52482074,0.47944340,1.38156257,0.54591061
32.9100,0.51949855,2.76535990,0.52487290,0.47946143,1.38166042,0.54588874
32.9200,0.51948025,2.76544508,0.52492503,0.47947945,1.38175818,0.54586690
32.9300,0.51946198,2.76553018,0.52497711,0.47949744,1.38185586,0.54584507
32.9400,0.51944372,2.76561520,0.52502917,0.47951542,1.38195346,0.54582327
32.9500,0.51942548,2.76570014,0.52508119,0.47953337,1.38205098,0.54580148
32.9600,0.51940726,2.76578501,0.52513317,0.47955131,1.38214843,0.54577971
32.9700,0.51938906,2.76586979,0.52518512,0.47956924,1.38224579,0.54575796
32.9800,0.51937087,2.76595450,0.52523703,0.47958714,1.38234307,0.54573623
32.9900,0.51935270,2.76603914,0.52528891,0.47960502,1.38244028,0.54571451
33.0000,0.51933455,2.76612369,0.52534075,0.47962289,1.38253740,0.54569282
33.0100,0.51931642,2.76620817,0.52539256,0.47964074,1.38263445,0.54567115
33.0200,0.51929831,2.76629257,0.52544433,0.47965857,1.38273141,0.54564949
33.0300,0.51928021,2.76637689,0.52549607,0.47967638,1.38282830,0.54562785
33.0400,0.51926213,2.76646113,0.52554777,0.47969417,1.38292511,0.54560623
33.0500,0.51924407,2.76654530,0.52559944,0.47971195,1.38302184,0.54558463
33.0600,0.51922603,2.76662939,0.52565107,0.47972971,1.38311849,0.54556305
33.0700,0.51920800,2.76671340,0.52570267,0.47974745,1.38321506,0.54554149
33.0800,0.51918999,2.76679733,0.52575423,0.47976517,1.38331156,0.54551995
33.0900,0.51917200,2.76688119,0.52580576,0.47978287,1.38340797,0.54549843
33.1000,0.51915403,2.76696497,0.52585725,0.47980056,1.38350431,0.54547692
33.1100,0.51913608,2.76704868,0.52590871,0.47981822,1.38360056,0.54545543
33.1200,0.51911814,2.76713231,0.52596013,0.47983587,1.38369674,0.54543396
33.1300,0.51910022,2.76721586,0.52601152,0.47985351,1.38379284,0.54541252
33.1400,0.51908232,2.76729933,0.52606287,0.47987112,1.38388886,0.54539108
33.1500,0.51906443,2.76738273,0.52611419,0.47988871,1.38398480,0.54536967
33.1600,0.51904657,2.76746605,0.52616548,0.47990629,1.38408067,0.54534828
33.1700,0.51902872,2.76754929,0.52621672,0.47992385,1.38417646,0.54532690
33.1800,0.51901088,2.76763246,0.52626794,0.47994139,1.38427216,0.54530555
33.1900,0.51899307,2.76771555,0.52631912,0.47995892,1.38436779,0.54528421
33.2000,0.51897527,2.76779857,0.52637026,0.47997642,1.38446335,0.54526289
33.2100,0.51895749,2.76788151,0.52642137,0.47999391,1.38455882,0.54524159
33.2200,0.51893973,2.76796437,0.52647245,0.48001138,1.38465422,0.54522031
33.2300,0.51892198,2.76804716,0.52652349,0.48002883,1.38474954,0.54519905
33.2400,0.51890426,2.76812988,0.52657449,0.48004627,1.38484478,0.54517780
33.2500,0.51888654,2.76821251,0.52662546,0.48006369,1.38493994,0.54515657
33.2600,0.51886885,2.76829507,0.52667640,0.48008109,1.38503502,0.54513537
33.2700,0.51885118,2.76837756,0.52672730,0.48009847,1.38513003,0.54511418
33.2800,0.51883352,2.76845997,0.52677817,0.48011583,1.38522496,0.54509301
33.2900,0.51881588,2.76854230,0.52682901,0.48013318,1.38531981,0.54507185
33.3000,0.51879825,2.76862456,0.52687980,0.48015051,1.38541459,0.54505072
33.3100,0.51878064,2.76870674,0.52693057,0.48016782,1.38550928,0.54502960
33.3200,0.51876305,2.76878885,0.52698130,0.48018511,1.38560390,0.54500851
33.3300,0.51874548,2.76887089,0.52703199,0.48020239,1.38569845,0.54498743
33.3400,0.51872793,2.76895284,0.52708265,0.48021964,1.38579291,0.54496637
33.3500,0.51871039,2.76903473,0.52713328,0.48023688,1.38588730,0.54494533
33.3600,0.51869287,2.76911654,0.52718387,0.48025411,1.38598161,0.54492430
33.3700,0.51867536,2.76919827,0.52723443,0.48027131,1.38607584,0.54490330
33.3800,0.51865788,2.76927993,0.52728496,0.48028850,1.38617000,0.54488231
33.3900,0.51864041,2.76936151,0.52733544,0.48030567,1.38626408,0.54486134
33.4000,0.51862295,2.76944302,0.52738590,0.48032282,1.38635808,0.54484039
33.4100,0.51860552,2.76952446,0.52743632,0.48033996,1.38645201,0.54481946
33.4200,0.51858810,2.76960582,0.52748671,0.48035708,1.38654586,0.54479854
33.4300,0.51857070,2.76968710,0.52753706,0.48037418,1.38663963,0.54477765
33.4400,0.51855331,2.76976832,0.52758738,0.48039126,1.38673333,0.54475677
33.4500,0.51853594,2.76984945,0.52763766,0.48040833,1.38682695,0.54473591
33.4600,0.51851859,2.76993052,0.52768791,0.48042537,1.38692049,0.54471507
33.4700,0.51850126,2.77001151,0.52773813,0.48044240,1.38701396,0.54469425
33.4800,0.51848394,2.77009242,0.52778831,0.48045942,1.38710735,0.54467344
33.4900,0.51846664,2.77017327,0.52783846,0.48047641,1.38720066,0.54465266
33.5000,0.51844936,2.77025403,0.52788857,0.48049339,1.38729390,0.54463189
33.5100,0.51843209,2.77033473,0.52793865,0.48051035,1.38738706,0.54461114
33.5200,0.51841484,2.77041535,0.52798870,0.48052730,1.38748015,0.54459041
33.5300,0.51839761,2.77049590,0.52803871,0.48054423,1.38757316,0.54456969
33.5400,0.51838039,2.77057637,0.52808868,0.48056113,1.38766609,0.54454900
33.5500,0.51836319,2.77065677,0.52813863,0.48057803,1.38775895,0.54452832
33.5600,0.51834601,2.77073710,0.52818854,0.48059490,1.38785173,0.54450766
33.5700,0.51832884,2.77081735,0.52823841,0.48061176,1.38794443,0.54448702
33.5800,0.51831169,2.77089753,0.52828826,0.48062860,1.38803706,0.54446639
33.5900,0.51829456,2.77097764,0.52833806,0.48064543,1.38812962,0.54444579
33.6000,0.51827744,2.77105767,0.52838784,0.48066223,1.38822209,0.54442520
33.6100,0.51826034,2.77113763,0.52843758,0.48067902,1.38831450,0.54440463
33.6200,0.51824326,2.77121752,0.52848728,0.48069579,1.38840682,0.54438408
33.6300,0.51822619,2.77129733,0.52853696,0.48071255,1.38849907,0.54436354
33.6400,0.51820914,2.77137708,0.52858660,0.48072929,1.38859125,0.54434303
33.6500,0.51819211,2.77145675,0.52863620,0.48074601,1.38868335,0.54432253
33.6600,0.51817509,2.77153634,0.52868577,0.48076271,1.38877538,0.54430205
33.6700,0.51815809,2.77161587,0.52873531,0.48077940,1.38886733,0.54428159
33.6800,0.51814111,2.77169532,0.52878482,0.48079607,1.38895920,0.54426114
33.6900,0.51812414,2.77177470,0.52883429,0.48081272,1.38905100,0.54424072
33.7000,0.51810719,2.77185401,0.52888372,0.48082936,1.38914272,0.54422031
33.7100,0.51809026,2.77193324,0.52893313,0.48084598,1.38923437,0.54419992
33.7200,0.51807334,2.77201241,0.52898250,0.48086258,1.38932595,0.54417954
33.7300,0.51805644,2.77209150,0.52903183,0.48087916,1.38941745,0.54415919
33.7400,0.51803955,2.77217052,0.52908113,0.48089573,1.38950887,0.54413885
33.7500,0.51802269,2.77224946,0.52913040,0.48091228,1.38960022,0.54411853
33.7600,0.51800583,2.77232834,0.52917964,0.48092882,1.38969149,0.54409823
33.7700,0.51798900,2.77240714,0.52922884,0.48094534,1.38978269,0.54407794
33.7800,0.51797218,2.77248587,0.52927801,0.48096184,1.38987382,0.54405768
33.7900,0.51795537,2.77256453,0.52932714,0.48097832,1.38996487,0.54403743
33.8000,0.51793859,2.77264312,0.52937625,0.48099479,1.39005585,0.54401720
33.8100,0.51792182,2.77272164,0.52942531,0.48101124,1.39014675,0.54399698
33.8200,0.51790506,2.77280009,0.52947435,0.48102767,1.39023758,0.54397679
33.8300,0.51788832,2.77287846,0.52952335,0.48104409,1.39032833,0.54395661
33.8400,0.51787160,2.77295676,0.52957232,0.48106049,1.39041901,0.54393645
33.8500,0.51785490,2.77303499,0.52962125,0.48107687,1.39050961,0.54391631
33.8600,0.51783821,2.77311316,0.52967015,0.48109324,1.39060014,0.54389618
33.8700,0.51782153,2.77319125,0.52971902,0.48110959,1.39069060,0.54387607
33.8800,0.51780488,2.77326926,0.52976786,0.48112593,1.39078098,0.54385598
33.8900,0.51778823,2.77334721,0.52981666,0.48114224,1.39087129,0.54383591
33.9000,0.51777161,2.77342509,0.52986543,0.48115854,1.39096152,0.54381585
33.9100,0.51775500,2.77350289,0.52991416,0.48117483,1.39105168,0.54379582
33.9200,0.51773841,2.77358063,0.52996287,0.48119109,1.39114177,0.54377580
33.9300,0.51772183,2.77365829,0.53001154,0.48120734,1.39123178,0.54375579
33.9400,0.51770527,2.77373589,0.53006017,0.48122358,1.39132172,0.54373581
33.9500,0.51768872,2.77381341,0.53010877,0.48123980,1.39141158,0.54371584
33.9600,0.51767220,2.77389087,0.53015734,0.48125600,1.39150138,0.54369589
33.9700,0.51765568,2.77396825,0.53020588,0.48127218,1.39159109,0.54367596
33.9800,0.51763919,2.77404556,0.53025438,0.48128835,1.39168074,0.54365604
33.9900,0.51762270,2.77412280,0.53030285,0.48130450,1.39177031,0.54363615
34.0000,0.51760624,2.77419998,0.53035129,0.48132063,1.39185981,0.54361627
34.0100,0.51758979,2.77427708,0.53039970,0.48133675,1.39194923,0.54359640
34.0200,0.51757336,2.77435411,0.53044807,0.48135286,1.39203858,0.54357656
34.0300,0.51755694,2.77443107,0.53049641,0.48136894,1.39212786,0.54355673
34.0400,0.51754054,2.77450797,0.53054471,0.48138501,1.39221706,0.54353692
34.0500,0.51752415,2.77458479,0.53059299,0.48140106,1.39230619,0.54351713
34.0600,0.51750778,2.77466154,0.53064122,0.48141710,1.39239525,0.54349735
34.0700,0.51749143,2.77473823,0.53068943,0.48143312,1.39248424,0.54347759
34.0800,0.51747509,2.77481484,0.53073761,0.48144912,1.39257315,0.54345785
34.0900,0.51745877,2.77489138,0.53078575,0.48146511,1.39266199,0.54343812
34.1000,0.51744246,2.77496786,0.53083386,0.48148108,1.39275076,0.54341842
34.1100,0.51742617,2.77504427,0.53088193,0.48149704,1.39283945,0.54339873
34.1200,0.51740989,2.77512060,0.53092998,0.48151298,1.39292807,0.54337906
34.1300,0.51739363,2.77519687,0.53097799,0.48152890,1.39301662,0.54335940
34.1400,0.51737739,2.77527307,0.53102596,0.48154480,1.39310510,0.54333976
34.1500,0.51736116,2.77534920,0.53107391,0.48156069,1.39319350,0.54332014
34.1600,0.51734495,2.77542526,0.53112182,0.48157657,1.39328183,0.54330054
34.1700,0.51732875,2.77550125,0.53116970,0.48159243,1.39337009,0.54328095
34.1800,0.51731257,2.77557717,0.53121755,0.48160827,1.39345828,0.54326138
34.1900,0.51729640,2.77565302,0.53126536,0.48162409,1.39354639,0.54324183
34.2000,0.51728025,2.77572881,0.53131314,0.48163990,1.39363443,0.54322229
34.2100,0.51726412,2.77580453,0.53136089,0.48165569,1.39372240,0.54320278
34.2200,0.51724800,2.77588017,0.53140861,0.48167147,1.39381030,0.54318328
34.2300,0.51723190,2.77595575,0.53145629,0.48168723,1.39389812,0.54316379
34.2400,0.51721581,2.77603126,0.53150394,0.48170298,1.39398588,0.54314432
34.2500,0.51719973,2.77610671,0.53155156,0.48171871,1.39407356,0.54312487
34.2600,0.51718368,2.77618208,0.53159915,0.48173442,1.39416117,0.54310544
34.2700,0.51716764,2.77625739,0.53164670,0.48175011,1.39424870,0.54308603
34.2800,0.51715161,2.77633262,0.53169422,0.48176580,1.39433617,0.54306663
34.2900,0.51713560,2.77640779,0.53174171,0.48178146,1.39442356,0.54304725
34.3000,0.51711960,2.77648290,0.53178917,0.48179711,1.39451089,0.54302788
34.3100,0.51710362,2.77655793,0.53183660,0.48181274,1.39459814,0.54300853
34.3200,0.51708766,2.77663290,0.53188399,0.48182836,1.39468531,0.54298920
34.3300,0.51707171,2.77670779,0.53193135,0.48184396,1.39477242,0.54296989
34.3400,0.51705577,2.77678262,0.53197867,0.48185954,1.39485946,0.54295059
34.3500,0.51703985,2.77685739,0.53202597,0.48187511,1.39494642,0.54293131
34.3600,0.51702395,2.77693208,0.53207323,0.48189067,1.39503331,0.54291205
34.3700,0.51700806,2.77700671,0.53212046,0.48190620,1.39512014,0.54289280
34.3800,0.51699219,2.77708127,0.53216766,0.48192173,1.39520689,0.54287357
34.3900,0.51697633,2.77715576,0.53221483,0.48193723,1.39529357,0.54285436
34.4000,0.51696049,2.77723019,0.53226196,0.48195272,1.39538017,0.54283517
34.4100,0.51694466,2.77730455,0.53230906,0.48196820,1.39546671,0.54281599
34.4200,0.51692885,2.77737884,0.53235613,0.48198365,1.39555318,0.54279682
34.4300,0.51691305,2.77745306,0.53240317,0.48199910,1.39563957,0.54277768
34.4400,0.51689727,2.77752722,0.53245018,0.48201452,1.39572590,0.54275855
34.4500,0.51688150,2.77760131,0.53249715,0.48202993,1.39581215,0.54273944
34.4600,0.51686575,2.77767533,0.53254409,0.48204533,1.39589833,0.54272034
34.4700,0.51685002,2.77774929,0.53259100,0.48206071,1.39598444,0.54270127
34.4800,0.51683430,2.77782318,0.53263788,0.48207607,1.39607048,0.54268221
34.4900,0.51681859,2.77789700,0.53268472,0.48209142,1.39615645,0.54266316
34.5000,0.51680290,2.77797076,0.53273154,0.48210675,1.39624235,0.54264413
34.5100,0.51678722,2.77804445,0.53277832,0.48212207,1.39632818,0.54262512
34.5200,0.51677156,2.77811807,0.53282507,0.48213737,1.39641394,0.54260613
34.5300,0.51675592,2.77819163,0.53287178,0.48215266,1.39649963,0.54258715
34.5400,0.51674028,2.77826512,0.53291847,0.48216793,1.39658525,0.54256819
34.5500,0.51672467,2.77833854,0.53296512,0.48218318,1.39667080,0.54254924
34.5600,0.51670907,2.77841190,0.53301175,0.48219842,1.39675627,0.54253032
34.5700,0.51669348,2.77848519,0.53305834,0.48221365,1.39684168,0.54251140
34.5800,0.51667791,2.77855842,0.53310489,0.48222886,1.39692702,0.54249251
34.5900,0.51666235,2.77863157,0.53315142,0.48224405,1.39701228,0.54247363
34.6000,0.51664681,2.77870467,0.53319791,0.48225922,1.39709748,0.54245477
34.6100,0.51663128,2.77877770,0.53324438,0.48227439,1.39718261,0.54243592
34.6200,0.51661577,2.77885066,0.53329081,0.48228953,1.39726766,0.54241710
34.6300,0.51660028,2.77892355,0.53333721,0.48230466,1.39735265,0.54239828
34.6400,0.51658479,2.77899638,0.53338357,0.48231978,1.39743757,0.54237949
34.6500,0.51656933,2.77906915,0.53342991,0.48233488,1.39752242,0.54236071
34.6600,0.51655387,2.77914185,0.53347621,0.48234996,1.39760719,0.54234195
34.6700,0.51653844,2.77921448,0.53352249,0.48236503,1.39769190,0.54232320
34.6800,0.51652301,2.77928705,0.53356873,0.48238009,1.39777654,0.54230447
34.6900,0.51650761,2.77935955,0.53361494,0.48239512,1.39786111,0.54228576
34.7000,0.51649221,2.77943199,0.53366112,0.48241015,1.39794561,0.54226706
34.7100,0.51647683,2.77950436,0.53370726,0.48242516,1.39803004,0.54224838
34.7200,0.51646147,2.77957667,0.53375338,0.48244015,1.39811440,0.54222972
34.7300,0.51644612,2.77964891,0.53379946,0.48245513,1.39819869,0.54221107
34.7400,0.51643079,2.77972109,0.53384551,0.48247009,1.39828291,0.54219244
34.7500,0.51641547,2.77979320,0.53389153,0.48248503,1.39836706,0.54217382
34.7600,0.51640016,2.77986525,0.53393752,0.48249996,1.39845115,0.54215522
34.7700,0.51638487,2.77993723,0.53398348,0.48251488,1.39853516,0.54213664
34.7800,0.51636959,2.78000915,0.53402940,0.48252978,1.39861911,0.54211808
34.7900,0.51635433,2.78008100,0.53407530,0.48254467,1.39870298,0.54209953
34.8000,0.51633909,2.78015279,0.53412116,0.48255954,1.39878679,0.54208099
34.8100,0.51632385,2.78022451,0.53416699,0.48257439,1.39887053,0.54206248
34.8200,0.51630864,2.78029617,0.53421279,0.48258923,1.39895420,0.54204398
34.8300,0.51629343,2.78036776,0.53425856,0.48260406,1.39903780,0.54202549
34.8400,0.51627824,2.78043929,0.53430430,0.48261887,1.39912133,0.54200702
34.8500,0.51626307,2.78051076,0.53435000,0.48263366,1.39920479,0.54198857
34.8600,0.51624791,2.78058216,0.53439568,0.48264844,1.39928819,0.54197014
34.8700,0.51623276,2.78065350,0.53444132,0.48266321,1.39937151,0.54195172
34.8800,0.51621763,2.78072477,0.53448694,0.48267796,1.39945477,0.54193331
34.8900,0.51620252,2.78079598,0.53453252,0.48269269,1.39953796,0.54191493
34.9000,0.51618741,2.78086713,0.53457807,0.48270741,1.39962108,0.54189655
34.9100,0.51617233,2.78093821,0.53462359,0.48272212,1.39970413,0.54187820
34.9200,0.51615725,2.78100922,0.53466907,0.48273681,1.39978712,0.54185986
34.9300,0.51614219,2.78108018,0.53471453,0.48275148,1.39987003,0.54184154
34.9400,0.51612715,2.78115107,0.53475996,0.48276614,1.39995288,0.54182323
34.9500,0.51611212,2.78122189,0.53480535,0.48278079,1.40003566,0.54180494
34.9600,0.51609710,2.78129266,0.53485071,0.48279542,1.40011837,0.54178667
34.9700,0.51608210,2.78136336,0.53489605,0.48281003,1.40020101,0.54176841
34.9800,0.51606711,2.78143399,0.53494135,0.48282463,1.40028359,0.54175017
34.9900,0.51605214,2.78150456,0.53498662,0.48283922,1.40036609,0.54173194
35.0000,0.51603718,2.78157507,0.53503186,0.48285379,1.40044853,0.54171373
35.0100,0.51602224,2.78164552,0.53507707,0.48286834,1.40053091,0.54169554
35.0200,0.51600731,2.78171590,0.53512224,0.48288288,1.40061321,0.54167736
35.0300,0.51599239,2.78178622,0.53516739,0.48289741,1.40069544,0.54165920
35.0400,0.51597749,2.78185647,0.53521251,0.48291192,1.40077761,0.54164105
35.0500,0.51596260,2.78192667,0.53525759,0.48292641,1.40085971,0.54162292
35.0600,0.51594773,2.78199680,0.53530265,0.48294090,1.40094175,0.54160481
35.0700,0.51593287,2.78206686,0.53534767,0.48295536,1.40102371,0.54158671
35.0800,0.51591802,2.78213687,0.53539266,0.48296981,1.40110561,0.54156863
35.0900,0.51590319,2.78220681,0.53543762,0.48298425,1.40118744,0.54155056
35.1000,0.51588838,2.78227669,0.53548255,0.48299867,1.40126920,0.54153251
35.1100,0.51587357,2.78234650,0.53552745,0.48301308,1.40135090,0.54151447
35.1200,0.51585878,2.78241626,0.53557232,0.48302747,1.40143253,0.54149645
35.1300,0.51584401,2.78248595,0.53561716,0.48304185,1.40151409,0.54147845
35.1400,0.51582925,2.78255558,0.53566197,0.48305622,1.40159558,0.54146046
35.1500,0.51581450,2.78262514,0.53570674,0.48307057,1.40167701,0.54144249
35.1600,0.51579977,2.78269465,0.53575149,0.48308490,1.40175837,0.54142454
35.1700,0.51578505,2.78276409,0.53579621,0.48309922,1.40183966,0.54140660
35.1800,0.51577034,2.78283347,0.53584089,0.48311352,1.40192089,0.54138867
35.1900,0.51575565,2.78290278,0.53588554,0.48312781,1.40200205,0.54137077
35.2000,0.51574098,2.78297204,0.53593017,0.48314209,1.40208314,0.54135287
35.2100,0.51572631,2.78304123,0.53597476,0.48315635,1.40216417,0.54133500
35.2200,0.51571166,2.78311036,0.53601932,0.48317060,1.40224513,0.54131714
35.2300,0.51569703,2.78317943,0.53606386,0.48318483,1.40232602,0.54129929
35.2400,0.51568241,2.78324844,0.53610836,0.48319905,1.40240684,0.54128146
35.2500,0.51566780,2.78331738,0.53615283,0.48321325,1.40248760,0.54126365
35.2600,0.51565321,2.78338627,0.53619727,0.48322744,1.40256829,0.54124585
35.2700,0.51563863,2.78345509,0.53624168,0.48324161,1.40264892,0.54122807
35.2800,0.51562406,2.78352385,0.53628606,0.48325577,1.40272948,0.54121030
35.2900,0.51560951,2.78359255,0.53633041,0.48326992,1.40280997,0.54119255
35.3000,0.51559497,2.78366118,0.53637473,0.48328405,1.40289040,0.54117481
35.3100,0.51558045,2.78372976,0.53641901,0.48329817,1.40297076,0.54115709
35.3200,0.51556594,2.78379827,0.53646327,0.48331227,1.40305105,0.54113939
35.3300,0.51555144,2.78386673,0.53650750,0.48332636,1.40313128,0.54112170
35.3400,0.51553696,2.78393512,0.53655170,0.48334043,1.40321144,0.54110403
35.3500,0.51552249,2.78400345,0.53659587,0.48335449,1.40329154,0.54108637
35.3600,0.51550803,2.78407172,0.53664000,0.48336853,1.40337157,0.54106873
35.3700,0.51549359,2.78413993,0.53668411,0.48338256,1.40345153,0.54105110
35.3800,0.51547916,2.78420808,0.53672818,0.48339658,1.40353143,0.54103349
35.3900,0.51546475,2.78427616,0.53677223,0.48341058,1.40361126,0.54101590
35.4000,0.51545034,2.78434419,0.53681625,0.48342457,1.40369103,0.54099832
35.4100,0.51543596,2.78441215,0.53686023,0.48343854,1.40377073,0.54098075
35.4200,0.51542158,2.78448006,0.53690419,0.48345250,1.40385037,0.54096320
35.4300,0.51540722,2.78454790,0.53694811,0.48346645,1.40392994,0.54094567
35.4400,0.51539288,2.78461568,0.53699201,0.48348038,1.40400944,0.54092815
35.4500,0.51537854,2.78468341,0.53703587,0.48349429,1.40408888,0.54091065
35.4600,0.51536422,2.78475107,0.53707971,0.48350820,1.40416825,0.54089316
35.4700,0.51534992,2.78481867,0.53712351,0.48352208,1.40424756,0.54087569
35.4800,0.51533562,2.78488621,0.53716729,0.48353596,1.40432680,0.54085823
35.4900,0.51532135,2.78495369,0.53721103,0.48354982,1.40440598,0.54084079
35.5000,0.51530708,2.78502111,0.53725475,0.48356366,1.40448509,0.54082337
35.5100,0.51529283,2.78508847,0.53729843,0.48357749,1.40456413,0.54080596
35.5200,0.51527859,2.78515577,0.53734209,0.48359131,1.40464311,0.54078856
35.5300,0.51526436,2.78522301,0.53738571,0.48360511,1.40472203,0.54077118
35.5400,0.51525015,2.78529019,0.53742931,0.48361890,1.40480088,0.54075382
35.5500,0.51523596,2.78535731,0.53747287,0.48363268,1.40487967,0.54073647
35.5600,0.51522177,2.78542437,0.53751640,0.48364644,1.40495839,0.54071913
35.5700,0.51520760,2.78549137,0.53755991,0.48366019,1.40503704,0.54070182
35.5800,0.51519344,2.78555831,0.53760339,0.48367392,1.40511563,0.54068451
35.5900,0.51517930,2.78562519,0.53764683,0.48368764,1.40519416,0.54066722
35.6000,0.51516517,2.78569201,0.53769025,0.48370134,1.40527262,0.54064995
35.6100,0.51515105,2.78575877,0.53773363,0.48371503,1.40535102,0.54063270
35.6200,0.51513694,2.78582548,0.53777699,0.48372871,1.40542935,0.54061545
35.6300,0.51512285,2.78589212,0.53782031,0.48374237,1.40550761,0.54059823
35.6400,0.51510877,2.78595870,0.53786361,0.48375602,1.40558582,0.54058101
35.6500,0.51509471,2.78602523,0.53790688,0.48376966,1.40566396,0.54056382
35.6600,0.51508066,2.78609169,0.53795011,0.48378328,1.40574203,0.54054664
35.6700,0.51506662,2.78615809,0.53799332,0.48379689,1.40582004,0.54052947
35.6800,0.51505260,2.78622444,0.53803650,0.48381048,1.40589798,0.54051232
35.6900,0.51503858,2.78629073,0.53807965,0.48382406,1.40597586,0.54049518
35.7000,0.51502458,2.78635695,0.53812276,0.48383762,1.40605368,0.54047806
35.7100,0.51501060,2.78642312,0.53816585,0.48385118,1.40613143,0.54046096
35.7200,0.51499663,2.78648923,0.53820891,0.48386471,1.40620912,0.54044387
35.7300,0.51498267,2.78655528,0.53825194,0.48387824,1.40628674,0.54042679
35.7400,0.51496872,2.78662127,0.53829494,0.48389175,1.40636430,0.54040973
35.7500,0.51495479,2.78668721,0.53833791,0.48390524,1.40644180,0.54039268
35.7600,0.51494087,2.78675308,0.53838085,0.48391873,1.40651923,0.54037565
35.7700,0.51492696,2.78681890,0.53842376,0.48393220,1.40659660,0.54035864
35.7800,0.51491307,2.78688465,0.53846665,0.48394565,1.40667390,0.54034164
35.7900,0.51489919,2.78695035,0.53850950,0.48395909,1.40675114,0.54032465
35.8000,0.51488532,2.78701599,0.53855232,0.48397252,1.40682832,0.54030768
35.8100,0.51487147,2.78708157,0.53859511,0.48398594,1.40690543,0.54029073
35.8200,0.51485763,2.78714710,0.53863788,0.48399934,1.40698248,0.54027379
35.8300,0.51484380,2.78721256,0.53868061,0.48401272,1.40705946,0.54025686
35.8400,0.51482999,2.78727797,0.53872332,0.48402610,1.40713638,0.54023995
35.8500,0.51481618,2.78734332,0.53876599,0.48403946,1.40721324,0.54022305
35.8600,0.51480240,2.78740861,0.53880864,0.48405280,1.40729004,0.54020617
35.8700,0.51478862,2.78747384,0.53885126,0.48406613,1.40736677,0.54018931
35.8800,0.51477486,2.78753901,0.53889385,0.48407945,1.40744343,0.54017246
35.8900,0.51476111,2.78760413,0.53893641,0.48409276,1.40752004,0.54015562
35.9000,0.51474737,2.78766919,0.53897893,0.48410605,1.40759658,0.54013880
35.9100,0.51473365,2.78773419,0.53902143,0.48411933,1.40767306,0.54012199
35.9200,0.51471993,2.78779913,0.53906391,0.48413259,1.40774947,0.54010520
35.9300,0.51470624,2.78786401,0.53910635,0.48414584,1.40782582,0.54008843
35.9400,0.51469255,2.78792884,0.53914876,0.48415908,1.40790211,0.54007166
35.9500,0.51467888,2.78799361,0.53919114,0.48417230,1.40797834,0.54005492
35.9600,0.51466522,2.78805832,0.53923350,0.48418551,1.40805450,0.54003818
35.9700,0.51465157,2.78812298,0.53927582,0.48419871,1.40813060,0.54002147
35.9800,0.51463794,2.78818757,0.53931812,0.48421189,1.40820664,0.54000476
35.9900,0.51462432,2.78825211,0.53936039,0.48422506,1.40828261,0.53998808
36.0000,0.51461071,2.78831660,0.53940262,0.48423822,1.40835852,0.53997140
36.0100,0.51459711,2.78838102,0.53944483,0.48425136,1.40843437,0.53995475
36.0200,0.51458353,2.78844539,0.53948701,0.48426449,1.40851016,0.53993810
36.0300,0.51456996,2.78850970,0.53952916,0.48427761,1.40858588,0.53992147
36.0400,0.51455640,2.78857395,0.53957128,0.48429071,1.40866154,0.53990486
36.0500,0.51454286,2.78863815,0.53961338,0.48430380,1.40873714,0.53988826
36.0600,0.51452932,2.78870229,0.53965544,0.48431688,1.40881267,0.53987167
36.0700,0.51451580,2.78876637,0.53969748,0.48432994,1.40888815,0.53985510
36.0800,0.51450230,2.78883039,0.53973948,0.48434299,1.40896356,0.53983855
36.0900,0.51448880,2.78889436,0.53978146,0.48435603,1.40903890,0.53982201
36.1000,0.51447532,2.78895827,0.53982341,0.48436905,1.40911419,0.53980548
36.1100,0.51446185,2.78902213,0.53986533,0.48438206,1.40918941,0.53978897
36.1200,0.51444840,2.78908593,0.53990722,0.48439506,1.40926458,0.53977247
36.1300,0.51443495,2.78914967,0.53994908,0.48440804,1.40933967,0.53975599
36.1400,0.51442152,2.78921335,0.53999091,0.48442101,1.40941471,0.53973952
36.1500,0.51440811,2.78927698,0.54003271,0.48443396,1.40948969,0.53972307
36.1600,0.51439470,2.78934055,0.54007449,0.48444691,1.40956460,0.53970663
36.1700,0.51438131,2.78940407,0.54011624,0.48445984,1.40963945,0.53969020
36.1800,0.51436793,2.78946753,0.54015795,0.48447275,1.40971424,0.53967379
36.1900,0.51435456,2.78953093,0.54019964,0.48448566,1.40978897,0.53965740
36.2000,0.51434120,2.78959428,0.54024130,0.48449855,1.40986363,0.53964102
36.2100,0.51432786,2.78965757,0.54028293,0.48451143,1.40993824,0.53962465
36.2200,0.51431453,2.78972080,0.54032454,0.48452429,1.41001278,0.53960830
36.2300,0.51430121,2.78978398,0.54036611,0.48453714,1.41008726,0.53959196
36.2400,0.51428791,2.78984710,0.54040766,0.48454998,1.41016168,0.53957564
36.2500,0.51427461,2.78991017,0.54044917,0.48456281,1.41023604,0.53955933
36.2600,0.51426133,2.78997318,0.54049066,0.48457562,1.41031033,0.53954304
36.2700,0.51424806,2.79003614,0.54053212,0.48458842,1.41038457,0.53952676
36.2800,0.51423481,2.79009903,0.54057355,0.48460120,1.41045874,0.53951049
36.2900,0.51422157,2.79016188,0.54061495,0.48461397,1.41053285,0.53949424
36.3000,0.51420833,2.79022467,0.54065633,0.48462673,1.41060690,0.53947800
36.3100,0.51419512,2.79028740,0.54069767,0.48463948,1.41068089,0.53946178
36.3200,0.51418191,2.79035007,0.54073899,0.48465221,1.41075482,0.53944557
36.3300,0.51416872,2.79041269,0.54078028,0.48466493,1.41082869,0.53942938
36.3400,0.51415553,2.79047526,0.54082154,0.48467764,1.41090249,0.53941320
36.3500,0.51414237,2.79053777,0.54086277,0.48469034,1.41097624,0.53939703
36.3600,0.51412921,2.79060022,0.54090398,0.48470302,1.41104992,0.53938088
36.3700,0.51411606,2.79066262,0.54094515,0.48471569,1.41112355,0.53936475
36.3800,0.51410293,2.79072497,0.54098630,0.48472834,1.41119711,0.53934863
36.3900,0.51408981,2.79078726,0.54102742,0.48474099,1.41127061,0.53933252
36.4000,0.51407670,2.79084949,0.54106851,0.48475362,1.41134405,0.53931642
36.4100,0.51406361,2.79091167,0.54110957,0.48476623,1.41141743,0.53930035
36.4200,0.51405053,2.79097379,0.54115060,0.48477884,1.41149075,0.53928428
36.4300,0.51403745,2.79103586,0.54119161,0.48479143,1.41156400,0.53926823
36.4400,0.51402440,2.79109787,0.54123258,0.48480401,1.41163720,0.53925219
36.4500,0.51401135,2.79115983,0.54127353,0.48481657,1.41171034,0.53923617
36.4600,0.51399831,2.79122174,0.54131445,0.48482913,1.41178341,0.53922016
36.4700,0.51398529,2.79128359,0.54135534,0.48484167,1.41185643,0.53920417
36.4800,0.51397228,2.79134538,0.54139621,0.48485419,1.41192938,0.53918819
36.4900,0.51395928,2.79140712,0.54143704,0.48486671,1.41200228,0.53917222
36.5000,0.51394630,2.79146880,0.54147785,0.48487921,1.41207511,0.53915627
36.5100,0.51393333,2.79153044,0.54151863,0.48489170,1.41214789,0.53914033
36.5200,0.51392036,2.79159201,0.54155938,0.48490417,1.41222060,0.53912441
36.5300,0.51390741,2.79165353,0.54160010,0.48491664,1.41229325,0.53910850
36.5400,0.51389448,2.79171500,0.54164080,0.48492909,1.41236585,0.53909260
36.5500,0.51388155,2.79177641,0.54168147,0.48494153,1.41243838,0.53907672
36.5600,0.51386864,2.79183777,0.54172210,0.48495395,1.41251085,0.53906086
36.5700,0.51385574,2.79189908,0.54176271,0.48496636,1.41258327,0.53904500
36.5800,0.51384285,2.79196033,0.54180330,0.48497876,1.41265562,0.53902916
36.5900,0.51382997,2.79202152,0.54184385,0.48499115,1.41272791,0.53901334
36.6000,0.51381711,2.79208267,0.54188438,0.48500353,1.41280015,0.53899753
36.6100,0.51380425,2.79214375,0.54192488,0.48501589,1.41287232,0.53898173
36.6200,0.51379141,2.79220479,0.54196535,0.48502824,1.41294443,0.53896595
36.6300,0.51377858,2.79226577,0.54200579,0.48504057,1.41301649,0.53895018
36.6400,0.51376576,2.79232669,0.54204621,0.48505290,1.41308848,0.53893442
36.6500,0.51375296,2.79238757,0.54208660,0.48506521,1.41316042,0.53891868
36.6600,0.51374017,2.79244839,0.54212695,0.48507751,1.41323229,0.53890296
36.6700,0.51372738,2.79250915,0.54216729,0.48508980,1.41330411,0.53888724
36.6800,0.51371461,2.79256986,0.54220759,0.48510207,1.41337586,0.53887154
36.6900,0.51370186,2.79263052,0.54224787,0.48511433,1.41344756,0.53885586
36.7000,0.51368911,2.79269112,0.54228811,0.48512658,1.41351920,0.53884019
36.7100,0.51367638,2.79275168,0.54232833,0.48513882,1.41359077,0.53882453
36.7200,0.51366365,2.79281217,0.54236853,0.48515104,1.41366229,0.53880889
36.7300,0.51365094,2.79287262,0.54240869,0.48516325,1.41373375,0.53879326
36.7400,0.51363825,2.79293301,0.54244883,0.48517545,1.41380515,0.53877764
36.7500,0.51362556,2.79299334,0.54248894,0.48518764,1.41387649,0.53876204
36.7600,0.51361288,2.79305363,0.54252902,0.48519981,1.41394777,0.53874645
36.7700,0.51360022,2.79311386,0.54256907,0.48521197,1.41401900,0.53873088
36.7800,0.51358757,2.79317404,0.54260910,0.48522412,1.41409016,0.53871532
36.7900,0.51357493,2.79323416,0.54264910,0.48523626,1.41416126,0.53869977
36.8000,0.51356230,2.79329423,0.54268907,0.48524838,1.41423231,0.53868424
36.8100,0.51354969,2.79335425,0.54272901,0.48526049,1.41430330,0.53866872
36.8200,0.51353708,2.79341422,0.54276893,0.48527259,1.41437422,0.53865321
36.8300,0.51352449,2.79347413,0.54280882,0.48528468,1.41444509,0.53863772
36.8400,0.51351191,2.79353399,0.54284868,0.48529676,1.41451590,0.53862224
36.8500,0.51349934,2.79359380,0.54288851,0.48530882,1.41458665,0.53860678
36.8600,0.51348678,2.79365355,0.54292832,0.48532087,1.41465735,0.53859133
36.8700,0.51347424,2.79371326,0.54296810,0.48533291,1.41472798,0.53857589
36.8800,0.51346170,2.79377291,0.54300785,0.48534493,1.41479856,0.53856047
36.8900,0.51344918,2.79383250,0.54304757,0.48535695,1.41486907,0.53854506
36.9000,0.51343667,2.79389205,0.54308727,0.48536895,1.41493953,0.53852966
36.9100,0.51342417,2.79395154,0.54312693,0.48538094,1.41500993,0.53851428
36.9200,0.51341168,2.79401098,0.54316658,0.48539291,1.41508027,0.53849891
36.9300,0.51339921,2.79407036,0.54320619,0.48540488,1.41515056,0.53848355
36.9400,0.51338674,2.79412970,0.54324578,0.48541683,1.41522078,0.53846821
36.9500,0.51337429,2.79418898,0.54328533,0.48542877,1.41529095,0.53845288
36.9600,0.51336185,2.79424821,0.54332487,0.48544070,1.41536106,0.53843757
36.9700,0.51334942,2.79430739,0.54336437,0.48545261,1.41543111,0.53842227
36.9800,0.51333700,2.79436652,0.54340385,0.48546452,1.41550110,0.53840698
36.9900,0.51332459,2.79442559,0.54344330,0.48547641,1.41557104,0.53839171
37.0000,0.51331220,2.79448461,0.54348272,0.48548829,1.41564091,0.53837645
37.0100,0.51329982,2.79454358,0.54352211,0.48550016,1.41571073,0.53836120
37.0200,0.51328744,2.79460250,0.54356148,0.48551201,1.41578049,0.53834597
37.0300,0.51327508,2.79466137,0.54360082,0.48552385,1.41585019,0.53833075
37.0400,0.51326273,2.79472018,0.54364014,0.48553568,1.41591984,0.53831555
37.0500,0.51325040,2.79477894,0.54367942,0.48554750,1.41598943,0.53830035
37.0600,0.51323807,2.79483766,0.54371868,0.48555931,1.41605895,0.53828517
37.0700,0.51322575,2.79489631,0.54375791,0.48557110,1.41612843,0.53827001
37.0800,0.51321345,2.79495492,0.54379712,0.48558289,1.41619784,0.53825486
37.0900,0.51320116,2.79501348,0.54383630,0.48559466,1.41626720,0.53823972
37.1000,0.51318888,2.79507198,0.54387545,0.48560642,1.41633650,0.53822459
37.1100,0.51317661,2.79513044,0.54391457,0.48561816,1.41640574,0.53820948
37.1200,0.51316435,2.79518884,0.54395367,0.48562990,1.41647492,0.53819438
37.1300,0.51315210,2.79524719,0.54399274,0.48564162,1.41654405,0.53817930
37.1400,0.51313987,2.79530549,0.54403178,0.48565333,1.41661312,0.53816423
37.1500,0.51312764,2.79536374,0.54407080,0.48566503,1.41668213,0.53814917
37.1600,0.51311543,2.79542193,0.54410979,0.48567671,1.41675108,0.53813413
37.1700,0.51310323,2.79548008,0.54414875,0.48568839,1.41681998,0.53811909
37.1800,0.51309104,2.79553817,0.54418768,0.48570005,1.41688882,0.53810408
37.1900,0.51307886,2.79559622,0.54422659,0.48571170,1.41695760,0.53808907
37.2000,0.51306669,2.79565421,0.54426547,0.48572334,1.41702633,0.53807408
37.2100,0.51305454,2.79571215,0.54430432,0.48573497,1.41709499,0.53805910
37.2200,0.51304239,2.79577004,0.54434315,0.48574658,1.41716361,0.53804414
37.2300,0.51303026,2.79582788,0.54438195,0.48575819,1.41723216,0.53802919
37.2400,0.51301814,2.79588567,0.54442072,0.48576978,1.41730066,0.53801425
37.2500,0.51300603,2.79594341,0.54445947,0.48578136,1.41736910,0.53799932
37.2600,0.51299393,2.79600110,0.54449819,0.48579293,1.41743748,0.53798441
37.2700,0.51298184,2.79605873,0.54453688,0.48580448,1.41750581,0.53796951
37.2800,0.51296976,2.79611632,0.54457555,0.48581603,1.41757408,0.53795463
37.2900,0.51295769,2.79617385,0.54461419,0.48582756,1.41764229,0.53793976
37.3000,0.51294564,2.79623134,0.54465280,0.48583908,1.41771045,0.53792490
37.3100,0.51293359,2.79628877,0.54469139,0.48585059,1.41777855,0.53791005
37.3200,0.51292156,2.79634616,0.54472995,0.48586209,1.41784659,0.53789522
37.3300,0.51290954,2.79640349,0.54476848,0.48587357,1.41791458,0.53788040
37.3400,0.51289753,2.79646078,0.54480699,0.48588505,1.41798251,0.53786560
37.3500,0.51288553,2.79651801,0.54484547,0.48589651,1.41805039,0.53785080
37.3600,0.51287354,2.79657519,0.54488392,0.48590796,1.41811820,0.53783602
37.3700,0.51286156,2.79663233,0.54492234,0.48591940,1.41818597,0.53782126
37.3800,0.51284959,2.79668941,0.54496074,0.48593082,1.41825367,0.53780650
37.3900,0.51283764,2.79674644,0.54499912,0.48594224,1.41832132,0.53779176
37.4000,0.51282569,2.79680342,0.54503746,0.48595364,1.41838891,0.53777704
37.4100,0.51281376,2.79686036,0.54507578,0.48596503,1.41845645,0.53776232
37.4200,0.51280184,2.79691724,0.54511408,0.48597641,1.41852393,0.53774762
37.4300,0.51278993,2.79697407,0.54515234,0.48598778,1.41859136,0.53773293
37.4400,0.51277803,2.79703085,0.54519058,0.48599914,1.41865872,0.53771826
37.4500,0.51276614,2.79708759,0.54522880,0.48601049,1.41872604,0.53770360
37.4600,0.51275426,2.79714427,0.54526698,0.48602182,1.41879329,0.53768895
37.4700,0.51274239,2.79720091,0.54530514,0.48603314,1.41886049,0.53767431
37.4800,0.51273053,2.79725749,0.54534328,0.48604445,1.41892764,0.53765969
37.4900,0.51271869,2.79731402,0.54538139,0.48605575,1.41899473,0.53764508
37.5000,0.51270685,2.79737051,0.54541947,0.48606704,1.41906176,0.53763048
37.5100,0.51269503,2.79742694,0.54545752,0.48607831,1.41912874,0.53761590
37.5200,0.51268322,2.79748333,0.54549555,0.48608958,1.41919566,0.53760133
37.5300,0.51267142,2.79753967,0.54553355,0.48610083,1.41926253,0.53758677
37.5400,0.51265962,2.79759595,0.54557153,0.48611207,1.41932934,0.53757223
37.5500,0.51264784,2.79765219,0.54560948,0.48612330,1.41939609,0.53755769
37.5600,0.51263608,2.79770838,0.54564740,0.48613452,1.41946279,0.53754318
37.5700,0.51262432,2.79776452,0.54568530,0.48614573,1.41952943,0.53752867
37.5800,0.51261257,2.79782061,0.54572317,0.48615693,1.41959602,0.53751418
37.5900,0.51260083,2.79787665,0.54576102,0.48616811,1.41966256,0.53749970
37.6000,0.51258911,2.79793264,0.54579883,0.48617928,1.41972903,0.53748523
37.6100,0.51257739,2.79798859,0.54583663,0.48619044,1.41979546,0.53747077
37.6200,0.51256569,2.79804448,0.54587439,0.48620159,1.41986182,0.53745633
37.6300,0.51255399,2.79810033,0.54591213,0.48621273,1.41992814,0.53744190
37.6400,0.51254231,2.79815612,0.54594985,0.48622386,1.41999439,0.53742749
37.6500,0.51253064,2.79821187,0.54598753,0.48623498,1.42006059,0.53741308
37.6600,0.51251898,2.79826757,0.54602519,0.48624608,1.42012674,0.53739869
37.6700,0.51250733,2.79832322,0.54606283,0.48625717,1.42019283,0.53738432
37.6800,0.51249569,2.79837882,0.54610044,0.48626826,1.42025887,0.53736995
37.6900,0.51248406,2.79843437,0.54613802,0.48627933,1.42032485,0.53735560
37.7000,0.51247244,2.79848988,0.54617558,0.48629039,1.42039078,0.53734126
37.7100,0.51246083,2.79854533,0.54621311,0.48630143,1.42045665,0.53732693
37.7200,0.51244923,2.79860074,0.54625062,0.48631247,1.42052247,0.53731262
37.7300,0.51243765,2.79865610,0.54628810,0.48632350,1.42058823,0.53729832
37.7400,0.51242607,2.79871141,0.54632555,0.48633451,1.42065394,0.53728403
37.7500,0.51241451,2.79876667,0.54636298,0.48634551,1.42071959,0.53726975
37.7600,0.51240295,2.79882188,0.54640038,0.48635650,1.42078519,0.53725549
37.7700,0.51239141,2.79887705,0.54643775,0.48636748,1.42085074,0.53724124
37.7800,0.51237987,2.79893217,0.54647510,0.48637845,1.42091622,0.53722700
37.7900,0.51236835,2.79898723,0.54651242,0.48638941,1.42098166,0.53721278
37.8000,0.51235684,2.79904225,0.54654972,0.48640036,1.42104704,0.53719857
37.8100,0.51234534,2.79909723,0.54658699,0.48641129,1.42111237,0.53718437
37.8200,0.51233385,2.79915215,0.54662424,0.48642222,1.42117764,0.53717018
37.8300,0.51232237,2.79920703,0.54666146,0.48643313,1.42124286,0.53715601
37.8400,0.51231090,2.79926186,0.54669865,0.48644403,1.42130802,0.53714184
37.8500,0.51229944,2.79931664,0.54673582,0.48645493,1.42137313,0.53712770
37.8600,0.51228799,2.79937137,0.54677296,0.48646581,1.42143818,0.53711356
37.8700,0.51227655,2.79942605,0.54681008,0.48647667,1.42150318,0.53709944
37.8800,0.51226512,2.79948069,0.54684717,0.48648753,1.42156813,0.53708532
37.8900,0.51225370,2.79953528,0.54688424,0.48649838,1.42163302,0.53707123
37.9000,0.51224230,2.79958982,0.54692128,0.48650921,1.42169786,0.53705714
37.9100,0.51223090,2.79964432,0.54695829,0.48652004,1.42176264,0.53704307
37.9200,0.51221952,2.79969876,0.54699528,0.48653085,1.42182738,0.53702901
37.9300,0.51220814,2.79975316,0.54703224,0.48654165,1.42189205,0.53701496
37.9400,0.51219678,2.79980751,0.54706918,0.48655245,1.42195667,0.53700092
37.9500,0.51218542,2.79986182,0.54710609,0.48656323,1.42202124,0.53698690
37.9600,0.51217408,2.79991607,0.54714298,0.48657399,1.42208576,0.53697289
37.9700,0.51216274,2.79997028,0.54717984,0.48658475,1.42215022,0.53695889
37.9800,0.51215142,2.80002445,0.54721667,0.48659550,1.42221463,0.53694490
37.9900,0.51214011,2.80007856,0.54725348,0.48660624,1.42227898,0.53693093
38.0000,0.51212880,2.80013263,0.54729026,0.48661696,1.42234328,0.53691697
38.0100,0.51211751,2.80018665,0.54732702,0.48662768,1.42240753,0.53690302
38.0200,0.51210623,2.80024062,0.54736375,0.48663838,1.42247172,0.53688908
38.0300,0.51209496,2.80029455,0.54740046,0.48664907,1.42253586,0.53687516
38.0400,0.51208370,2.80034843,0.54743714,0.48665975,1.42259995,0.53686125
38.0500,0.51207245,2.80040226,0.54747380,0.48667042,1.42266398,0.53684735
38.0600,0.51206121,2.80045604,0.54751043,0.48668108,1.42272796,0.53683346
38.0700,0.51204998,2.80050978,0.54754703,0.48669173,1.42279189,0.53681959
38.0800,0.51203876,2.80056347,0.54758361,0.48670237,1.42285576,0.53680572
38.0900,0.51202755,2.80061712,0.54762017,0.48671300,1.42291958,0.53679188
38.1000,0.51201635,2.80067071,0.54765669,0.48672361,1.42298335,0.53677804
38.1100,0.51200516,2.80072426,0.54769320,0.48673422,1.42304706,0.53676421
38.1200,0.51199398,2.80077777,0.54772968,0.48674481,1.42311072,0.53675040
38.1300,0.51198281,2.80083123,0.54776613,0.48675540,1.42317433,0.53673660
38.1400,0.51197165,2.80088464,0.54780256,0.48676597,1.42323788,0.53672281
38.1500,0.51196050,2.80093800,0.54783896,0.48677653,1.42330139,0.53670904
38.1600,0.51194937,2.80099132,0.54787534,0.48678708,1.42336483,0.53669527
38.1700,0.51193824,2.80104459,0.54791169,0.48679762,1.42342823,0.53668152
38.1800,0.51192712,2.80109782,0.54794801,0.48680815,1.42349157,0.53666778
38.1900,0.51191601,2.80115099,0.54798431,0.48681867,1.42355486,0.53665406
38.2000,0.51190492,2.80120413,0.54802059,0.48682918,1.42361810,0.53664034
38.2100,0.51189383,2.80125721,0.54805684,0.48683968,1.42368129,0.53662664
38.2200,0.51188275,2.80131025,0.54809307,0.48685017,1.42374442,0.53661295
38.2300,0.51187169,2.80136325,0.54812927,0.48686064,1.42380750,0.53659927
38.2400,0.51186063,2.80141619,0.54816544,0.48687111,1.42387052,0.53658561
38.2500,0.51184958,2.80146909,0.54820159,0.48688156,1.42393350,0.53657195
38.2600,0.51183855,2.80152195,0.54823772,0.48689201,1.42399642,0.53655831
38.2700,0.51182752,2.80157476,0.54827382,0.48690244,1.42405929,0.53654468
38.2800,0.51181650,2.80162752,0.54830989,0.48691286,1.42412211,0.53653107
38.2900,0.51180550,2.80168024,0.54834594,0.48692327,1.42418487,0.53651746
38.3000,0.51179450,2.80173291,0.54838196,0.48693368,1.42424758,0.53650387
38.3100,0.51178352,2.80178554,0.54841796,0.48694407,1.42431024,0.53649029
38.3200,0.51177254,2.80183812,0.54845394,0.48695445,1.42437285,0.53647672
38.3300,0.51176157,2.80189065,0.54848989,0.48696482,1.42443541,0.53646316
38.3400,0.51175062,2.80194314,0.54852581,0.48697518,1.42449791,0.53644962
38.3500,0.51173967,2.80199558,0.54856171,0.48698552,1.42456036,0.53643609
38.3600,0.51172874,2.80204798,0.54859759,0.48699586,1.42462276,0.53642257
38.3700,0.51171781,2.80210033,0.54863344,0.48700619,1.42468511,0.53640906
38.3800,0.51170689,2.80215263,0.54866926,0.48701651,1.42474740,0.53639556
38.3900,0.51169599,2.80220489,0.54870506,0.48702681,1.42480965,0.53638208
38.4000,0.51168509,2.80225711,0.54874084,0.48703711,1.42487184,0.53636861
38.4100,0.51167421,2.80230928,0.54877659,0.48704739,1.42493398,0.53635515
38.4200,0.51166333,2.80236140,0.54881231,0.48705767,1.42499606,0.53634170
38.4300,0.51165246,2.80241348,0.54884801,0.48706793,1.42505810,0.53632827
38.4400,0.51164161,2.80246552,0.54888369,0.48707818,1.42512008,0.53631484
38.4500,0.51163076,2.80251750,0.54891934,0.48708843,1.42518202,0.53630143
38.4600,0.51161992,2.80256945,0.54895496,0.48709866,1.42524390,0.53628803
38.4700,0.51160910,2.80262134,0.54899056,0.48710888,1.42530573,0.53627464
38.4800,0.51159828,2.80267320,0.54902614,0.48711909,1.42536750,0.53626127
38.4900,0.51158747,2.80272500,0.54906169,0.48712929,1.42542923,0.53624790
38.5000,0.51157668,2.80277677,0.54909722,0.48713949,1.42549090,0.53623455
38.5100,0.51156589,2.80282848,0.54913272,0.48714967,1.42555253,0.53622121
38.5200,0.51155511,2.80288016,0.54916820,0.48715984,1.42561410,0.53620788
38.5300,0.51154435,2.80293179,0.54920365,0.48717000,1.42567562,0.53619457
38.5400,0.51153359,2.80298337,0.54923908,0.48718015,1.42573709,0.53618126
38.5500,0.51152284,2.80303491,0.54927448,0.48719028,1.42579850,0.53616797
38.5600,0.51151210,2.80308640,0.54930986,0.48720041,1.42585987,0.53615469
38.5700,0.51150137,2.80313785,0.54934521,0.48721053,1.42592118,0.53614142
38.5800,0.51149065,2.80318925,0.54938054,0.48722064,1.42598245,0.53612816
38.5900,0.51147995,2.80324061,0.54941585,0.48723074,1.42604366,0.53611492
38.6000,0.51146925,2.80329193,0.54945113,0.48724082,1.42610482,0.53610168
38.6100,0.51145856,2.80334320,0.54948639,0.48725090,1.42616593,0.53608846
38.6200,0.51144788,2.80339442,0.54952162,0.48726097,1.42622699,0.53607525
38.6300,0.51143721,2.80344560,0.54955682,0.48727102,1.42628800,0.53606206
38.6400,0.51142655,2.80349674,0.54959201,0.48728107,1.42634896,0.53604887
38.6500,0.51141590,2.80354783,0.54962716,0.48729110,1.42640986,0.53603570
38.6600,0.51140526,2.80359888,0.54966230,0.48730113,1.42647072,0.53602253
38.6700,0.51139463,2.80364988,0.54969741,0.48731115,1.42653153,0.53600938
38.6800,0.51138401,2.80370084,0.54973249,0.48732115,1.42659228,0.53599624
38.6900,0.51137339,2.80375176,0.54976755,0.48733115,1.42665298,0.53598312
38.7000,0.51136279,2.80380263,0.54980259,0.48734113,1.42671364,0.53597000
38.7100,0.51135220,2.80385346,0.54983760,0.48735110,1.42677424,0.53595690
38.7200,0.51134162,2.80390424,0.54987258,0.48736107,1.42683479,0.53594380
38.7300,0.51133104,2.80395498,0.54990755,0.48737102,1.42689529,0.53593072
38.7400,0.51132048,2.80400567,0.54994249,0.48738097,1.42695574,0.53591765
38.7500,0.51130993,2.80405632,0.54997740,0.48739090,1.42701614,0.53590460
38.7600,0.51129938,2.80410693,0.55001229,0.48740082,1.42707649,0.53589155
38.7700,0.51128885,2.80415749,0.55004715,0.48741074,1.42713679,0.53587852
38.7800,0.51127832,2.80420801,0.55008199,0.48742064,1.42719704,0.53586550
38.7900,0.51126781,2.80425849,0.55011681,0.48743053,1.42725724,0.53585249
38.8000,0.51125730,2.80430892,0.55015160,0.48744042,1.42731739,0.53583949
38.8100,0.51124681,2.80435930,0.55018637,0.48745029,1.42737748,0.53582650
38.8200,0.51123632,2.80440965,0.55022112,0.48746015,1.42743753,0.53581352
38.8300,0.51122584,2.80445995,0.55025584,0.48747000,1.42749753,0.53580056
38.8400,0.51121537,2.80451021,0.55029053,0.48747985,1.42755748,0.53578761
38.8500,0.51120492,2.80456042,0.55032520,0.48748968,1.42761737,0.53577467
38.8600,0.51119447,2.80461059,0.55035985,0.48749950,1.42767722,0.53576174
38.8700,0.51118403,2.80466071,0.55039447,0.48750931,1.42773702,0.53574882
38.8800,0.51117360,2.80471080,0.55042907,0.48751912,1.42779677,0.53573591
38.8900,0.51116318,2.80476084,0.55046365,0.48752891,1.42785646,0.53572302
38.9000,0.51115277,2.80481083,0.55049820,0.48753869,1.42791611,0.53571014
38.9100,0.51114237,2.80486079,0.55053272,0.48754846,1.42797571,0.53569726
38.9200,0.51113197,2.80491069,0.55056723,0.48755823,1.42803526,0.53568440
38.9300,0.51112159,2.80496056,0.55060171,0.48756798,1.42809475,0.53567156
38.9400,0.51111122,2.80501038,0.55063616,0.48757772,1.42815420,0.53565872
38.9500,0.51110086,2.80506016,0.55067059,0.48758745,1.42821360,0.53564589
38.9600,0.51109050,2.80510990,0.55070500,0.48759718,1.42827295,0.53563308
38.9700,0.51108016,2.80515959,0.55073938,0.48760689,1.42833225,0.53562028
38.9800,0.51106982,2.80520924,0.55077374,0.48761659,1.42839150,0.53560749
38.9900,0.51105950,2.80525885,0.55080807,0.48762628,1.42845070,0.53559471
39.0000,0.51104918,2.80530842,0.55084238,0.48763597,1.42850985,0.53558194
39.0100,0.51103887,2.80535794,0.55087667,0.48764564,1.42856895,0.53556918
39.0200,0.51102857,2.80540742,0.55091093,0.48765530,1.42862800,0.53555643
39.0300,0.51101829,2.80545685,0.55094517,0.48766496,1.42868701,0.53554370
39.0400,0.51100801,2.80550625,0.55097939,0.48767460,1.42874596,0.53553098
39.0500,0.51099774,2.80555560,0.55101358,0.48768423,1.42880486,0.53551827
39.0600,0.51098748,2.80560490,0.55104775,0.48769386,1.42886372,0.53550557
39.0700,0.51097722,2.80565417,0.55108189,0.48770347,1.42892252,0.53549288
39.0800,0.51096698,2.80570339,0.55111601,0.48771308,1.42898128,0.53548020
39.0900,0.51095675,2.80575257,0.55115011,0.48772267,1.42903999,0.53546753
39.1000,0.51094653,2.80580171,0.55118418,0.48773225,1.42909865,0.53545488
39.1100,0.51093631,2.80585080,0.55121823,0.48774183,1.42915725,0.53544224
39.1200,0.51092611,2.80589986,0.55125225,0.48775139,1.42921582,0.53542960
39.1300,0.51091591,2.80594887,0.55128625,0.48776095,1.42927433,0.53541698
39.1400,0.51090573,2.80599783,0.55132023,0.48777049,1.42933279,0.53540437
39.1500,0.51089555,2.80604676,0.55135418,0.48778003,1.42939120,0.53539178
39.1600,0.51088538,2.80609564,0.55138811,0.48778955,1.42944957,0.53537919
39.1700,0.51087522,2.80614448,0.55142202,0.48779907,1.42950788,0.53536661
39.1800,0.51086507,2.80619328,0.55145590,0.48780858,1.42956615,0.53535405
39.1900,0.51085493,2.80624204,0.55148976,0.48781807,1.42962437,0.53534150
39.2000,0.51084480,2.80629075,0.55152360,0.48782756,1.42968254,0.53532896
39.2100,0.51083468,2.80633942,0.55155741,0.48783704,1.42974066,0.53531642
39.2200,0.51082457,2.80638805,0.55159120,0.48784650,1.42979873,0.53530391
39.2300,0.51081446,2.80643664,0.55162496,0.48785596,1.42985675,0.53529140
39.2400,0.51080437,2.80648519,0.55165870,0.48786541,1.42991473,0.53527890
39.2500,0.51079428,2.80653369,0.55169242,0.48787485,1.42997265,0.53526641
39.2600,0.51078421,2.80658215,0.55172611,0.48788428,1.43003053,0.53525394
39.2700,0.51077414,2.80663057,0.55175979,0.48789370,1.43008836,0.53524148
39.2800,0.51076408,2.80667895,0.55179343,0.48790311,1.43014614,0.53522902
39.2900,0.51075403,2.80672729,0.55182706,0.48791251,1.43020387,0.53521658
39.3000,0.51074399,2.80677558,0.55186066,0.48792190,1.43026156,0.53520415
39.3100,0.51073396,2.80682384,0.55189423,0.48793128,1.43031920,0.53519173
39.3200,0.51072394,2.80687205,0.55192779,0.48794065,1.43037678,0.53517933
39.3300,0.51071393,2.80692022,0.55196132,0.48795001,1.43043432,0.53516693
39.3400,0.51070393,2.80696835,0.55199482,0.48795936,1.43049181,0.53515454
39.3500,0.51069393,2.80701643,0.55202830,0.48796870,1.43054926,0.53514217
39.3600,0.51068395,2.80706448,0.55206176,0.48797804,1.43060665,0.53512981
39.3700,0.51067397,2.80711248,0.55209520,0.48798736,1.43066400,0.53511745
39.3800,0.51066400,2.80716044,0.55212861,0.48799667,1.43072130,0.53510511
39.3900,0.51065404,2.80720836,0.55216200,0.48800598,1.43077855,0.53509278
39.4000,0.51064409,2.80725624,0.55219537,0.48801527,1.43083576,0.53508046
39.4100,0.51063415,2.80730408,0.55222871,0.48802456,1.43089291,0.53506816
39.4200,0.51062422,2.80735188,0.55226203,0.48803383,1.43095002,0.53505586
39.4300,0.51061430,2.80739963,0.55229533,0.48804310,1.43100708,0.53504357
39.4400,0.51060439,2.80744735,0.55232860,0.48805236,1.43106409,0.53503130
39.4500,0.51059448,2.80749502,0.55236185,0.48806160,1.43112106,0.53501903
39.4600,0.51058459,2.80754265,0.55239508,0.48807084,1.43117797,0.53500678
39.4700,0.51057470,2.80759024,0.55242828,0.48808007,1.43123484,0.53499454
39.4800,0.51056482,2.80763779,0.55246146,0.48808929,1.43129166,0.53498231
39.4900,0.51055495,2.80768530,0.55249462,0.48809850,1.43134844,0.53497009
39.5000,0.51054509,2.80773277,0.55252775,0.48810770,1.43140516,0.53495788
39.5100,0.51053524,2.80778020,0.55256086,0.48811689,1.43146184,0.53494568
39.5200,0.51052540,2.80782758,0.55259395,0.48812607,1.43151847,0.53493349
39.5300,0.51051557,2.80787493,0.55262702,0.48813524,1.43157506,0.53492132
39.5400,0.51050574,2.80792223,0.55266006,0.48814440,1.43163159,0.53490915
39.5500,0.51049593,2.80796950,0.55269308,0.48815356,1.43168808,0.53489700
39.5600,0.51048612,2.80801672,0.55272607,0.48816270,1.43174452,0.53488485
39.5700,0.51047632,2.80806390,0.55275904,0.48817184,1.43180092,0.53487272
39.5800,0.51046654,2.80811104,0.55279199,0.48818096,1.43185727,0.53486060
39.5900,0.51045676,2.80815814,0.55282492,0.48819008,1.43191357,0.53484849
39.6000,0.51044698,2.80820520,0.55285782,0.48819918,1.43196982,0.53483639
39.6100,0.51043722,2.80825222,0.55289070,0.48820828,1.43202602,0.53482430
39.6200,0.51042747,2.80829920,0.55292356,0.48821737,1.43208218,0.53481222
39.6300,0.51041772,2.80834614,0.55295639,0.48822645,1.43213830,0.53480015
39.6400,0.51040799,2.80839304,0.55298921,0.48823552,1.43219436,0.53478810
39.6500,0.51039826,2.80843990,0.55302199,0.48824458,1.43225038,0.53477605
39.6600,0.51038854,2.80848672,0.55305476,0.48825363,1.43230635,0.53476401
39.6700,0.51037883,2.80853349,0.55308750,0.48826267,1.43236227,0.53475199
39.6800,0.51036913,2.80858023,0.55312022,0.48827170,1.43241815,0.53473998
39.6900,0.51035944,2.80862693,0.55315292,0.48828072,1.43247398,0.53472797
39.7000,0.51034976,2.80867358,0.55318559,0.48828974,1.43252976,0.53471598
39.7100,0.51034008,2.80872020,0.55321824,0.48829874,1.43258550,0.53470400
39.7200,0.51033042,2.80876677,0.55325087,0.48830774,1.43264119,0.53469203
39.7300,0.51032076,2.80881331,0.55328348,0.48831672,1.43269683,0.53468007
39.7400,0.51031111,2.80885981,0.55331606,0.48832570,1.43275243,0.53466812
39.7500,0.51030147,2.80890626,0.55334862,0.48833467,1.43280798,0.53465618
39.7600,0.51029184,2.80895268,0.55338116,0.48834363,1.43286348,0.53464425
39.7700,0.51028222,2.80899905,0.55341367,0.48835257,1.43291894,0.53463234
39.7800,0.51027260,2.80904539,0.55344616,0.48836152,1.43297435,0.53462043
39.7900,0.51026300,2.80909168,0.55347863,0.48837045,1.43302971,0.53460853
39.8000,0.51025340,2.80913794,0.55351108,0.48837937,1.43308503,0.53459665
39.8100,0.51024381,2.80918416,0.55354350,0.48838828,1.43314030,0.53458478
39.8200,0.51023423,2.80923033,0.55357590,0.48839718,1.43319553,0.53457291
39.8300,0.51022466,2.80927647,0.55360828,0.48840608,1.43325071,0.53456106
39.8400,0.51021510,2.80932257,0.55364064,0.48841496,1.43330584,0.53454922
39.8500,0.51020555,2.80936863,0.55367297,0.48842384,1.43336092,0.53453738
39.8600,0.51019600,2.80941464,0.55370528,0.48843271,1.43341596,0.53452556
39.8700,0.51018647,2.80946062,0.55373757,0.48844157,1.43347096,0.53451375
39.8800,0.51017694,2.80950656,0.55376983,0.48845042,1.43352590,0.53450195
39.8900,0.51016742,2.80955246,0.55380208,0.48845926,1.43358081,0.53449016
39.9000,0.51015791,2.80959832,0.55383430,0.48846809,1.43363566,0.53447839
39.9100,0.51014841,2.80964414,0.55386649,0.48847691,1.43369047,0.53446662
39.9200,0.51013892,2.80968992,0.55389867,0.48848572,1.43374523,0.53445486
39.9300,0.51012943,2.80973566,0.55393082,0.48849453,1.43379995,0.53444311
39.9400,0.51011995,2.80978136,0.55396295,0.48850332,1.43385462,0.53443138
39.9500,0.51011049,2.80982703,0.55399506,0.48851211,1.43390925,0.53441965
39.9600,0.51010103,2.80987265,0.55402714,0.48852088,1.43396383,0.53440793
39.9700,0.51009158,2.80991823,0.55405921,0.48852965,1.43401836,0.53439623
39.9800,0.51008213,2.80996378,0.55409125,0.48853841,1.43407285,0.53438453
39.9900,0.51007270,2.81000929,0.55412326,0.48854716,1.43412729,0.53437285
40.0000,0.51006328,2.81005475,0.55415526,0.48855590,1.43418169,0.53436118
40.0100,0.51005386,2.81010018,0.55418723,0.48856464,1.43423604,0.53434951
40.0200,0.51004445,2.81014557,0.55421918,0.48857336,1.43429035,0.53433786
40.0300,0.51003505,2.81019092,0.55425111,0.48858207,1.43434461,0.53432622
40.0400,0.51002566,2.81023623,0.55428302,0.48859078,1.43439882,0.53431459
40.0500,0.51001628,2.81028150,0.55431490,0.48859948,1.43445299,0.53430297
40.0600,0.51000690,2.81032674,0.55434676,0.48860816,1.43450712,0.53429136
40.0700,0.50999753,2.81037193,0.55437860,0.48861684,1.43456120,0.53427976
40.0800,0.50998818,2.81041709,0.55441042,0.48862551,1.43461523,0.53426817
40.0900,0.50997883,2.81046220,0.55444221,0.48863417,1.43466922,0.53425659
40.1000,0.50996949,2.81050728,0.55447398,0.48864283,1.43472316,0.53424502
40.1100,0.50996015,2.81055232,0.55450573,0.48865147,1.43477706,0.53423346
40.1200,0.50995083,2.81059732,0.55453746,0.48866010,1.43483091,0.53422191
40.1300,0.50994151,2.81064228,0.55456917,0.48866873,1.43488471,0.53421037
40.1400,0.50993221,2.81068720,0.55460085,0.48867735,1.43493847,0.53419885
40.1500,0.50992291,2.81073209,0.55463251,0.48868595,1.43499219,0.53418733
40.1600,0.50991362,2.81077693,0.55466415,0.48869455,1.43504586,0.53417582
40.1700,0.50990433,2.81082174,0.55469577,0.48870314,1.43509949,0.53416433
40.1800,0.50989506,2.81086651,0.55472736,0.48871172,1.43515307,0.53415284
40.1900,0.50988579,2.81091124,0.55475893,0.48872030,1.43520661,0.53414136
40.2000,0.50987654,2.81095593,0.55479048,0.48872886,1.43526010,0.53412990
40.2100,0.50986729,2.81100059,0.55482201,0.48873742,1.43531354,0.53411844
40.2200,0.50985805,2.81104520,0.55485352,0.48874596,1.43536694,0.53410700
40.2300,0.50984882,2.81108978,0.55488500,0.48875450,1.43542030,0.53409556
40.2400,0.50983959,2.81113432,0.55491646,0.48876303,1.43547361,0.53408414
40.2500,0.50983037,2.81117882,0.55494790,0.48877155,1.43552688,0.53407272
40.2600,0.50982117,2.81122328,0.55497932,0.48878006,1.43558010,0.53406132
40.2700,0.50981197,2.81126771,0.55501072,0.48878857,1.43563328,0.53404993
40.2800,0.50980278,2.81131210,0.55504209,0.48879706,1.43568641,0.53403854
40.2900,0.50979359,2.81135644,0.55507344,0.48880555,1.43573950,0.53402717
40.3000,0.50978442,2.81140075,0.55510477,0.48881402,1.43579255,0.53401581
40.3100,0.50977525,2.81144503,0.55513608,0.48882249,1.43584554,0.53400445
40.3200,0.50976609,2.81148926,0.55516737,0.48883095,1.43589850,0.53399311
40.3300,0.50975694,2.81153346,0.55519863,0.48883940,1.43595141,0.53398178
40.3400,0.50974780,2.81157762,0.55522988,0.48884784,1.43600428,0.53397046
40.3500,0.50973867,2.81162174,0.55526110,0.48885628,1.43605710,0.53395915
40.3600,0.50972954,2.81166582,0.55529229,0.48886470,1.43610987,0.53394784
40.3700,0.50972043,2.81170986,0.55532347,0.48887312,1.43616261,0.53393655
40.3800,0.50971132,2.81175387,0.55535463,0.48888153,1.43621529,0.53392527
40.3900,0.50970222,2.81179784,0.55538576,0.48888993,1.43626794,0.53391400
40.4000,0.50969312,2.81184177,0.55541687,0.48889832,1.43632054,0.53390274
40.4100,0.50968404,2.81188567,0.55544796,0.48890670,1.43637309,0.53389149
40.4200,0.50967496,2.81192952,0.55547903,0.48891507,1.43642561,0.53388025
40.4300,0.50966589,2.81197334,0.55551007,0.48892344,1.43647807,0.53386902
40.4400,0.50965683,2.81201712,0.55554110,0.48893179,1.43653050,0.53385780
40.4500,0.50964778,2.81206087,0.55557210,0.48894014,1.43658288,0.53384658
40.4600,0.50963874,2.81210457,0.55560308,0.48894848,1.43663521,0.53383538
40.4700,0.50962970,2.81214824,0.55563404,0.48895681,1.43668750,0.53382419
40.4800,0.50962067,2.81219188,0.55566498,0.48896513,1.43673975,0.53381301
40.4900,0.50961165,2.81223547,0.55569589,0.48897345,1.43679195,0.53380184
40.5000,0.50960264,2.81227903,0.55572678,0.48898175,1.43684411,0.53379068
40.5100,0.50959364,2.81232255,0.55575766,0.48899005,1.43689623,0.53377953
40.5200,0.50958464,2.81236603,0.55578851,0.48899834,1.43694830,0.53376839
40.5300,0.50957565,2.81240947,0.55581934,0.48900661,1.43700033,0.53375726
40.5400,0.50956667,2.81245288,0.55585014,0.48901489,1.43705231,0.53374614
40.5500,0.50955770,2.81249625,0.55588093,0.48902315,1.43710425,0.53373503
40.5600,0.50954874,2.81253959,0.55591169,0.48903140,1.43715615,0.53372393
40.5700,0.50953978,2.81258288,0.55594244,0.48903965,1.43720800,0.53371284
40.5800,0.50953084,2.81262614,0.55597316,0.48904789,1.43725981,0.53370176
40.5900,0.50952190,2.81266936,0.55600386,0.48905612,1.43731158,0.53369069
40.6000,0.50951296,2.81271255,0.55603453,0.48906434,1.43736330,0.53367963
40.6100,0.50950404,2.81275570,0.55606519,0.48907255,1.43741498,0.53366858
40.6200,0.50949513,2.81279881,0.55609582,0.48908075,1.43746662,0.53365754
40.6300,0.50948622,2.81284188,0.55612644,0.48908895,1.43751821,0.53364651
40.6400,0.50947732,2.81288492,0.55615703,0.48909713,1.43756976,0.53363549
40.6500,0.50946843,2.81292792,0.55618760,0.48910531,1.43762127,0.53362448
40.6600,0.50945954,2.81297089,0.55621815,0.48911348,1.43767273,0.53361348
40.6700,0.50945067,2.81301381,0.55624868,0.48912164,1.43772415,0.53360249
40.6800,0.50944180,2.81305671,0.55627918,0.48912980,1.43777552,0.53359151
40.6900,0.50943294,2.81309956,0.55630967,0.48913794,1.43782686,0.53358053
40.7000,0.50942409,2.81314238,0.55634013,0.48914608,1.43787815,0.53356957
40.7100,0.50941524,2.81318516,0.55637057,0.48915421,1.43792939,0.53355862
40.7200,0.50940641,2.81322790,0.55640099,0.48916233,1.43798059,0.53354768
40.7300,0.50939758,2.81327061,0.55643139,0.48917044,1.43803175,0.53353675
40.7400,0.50938876,2.81331328,0.55646177,0.48917854,1.43808287,0.53352583
40.7500,0.50937995,2.81335591,0.55649213,0.48918664,1.43813395,0.53351491
40.7600,0.50937114,2.81339851,0.55652246,0.48919473,1.43818498,0.53350401
40.7700,0.50936234,2.81344107,0.55655277,0.48920280,1.43823597,0.53349312
40.7800,0.50935355,2.81348360,0.55658307,0.48921087,1.43828691,0.53348224
40.7900,0.50934477,2.81352609,0.55661334,0.48921894,1.43833781,0.53347137
40.8000,0.50933600,2.81356854,0.55664359,0.48922699,1.43838867,0.53346050
40.8100,0.50932723,2.81361096,0.55667382,0.48923504,1.43843949,0.53344965
40.8200,0.50931848,2.81365334,0.55670403,0.48924307,1.43849026,0.53343881
40.8300,0.50930973,2.81369568,0.55673421,0.48925110,1.43854100,0.53342797
40.8400,0.50930099,2.81373799,0.55676438,0.48925912,1.43859168,0.53341715
40.8500,0.50929225,2.81378026,0.55679452,0.48926714,1.43864233,0.53340633
40.8600,0.50928352,2.81382250,0.55682464,0.48927514,1.43869293,0.53339553
40.8700,0.50927481,2.81386469,0.55685475,0.48928314,1.43874350,0.53338474
40.8800,0.50926610,2.81390686,0.55688483,0.48929113,1.43879401,0.53337395
40.8900,0.50925739,2.81394898,0.55691489,0.48929911,1.43884449,0.53336318
40.9000,0.50924870,2.81399108,0.55694492,0.48930708,1.43889492,0.53335241
40.9100,0.50924001,2.81403313,0.55697494,0.48931504,1.43894531,0.53334165
40.9200,0.50923133,2.81407515,0.55700494,0.48932300,1.43899566,0.53333091
40.9300,0.50922266,2.81411713,0.55703491,0.48933094,1.43904597,0.53332017
40.9400,0.50921399,2.81415908,0.55706487,0.48933888,1.43909623,0.53330945
40.9500,0.50920534,2.81420099,0.55709480,0.48934681,1.43914645,0.53329873
40.9600,0.50919669,2.81424287,0.55712471,0.48935474,1.43919663,0.53328802
40.9700,0.50918805,2.81428471,0.55715460,0.48936265,1.43924677,0.53327732
40.9800,0.50917941,2.81432651,0.55718447,0.48937056,1.43929686,0.53326664
40.9900,0.50917079,2.81436828,0.55721432,0.48937846,1.43934692,0.53325596
41.0000,0.50916217,2.81441002,0.55724415,0.48938635,1.43939693,0.53324529
41.0100,0.50915356,2.81445171,0.55727396,0.48939423,1.43944690,0.53323463
41.0200,0.50914495,2.81449338,0.55730374,0.48940211,1.43949682,0.53322398
41.0300,0.50913636,2.81453500,0.55733351,0.48940997,1.43954671,0.53321334
41.0400,0.50912777,2.81457659,0.55736325,0.48941783,1.43959655,0.53320271
41.0500,0.50911919,2.81461815,0.55739298,0.48942568,1.43964635,0.53319209
41.0600,0.50911062,2.81465967,0.55742268,0.48943352,1.43969611,0.53318148
41.0700,0.50910206,2.81470115,0.55745236,0.48944136,1.43974582,0.53317088
41.0800,0.50909350,2.81474260,0.55748202,0.48944918,1.43979550,0.53316028
41.0900,0.50908495,2.81478401,0.55751166,0.48945700,1.43984513,0.53314970
41.1000,0.50907641,2.81482539,0.55754128,0.48946481,1.43989472,0.53313913
41.1100,0.50906787,2.81486674,0.55757088,0.48947261,1.43994427,0.53312856
41.1200,0.50905935,2.81490804,0.55760046,0.48948041,1.43999378,0.53311801
41.1300,0.50905083,2.81494932,0.55763002,0.48948819,1.44004325,0.53310747
41.1400,0.50904232,2.81499055,0.55765955,0.48949597,1.44009267,0.53309693
41.1500,0.50903381,2.81503176,0.55768907,0.48950374,1.44014205,0.53308640
41.1600,0.50902532,2.81507292,0.55771856,0.48951151,1.44019139,0.53307589
41.1700,0.50901683,2.81511405,0.55774803,0.48951926,1.44024069,0.53306538
41.1800,0.50900835,2.81515515,0.55777749,0.48952701,1.44028995,0.53305489
41.1900,0.50899987,2.81519621,0.55780692,0.48953474,1.44033917,0.53304440
41.2000,0.50899141,2.81523724,0.55783633,0.48954248,1.44038834,0.53303392
41.2100,0.50898295,2.81527823,0.55786572,0.48955020,1.44043747,0.53302345
41.2200,0.50897450,2.81531919,0.55789509,0.48955791,1.44048657,0.53301299
41.2300,0.50896605,2.81536011,0.55792444,0.48956562,1.44053562,0.53300254
41.2400,0.50895762,2.81540100,0.55795377,0.48957332,1.44058463,0.53299210
41.2500,0.50894919,2.81544185,0.55798308,0.48958101,1.44063359,0.53298167
41.2600,0.50894077,2.81548267,0.55801237,0.48958869,1.44068252,0.53297125
41.2700,0.50893236,2.81552345,0.55804164,0.48959637,1.44073141,0.53296084
41.2800,0.50892395,2.81556420,0.55807088,0.48960404,1.44078025,0.53295043
41.2900,0.50891555,2.81560491,0.55810011,0.48961170,1.44082905,0.53294004
41.3000,0.50890716,2.81564559,0.55812931,0.48961935,1.44087782,0.53292966
41.3100,0.50889878,2.81568623,0.55815850,0.48962699,1.44092654,0.53291928
41.3200,0.50889040,2.81572684,0.55818766,0.48963463,1.44097522,0.53290892
41.3300,0.50888203,2.81576742,0.55821681,0.48964226,1.44102386,0.53289856
41.3400,0.50887367,2.81580796,0.55824593,0.48964988,1.44107245,0.53288821
41.3500,0.50886532,2.81584846,0.55827503,0.48965749,1.44112101,0.53287788
41.3600,0.50885697,2.81588893,0.55830412,0.48966509,1.44116953,0.53286755
41.3700,0.50884863,2.81592937,0.55833318,0.48967269,1.44121800,0.53285723
41.3800,0.50884030,2.81596977,0.55836222,0.48968028,1.44126644,0.53284692
41.3900,0.50883197,2.81601014,0.55839124,0.48968786,1.44131483,0.53283662
41.4000,0.50882366,2.81605047,0.55842024,0.48969544,1.44136318,0.53282633
41.4100,0.50881535,2.81609077,0.55844922,0.48970300,1.44141149,0.53281605
41.4200,0.50880705,2.81613103,0.55847818,0.48971056,1.44145977,0.53280578
41.4300,0.50879875,2.81617126,0.55850712,0.48971811,1.44150800,0.53279551
41.4400,0.50879046,2.81621146,0.55853604,0.48972566,1.44155619,0.53278526
41.4500,0.50878218,2.81625162,0.55856494,0.48973319,1.44160434,0.53277502
41.4600,0.50877391,2.81629175,0.55859382,0.48974072,1.44165244,0.53276478
41.4700,0.50876565,2.81633184,0.55862268,0.48974824,1.44170051,0.53275456
41.4800,0.50875739,2.81637190,0.55865152,0.48975575,1.44174854,0.53274434
41.4900,0.50874914,2.81641193,0.55868033,0.48976325,1.44179653,0.53273413
41.5000,0.50874089,2.81645192,0.55870913,0.48977075,1.44184447,0.53272393
41.5100,0.50873266,2.81649188,0.55873791,0.48977824,1.44189238,0.53271374
41.5200,0.50872443,2.81653180,0.55876666,0.48978572,1.44194024,0.53270357
41.5300,0.50871621,2.81657169,0.55879540,0.48979319,1.44198807,0.53269339
41.5400,0.50870799,2.81661154,0.55882412,0.48980066,1.44203585,0.53268323
41.5500,0.50869979,2.81665136,0.55885281,0.48980812,1.44208360,0.53267308
41.5600,0.50869159,2.81669115,0.55888149,0.48981557,1.44213130,0.53266294
41.5700,0.50868340,2.81673091,0.55891015,0.48982301,1.44217897,0.53265280
41.5800,0.50867521,2.81677063,0.55893878,0.48983045,1.44222659,0.53264268
41.5900,0.50866703,2.81681031,0.55896740,0.48983788,1.44227418,0.53263256
41.6000,0.50865886,2.81684996,0.55899599,0.48984530,1.44232172,0.53262246
41.6100,0.50865070,2.81688958,0.55902457,0.48985271,1.44236922,0.53261236
41.6200,0.50864254,2.81692917,0.55905312,0.48986011,1.44241669,0.53260227
41.6300,0.50863439,2.81696872,0.55908166,0.48986751,1.44246411,0.53259219
41.6400,0.50862625,2.81700824,0.55911017,0.48987490,1.44251149,0.53258212
41.6500,0.50861812,2.81704772,0.55913867,0.48988228,1.44255884,0.53257206
41.6600,0.50860999,2.81708717,0.55916714,0.48988966,1.44260614,0.53256201
41.6700,0.50860187,2.81712659,0.55919560,0.48989703,1.44265340,0.53255197
41.6800,0.50859376,2.81716597,0.55922403,0.48990439,1.44270063,0.53254193
41.6900,0.50858565,2.81720532,0.55925245,0.48991174,1.44274781,0.53253191
41.7000,0.50857755,2.81724464,0.55928084,0.48991908,1.44279496,0.53252189
41.7100,0.50856946,2.81728392,0.55930921,0.48992642,1.44284206,0.53251189
41.7200,0.50856138,2.81732317,0.55933757,0.48993375,1.44288912,0.53250189
41.7300,0.50855330,2.81736238,0.55936590,0.48994107,1.44293615,0.53249190
41.7400,0.50854523,2.81740157,0.55939422,0.48994839,1.44298313,0.53248192
41.7500,0.50853717,2.81744072,0.55942251,0.48995569,1.44303008,0.53247195
41.7600,0.50852911,2.81747983,0.55945079,0.48996299,1.44307698,0.53246199
41.7700,0.50852107,2.81751892,0.55947904,0.48997029,1.44312385,0.53245204
41.7800,0.50851303,2.81755797,0.55950728,0.48997757,1.44317068,0.53244209
41.7900,0.50850499,2.81759698,0.55953549,0.48998485,1.44321746,0.53243216
41.8000,0.50849696,2.81763597,0.55956369,0.48999212,1.44326421,0.53242224
41.8100,0.50848894,2.81767492,0.55959186,0.48999938,1.44331092,0.53241232
41.8200,0.50848093,2.81771383,0.55962002,0.49000663,1.44335759,0.53240241
41.8300,0.50847293,2.81775272,0.55964815,0.49001388,1.44340422,0.53239251
41.8400,0.50846493,2.81779157,0.55967627,0.49002112,1.44345081,0.53238262
41.8500,0.50845694,2.81783039,0.55970437,0.49002835,1.44349736,0.53237274
41.8600,0.50844895,2.81786917,0.55973244,0.49003558,1.44354387,0.53236287
41.8700,0.50844097,2.81790792,0.55976050,0.49004280,1.44359034,0.53235301
41.8800,0.50843300,2.81794664,0.55978854,0.49005001,1.44363678,0.53234315
41.8900,0.50842504,2.81798533,0.55981655,0.49005721,1.44368317,0.53233331
41.9000,0.50841708,2.81802398,0.55984455,0.49006441,1.44372952,0.53232347
41.9100,0.50840913,2.81806261,0.55987253,0.49007160,1.44377584,0.53231365
41.9200,0.50840119,2.81810119,0.55990049,0.49007878,1.44382212,0.53230383
41.9300,0.50839326,2.81813975,0.55992842,0.49008595,1.44386835,0.53229402
41.9400,0.50838533,2.81817827,0.55995634,0.49009312,1.44391455,0.53228422
41.9500,0.50837741,2.81821676,0.55998424,0.49010027,1.44396071,0.53227443
41.9600,0.50836949,2.81825522,0.56001212,0.49010743,1.44400683,0.53226464
41.9700,0.50836159,2.81829364,0.56003998,0.49011457,1.44405291,0.53225487
41.9800,0.50835369,2.81833203,0.56006782,0.49012171,1.44409895,0.53224510
41.9900,0.50834579,2.81837039,0.56009564,0.49012884,1.44414496,0.53223535
42.0000,0.50833791,2.81840872,0.56012344,0.49013596,1.44419092,0.53222560
42.0100,0.50833003,2.81844702,0.56015122,0.49014307,1.44423685,0.53221586
42.0200,0.50832216,2.81848528,0.56017898,0.49015018,1.44428273,0.53220613
42.0300,0.50831429,2.81852351,0.56020672,0.49015728,1.44432858,0.53219641
42.0400,0.50830643,2.81856170,0.56023445,0.49016438,1.44437439,0.53218670
42.0500,0.50829858,2.81859987,0.56026215,0.49017146,1.44442016,0.53217700
42.0600,0.50829074,2.81863800,0.56028983,0.49017854,1.44446589,0.53216730
42.0700,0.50828290,2.81867610,0.56031749,0.49018561,1.44451159,0.53215762
42.0800,0.50827507,2.81871417,0.56034514,0.49019268,1.44455724,0.53214794
42.0900,0.50826724,2.81875220,0.56037276,0.49019973,1.44460286,0.53213827
42.1000,0.50825943,2.81879021,0.56040037,0.49020678,1.44464844,0.53212861
42.1100,0.50825162,2.81882818,0.56042795,0.49021383,1.44469397,0.53211896
42.1200,0.50824381,2.81886612,0.56045552,0.49022086,1.44473947,0.53210932
42.1300,0.50823602,2.81890402,0.56048307,0.49022789,1.44478494,0.53209968
42.1400,0.50822823,2.81894190,0.56051059,0.49023491,1.44483036,0.53209006
42.1500,0.50822045,2.81897974,0.56053810,0.49024192,1.44487575,0.53208044
42.1600,0.50821267,2.81901755,0.56056559,0.49024893,1.44492109,0.53207084
42.1700,0.50820490,2.81905533,0.56059306,0.49025593,1.44496640,0.53206124
42.1800,0.50819714,2.81909307,0.56062051,0.49026292,1.44501167,0.53205165
42.1900,0.50818939,2.81913079,0.56064794,0.49026991,1.44505690,0.53204207
42.2000,0.50818164,2.81916847,0.56067535,0.49027688,1.44510210,0.53203249
42.2100,0.50817390,2.81920612,0.56070274,0.49028385,1.44514725,0.53202293
42.2200,0.50816616,2.81924374,0.56073011,0.49029082,1.44519237,0.53201337
42.2300,0.50815844,2.81928132,0.56075747,0.49029777,1.44523745,0.53200383
42.2400,0.50815071,2.81931888,0.56078480,0.49030472,1.44528249,0.53199429
42.2500,0.50814300,2.81935640,0.56081212,0.49031167,1.44532750,0.53198476
42.2600,0.50813529,2.81939389,0.56083941,0.49031860,1.44537246,0.53197524
42.2700,0.50812759,2.81943135,0.56086669,0.49032553,1.44541739,0.53196573
42.2800,0.50811990,2.81946878,0.56089394,0.49033245,1.44546228,0.53195622
42.2900,0.50811221,2.81950617,0.56092118,0.49033936,1.44550713,0.53194673
42.3000,0.50810453,2.81954354,0.56094840,0.49034627,1.44555194,0.53193724
42.3100,0.50809686,2.81958087,0.56097560,0.49035317,1.44559672,0.53192777
42.3200,0.50808919,2.81961817,0.56100278,0.49036006,1.44564145,0.53191830
42.3300,0.50808153,2.81965544,0.56102994,0.49036695,1.44568615,0.53190884
42.3400,0.50807388,2.81969268,0.56105708,0.49037383,1.44573082,0.53189938
42.3500,0.50806623,2.81972988,0.56108420,0.49038070,1.44577544,0.53188994
42.3600,0.50805859,2.81976706,0.56111130,0.49038756,1.44582003,0.53188051
42.3700,0.50805096,2.81980420,0.56113839,0.49039442,1.44586457,0.53187108
42.3800,0.50804334,2.81984131,0.56116545,0.49040127,1.44590909,0.53186166
42.3900,0.50803572,2.81987839,0.56119250,0.49040811,1.44595356,0.53185225
42.4000,0.50802810,2.81991544,0.56121953,0.49041495,1.44599800,0.53184285
42.4100,0.50802050,2.81995246,0.56124653,0.49042178,1.44604239,0.53183346
42.4200,0.50801290,2.81998944,0.56127352,0.49042860,1.44608675,0.53182408
42.4300,0.50800531,2.82002640,0.56130049,0.49043542,1.44613108,0.53181470
42.4400,0.50799772,2.82006332,0.56132744,0.49044222,1.44617536,0.53180533
42.4500,0.50799014,2.82010021,0.56135437,0.49044903,1.44621961,0.53179598
42.4600,0.50798257,2.82013707,0.56138129,0.49045582,1.44626382,0.53178663
42.4700,0.50797500,2.82017390,0.56140818,0.49046261,1.44630799,0.53177729
42.4800,0.50796744,2.82021070,0.56143505,0.49046939,1.44635213,0.53176795
42.4900,0.50795989,2.82024747,0.56146191,0.49047616,1.44639623,0.53175863
42.5000,0.50795235,2.82028421,0.56148875,0.49048293,1.44644029,0.53174931
42.5100,0.50794481,2.82032091,0.56151556,0.49048969,1.44648431,0.53174000
42.5200,0.50793727,2.82035759,0.56154236,0.49049644,1.44652830,0.53173071
42.5300,0.50792975,2.82039423,0.56156914,0.49050319,1.44657225,0.53172142
42.5400,0.50792223,2.82043084,0.56159590,0.49050992,1.44661616,0.53171213
42.5500,0.50791472,2.82046742,0.56162264,0.49051666,1.44666004,0.53170286
42.5600,0.50790721,2.82050397,0.56164937,0.49052338,1.44670388,0.53169359
42.5700,0.50789971,2.82054049,0.56167607,0.49053010,1.44674768,0.53168434
42.5800,0.50789222,2.82057698,0.56170276,0.49053681,1.44679144,0.53167509
42.5900,0.50788473,2.82061344,0.56172942,0.49054352,1.44683517,0.53166585
42.6000,0.50787725,2.82064987,0.56175607,0.49055021,1.44687886,0.53165662
42.6100,0.50786978,2.82068626,0.56178270,0.49055690,1.44692251,0.53164739
42.6200,0.50786231,2.82072263,0.56180931,0.49056359,1.44696613,0.53163818
42.6300,0.50785485,2.82075896,0.56183590,0.49057026,1.44700971,0.53162897
42.6400,0.50784740,2.82079527,0.56186247,0.49057693,1.44705325,0.53161977
42.6500,0.50783995,2.82083154,0.56188902,0.49058360,1.44709675,0.53161058
42.6600,0.50783251,2.82086778,0.56191556,0.49059025,1.44714022,0.53160140
42.6700,0.50782508,2.82090399,0.56194207,0.49059690,1.44718365,0.53159223
42.6800,0.50781765,2.82094017,0.56196857,0.49060355,1.44722705,0.53158306
42.6900,0.50781023,2.82097632,0.56199505,0.49061018,1.44727041,0.53157391
42.7000,0.50780281,2.82101244,0.56202151,0.49061681,1.44731373,0.53156476
42.7100,0.50779541,2.82104853,0.56204795,0.49062343,1.44735701,0.53155562
42.7200,0.50778801,2.82108459,0.56207437,0.49063005,1.44740026,0.53154649
42.7300,0.50778061,2.82112062,0.56210078,0.49063666,1.44744347,0.53153736
42.7400,0.50777322,2.82115662,0.56212716,0.49064326,1.44748665,0.53152825
42.7500,0.50776584,2.82119259,0.56215353,0.49064986,1.44752979,0.53151914
42.7600,0.50775847,2.82122852,0.56217988,0.49065644,1.44757289,0.53151004
42.7700,0.50775110,2.82126443,0.56220621,0.49066303,1.44761595,0.53150095
42.7800,0.50774374,2.82130031,0.56223252,0.49066960,1.44765898,0.53149187
42.7900,0.50773638,2.82133615,0.56225881,0.49067617,1.44770197,0.53148279
42.8000,0.50772903,2.82137197,0.56228508,0.49068273,1.44774493,0.53147373
42.8100,0.50772169,2.82140776,0.56231134,0.49068929,1.44778785,0.53146467
42.8200,0.50771435,2.82144351,0.56233757,0.49069583,1.44783073,0.53145562
42.8300,0.50770702,2.82147924,0.56236379,0.49070238,1.44787358,0.53144658
42.8400,0.50769970,2.82151493,0.56238999,0.49070891,1.44791639,0.53143755
42.8500,0.50769238,2.82155060,0.56241617,0.49071544,1.44795916,0.53142852
42.8600,0.50768507,2.82158623,0.56244233,0.49072196,1.44800190,0.53141951
42.8700,0.50767777,2.82162184,0.56246848,0.49072847,1.44804460,0.53141050
42.8800,0.50767047,2.82165741,0.56249460,0.49073498,1.44808727,0.53140150
42.8900,0.50766318,2.82169296,0.56252071,0.49074148,1.44812990,0.53139251
42.9000,0.50765589,2.82172847,0.56254680,0.49074798,1.44817249,0.53138352
42.9100,0.50764861,2.82176396,0.56257287,0.49075447,1.44821505,0.53137455
42.9200,0.50764134,2.82179941,0.56259892,0.49076095,1.44825757,0.53136558
42.9300,0.50763407,2.82183484,0.56262495,0.49076742,1.44830006,0.53135662
42.9400,0.50762681,2.82187023,0.56265096,0.49077389,1.44834251,0.53134767
42.9500,0.50761956,2.82190560,0.56267696,0.49078035,1.44838492,0.53133872
42.9600,0.50761231,2.82194093,0.56270294,0.49078681,1.44842730,0.53132979
42.9700,0.50760507,2.82197624,0.56272890,0.49079326,1.44846964,0.53132086
42.9800,0.50759784,2.82201151,0.56275484,0.49079970,1.44851195,0.53131194
42.9900,0.50759061,2.82204676,0.56278076,0.49080613,1.44855422,0.53130303
43.0000,0.50758339,2.82208197,0.56280666,0.49081256,1.44859645,0.53129413
43.0100,0.50757618,2.82211716,0.56283255,0.49081898,1.44863865,0.53128524
43.0200,0.50756897,2.82215232,0.56285842,0.49082540,1.44868081,0.53127635
43.0300,0.50756177,2.82218744,0.56288427,0.49083181,1.44872294,0.53126747
43.0400,0.50755457,2.82222254,0.56291010,0.49083821,1.44876503,0.53125860
43.0500,0.50754738,2.82225761,0.56293591,0.49084460,1.44880708,0.53124974
43.0600,0.50754020,2.82229265,0.56296171,0.49085099,1.44884910,0.53124088
43.0700,0.50753302,2.82232766,0.56298748,0.49085738,1.44889109,0.53123204
43.0800,0.50752585,2.82236264,0.56301324,0.49086375,1.44893304,0.53122320
43.0900,0.50751868,2.82239758,0.56303898,0.49087012,1.44897495,0.53121437
43.1000,0.50751152,2.82243251,0.56306470,0.49087648,1.44901683,0.53120555
43.1100,0.50750437,2.82246740,0.56309040,0.49088284,1.44905867,0.53119673
43.1200,0.50749723,2.82250226,0.56311609,0.49088919,1.44910047,0.53118793
43.1300,0.50749009,2.82253709,0.56314176,0.49089553,1.44914224,0.53117913
43.1400,0.50748295,2.82257189,0.56316740,0.49090187,1.44918398,0.53117034
43.1500,0.50747583,2.82260666,0.56319304,0.49090820,1.44922568,0.53116156
43.1600,0.50746871,2.82264141,0.56321865,0.49091452,1.44926735,0.53115278
43.1700,0.50746159,2.82267612,0.56324424,0.49092084,1.44930897,0.53114401
43.1800,0.50745448,2.82271081,0.56326982,0.49092715,1.44935057,0.53113526
43.1900,0.50744738,2.82274546,0.56329538,0.49093346,1.44939213,0.53112651
43.2000,0.50744029,2.82278009,0.56332092,0.49093975,1.44943365,0.53111776
43.2100,0.50743320,2.82281469,0.56334644,0.49094605,1.44947514,0.53110903
43.2200,0.50742611,2.82284926,0.56337194,0.49095233,1.44951659,0.53110030
43.2300,0.50741904,2.82288380,0.56339743,0.49095861,1.44955801,0.53109158
43.2400,0.50741196,2.82291831,0.56342290,0.49096488,1.44959939,0.53108287
43.2500,0.50740490,2.82295279,0.56344835,0.49097115,1.44964074,0.53107417
43.2600,0.50739784,2.82298724,0.56347378,0.49097741,1.44968206,0.53106548
43.2700,0.50739079,2.82302166,0.56349919,0.49098366,1.44972333,0.53105679
43.2800,0.50738374,2.82305606,0.56352459,0.49098991,1.44976458,0.53104811
43.2900,0.50737670,2.82309042,0.56354996,0.49099615,1.44980578,0.53103944
43.3000,0.50736967,2.82312476,0.56357532,0.49100238,1.44984696,0.53103078
43.3100,0.50736264,2.82315907,0.56360067,0.49100861,1.44988810,0.53102212
43.3200,0.50735562,2.82319334,0.56362599,0.49101483,1.44992920,0.53101347
43.3300,0.50734860,2.82322759,0.56365130,0.49102104,1.44997027,0.53100483
43.3400,0.50734159,2.82326181,0.56367658,0.49102725,1.45001130,0.53099620
43.3500,0.50733459,2.82329601,0.56370185,0.49103345,1.45005230,0.53098758
43.3600,0.50732759,2.82333017,0.56372711,0.49103965,1.45009326,0.53097896
43.3700,0.50732060,2.82336430,0.56375234,0.49104584,1.45013419,0.53097035
43.3800,0.50731362,2.82339841,0.56377756,0.49105202,1.45017509,0.53096175
43.3900,0.50730664,2.82343249,0.56380276,0.49105820,1.45021594,0.53095316
43.4000,0.50729967,2.82346653,0.56382794,0.49106437,1.45025677,0.53094457
43.4100,0.50729270,2.82350055,0.56385310,0.49107053,1.45029756,0.53093600
43.4200,0.50728574,2.82353454,0.56387824,0.49107669,1.45033832,0.53092743
43.4300,0.50727878,2.82356851,0.56390337,0.49108284,1.45037904,0.53091887
43.4400,0.50727184,2.82360244,0.56392848,0.49108898,1.45041972,0.53091031
43.4500,0.50726489,2.82363634,0.56395357,0.49109512,1.45046038,0.53090177
43.4600,0.50725796,2.82367022,0.56397865,0.49110125,1.45050099,0.53089323
43.4700,0.50725103,2.82370407,0.56400370,0.49110738,1.45054158,0.53088470
43.4800,0.50724410,2.82373789,0.56402874,0.49111350,1.45058212,0.53087618
43.4900,0.50723719,2.82377168,0.56405376,0.49111961,1.45062264,0.53086766
43.5000,0.50723027,2.82380544,0.56407876,0.49112572,1.45066312,0.53085915
43.5100,0.50722337,2.82383918,0.56410375,0.49113182,1.45070356,0.53085065
43.5200,0.50721647,2.82387288,0.56412872,0.49113791,1.45074397,0.53084216
43.5300,0.50720957,2.82390656,0.56415367,0.49114400,1.45078435,0.53083368
43.5400,0.50720269,2.82394021,0.56417860,0.49115008,1.45082469,0.53082520
43.5500,0.50719580,2.82397383,0.56420351,0.49115616,1.45086500,0.53081673
43.5600,0.50718893,2.82400742,0.56422841,0.49116223,1.45090528,0.53080827
43.5700,0.50718206,2.82404099,0.56425329,0.49116829,1.45094552,0.53079982
43.5800,0.50717519,2.82407452,0.56427815,0.49117435,1.45098572,0.53079137
43.5900,0.50716834,2.82410803,0.56430299,0.49118040,1.45102589,0.53078294
43.6000,0.50716149,2.82414151,0.56432782,0.49118645,1.45106603,0.53077451
43.6100,0.50715464,2.82417496,0.56435263,0.49119248,1.45110613,0.53076608
43.6200,0.50714780,2.82420838,0.56437742,0.49119852,1.45114620,0.53075767
43.6300,0.50714097,2.82424178,0.56440219,0.49120454,1.45118624,0.53074926
43.6400,0.50713414,2.82427514,0.56442695,0.49121056,1.45122624,0.53074086
43.6500,0.50712732,2.82430848,0.56445169,0.49121658,1.45126621,0.53073247
43.6600,0.50712050,2.82434179,0.56447641,0.49122258,1.45130614,0.53072409
43.6700,0.50711369,2.82437508,0.56450111,0.49122859,1.45134604,0.53071571
43.6800,0.50710689,2.82440833,0.56452580,0.49123458,1.45138591,0.53070734
43.6900,0.50710009,2.82444156,0.56455047,0.49124057,1.45142574,0.53069898
43.7000,0.50709330,2.82447476,0.56457512,0.49124655,1.45146554,0.53069063
43.7100,0.50708651,2.82450793,0.56459975,0.49125253,1.45150530,0.53068228
43.7200,0.50707973,2.82454107,0.56462437,0.49125850,1.45154503,0.53067394
43.7300,0.50707295,2.82457419,0.56464896,0.49126447,1.45158473,0.53066561
43.7400,0.50706619,2.82460728,0.56467354,0.49127042,1.45162439,0.53065729
43.7500,0.50705942,2.82464034,0.56469811,0.49127638,1.45166402,0.53064897
43.7600,0.50705267,2.82467337,0.56472265,0.49128232,1.45170361,0.53064066
43.7700,0.50704592,2.82470637,0.56474718,0.49128826,1.45174318,0.53063236
43.7800,0.50703917,2.82473935,0.56477169,0.49129420,1.45178270,0.53062407
43.7900,0.50703243,2.82477230,0.56479619,0.49130013,1.45182220,0.53061579
43.8000,0.50702570,2.82480522,0.56482066,0.49130605,1.45186166,0.53060751
43.8100,0.50701897,2.82483811,0.56484512,0.49131196,1.45190109,0.53059924
43.8200,0.50701225,2.82487098,0.56486957,0.49131787,1.45194048,0.53059097
43.8300,0.50700553,2.82490382,0.56489399,0.49132378,1.45197984,0.53058272
43.8400,0.50699882,2.82493663,0.56491840,0.49132968,1.45201917,0.53057447
43.8500,0.50699212,2.82496941,0.56494279,0.49133557,1.45205846,0.53056623
43.8600,0.50698542,2.82500216,0.56496716,0.49134145,1.45209772,0.53055800
43.8700,0.50697873,2.82503489,0.56499151,0.49134733,1.45213695,0.53054977
43.8800,0.50697204,2.82506759,0.56501585,0.49135321,1.45217615,0.53054155
43.8900,0.50696536,2.82510027,0.56504017,0.49135907,1.45221531,0.53053334
43.9000,0.50695869,2.82513291,0.56506448,0.49136493,1.45225443,0.53052514
43.9100,0.50695202,2.82516553,0.56508876,0.49137079,1.45229353,0.53051695
43.9200,0.50694536,2.82519812,0.56511303,0.49137664,1.45233259,0.53050876
43.9300,0.50693870,2.82523068,0.56513728,0.49138248,1.45237161,0.53050058
43.9400,0.50693205,2.82526322,0.56516152,0.49138832,1.45241061,0.53049240
43.9500,0.50692540,2.82529573,0.56518574,0.49139415,1.45244957,0.53048424
43.9600,0.50691876,2.82532821,0.56520994,0.49139998,1.45248850,0.53047608
43.9700,0.50691213,2.82536066,0.56523412,0.49140580,1.45252739,0.53046793
43.9800,0.50690550,2.82539309,0.56525828,0.49141161,1.45256626,0.53045979
43.9900,0.50689888,2.82542549,0.56528243,0.49141742,1.45260508,0.53045165
44.0000,0.50689226,2.82545786,0.56530656,0.49142322,1.45264388,0.53044352
44.0100,0.50688565,2.82549021,0.56533068,0.49142902,1.45268264,0.53043540
44.0200,0.50687904,2.82552253,0.56535478,0.49143481,1.45272137,0.53042729
44.0300,0.50687244,2.82555482,0.56537886,0.49144059,1.45276007,0.53041918
44.0400,0.50686585,2.82558708,0.56540292,0.49144637,1.45279873,0.53041108
44.0500,0.50685926,2.82561932,0.56542696,0.49145214,1.45283736,0.53040299
44.0600,0.50685268,2.82565153,0.56545099,0.49145791,1.45287596,0.53039491
44.0700,0.50684610,2.82568371,0.56547501,0.49146367,1.45291453,0.53038683
44.0800,0.50683953,2.82571587,0.56549900,0.49146942,1.45295306,0.53037876
44.0900,0.50683297,2.82574799,0.56552298,0.49147517,1.45299156,0.53037070
44.1000,0.50682641,2.82578010,0.56554694,0.49148091,1.45303003,0.53036264
44.1100,0.50681985,2.82581217,0.56557088,0.49148665,1.45306846,0.53035460
44.1200,0.50681331,2.82584422,0.56559481,0.49149238,1.45310687,0.53034656
44.1300,0.50680676,2.82587624,0.56561872,0.49149810,1.45314523,0.53033852
44.1400,0.50680023,2.82590823,0.56564261,0.49150382,1.45318357,0.53033050
44.1500,0.50679370,2.82594020,0.56566649,0.49150954,1.45322187,0.53032248
44.1600,0.50678717,2.82597214,0.56569035,0.49151524,1.45326015,0.53031447
44.1700,0.50678065,2.82600406,0.56571419,0.49152094,1.45329839,0.53030647
44.1800,0.50677414,2.82603594,0.56573801,0.49152664,1.45333659,0.53029847
44.1900,0.50676763,2.82606780,0.56576182,0.49153233,1.45337477,0.53029048
44.2000,0.50676113,2.82609964,0.56578561,0.49153801,1.45341291,0.53028250
44.2100,0.50675463,2.82613144,0.56580939,0.49154369,1.45345102,0.53027452
44.2200,0.50674814,2.82616322,0.56583314,0.49154936,1.45348909,0.53026656
44.2300,0.50674165,2.82619498,0.56585688,0.49155503,1.45352714,0.53025860
44.2400,0.50673517,2.82622670,0.56588061,0.49156069,1.45356515,0.53025064
44.2500,0.50672870,2.82625840,0.56590431,0.49156635,1.45360313,0.53024270
44.2600,0.50672223,2.82629008,0.56592800,0.49157199,1.45364107,0.53023476
44.2700,0.50671577,2.82632172,0.56595168,0.49157764,1.45367899,0.53022683
44.2800,0.50670931,2.82635334,0.56597533,0.49158327,1.45371687,0.53021891
44.2900,0.50670286,2.82638494,0.56599897,0.49158891,1.45375472,0.53021099
44.3000,0.50669641,2.82641651,0.56602260,0.49159453,1.45379254,0.53020308
44.3100,0.50668997,2.82644805,0.56604620,0.49160015,1.45383033,0.53019518
44.3200,0.50668354,2.82647956,0.56606979,0.49160577,1.45386808,0.53018728
44.3300,0.50667711,2.82651105,0.56609336,0.49161138,1.45390580,0.53017940
44.3400,0.50667068,2.82654251,0.56611692,0.49161698,1.45394349,0.53017152
44.3500,0.50666426,2.82657395,0.56614046,0.49162257,1.45398115,0.53016364
44.3600,0.50665785,2.82660536,0.56616398,0.49162817,1.45401877,0.53015578
44.3700,0.50665144,2.82663674,0.56618748,0.49163375,1.45405637,0.53014792
44.3800,0.50664504,2.82666810,0.56621097,0.49163933,1.45409393,0.53014007
44.3900,0.50663865,2.82669943,0.56623445,0.49164491,1.45413146,0.53013222
44.4000,0.50663226,2.82673073,0.56625790,0.49165047,1.45416896,0.53012439
44.4100,0.50662587,2.82676201,0.56628134,0.49165604,1.45420642,0.53011656
44.4200,0.50661949,2.82679326,0.56630476,0.49166159,1.45424385,0.53010873
44.4300,0.50661312,2.82682448,0.56632817,0.49166714,1.45428126,0.53010092
44.4400,0.50660675,2.82685568,0.56635156,0.49167269,1.45431863,0.53009311
44.4500,0.50660039,2.82688686,0.56637493,0.49167823,1.45435596,0.53008531
44.4600,0.50659403,2.82691800,0.56639828,0.49168376,1.45439327,0.53007751
44.4700,0.50658768,2.82694912,0.56642162,0.49168929,1.45443055,0.53006972
44.4800,0.50658133,2.82698022,0.56644494,0.49169482,1.45446779,0.53006194
44.4900,0.50657499,2.82701129,0.56646825,0.49170033,1.45450500,0.53005417
44.5000,0.50656866,2.82704233,0.56649154,0.49170584,1.45454218,0.53004641
44.5100,0.50656233,2.82707335,0.56651481,0.49171135,1.45457933,0.53003865
44.5200,0.50655600,2.82710434,0.56653807,0.49171685,1.45461644,0.53003089
44.5300,0.50654968,2.82713530,0.56656131,0.49172235,1.45465353,0.53002315
44.5400,0.50654337,2.82716624,0.56658453,0.49172783,1.45469058,0.53001541
44.5500,0.50653706,2.82719716,0.56660774,0.49173332,1.45472760,0.53000768
44.5600,0.50653076,2.82722804,0.56663093,0.49173880,1.45476459,0.52999996
44.5700,0.50652446,2.82725890,0.56665410,0.49174427,1.45480155,0.52999224
44.5800,0.50651817,2.82728974,0.56667726,0.49174973,1.45483848,0.52998453
44.5900,0.50651189,2.82732055,0.56670040,0.49175519,1.45487537,0.52997683
44.6000,0.50650561,2.82735133,0.56672352,0.49176065,1.45491224,0.52996913
44.6100,0.50649933,2.82738209,0.56674663,0.49176610,1.45494907,0.52996145
44.6200,0.50649306,2.82741282,0.56676972,0.49177154,1.45498587,0.52995376
44.6300,0.50648680,2.82744353,0.56679279,0.49177698,1.45502264,0.52994609
44.6400,0.50648054,2.82747421,0.56681585,0.49178241,1.45505938,0.52993842
44.6500,0.50647429,2.82750487,0.56683889,0.49178784,1.45509609,0.52993076
44.6600,0.50646804,2.82753549,0.56686192,0.49179326,1.45513276,0.52992311
44.6700,0.50646180,2.82756610,0.56688493,0.49179868,1.45516941,0.52991546
44.6800,0.50645556,2.82759668,0.56690792,0.49180409,1.45520602,0.52990782
44.6900,0.50644933,2.82762723,0.56693090,0.49180950,1.45524260,0.52990019
44.7000,0.50644310,2.82765776,0.56695386,0.49181489,1.45527916,0.52989256
44.7100,0.50643688,2.82768826,0.56697680,0.49182029,1.45531568,0.52988495
44.7200,0.50643067,2.82771873,0.56699973,0.49182568,1.45535216,0.52987733
44.7300,0.50642446,2.82774918,0.56702264,0.49183106,1.45538862,0.52986973
44.7400,0.50641825,2.82777961,0.56704554,0.49183644,1.45542505,0.52986213
44.7500,0.50641205,2.82781001,0.56706841,0.49184181,1.45546145,0.52985454
44.7600,0.50640586,2.82784038,0.56709128,0.49184718,1.45549781,0.52984696
44.7700,0.50639967,2.82787073,0.56711412,0.49185254,1.45553414,0.52983938
44.7800,0.50639349,2.82790106,0.56713695,0.49185789,1.45557045,0.52983181
44.7900,0.50638731,2.82793135,0.56715976,0.49186324,1.45560672,0.52982425
44.8000,0.50638114,2.82796163,0.56718256,0.49186859,1.45564296,0.52981669
44.8100,0.50637497,2.82799187,0.56720534,0.49187393,1.45567917,0.52980914
44.8200,0.50636881,2.82802210,0.56722811,0.49187926,1.45571535,0.52980160
44.8300,0.50636265,2.82805229,0.56725086,0.49188459,1.45575150,0.52979406
44.8400,0.50635650,2.82808246,0.56727359,0.49188991,1.45578762,0.52978654
44.8500,0.50635035,2.82811261,0.56729631,0.49189523,1.45582370,0.52977901
44.8600,0.50634421,2.82814273,0.56731901,0.49190054,1.45585976,0.52977150
44.8700,0.50633808,2.82817283,0.56734169,0.49190584,1.45589578,0.52976399
44.8800,0.50633195,2.82820290,0.56736436,0.49191114,1.45593178,0.52975649
44.8900,0.50632582,2.82823294,0.56738701,0.49191644,1.45596774,0.52974900
44.9000,0.50631971,2.82826297,0.56740964,0.49192173,1.45600368,0.52974151
44.9100,0.50631359,2.82829296,0.56743226,0.49192701,1.45603958,0.52973403
44.9200,0.50630748,2.82832293,0.56745487,0.49193229,1.45607545,0.52972656
44.9300,0.50630138,2.82835288,0.56747745,0.49193757,1.45611129,0.52971909
44.9400,0.50629528,2.82838280,0.56750002,0.49194283,1.45614710,0.52971163
44.9500,0.50628919,2.82841269,0.56752258,0.49194810,1.45618288,0.52970418
44.9600,0.50628310,2.82844256,0.56754512,0.49195335,1.45621863,0.52969673
44.9700,0.50627702,2.82847241,0.56756764,0.49195861,1.45625435,0.52968929
44.9800,0.50627094,2.82850223,0.56759015,0.49196385,1.45629004,0.52968186
44.9900,0.50626487,2.82853202,0.56761264,0.49196909,1.45632570,0.52967443
45.0000,0.50625880,2.82856179,0.56763511,0.49197433,1.45636133,0.52966701
45.0100,0.50625274,2.82859154,0.56765757,0.49197956,1.45639693,0.52965960
45.0200,0.50624669,2.82862126,0.56768002,0.49198478,1.45643250,0.52965219
45.0300,0.50624064,2.82865096,0.56770244,0.49199000,1.45646803,0.52964479
45.0400,0.50623459,2.82868063,0.56772485,0.49199522,1.45650354,0.52963740
45.0500,0.50622855,2.82871027,0.56774725,0.49200043,1.45653902,0.52963002
45.0600,0.50622252,2.82873990,0.56776963,0.49200563,1.45657446,0.52962264
45.0700,0.50621649,2.82876949,0.56779199,0.49201083,1.45660988,0.52961527
45.0800,0.50621046,2.82879907,0.56781434,0.49201602,1.45664526,0.52960790
45.0900,0.50620444,2.82882861,0.56783667,0.49202121,1.45668062,0.52960054
45.1000,0.50619843,2.82885814,0.56785898,0.49202639,1.45671595,0.52959319
45.1100,0.50619242,2.82888763,0.56788128,0.49203157,1.45675124,0.52958585
45.1200,0.50618642,2.82891711,0.56790357,0.49203674,1.45678651,0.52957851
45.1300,0.50618042,2.82894656,0.56792583,0.49204191,1.45682174,0.52957118
45.1400,0.50617443,2.82897598,0.56794809,0.49204707,1.45685695,0.52956385
45.1500,0.50616844,2.82900538,0.56797032,0.49205222,1.45689212,0.52955653
45.1600,0.50616245,2.82903476,0.56799254,0.49205737,1.45692727,0.52954922
45.1700,0.50615648,2.82906411,0.56801475,0.49206252,1.45696238,0.52954192
45.1800,0.50615050,2.82909343,0.56803693,0.49206766,1.45699747,0.52953462
45.1900,0.50614454,2.82912273,0.56805911,0.49207279,1.45703252,0.52952733
45.2000,0.50613857,2.82915201,0.56808126,0.49207792,1.45706755,0.52952004
45.2100,0.50613262,2.82918126,0.56810341,0.49208305,1.45710254,0.52951277
45.2200,0.50612666,2.82921049,0.56812553,0.49208817,1.45713751,0.52950549
45.2300,0.50612072,2.82923970,0.56814764,0.49209328,1.45717244,0.52949823
45.2400,0.50611478,2.82926888,0.56816973,0.49209839,1.45720735,0.52949097
45.2500,0.50610884,2.82929803,0.56819181,0.49210349,1.45724223,0.52948372
45.2600,0.50610291,2.82932716,0.56821387,0.49210859,1.45727707,0.52947648
45.2700,0.50609698,2.82935627,0.56823592,0.49211368,1.45731189,0.52946924
45.2800,0.50609106,2.82938535,0.56825795,0.49211877,1.45734668,0.52946201
45.2900,0.50608514,2.82941441,0.56827997,0.49212385,1.45738143,0.52945478
45.3000,0.50607923,2.82944344,0.56830197,0.49212893,1.45741616,0.52944756
45.3100,0.50607333,2.82947245,0.56832395,0.49213400,1.45745086,0.52944035
45.3200,0.50606743,2.82950144,0.56834592,0.49213907,1.45748553,0.52943315
45.3300,0.50606153,2.82953040,0.56836787,0.49214413,1.45752017,0.52942595
45.3400,0.50605564,2.82955934,0.56838981,0.49214918,1.45755477,0.52941876
45.3500,0.50604976,2.82958825,0.56841173,0.49215423,1.45758935,0.52941157
45.3600,0.50604388,2.82961714,0.56843363,0.49215928,1.45762390,0.52940439
45.3700,0.50603800,2.82964600,0.56845552,0.49216432,1.45765843,0.52939722
45.3800,0.50603213,2.82967484,0.56847740,0.49216936,1.45769292,0.52939005
45.3900,0.50602626,2.82970366,0.56849926,0.49217439,1.45772738,0.52938290
45.4000,0.50602040,2.82973245,0.56852110,0.49217941,1.45776181,0.52937574
45.4100,0.50601455,2.82976122,0.56854293,0.49218443,1.45779621,0.52936860
45.4200,0.50600870,2.82978996,0.56856474,0.49218945,1.45783059,0.52936146
45.4300,0.50600285,2.82981868,0.56858654,0.49219445,1.45786493,0.52935433
45.4400,0.50599701,2.82984738,0.56860832,0.49219946,1.45789925,0.52934720
45.4500,0.50599118,2.82987605,0.56863008,0.49220446,1.45793353,0.52934008
45.4600,0.50598535,2.82990470,0.56865183,0.49220945,1.45796779,0.52933297
45.4700,0.50597953,2.82993333,0.56867357,0.49221444,1.45800201,0.52932586
45.4800,0.50597371,2.82996193,0.56869528,0.49221943,1.45803621,0.52931876
45.4900,0.50596789,2.82999050,0.56871699,0.49222440,1.45807038,0.52931167
45.5000,0.50596208,2.83001906,0.56873868,0.49222938,1.45810452,0.52930458
45.5100,0.50595628,2.83004759,0.56876035,0.49223435,1.45813863,0.52929750
45.5200,0.50595048,2.83007609,0.56878200,0.49223931,1.45817271,0.52929042
45.5300,0.50594468,2.83010457,0.56880365,0.49224427,1.45820676,0.52928336
45.5400,0.50593889,2.83013303,0.56882527,0.49224922,1.45824079,0.52927629
45.5500,0.50593311,2.83016147,0.56884688,0.49225417,1.45827478,0.52926924
45.5600,0.50592733,2.83018988,0.56886848,0.49225911,1.45830875,0.52926219
45.5700,0.50592155,2.83021826,0.56889006,0.49226405,1.45834268,0.52925515
45.5800,0.50591578,2.83024663,0.56891162,0.49226898,1.45837659,0.52924811
45.5900,0.50591002,2.83027497,0.56893317,0.49227391,1.45841047,0.52924108
45.6000,0.50590426,2.83030328,0.56895470,0.49227883,1.45844432,0.52923406
45.6100,0.50589850,2.83033158,0.56897622,0.49228375,1.45847814,0.52922705
45.6200,0.50589275,2.83035985,0.56899773,0.49228867,1.45851193,0.52922004
45.6300,0.50588701,2.83038809,0.56901921,0.49229357,1.45854569,0.52921303
45.6400,0.50588127,2.83041631,0.56904069,0.49229848,1.45857942,0.52920604
45.6500,0.50587553,2.83044451,0.56906214,0.49230337,1.45861313,0.52919905
45.6600,0.50586980,2.83047269,0.56908358,0.49230827,1.45864680,0.52919206
45.6700,0.50586408,2.83050084,0.56910501,0.49231315,1.45868045,0.52918508
45.6800,0.50585836,2.83052896,0.56912642,0.49231804,1.45871407,0.52917811
45.6900,0.50585264,2.83055707,0.56914782,0.49232291,1.45874766,0.52917115
45.7000,0.50584693,2.83058515,0.56916920,0.49232779,1.45878122,0.52916419
45.7100,0.50584123,2.83061321,0.56919056,0.49233265,1.45881475,0.52915724
45.7200,0.50583553,2.83064124,0.56921191,0.49233752,1.45884825,0.52915029
45.7300,0.50582983,2.83066925,0.56923325,0.49234237,1.45888173,0.52914335
45.7400,0.50582414,2.83069724,0.56925457,0.49234723,1.45891518,0.52913642
45.7500,0.50581846,2.83072520,0.56927587,0.49235207,1.45894859,0.52912949
45.7600,0.50581277,2.83075315,0.56929716,0.49235692,1.45898198,0.52912257
45.7700,0.50580710,2.83078106,0.56931843,0.49236175,1.45901534,0.52911566
45.7800,0.50580143,2.83080896,0.56933969,0.49236659,1.45904868,0.52910875
45.7900,0.50579576,2.83083683,0.56936094,0.49237141,1.45908198,0.52910185
45.8000,0.50579010,2.83086468,0.56938217,0.49237624,1.45911525,0.52909496
45.8100,0.50578444,2.83089250,0.56940338,0.49238106,1.45914850,0.52908807
45.8200,0.50577879,2.83092030,0.56942458,0.49238587,1.45918172,0.52908118
45.8300,0.50577315,2.83094808,0.56944576,0.49239068,1.45921491,0.52907431
45.8400,0.50576750,2.83097584,0.56946693,0.49239548,1.45924807,0.52906744
45.8500,0.50576187,2.83100357,0.56948808,0.49240028,1.45928120,0.52906058
45.8600,0.50575623,2.83103128,0.56950922,0.49240507,1.45931431,0.52905372
45.8700,0.50575061,2.83105896,0.56953034,0.49240986,1.45934739,0.52904687
45.8800,0.50574499,2.83108663,0.56955145,0.49241464,1.45938043,0.52904002
45.8900,0.50573937,2.83111427,0.56957254,0.49241942,1.45941345,0.52903318
45.9000,0.50573375,2.83114188,0.56959362,0.49242419,1.45944645,0.52902635
45.9100,0.50572815,2.83116948,0.56961468,0.49242896,1.45947941,0.52901953
45.9200,0.50572254,2.83119705,0.56963573,0.49243373,1.45951235,0.52901271
45.9300,0.50571695,2.83122460,0.56965676,0.49243848,1.45954525,0.52900589
45.9400,0.50571135,2.83125212,0.56967778,0.49244324,1.45957813,0.52899909
45.9500,0.50570576,2.83127963,0.56969878,0.49244799,1.45961098,0.52899229
45.9600,0.50570018,2.83130710,0.56971976,0.49245273,1.45964381,0.52898549
45.9700,0.50569460,2.83133456,0.56974074,0.49245747,1.45967660,0.52897870
45.9800,0.50568903,2.83136200,0.56976169,0.49246220,1.45970937,0.52897192
45.9900,0.50568346,2.83138941,0.56978264,0.49246693,1.45974211,0.52896515
46.0000,0.50567789,2.83141679,0.56980356,0.49247166,1.45977482,0.52895838
46.0100,0.50567233,2.83144416,0.56982448,0.49247638,1.45980750,0.52895161
46.0200,0.50566678,2.83147150,0.56984537,0.49248109,1.45984016,0.52894486
46.0300,0.50566123,2.83149882,0.56986626,0.49248580,1.45987278,0.52893811
46.0400,0.50565568,2.83152612,0.56988712,0.49249051,1.45990538,0.52893136
46.0500,0.50565014,2.83155339,0.56990798,0.49249521,1.45993795,0.52892462
46.0600,0.50564460,2.83158064,0.56992881,0.49249990,1.45997050,0.52891789
46.0700,0.50563907,2.83160787,0.56994964,0.49250460,1.46000301,0.52891116
46.0800,0.50563355,2.83163508,0.56997044,0.49250928,1.46003550,0.52890444
46.0900,0.50562803,2.83166226,0.56999124,0.49251396,1.46006796,0.52889773
46.1000,0.50562251,2.83168942,0.57001202,0.49251864,1.46010039,0.52889102
46.1100,0.50561700,2.83171656,0.57003278,0.49252331,1.46013280,0.52888432
46.1200,0.50561149,2.83174368,0.57005353,0.49252798,1.46016517,0.52887763
46.1300,0.50560599,2.83177077,0.57007426,0.49253264,1.46019752,0.52887094
46.1400,0.50560049,2.83179784,0.57009498,0.49253730,1.46022984,0.52886425
46.1500,0.50559499,2.83182489,0.57011568,0.49254195,1.46026214,0.52885758
46.1600,0.50558951,2.83185192,0.57013637,0.49254660,1.46029440,0.52885091
46.1700,0.50558402,2.83187892,0.57015705,0.49255124,1.46032664,0.52884424
46.1800,0.50557854,2.83190590,0.57017771,0.49255588,1.46035885,0.52883758
46.1900,0.50557307,2.83193286,0.57019835,0.49256051,1.46039103,0.52883093
46.2000,0.50556760,2.83195980,0.57021898,0.49256514,1.46042319,0.52882428
46.2100,0.50556213,2.83198671,0.57023960,0.49256976,1.46045532,0.52881764
46.2200,0.50555667,2.83201360,0.57026020,0.49257438,1.46048742,0.52881101
46.2300,0.50555122,2.83204047,0.57028078,0.49257900,1.46051949,0.52880438
46.2400,0.50554577,2.83206732,0.57030136,0.49258361,1.46055154,0.52879776
46.2500,0.50554032,2.83209414,0.57032191,0.49258821,1.46058356,0.52879114
46.2600,0.50553488,2.83212094,0.57034245,0.49259281,1.46061555,0.52878453
46.2700,0.50552944,2.83214772,0.57036298,0.49259741,1.46064751,0.52877793
46.2800,0.50552401,2.83217448,0.57038349,0.49260200,1.46067945,0.52877133
46.2900,0.50551858,2.83220122,0.57040399,0.49260658,1.46071136,0.52876474
46.3000,0.50551316,2.83222793,0.57042447,0.49261116,1.46074324,0.52875815
46.3100,0.50550774,2.83225462,0.57044494,0.49261574,1.46077509,0.52875158
46.3200,0.50550233,2.83228129,0.57046540,0.49262031,1.46080692,0.52874500
46.3300,0.50549692,2.83230793,0.57048584,0.49262488,1.46083872,0.52873843
46.3400,0.50549152,2.83233456,0.57050626,0.49262944,1.46087049,0.52873187
46.3500,0.50548612,2.83236116,0.57052667,0.49263400,1.46090224,0.52872532
46.3600,0.50548072,2.83238774,0.57054707,0.49263855,1.46093395,0.52871877
46.3700,0.50547533,2.83241430,0.57056745,0.49264310,1.46096565,0.52871223
46.3800,0.50546994,2.83244083,0.57058781,0.49264764,1.46099731,0.52870569
46.3900,0.50546456,2.83246735,0.57060817,0.49265218,1.46102895,0.52869916
46.4000,0.50545919,2.83249384,0.57062850,0.49265672,1.46106056,0.52869263
46.4100,0.50545381,2.83252031,0.57064883,0.49266125,1.46109214,0.52868611
46.4200,0.50544845,2.83254676,0.57066913,0.49266577,1.46112369,0.52867960
46.4300,0.50544309,2.83257318,0.57068943,0.49267029,1.46115522,0.52867309
46.4400,0.50543773,2.83259959,0.57070971,0.49267481,1.46118672,0.52866659
46.4500,0.50543237,2.83262597,0.57072997,0.49267932,1.46121820,0.52866009
46.4600,0.50542702,2.83265233,0.57075022,0.49268383,1.46124965,0.52865361
46.4700,0.50542168,2.83267867,0.57077046,0.49268833,1.46128107,0.52864712
46.4800,0.50541634,2.83270498,0.57079068,0.49269283,1.46131246,0.52864064
46.4900,0.50541101,2.83273128,0.57081088,0.49269732,1.46134383,0.52863417
46.5000,0.50540568,2.83275755,0.57083108,0.49270181,1.46137517,0.52862771
46.5100,0.50540035,2.83278380,0.57085125,0.49270629,1.46140648,0.52862125
46.5200,0.50539503,2.83281003,0.57087142,0.49271077,1.46143777,0.52861479
46.5300,0.50538971,2.83283624,0.57089157,0.49271524,1.46146903,0.52860835
46.5400,0.50538440,2.83286242,0.57091170,0.49271971,1.46150026,0.52860190
46.5500,0.50537909,2.83288859,0.57093182,0.49272418,1.46153147,0.52859547
46.5600,0.50537379,2.83291473,0.57095193,0.49272864,1.46156265,0.52858904
46.5700,0.50536849,2.83294085,0.57097202,0.49273309,1.46159380,0.52858261
46.5800,0.50536320,2.83296695,0.57099209,0.49273754,1.46162492,0.52857620
46.5900,0.50535791,2.83299303,0.57101216,0.49274199,1.46165602,0.52856978
46.6000,0.50535262,2.83301908,0.57103221,0.49274643,1.46168710,0.52856338
46.6100,0.50534734,2.83304512,0.57105224,0.49275087,1.46171814,0.52855698
46.6200,0.50534206,2.83307113,0.57107226,0.49275530,1.46174916,0.52855058
46.6300,0.50533679,2.83309712,0.57109226,0.49275973,1.46178015,0.52854419
46.6400,0.50533153,2.83312309,0.57111226,0.49276416,1.46181112,0.52853781
46.6500,0.50532626,2.83314903,0.57113223,0.49276858,1.46184206,0.52853143
46.6600,0.50532101,2.83317496,0.57115219,0.49277299,1.46187297,0.52852506
46.6700,0.50531575,2.83320086,0.57117214,0.49277740,1.46190386,0.52851870
46.6800,0.50531050,2.83322675,0.57119208,0.49278181,1.46193472,0.52851234
46.6900,0.50530526,2.83325261,0.57121200,0.49278621,1.46196556,0.52850599
46.7000,0.50530002,2.83327845,0.57123190,0.49279060,1.46199636,0.52849964
46.7100,0.50529478,2.83330427,0.57125179,0.49279500,1.46202714,0.52849330
46.7200,0.50528955,2.83333006,0.57127167,0.49279938,1.46205790,0.52848696
46.7300,0.50528433,2.83335584,0.57129153,0.49280377,1.46208863,0.52848063
46.7400,0.50527911,2.83338159,0.57131138,0.49280815,1.46211933,0.52847431
46.7500,0.50527389,2.83340733,0.57133121,0.49281252,1.46215000,0.52846799
46.7600,0.50526867,2.83343304,0.57135103,0.49281689,1.46218065,0.52846167
46.7700,0.50526347,2.83345873,0.57137084,0.49282125,1.46221128,0.52845537
46.7800,0.50525826,2.83348440,0.57139063,0.49282562,1.46224187,0.52844907
46.7900,0.50525306,2.83351005,0.57141041,0.49282997,1.46227244,0.52844277
46.8000,0.50524787,2.83353567,0.57143017,0.49283432,1.46230299,0.52843648
46.8100,0.50524268,2.83356128,0.57144992,0.49283867,1.46233351,0.52843020
46.8200,0.50523749,2.83358686,0.57146965,0.49284301,1.46236400,0.52842392
46.8300,0.50523231,2.83361242,0.57148937,0.49284735,1.46239446,0.52841765
46.8400,0.50522713,2.83363796,0.57150908,0.49285169,1.46242490,0.52841138
46.8500,0.50522196,2.83366348,0.57152877,0.49285602,1.46245532,0.52840512
46.8600,0.50521679,2.83368898,0.57154845,0.49286034,1.46248571,0.52839887
46.8700,0.50521163,2.83371446,0.57156812,0.49286466,1.46251607,0.52839262
46.8800,0.50520647,2.83373992,0.57158777,0.49286898,1.46254640,0.52838637
46.8900,0.50520131,2.83376535,0.57160740,0.49287329,1.46257671,0.52838014
46.9000,0.50519616,2.83379077,0.57162702,0.49287760,1.46260700,0.52837390
46.9100,0.50519101,2.83381616,0.57164663,0.49288190,1.46263725,0.52836768
46.9200,0.50518587,2.83384153,0.57166623,0.49288620,1.46266749,0.52836146
46.9300,0.50518073,2.83386689,0.57168581,0.49289049,1.46269769,0.52835524
46.9400,0.50517560,2.83389222,0.57170537,0.49289478,1.46272787,0.52834903
46.9500,0.50517047,2.83391753,0.57172492,0.49289907,1.46275803,0.52834283
46.9600,0.50516535,2.83394281,0.57174446,0.49290335,1.46278815,0.52833663
46.9700,0.50516023,2.83396808,0.57176399,0.49290762,1.46281826,0.52833044
46.9800,0.50515511,2.83399333,0.57178350,0.49291189,1.46284833,0.52832425
46.9900,0.50515000,2.83401855,0.57180299,0.49291616,1.46287838,0.52831807
47.0000,0.50514489,2.83404376,0.57182247,0.49292042,1.46290841,0.52831190
47.0100,0.50513979,2.83406894,0.57184194,0.49292468,1.46293841,0.52830573
47.0200,0.50513469,2.83409411,0.57186140,0.49292894,1.46296838,0.52829957
47.0300,0.50512960,2.83411925,0.57188084,0.49293319,1.46299833,0.52829341
47.0400,0.50512451,2.83414437,0.57190026,0.49293743,1.46302825,0.52828726
47.0500,0.50511943,2.83416947,0.57191967,0.49294167,1.46305815,0.52828111
47.0600,0.50511434,2.83419455,0.57193907,0.49294591,1.46308802,0.52827497
47.0700,0.50510927,2.83421961,0.57195846,0.49295014,1.46311786,0.52826884
47.0800,0.50510420,2.83424465,0.57197783,0.49295437,1.46314768,0.52826271
47.0900,0.50509913,2.83426966,0.57199718,0.49295860,1.46317748,0.52825658
47.1000,0.50509407,2.83429466,0.57201653,0.49296282,1.46320724,0.52825046
47.1100,0.50508901,2.83431964,0.57203586,0.49296703,1.46323699,0.52824435
47.1200,0.50508395,2.83434459,0.57205517,0.49297124,1.46326670,0.52823825
47.1300,0.50507890,2.83436953,0.57207447,0.49297545,1.46329640,0.52823214
47.1400,0.50507386,2.83439444,0.57209376,0.49297965,1.46332606,0.52822605
47.1500,0.50506881,2.83441933,0.57211303,0.49298385,1.46335570,0.52821996
47.1600,0.50506378,2.83444421,0.57213229,0.49298804,1.46338532,0.52821387
47.1700,0.50505874,2.83446906,0.57215154,0.49299223,1.46341491,0.52820780
47.1800,0.50505371,2.83449389,0.57217077,0.49299642,1.46344447,0.52820172
47.1900,0.50504869,2.83451870,0.57218999,0.49300060,1.46347401,0.52819565
47.2000,0.50504367,2.83454349,0.57220919,0.49300477,1.46350353,0.52818959
47.2100,0.50503865,2.83456826,0.57222838,0.49300895,1.46353301,0.52818354
47.2200,0.50503364,2.83459301,0.57224756,0.49301311,1.46356248,0.52817749
47.2300,0.50502863,2.83461774,0.57226673,0.49301728,1.46359192,0.52817144
47.2400,0.50502363,2.83464245,0.57228587,0.49302144,1.46362133,0.52816540
47.2500,0.50501863,2.83466713,0.57230501,0.49302559,1.46365072,0.52815937
47.2600,0.50501364,2.83469180,0.57232413,0.49302974,1.46368008,0.52815334
47.2700,0.50500865,2.83471645,0.57234324,0.49303389,1.46370942,0.52814732
47.2800,0.50500366,2.83474108,0.57236234,0.49303803,1.46373873,0.52814130
47.2900,0.50499868,2.83476568,0.57238142,0.49304217,1.46376801,0.52813529
47.3000,0.50499370,2.83479027,0.57240048,0.49304630,1.46379728,0.52812928
47.3100,0.50498873,2.83481483,0.57241954,0.49305043,1.46382651,0.52812328
47.3200,0.50498376,2.83483938,0.57243858,0.49305456,1.46385572,0.52811728
47.3300,0.50497880,2.83486390,0.57245760,0.49305868,1.46388491,0.52811129
47.3400,0.50497384,2.83488841,0.57247662,0.49306279,1.46391407,0.52810531
47.3500,0.50496888,2.83491289,0.57249562,0.49306691,1.46394321,0.52809933
47.3600,0.50496393,2.83493736,0.57251460,0.49307101,1.46397232,0.52809336
47.3700,0.50495898,2.83496180,0.57253357,0.49307512,1.46400140,0.52808739
47.3800,0.50495404,2.83498622,0.57255253,0.49307922,1.46403047,0.52808143
47.3900,0.50494910,2.83501063,0.57257148,0.49308331,1.46405950,0.52807547
47.4000,0.50494416,2.83503501,0.57259041,0.49308740,1.46408851,0.52806952
47.4100,0.50493923,2.83505937,0.57260932,0.49309149,1.46411750,0.52806358
47.4200,0.50493430,2.83508371,0.57262823,0.49309557,1.46414646,0.52805764
47.4300,0.50492938,2.83510804,0.57264712,0.49309965,1.46417540,0.52805170
47.4400,0.50492446,2.83513234,0.57266600,0.49310373,1.46420431,0.52804577
47.4500,0.50491955,2.83515662,0.57268486,0.49310780,1.46423320,0.52803985
47.4600,0.50491464,2.83518088,0.57270371,0.49311186,1.46426206,0.52803393
47.4700,0.50490973,2.83520513,0.57272255,0.49311593,1.46429090,0.52802802
47.4800,0.50490483,2.83522935,0.57274137,0.49311998,1.46431971,0.52802211
47.4900,0.50489994,2.83525355,0.57276018,0.49312404,1.46434850,0.52801621
47.5000,0.50489504,2.83527773,0.57277897,0.49312809,1.46437726,0.52801031
47.5100,0.50489015,2.83530189,0.57279775,0.49313213,1.46440600,0.52800442
47.5200,0.50488527,2.83532604,0.57281652,0.49313617,1.46443471,0.52799853
47.5300,0.50488039,2.83535016,0.57283528,0.49314021,1.46446340,0.52799265
47.5400,0.50487551,2.83537426,0.57285402,0.49314424,1.46449207,0.52798678
47.5500,0.50487064,2.83539834,0.57287275,0.49314827,1.46452071,0.52798091
47.5600,0.50486577,2.83542241,0.57289146,0.49315230,1.46454932,0.52797505
47.5700,0.50486091,2.83544645,0.57291017,0.49315632,1.46457791,0.52796919
47.5800,0.50485605,2.83547047,0.57292885,0.49316033,1.46460648,0.52796333
47.5900,0.50485119,2.83549447,0.57294753,0.49316435,1.46463502,0.52795749
47.6000,0.50484634,2.83551846,0.57296619,0.49316835,1.46466354,0.52795164
47.6100,0.50484149,2.83554242,0.57298484,0.49317236,1.46469203,0.52794581
47.6200,0.50483665,2.83556636,0.57300347,0.49317636,1.46472050,0.52793998
47.6300,0.50483181,2.83559028,0.57302209,0.49318035,1.46474894,0.52793415
47.6400,0.50482698,2.83561419,0.57304070,0.49318434,1.46477736,0.52792833
47.6500,0.50482214,2.83563807,0.57305929,0.49318833,1.46480576,0.52792251
47.6600,0.50481732,2.83566194,0.57307788,0.49319232,1.46483413,0.52791670
47.6700,0.50481249,2.83568578,0.57309644,0.49319629,1.46486247,0.52791090
47.6800,0.50480768,2.83570960,0.57311500,0.49320027,1.46489079,0.52790510
47.6900,0.50480286,2.83573341,0.57313354,0.49320424,1.46491909,0.52789931
47.7000,0.50479805,2.83575719,0.57315207,0.49320821,1.46494736,0.52789352
47.7100,0.50479325,2.83578096,0.57317058,0.49321217,1.46497561,0.52788773
47.7200,0.50478844,2.83580471,0.57318908,0.49321613,1.46500384,0.52788196
47.7300,0.50478365,2.83582843,0.57320757,0.49322008,1.46503204,0.52787618
47.7400,0.50477885,2.83585214,0.57322604,0.49322404,1.46506021,0.52787042
47.7500,0.50477406,2.83587583,0.57324451,0.49322798,1.46508836,0.52786465
47.7600,0.50476928,2.83589949,0.57326295,0.49323192,1.46511649,0.52785890
47.7700,0.50476449,2.83592314,0.57328139,0.49323586,1.46514460,0.52785315
47.7800,0.50475972,2.83594677,0.57329981,0.49323980,1.46517267,0.52784740
47.7900,0.50475494,2.83597038,0.57331822,0.49324373,1.46520073,0.52784166
47.8000,0.50475017,2.83599397,0.57333661,0.49324765,1.46522876,0.52783593
47.8100,0.50474541,2.83601754,0.57335500,0.49325158,1.46525677,0.52783020
47.8200,0.50474065,2.83604109,0.57337336,0.49325549,1.46528475,0.52782447
47.8300,0.50473589,2.83606462,0.57339172,0.49325941,1.46531271,0.52781875
47.8400,0.50473114,2.83608813,0.57341006,0.49326332,1.46534064,0.52781304
47.8500,0.50472639,2.83611162,0.57342839,0.49326723,1.46536855,0.52780733
47.8600,0.50472164,2.83613509,0.57344671,0.49327113,1.46539644,0.52780162
47.8700,0.50471690,2.83615855,0.57346501,0.49327503,1.46542430,0.52779593
47.8800,0.50471216,2.83618198,0.57348330,0.49327892,1.46545214,0.52779023
47.8900,0.50470743,2.83620540,0.57350158,0.49328281,1.46547996,0.52778455
47.9000,0.50470270,2.83622879,0.57351984,0.49328670,1.46550775,0.52777886
47.9100,0.50469798,2.83625217,0.57353809,0.49329058,1.46553552,0.52777319
47.9200,0.50469326,2.83627552,0.57355633,0.49329446,1.46556326,0.52776751
47.9300,0.50468854,2.83629886,0.57357455,0.49329833,1.46559098,0.52776185
47.9400,0.50468383,2.83632218,0.57359276,0.49330220,1.46561867,0.52775618
47.9500,0.50467912,2.83634548,0.57361096,0.49330607,1.46564634,0.52775053
47.9600,0.50467441,2.83636876,0.57362915,0.49330993,1.46567399,0.52774488
47.9700,0.50466971,2.83639202,0.57364732,0.49331379,1.46570162,0.52773923
47.9800,0.50466502,2.83641526,0.57366548,0.49331764,1.46572922,0.52773359
47.9900,0.50466032,2.83643848,0.57368362,0.49332149,1.46575679,0.52772796
48.0000,0.50465563,2.83646168,0.57370175,0.49332534,1.46578435,0.52772232
48.0100,0.50465095,2.83648487,0.57371987,0.49332918,1.46581188,0.52771670
48.0200,0.50464627,2.83650803,0.57373798,0.49333302,1.46583938,0.52771108
48.0300,0.50464159,2.83653117,0.57375607,0.49333686,1.46586686,0.52770547
48.0400,0.50463692,2.83655430,0.57377415,0.49334069,1.46589432,0.52769986
48.0500,0.50463225,2.83657741,0.57379222,0.49334451,1.46592176,0.52769425
48.0600,0.50462758,2.83660050,0.57381028,0.49334834,1.46594917,0.52768865
48.0700,0.50462292,2.83662356,0.57382832,0.49335215,1.46597655,0.52768306
48.0800,0.50461827,2.83664661,0.57384635,0.49335597,1.46600392,0.52767747
48.0900,0.50461361,2.83666964,0.57386436,0.49335978,1.46603126,0.52767189
48.1000,0.50460896,2.83669266,0.57388237,0.49336359,1.46605857,0.52766631
48.1100,0.50460432,2.83671565,0.57390036,0.49336739,1.46608587,0.52766073
48.1200,0.50459968,2.83673862,0.57391833,0.49337119,1.46611314,0.52765517
48.1300,0.50459504,2.83676158,0.57393630,0.49337498,1.46614038,0.52764960
48.1400,0.50459041,2.83678451,0.57395425,0.49337878,1.46616761,0.52764405
48.1500,0.50458578,2.83680743,0.57397219,0.49338256,1.46619481,0.52763849
48.1600,0.50458115,2.83683033,0.57399011,0.49338635,1.46622198,0.52763295
48.1700,0.50457653,2.83685321,0.57400802,0.49339013,1.46624914,0.52762740
48.1800,0.50457191,2.83687607,0.57402592,0.49339390,1.46627626,0.52762187
48.1900,0.50456730,2.83689891,0.57404381,0.49339767,1.46630337,0.52761633
48.2000,0.50456269,2.83692173,0.57406168,0.49340144,1.46633045,0.52761081
48.2100,0.50455808,2.83694453,0.57407954,0.49340521,1.46635751,0.52760528
48.2200,0.50455348,2.83696732,0.57409739,0.49340897,1.46638455,0.52759977
48.2300,0.50454889,2.83699009,0.57411523,0.49341272,1.46641156,0.52759426
48.2400,0.50454429,2.83701283,0.57413305,0.49341648,1.46643855,0.52758875
48.2500,0.50453970,2.83703556,0.57415086,0.49342023,1.46646552,0.52758325
48.2600,0.50453512,2.83705827,0.57416866,0.49342397,1.46649246,0.52757775
48.2700,0.50453053,2.83708096,0.57418644,0.49342771,1.46651938,0.52757226
48.2800,0.50452595,2.83710363,0.57420421,0.49343145,1.46654628,0.52756677
48.2900,0.50452138,2.83712629,0.57422197,0.49343518,1.46657315,0.52756129
48.3000,0.50451681,2.83714892,0.57423972,0.49343891,1.46660000,0.52755582
48.3100,0.50451224,2.83717154,0.57425745,0.49344264,1.46662683,0.52755035
48.3200,0.50450768,2.83719414,0.57427517,0.49344636,1.46665363,0.52754488
48.3300,0.50450312,2.83721671,0.57429288,0.49345008,1.46668041,0.52753942
48.3400,0.50449857,2.83723927,0.57431057,0.49345379,1.46670717,0.52753396
48.3500,0.50449401,2.83726182,0.57432825,0.49345750,1.46673391,0.52752851
48.3600,0.50448947,2.83728434,0.57434592,0.49346121,1.46676062,0.52752307
48.3700,0.50448492,2.83730684,0.57436358,0.49346491,1.46678731,0.52751763
48.3800,0.50448038,2.83732933,0.57438122,0.49346861,1.46681397,0.52751219
48.3900,0.50447585,2.83735180,0.57439885,0.49347230,1.46684062,0.52750676
48.4000,0.50447132,2.83737425,0.57441647,0.49347600,1.46686724,0.52750133
48.4100,0.50446679,2.83739668,0.57443408,0.49347968,1.46689384,0.52749591
48.4200,0.50446226,2.83741909,0.57445167,0.49348337,1.46692041,0.52749050
48.4300,0.50445774,2.83744148,0.57446925,0.49348705,1.46694696,0.52748509
48.4400,0.50445323,2.83746386,0.57448682,0.49349072,1.46697349,0.52747968
48.4500,0.50444871,2.83748621,0.57450437,0.49349440,1.46700000,0.52747428
48.4600,0.50444421,2.83750855,0.57452192,0.49349806,1.46702648,0.52746888
48.4700,0.50443970,2.83753087,0.57453945,0.49350173,1.46705294,0.52746349
48.4800,0.50443520,2.83755317,0.57455696,0.49350539,1.46707938,0.52745811
48.4900,0.50443070,2.83757545,0.57457447,0.49350905,1.46710579,0.52745273
48.5000,0.50442621,2.83759772,0.57459196,0.49351270,1.46713218,0.52744735
48.5100,0.50442172,2.83761996,0.57460944,0.49351635,1.46715855,0.52744198
48.5200,0.50441723,2.83764219,0.57462691,0.49352000,1.46718490,0.52743662
48.5300,0.50441275,2.83766440,0.57464436,0.49352364,1.46721122,0.52743126
48.5400,0.50440827,2.83768659,0.57466180,0.49352728,1.46723752,0.52742590
48.5500,0.50440380,2.83770876,0.57467923,0.49353091,1.46726380,0.52742055
48.5600,0.50439933,2.83773092,0.57469665,0.49353454,1.46729006,0.52741520
48.5700,0.50439486,2.83775305,0.57471405,0.49353817,1.46731629,0.52740986
48.5800,0.50439040,2.83777517,0.57473145,0.49354179,1.46734250,0.52740453
48.5900,0.50438594,2.83779727,0.57474883,0.49354541,1.46736869,0.52739919
48.6000,0.50438148,2.83781935,0.57476619,0.49354903,1.46739485,0.52739387
48.6100,0.50437703,2.83784142,0.57478355,0.49355264,1.46742100,0.52738855
48.6200,0.50437258,2.83786346,0.57480089,0.49355625,1.46744712,0.52738323
48.6300,0.50436814,2.83788549,0.57481822,0.49355985,1.46747322,0.52737792
48.6400,0.50436370,2.83790750,0.57483553,0.49356346,1.46749929,0.52737261
48.6500,0.50435926,2.83792949,0.57485284,0.49356705,1.46752534,0.52736731
48.6600,0.50435483,2.83795146,0.57487013,0.49357065,1.46755137,0.52736202
48.6700,0.50435040,2.83797341,0.57488741,0.49357424,1.46757738,0.52735672
48.6800,0.50434598,2.83799535,0.57490468,0.49357782,1.46760337,0.52735144
48.6900,0.50434155,2.83801727,0.57492193,0.49358141,1.46762933,0.52734616
48.7000,0.50433714,2.83803917,0.57493917,0.49358499,1.46765527,0.52734088
48.7100,0.50433272,2.83806105,0.57495640,0.49358856,1.46768119,0.52733561
48.7200,0.50432831,2.83808291,0.57497362,0.49359213,1.46770709,0.52733034
48.7300,0.50432391,2.83810476,0.57499082,0.49359570,1.46773296,0.52732508
48.7400,0.50431950,2.83812659,0.57500802,0.49359927,1.46775881,0.52731982
48.7500,0.50431510,2.83814840,0.57502520,0.49360283,1.46778464,0.52731457
48.7600,0.50431071,2.83817019,0.57504236,0.49360638,1.46781045,0.52730932
48.7700,0.50430632,2.83819197,0.57505952,0.49360994,1.46783623,0.52730408
48.7800,0.50430193,2.83821372,0.57507666,0.49361349,1.46786200,0.52729884
48.7900,0.50429754,2.83823546,0.57509379,0.49361703,1.46788774,0.52729361
48.8000,0.50429316,2.83825718,0.57511091,0.49362057,1.46791345,0.52728838
48.8100,0.50428879,2.83827888,0.57512802,0.49362411,1.46793915,0.52728316
48.8200,0.50428441,2.83830057,0.57514511,0.49362765,1.46796482,0.52727794
48.8300,0.50428004,2.83832223,0.57516219,0.49363118,1.46799048,0.52727272
48.8400,0.50427568,2.83834388,0.57517926,0.49363471,1.46801611,0.52726751
48.8500,0.50427132,2.83836551,0.57519632,0.49363823,1.46804171,0.52726231
48.8600,0.50426696,2.83838713,0.57521336,0.49364175,1.46806730,0.52725711
48.8700,0.50426260,2.83840872,0.57523039,0.49364527,1.46809286,0.52725192
48.8800,0.50425825,2.83843030,0.57524741,0.49364878,1.46811840,0.52724673
48.8900,0.50425391,2.83845186,0.57526442,0.49365229,1.46814392,0.52724154
48.9000,0.50424956,2.83847340,0.57528142,0.49365580,1.46816942,0.52723636
48.9100,0.50424522,2.83849493,0.57529840,0.49365930,1.46819490,0.52723119
48.9200,0.50424089,2.83851643,0.57531537,0.49366280,1.46822035,0.52722602
48.9300,0.50423655,2.83853792,0.57533233,0.49366629,1.46824578,0.52722085
48.9400,0.50423223,2.83855939,0.57534928,0.49366979,1.46827119,0.52721569
48.9500,0.50422790,2.83858085,0.57536621,0.49367327,1.46829658,0.52721053
48.9600,0.50422358,2.83860228,0.57538313,0.49367676,1.46832194,0.52720538
48.9700,0.50421926,2.83862370,0.57540004,0.49368024,1.46834729,0.52720024
48.9800,0.50421495,2.83864510,0.57541694,0.49368372,1.46837261,0.52719510
48.9900,0.50421064,2.83866648,0.57543383,0.49368719,1.46839791,0.52718996
49.0000,0.50420633,2.83868785,0.57545070,0.49369066,1.46842319,0.52718483
49.0100,0.50420203,2.83870920,0.57546756,0.49369413,1.46844845,0.52717970
49.0200,0.50419773,2.83873053,0.57548441,0.49369759,1.46847368,0.52717458
49.0300,0.50419343,2.83875184,0.57550125,0.49370105,1.46849889,0.52716946
49.0400,0.50418914,2.83877314,0.57551807,0.49370451,1.46852408,0.52716435
49.0500,0.50418485,2.83879441,0.57553488,0.49370796,1.46854925,0.52715924
49.0600,0.50418057,2.83881567,0.57555169,0.49371141,1.46857440,0.52715413
49.0700,0.50417629,2.83883692,0.57556847,0.49371485,1.46859953,0.52714904
49.0800,0.50417201,2.83885814,0.57558525,0.49371829,1.46862463,0.52714394
49.0900,0.50416773,2.83887935,0.57560201,0.49372173,1.46864972,0.52713885
49.1000,0.50416346,2.83890054,0.57561877,0.49372517,1.46867478,0.52713377
49.1100,0.50415920,2.83892171,0.57563551,0.49372860,1.46869982,0.52712869
49.1200,0.50415493,2.83894287,0.57565223,0.49373203,1.46872483,0.52712361
49.1300,0.50415067,2.83896401,0.57566895,0.49373545,1.46874983,0.52711854
49.1400,0.50414642,2.83898513,0.57568565,0.49373887,1.46877481,0.52711348
49.1500,0.50414217,2.83900623,0.57570235,0.49374229,1.46879976,0.52710841
49.1600,0.50413792,2.83902731,0.57571903,0.49374570,1.46882469,0.52710336
49.1700,0.50413367,2.83904838,0.57573569,0.49374911,1.46884960,0.52709831
49.1800,0.50412943,2.83906943,0.57575235,0.49375252,1.46887449,0.52709326
49.1900,0.50412519,2.83909047,0.57576899,0.49375592,1.46889936,0.52708822
49.2000,0.50412096,2.83911148,0.57578563,0.49375932,1.46892420,0.52708318
49.2100,0.50411673,2.83913248,0.57580224,0.49376272,1.46894903,0.52707815
49.2200,0.50411250,2.83915347,0.57581885,0.49376611,1.46897383,0.52707312
49.2300,0.50410828,2.83917443,0.57583545,0.49376950,1.46899861,0.52706809
49.2400,0.50410406,2.83919538,0.57585203,0.49377288,1.46902337,0.52706308
49.2500,0.50409984,2.83921631,0.57586860,0.49377626,1.46904811,0.52705806
49.2600,0.50409563,2.83923722,0.57588516,0.49377964,1.46907283,0.52705305
49.2700,0.50409142,2.83925812,0.57590171,0.49378302,1.46909752,0.52704805
49.2800,0.50408721,2.83927900,0.57591825,0.49378639,1.46912220,0.52704305
49.2900,0.50408301,2.83929986,0.57593477,0.49378976,1.46914685,0.52703805
49.3000,0.50407881,2.83932070,0.57595129,0.49379312,1.46917148,0.52703306
49.3100,0.50407462,2.83934153,0.57596779,0.49379648,1.46919610,0.52702807
49.3200,0.50407042,2.83936234,0.57598427,0.49379984,1.46922069,0.52702309
49.3300,0.50406624,2.83938313,0.57600075,0.49380320,1.46924525,0.52701811
49.3400,0.50406205,2.83940391,0.57601722,0.49380655,1.46926980,0.52701314
49.3500,0.50405787,2.83942466,0.57603367,0.49380989,1.46929433,0.52700817
49.3600,0.50405369,2.83944541,0.57605011,0.49381324,1.46931883,0.52700321
49.3700,0.50404952,2.83946613,0.57606654,0.49381658,1.46934332,0.52699825
49.3800,0.50404535,2.83948684,0.57608296,0.49381991,1.46936778,0.52699330
49.3900,0.50404118,2.83950753,0.57609936,0.49382325,1.46939222,0.52698835
49.4000,0.50403702,2.83952820,0.57611575,0.49382658,1.46941664,0.52698340
49.4100,0.50403286,2.83954886,0.57613214,0.49382991,1.46944104,0.52697846
49.4200,0.50402870,2.83956950,0.57614851,0.49383323,1.46946542,0.52697353
49.4300,0.50402455,2.83959012,0.57616486,0.49383655,1.46948978,0.52696860
49.4400,0.50402040,2.83961073,0.57618121,0.49383986,1.46951411,0.52696367
49.4500,0.50401626,2.83963131,0.57619754,0.49384318,1.46953843,0.52695875
49.4600,0.50401211,2.83965189,0.57621387,0.49384649,1.46956272,0.52695383
49.4700,0.50400798,2.83967244,0.57623018,0.49384979,1.46958700,0.52694892
49.4800,0.50400384,2.83969298,0.57624648,0.49385310,1.46961125,0.52694401
49.4900,0.50399971,2.83971350,0.57626277,0.49385640,1.46963548,0.52693911
49.5000,0.50399558,2.83973400,0.57627904,0.49385969,1.46965969,0.52693421
49.5100,0.50399146,2.83975449,0.57629530,0.49386298,1.46968388,0.52692931
49.5200,0.50398733,2.83977496,0.57631156,0.49386627,1.46970805,0.52692442
49.5300,0.50398322,2.83979542,0.57632780,0.49386956,1.46973220,0.52691954
49.5400,0.50397910,2.83981585,0.57634403,0.49387284,1.46975632,0.52691466
49.5500,0.50397499,2.83983627,0.57636024,0.49387612,1.46978043,0.52690978
49.5600,0.50397089,2.83985668,0.57637645,0.49387940,1.46980451,0.52690491
49.5700,0.50396678,2.83987706,0.57639264,0.49388267,1.46982858,0.52690004
49.5800,0.50396268,2.83989743,0.57640882,0.49388594,1.46985262,0.52689518
49.5900,0.50395858,2.83991778,0.57642499,0.49388920,1.46987664,0.52689032
49.6000,0.50395449,2.83993812,0.57644115,0.49389247,1.46990065,0.52688547
49.6100,0.50395040,2.83995844,0.57645730,0.49389572,1.46992463,0.52688062
49.6200,0.50394631,2.83997874,0.57647344,0.49389898,1.46994859,0.52687577
49.6300,0.50394223,2.83999903,0.57648956,0.49390223,1.46997253,0.52687093
49.6400,0.50393815,2.84001930,0.57650567,0.49390548,1.46999645,0.52686610
49.6500,0.50393408,2.84003955,0.57652177,0.49390873,1.47002035,0.52686126
49.6600,0.50393000,2.84005979,0.57653786,0.49391197,1.47004423,0.52685644
49.6700,0.50392593,2.84008001,0.57655394,0.49391521,1.47006808,0.52685162
49.6800,0.50392187,2.84010021,0.57657000,0.49391844,1.47009192,0.52684680
49.6900,0.50391781,2.84012040,0.57658606,0.49392167,1.47011574,0.52684198
49.7000,0.50391375,2.84014057,0.57660210,0.49392490,1.47013953,0.52683718
49.7100,0.50390969,2.84016072,0.57661813,0.49392813,1.47016331,0.52683237
49.7200,0.50390564,2.84018086,0.57663415,0.49393135,1.47018706,0.52682757
49.7300,0.50390159,2.84020098,0.57665016,0.49393457,1.47021080,0.52682278
49.7400,0.50389755,2.84022108,0.57666615,0.49393779,1.47023451,0.52681799
49.7500,0.50389350,2.84024117,0.57668214,0.49394100,1.47025820,0.52681320
49.7600,0.50388947,2.84026124,0.57669811,0.49394421,1.47028187,0.52680842
49.7700,0.50388543,2.84028129,0.57671407,0.49394741,1.47030553,0.52680364
49.7800,0.50388140,2.84030133,0.57673002,0.49395061,1.47032916,0.52679887
49.7900,0.50387737,2.84032135,0.57674596,0.49395381,1.47035277,0.52679410
49.8000,0.50387335,2.84034135,0.57676189,0.49395701,1.47037636,0.52678933
49.8100,0.50386933,2.84036134,0.57677780,0.49396020,1.47039993,0.52678457
49.8200,0.50386531,2.84038131,0.57679371,0.49396339,1.47042348,0.52677982
49.8300,0.50386129,2.84040127,0.57680960,0.49396658,1.47044701,0.52677507
49.8400,0.50385728,2.84042121,0.57682548,0.49396976,1.47047052,0.52677032
49.8500,0.50385327,2.84044113,0.57684135,0.49397294,1.47049401,0.52676558
49.8600,0.50384927,2.84046104,0.57685721,0.49397611,1.47051748,0.52676084
49.8700,0.50384527,2.84048093,0.57687305,0.49397929,1.47054093,0.52675611
49.8800,0.50384127,2.84050080,0.57688889,0.49398246,1.47056435,0.52675138
49.8900,0.50383728,2.84052066,0.57690471,0.49398562,1.47058776,0.52674665
49.9000,0.50383329,2.84054050,0.57692053,0.49398879,1.47061115,0.52674193
49.9100,0.50382930,2.84056032,0.57693633,0.49399194,1.47063452,0.52673722
49.9200,0.50382531,2.84058013,0.57695212,0.49399510,1.47065787,0.52673251
49.9300,0.50382133,2.84059992,0.57696789,0.49399825,1.47068119,0.52672780
49.9400,0.50381736,2.84061970,0.57698366,0.49400140,1.47070450,0.52672310
49.9500,0.50381338,2.84063946,0.57699942,0.49400455,1.47072779,0.52671840
49.9600,0.50380941,2.84065920,0.57701516,0.49400769,1.47075105,0.52671371
49.9700,0.50380544,2.84067893,0.57703089,0.49401083,1.47077430,0.52670902
49.9800,0.50380148,2.84069864,0.57704661,0.49401397,1.47079753,0.52670433
49.9900,0.50379752,2.84071834,0.57706232,0.49401711,1.47082073,0.52669965
50.0000,0.50379356,2.84073802,0.57707802,0.49402024,1.47084392,0.52669497
50.0100,0.50378961,2.84075768,0.57709371,0.49402336,1.47086708,0.52669030
50.0200,0.50378566,2.84077732,0.57710938,0.49402649,1.47089023,0.52668563
50.0300,0.50378171,2.84079696,0.57712505,0.49402961,1.47091336,0.52668097
50.0400,0.50377777,2.84081657,0.57714070,0.49403273,1.47093646,0.52667631
50.0500,0.50377383,2.84083617,0.57715634,0.49403584,1.47095955,0.52667166
50.0600,0.50376989,2.84085575,0.57717197,0.49403895,1.47098262,0.52666701
50.0700,0.50376595,2.84087532,0.57718759,0.49404206,1.47100566,0.52666236
50.0800,0.50376202,2.84089487,0.57720320,0.49404516,1.47102869,0.52665772
50.0900,0.50375810,2.84091440,0.57721880,0.49404827,1.47105170,0.52665308
50.1000,0.50375417,2.84093392,0.57723438,0.49405136,1.47107468,0.52664845
50.1100,0.50375025,2.84095342,0.57724996,0.49405446,1.47109765,0.52664382
50.1200,0.50374633,2.84097290,0.57726552,0.49405755,1.47112060,0.52663920
50.1300,0.50374242,2.84099237,0.57728107,0.49406064,1.47114352,0.52663458
50.1400,0.50373851,2.84101183,0.57729661,0.49406373,1.47116643,0.52662996
50.1500,0.50373460,2.84103127,0.57731214,0.49406681,1.47118932,0.52662535
50.1600,0.50373070,2.84105069,0.57732766,0.49406989,1.47121218,0.52662074
50.1700,0.50372680,2.84107009,0.57734316,0.49407296,1.47123503,0.52661614
50.1800,0.50372290,2.84108948,0.57735866,0.49407604,1.47125786,0.52661154
50.1900,0.50371901,2.84110886,0.57737414,0.49407911,1.47128067,0.52660695
50.2000,0.50371511,2.84112822,0.57738962,0.49408217,1.47130346,0.52660236
50.2100,0.50371123,2.84114756,0.57740508,0.49408524,1.47132623,0.52659777
50.2200,0.50370734,2.84116688,0.57742053,0.49408830,1.47134898,0.52659319
50.2300,0.50370346,2.84118620,0.57743597,0.49409135,1.47137171,0.52658861
50.2400,0.50369958,2.84120549,0.57745140,0.49409441,1.47139442,0.52658404
50.2500,0.50369571,2.84122477,0.57746682,0.49409746,1.47141711,0.52657947
50.2600,0.50369184,2.84124403,0.57748222,0.49410051,1.47143978,0.52657491
50.2700,0.50368797,2.84126328,0.57749762,0.49410355,1.47146243,0.52657035
50.2800,0.50368410,2.84128251,0.57751300,0.49410659,1.47148506,0.52656579
50.2900,0.50368024,2.84130173,0.57752837,0.49410963,1.47150767,0.52656124
50.3000,0.50367638,2.84132093,0.57754373,0.49411267,1.47153026,0.52655669
50.3100,0.50367253,2.84134011,0.57755908,0.49411570,1.47155283,0.52655215
50.3200,0.50366868,2.84135928,0.57757442,0.49411873,1.47157539,0.52654761
50.3300,0.50366483,2.84137843,0.57758975,0.49412175,1.47159792,0.52654308
50.3400,0.50366098,2.84139757,0.57760507,0.49412478,1.47162044,0.52653854
50.3500,0.50365714,2.84141669,0.57762038,0.49412780,1.47164293,0.52653402
50.3600,0.50365330,2.84143580,0.57763567,0.49413081,1.47166541,0.52652950
50.3700,0.50364947,2.84145489,0.57765095,0.49413382,1.47168786,0.52652498
50.3800,0.50364563,2.84147396,0.57766623,0.49413684,1.47171030,0.52652047
50.3900,0.50364181,2.84149302,0.57768149,0.49413984,1.47173271,0.52651596
50.4000,0.50363798,2.84151206,0.57769674,0.49414285,1.47175511,0.52651145
50.4100,0.50363416,2.84153109,0.57771198,0.49414585,1.47177749,0.52650695
50.4200,0.50363034,2.84155010,0.57772721,0.49414885,1.47179985,0.52650245
50.4300,0.50362652,2.84156910,0.57774243,0.49415184,1.47182219,0.52649796
50.4400,0.50362271,2.84158808,0.57775763,0.49415483,1.47184451,0.52649347
50.4500,0.50361890,2.84160705,0.57777283,0.49415782,1.47186681,0.52648899
50.4600,0.50361509,2.84162600,0.57778801,0.49416081,1.47188909,0.52648451
50.4700,0.50361129,2.84164493,0.57780319,0.49416379,1.47191135,0.52648003
50.4800,0.50360749,2.84166385,0.57781835,0.49416677,1.47193359,0.52647556
50.4900,0.50360369,2.84168275,0.57783350,0.49416974,1.47195582,0.52647109
50.5000,0.50359990,2.84170164,0.57784864,0.49417272,1.47197802,0.52646663
50.5100,0.50359611,2.84172051,0.57786377,0.49417569,1.47200021,0.52646217
50.5200,0.50359232,2.84173937,0.57787889,0.49417865,1.47202237,0.52645772
50.5300,0.50358853,2.84175821,0.57789400,0.49418162,1.47204452,0.52645326
50.5400,0.50358475,2.84177703,0.57790910,0.49418458,1.47206665,0.52644882
50.5500,0.50358098,2.84179585,0.57792418,0.49418754,1.47208876,0.52644438
50.5600,0.50357720,2.84181464,0.57793926,0.49419049,1.47211084,0.52643994
50.5700,0.50357343,2.84183342,0.57795432,0.49419344,1.47213291,0.52643550
50.5800,0.50356966,2.84185218,0.57796938,0.49419639,1.47215497,0.52643107
50.5900,0.50356590,2.84187093,0.57798442,0.49419934,1.47217700,0.52642665
50.6000,0.50356213,2.84188967,0.57799945,0.49420228,1.47219901,0.52642223
50.6100,0.50355838,2.84190838,0.57801447,0.49420522,1.47222100,0.52641781
50.6200,0.50355462,2.84192709,0.57802948,0.49420816,1.47224298,0.52641339
50.6300,0.50355087,2.84194577,0.57804448,0.49421109,1.47226493,0.52640898
50.6400,0.50354712,2.84196445,0.57805947,0.49421402,1.47228687,0.52640458
50.6500,0.50354337,2.84198310,0.57807445,0.49421695,1.47230879,0.52640018
50.6600,0.50353963,2.84200174,0.57808941,0.49421987,1.47233069,0.52639578
50.6700,0.50353589,2.84202037,0.57810437,0.49422280,1.47235257,0.52639139
50.6800,0.50353215,2.84203898,0.57811931,0.49422571,1.47237443,0.52638700
50.6900,0.50352842,2.84205758,0.57813425,0.49422863,1.47239627,0.52638261
50.7000,0.50352469,2.84207616,0.57814917,0.49423154,1.47241809,0.52637823
50.7100,0.50352096,2.84209472,0.57816408,0.49423445,1.47243990,0.52637386
50.7200,0.50351724,2.84211327,0.57817898,0.49423736,1.47246168,0.52636948
50.7300,0.50351352,2.84213181,0.57819388,0.49424026,1.47248345,0.52636512
50.7400,0.50350980,2.84215033,0.57820876,0.49424316,1.47250520,0.52636075
50.7500,0.50350608,2.84216883,0.57822362,0.49424606,1.47252692,0.52635639
50.7600,0.50350237,2.84218732,0.57823848,0.49424896,1.47254863,0.52635204
50.7700,0.50349866,2.84220580,0.57825333,0.49425185,1.47257032,0.52634768
50.7800,0.50349496,2.84222425,0.57826817,0.49425474,1.47259200,0.52634334
50.7900,0.50349126,2.84224270,0.57828299,0.49425762,1.47261365,0.52633899
50.8000,0.50348756,2.84226113,0.57829781,0.49426050,1.47263528,0.52633465
50.8100,0.50348386,2.84227954,0.57831261,0.49426338,1.47265690,0.52633032
50.8200,0.50348017,2.84229794,0.57832741,0.49426626,1.47267850,0.52632598
50.8300,0.50347648,2.84231632,0.57834219,0.49426913,1.47270008,0.52632166
50.8400,0.50347279,2.84233469,0.57835697,0.49427200,1.47272164,0.52631733
50.8500,0.50346911,2.84235305,0.57837173,0.49427487,1.47274318,0.52631301
50.8600,0.50346543,2.84237138,0.57838648,0.49427774,1.47276470,0.52630870
50.8700,0.50346175,2.84238971,0.57840122,0.49428060,1.47278620,0.52630438
50.8800,0.50345808,2.84240802,0.57841595,0.49428346,1.47280769,0.52630008
50.8900,0.50345440,2.84242631,0.57843067,0.49428631,1.47282915,0.52629577
50.9000,0.50345074,2.84244459,0.57844538,0.49428917,1.47285060,0.52629147
50.9100,0.50344707,2.84246285,0.57846007,0.49429202,1.47287203,0.52628718
50.9200,0.50344341,2.84248110,0.57847476,0.49429487,1.47289344,0.52628289
50.9300,0.50343975,2.84249933,0.57848944,0.49429771,1.47291483,0.52627860
50.9400,0.50343609,2.84251755,0.57850411,0.49430055,1.47293621,0.52627432
50.9500,0.50343244,2.84253576,0.57851876,0.49430339,1.47295756,0.52627004
50.9600,0.50342879,2.84255394,0.57853341,0.49430622,1.47297890,0.52626576
50.9700,0.50342515,2.84257212,0.57854804,0.49430906,1.47300022,0.52626149
50.9800,0.50342150,2.84259028,0.57856266,0.49431189,1.47302152,0.52625722
50.9900,0.50341786,2.84260842,0.57857728,0.49431471,1.47304280,0.52625296
51.0000,0.50341422,2.84262655,0.57859188,0.49431754,1.47306406,0.52624870
51.0100,0.50341059,2.84264467,0.57860647,0.49432036,1.47308531,0.52624444
51.0200,0.50340696,2.84266276,0.57862105,0.49432318,1.47310653,0.52624019
51.0300,0.50340333,2.84268085,0.57863562,0.49432599,1.47312774,0.52623594
51.0400,0.50339970,2.84269892,0.57865018,0.49432880,1.47314893,0.52623170
51.0500,0.50339608,2.84271697,0.57866473,0.49433161,1.47317010,0.52622746
51.0600,0.50339246,2.84273502,0.57867927,0.49433442,1.47319125,0.52622322
51.0700,0.50338885,2.84275304,0.57869380,0.49433722,1.47321239,0.52621899
51.0800,0.50338523,2.84277105,0.57870832,0.49434002,1.47323350,0.52621477
51.0900,0.50338162,2.84278905,0.57872283,0.49434282,1.47325460,0.52621054
51.1000,0.50337802,2.84280703,0.57873732,0.49434562,1.47327568,0.52620632
51.1100,0.50337441,2.84282500,0.57875181,0.49434841,1.47329674,0.52620211
51.1200,0.50337081,2.84284295,0.57876629,0.49435120,1.47331778,0.52619789
51.1300,0.50336721,2.84286089,0.57878075,0.49435398,1.47333880,0.52619369
51.1400,0.50336362,2.84287881,0.57879521,0.49435677,1.47335981,0.52618948
51.1500,0.50336003,2.84289672,0.57880965,0.49435955,1.47338080,0.52618528
51.1600,0.50335644,2.84291461,0.57882408,0.49436233,1.47340177,0.52618108
51.1700,0.50335285,2.84293249,0.57883851,0.49436510,1.47342272,0.52617689
51.1800,0.50334927,2.84295035,0.57885292,0.49436787,1.47344365,0.52617270
51.1900,0.50334569,2.84296820,0.57886732,0.49437064,1.47346457,0.52616852
51.2000,0.50334211,2.84298604,0.57888172,0.49437341,1.47348547,0.52616434
51.2100,0.50333854,2.84300386,0.57889610,0.49437617,1.47350634,0.52616016
51.2200,0.50333497,2.84302166,0.57891047,0.49437893,1.47352720,0.52615599
51.2300,0.50333140,2.84303945,0.57892483,0.49438169,1.47354805,0.52615182
51.2400,0.50332784,2.84305723,0.57893918,0.49438444,1.47356887,0.52614766
51.2500,0.50332428,2.84307499,0.57895352,0.49438720,1.47358968,0.52614349
51.2600,0.50332072,2.84309274,0.57896785,0.49438994,1.47361047,0.52613934
51.2700,0.50331716,2.84311047,0.57898217,0.49439269,1.47363124,0.52613518
51.2800,0.50331361,2.84312819,0.57899648,0.49439543,1.47365199,0.52613103
51.2900,0.50331006,2.84314590,0.57901078,0.49439817,1.47367272,0.52612689
51.3000,0.50330651,2.84316359,0.57902507,0.49440091,1.47369344,0.52612275
51.3100,0.50330297,2.84318126,0.57903934,0.49440365,1.47371414,0.52611861
51.3200,0.50329943,2.84319892,0.57905361,0.49440638,1.47373482,0.52611448
51.3300,0.50329589,2.84321657,0.57906787,0.49440911,1.47375548,0.52611035
51.3400,0.50329235,2.84323420,0.57908212,0.49441184,1.47377613,0.52610622
51.3500,0.50328882,2.84325182,0.57909635,0.49441456,1.47379675,0.52610210
51.3600,0.50328529,2.84326942,0.57911058,0.49441728,1.47381736,0.52609798
51.3700,0.50328177,2.84328701,0.57912479,0.49442000,1.47383795,0.52609386
51.3800,0.50327824,2.84330458,0.57913900,0.49442271,1.47385853,0.52608975
51.3900,0.50327472,2.84332214,0.57915320,0.49442543,1.47387908,0.52608565
51.4000,0.50327121,2.84333969,0.57916738,0.49442814,1.47389962,0.52608154
51.4100,0.50326769,2.84335722,0.57918156,0.49443084,1.47392014,0.52607744
51.4200,0.50326418,2.84337473,0.57919572,0.49443355,1.47394064,0.52607335
51.4300,0.50326067,2.84339224,0.57920987,0.49443625,1.47396113,0.52606926
51.4400,0.50325717,2.84340972,0.57922402,0.49443895,1.47398159,0.52606517
51.4500,0.50325367,2.84342720,0.57923815,0.49444164,1.47400204,0.52606109
51.4600,0.50325017,2.84344466,0.57925228,0.49444434,1.47402247,0.52605701
51.4700,0.50324667,2.84346210,0.57926639,0.49444703,1.47404288,0.52605293
51.4800,0.50324318,2.84347953,0.57928049,0.49444971,1.47406328,0.52604886
51.4900,0.50323969,2.84349695,0.57929458,0.49445240,1.47408366,0.52604479
51.5000,0.50323620,2.84351435,0.57930867,0.49445508,1.47410402,0.52604072
51.5100,0.50323271,2.84353174,0.57932274,0.49445776,1.47412436,0.52603666
51.5200,0.50322923,2.84354912,0.57933680,0.49446043,1.47414468,0.52603261
51.5300,0.50322575,2.84356647,0.57935085,0.49446311,1.47416499,0.52602855
51.5400,0.50322228,2.84358382,0.57936489,0.49446578,1.47418528,0.52602450
51.5500,0.50321880,2.84360115,0.57937893,0.49446845,1.47420555,0.52602046
51.5600,0.50321533,2.84361847,0.57939295,0.49447111,1.47422581,0.52601642
51.5700,0.50321187,2.84363577,0.57940696,0.49447378,1.47424604,0.52601238
51.5800,0.50320840,2.84365306,0.57942096,0.49447644,1.47426626,0.52600834
51.5900,0.50320494,2.84367034,0.57943495,0.49447909,1.47428646,0.52600431
51.6000,0.50320148,2.84368760,0.57944893,0.49448175,1.47430665,0.52600029
51.6100,0.50319803,2.84370484,0.57946290,0.49448440,1.47432681,0.52599626
51.6200,0.50319457,2.84372208,0.57947686,0.49448705,1.47434696,0.52599224
51.6300,0.50319112,2.84373929,0.57949081,0.49448969,1.47436709,0.52598823
51.6400,0.50318768,2.84375650,0.57950475,0.49449234,1.47438721,0.52598422
51.6500,0.50318423,2.84377369,0.57951868,0.49449498,1.47440730,0.52598021
51.6600,0.50318079,2.84379086,0.57953260,0.49449762,1.47442738,0.52597620
51.6700,0.50317735,2.84380803,0.57954651,0.49450025,1.47444744,0.52597220
51.6800,0.50317392,2.84382517,0.57956041,0.49450288,1.47446749,0.52596821
51.6900,0.50317049,2.84384231,0.57957430,0.49450551,1.47448751,0.52596421
51.7000,0.50316706,2.84385943,0.57958818,0.49450814,1.47450752,0.52596022
51.7100,0.50316363,2.84387654,0.57960205,0.49451076,1.47452752,0.52595624
51.7200,0.50316021,2.84389363,0.57961591,0.49451339,1.47454749,0.52595226
51.7300,0.50315678,2.84391071,0.57962976,0.49451601,1.47456745,0.52594828
51.7400,0.50315337,2.84392777,0.57964360,0.49451862,1.47458739,0.52594430
51.7500,0.50314995,2.84394482,0.57965743,0.49452124,1.47460731,0.52594033
51.7600,0.50314654,2.84396186,0.57967125,0.49452385,1.47462721,0.52593637
51.7700,0.50314313,2.84397888,0.57968506,0.49452645,1.47464710,0.52593240
51.7800,0.50313972,2.84399589,0.57969886,0.49452906,1.47466697,0.52592844
51.7900,0.50313632,2.84401288,0.57971265,0.49453166,1.47468683,0.52592449
51.8000,0.50313292,2.84402986,0.57972642,0.49453426,1.47470666,0.52592054
51.8100,0.50312952,2.84404683,0.57974019,0.49453686,1.47472648,0.52591659
51.8200,0.50312612,2.84406378,0.57975395,0.49453945,1.47474628,0.52591264
51.8300,0.50312273,2.84408072,0.57976770,0.49454205,1.47476607,0.52590870
51.8400,0.50311934,2.84409765,0.57978144,0.49454464,1.47478584,0.52590477
51.8500,0.50311596,2.84411456,0.57979517,0.49454722,1.47480559,0.52590083
51.8600,0.50311257,2.84413146,0.57980889,0.49454981,1.47482532,0.52589690
51.8700,0.50310919,2.84414834,0.57982260,0.49455239,1.47484504,0.52589298
51.8800,0.50310581,2.84416521,0.57983630,0.49455497,1.47486473,0.52588905
51.8900,0.50310244,2.84418207,0.57984999,0.49455754,1.47488442,0.52588513
51.9000,0.50309906,2.84419891,0.57986367,0.49456012,1.47490408,0.52588122
51.9100,0.50309569,2.84421574,0.57987734,0.49456269,1.47492373,0.52587731
51.9200,0.50309233,2.84423255,0.57989100,0.49456526,1.47494336,0.52587340
51.9300,0.50308896,2.84424935,0.57990465,0.49456782,1.47496297,0.52586950
51.9400,0.50308560,2.84426614,0.57991829,0.49457038,1.47498257,0.52586560
51.9500,0.50308224,2.84428292,0.57993192,0.49457294,1.47500215,0.52586170
51.9600,0.50307889,2.84429968,0.57994554,0.49457550,1.47502171,0.52585781
51.9700,0.50307554,2.84431642,0.57995915,0.49457806,1.47504125,0.52585392
51.9800,0.50307219,2.84433315,0.57997275,0.49458061,1.47506078,0.52585003
51.9900,0.50306884,2.84434987,0.57998634,0.49458316,1.47508029,0.52584615
52.0000,0.50306549,2.84436658,0.57999992,0.49458571,1.47509979,0.52584227
52.0100,0.50306215,2.84438327,0.58001349,0.49458825,1.47511927,0.52583839
52.0200,0.50305881,2.84439995,0.58002705,0.49459079,1.47513873,0.52583452
52.0300,0.50305548,2.84441661,0.58004060,0.49459333,1.47515817,0.52583066
52.0400,0.50305214,2.84443326,0.58005414,0.49459587,1.47517760,0.52582679
52.0500,0.50304881,2.84444990,0.58006767,0.49459840,1.47519701,0.52582293
52.0600,0.50304549,2.84446653,0.58008119,0.49460093,1.47521640,0.52581907
52.0700,0.50304216,2.84448314,0.58009470,0.49460346,1.47523578,0.52581522
52.0800,0.50303884,2.84449973,0.58010821,0.49460599,1.47525514,0.52581137
52.0900,0.50303552,2.84451632,0.58012170,0.49460851,1.47527448,0.52580753
52.1000,0.50303220,2.84453289,0.58013518,0.49461103,1.47529380,0.52580368
52.1100,0.50302889,2.84454944,0.58014865,0.49461355,1.47531311,0.52579985
52.1200,0.50302558,2.84456598,0.58016211,0.49461607,1.47533240,0.52579601
52.1300,0.50302227,2.84458251,0.58017557,0.49461858,1.47535168,0.52579218
52.1400,0.50301897,2.84459903,0.58018901,0.49462109,1.47537094,0.52578835
52.1500,0.50301566,2.84461553,0.58020244,0.49462360,1.47539018,0.52578453
52.1600,0.50301236,2.84463202,0.58021587,0.49462610,1.47540940,0.52578071
52.1700,0.50300907,2.84464849,0.58022928,0.49462861,1.47542861,0.52577689
52.1800,0.50300577,2.84466496,0.58024268,0.49463111,1.47544780,0.52577307
52.1900,0.50300248,2.84468140,0.58025608,0.49463360,1.47546698,0.52576927
52.2000,0.50299919,2.84469784,0.58026946,0.49463610,1.47548614,0.52576546
52.2100,0.50299590,2.84471426,0.58028284,0.49463859,1.47550528,0.52576166
52.2200,0.50299262,2.84473067,0.58029620,0.49464108,1.47552440,0.52575786
52.2300,0.50298934,2.84474706,0.58030956,0.49464357,1.47554351,0.52575406
52.2400,0.50298606,2.84476344,0.58032290,0.49464605,1.47556260,0.52575027
52.2500,0.50298279,2.84477981,0.58033624,0.49464853,1.47558168,0.52574648
52.2600,0.50297952,2.84479617,0.58034957,0.49465101,1.47560074,0.52574270
52.2700,0.50297625,2.84481251,0.58036288,0.49465349,1.47561978,0.52573891
52.2800,0.50297298,2.84482883,0.58037619,0.49465596,1.47563881,0.52573514
52.2900,0.50296972,2.84484515,0.58038949,0.49465844,1.47565781,0.52573136
52.3000,0.50296645,2.84486145,0.58040277,0.49466091,1.47567681,0.52572759
52.3100,0.50296320,2.84487774,0.58041605,0.49466337,1.47569578,0.52572382
52.3200,0.50295994,2.84489401,0.58042932,0.49466584,1.47571474,0.52572006
52.3300,0.50295669,2.84491027,0.58044258,0.49466830,1.47573369,0.52571630
52.3400,0.50295344,2.84492652,0.58045583,0.49467076,1.47575261,0.52571254
52.3500,0.50295019,2.84494276,0.58046907,0.49467321,1.47577152,0.52570879
52.3600,0.50294694,2.84495898,0.58048230,0.49467567,1.47579042,0.52570504
52.3700,0.50294370,2.84497519,0.58049552,0.49467812,1.47580929,0.52570129
52.3800,0.50294046,2.84499138,0.58050873,0.49468057,1.47582815,0.52569755
52.3900,0.50293722,2.84500756,0.58052193,0.49468302,1.47584700,0.52569381
52.4000,0.50293399,2.84502373,0.58053512,0.49468546,1.47586582,0.52569008
52.4100,0.50293076,2.84503989,0.58054830,0.49468790,1.47588464,0.52568635
52.4200,0.50292753,2.84505603,0.58056147,0.49469034,1.47590343,0.52568262
52.4300,0.50292430,2.84507216,0.58057464,0.49469278,1.47592221,0.52567889
52.4400,0.50292108,2.84508827,0.58058779,0.49469521,1.47594097,0.52567517
52.4500,0.50291786,2.84510438,0.58060093,0.49469764,1.47595972,0.52567145
52.4600,0.50291464,2.84512047,0.58061407,0.49470007,1.47597845,0.52566774
52.4700,0.50291143,2.84513654,0.58062719,0.49470250,1.47599716,0.52566403
52.4800,0.50290821,2.84515261,0.58064031,0.49470492,1.47601586,0.52566032
52.4900,0.50290500,2.84516866,0.58065341,0.49470734,1.47603454,0.52565662
52.5000,0.50290180,2.84518469,0.58066651,0.49470976,1.47605320,0.52565292
52.5100,0.50289859,2.84520072,0.58067959,0.49471218,1.47607185,0.52564922
52.5200,0.50289539,2.84521673,0.58069267,0.49471459,1.47609049,0.52564553
52.5300,0.50289219,2.84523273,0.58070574,0.49471700,1.47610910,0.52564184
52.5400,0.50288899,2.84524871,0.58071879,0.49471941,1.47612770,0.52563815
52.5500,0.50288580,2.84526468,0.58073184,0.49472182,1.47614628,0.52563447
52.5600,0.50288261,2.84528064,0.58074488,0.49472422,1.47616485,0.52563079
52.5700,0.50287942,2.84529659,0.58075791,0.49472662,1.47618340,0.52562711
52.5800,0.50287623,2.84531252,0.58077093,0.49472902,1.47620194,0.52562344
52.5900,0.50287305,2.84532844,0.58078394,0.49473142,1.47622046,0.52561977
52.6000,0.50286987,2.84534435,0.58079694,0.49473381,1.47623896,0.52561610
52.6100,0.50286669,2.84536024,0.58080993,0.49473620,1.47625745,0.52561244
52.6200,0.50286352,2.84537612,0.58082291,0.49473859,1.47627592,0.52560878
52.6300,0.50286035,2.84539199,0.58083589,0.49474098,1.47629437,0.52560512
52.6400,0.50285718,2.84540785,0.58084885,0.49474336,1.47631281,0.52560147
52.6500,0.50285401,2.84542369,0.58086180,0.49474575,1.47633123,0.52559782
52.6600,0.50285084,2.84543952,0.58087475,0.49474813,1.47634964,0.52559418
52.6700,0.50284768,2.84545533,0.58088768,0.49475050,1.47636803,0.52559054
52.6800,0.50284452,2.84547114,0.58090061,0.49475288,1.47638641,0.52558690
52.6900,0.50284137,2.84548693,0.58091352,0.49475525,1.47640476,0.52558326
52.7000,0.50283821,2.84550270,0.58092643,0.49475762,1.47642311,0.52557963
52.7100,0.50283506,2.84551847,0.58093933,0.49475998,1.47644143,0.52557600
52.7200,0.50283191,2.84553422,0.58095221,0.49476235,1.47645974,0.52557238
52.7300,0.50282877,2.84554996,0.58096509,0.49476471,1.47647804,0.52556876
52.7400,0.50282562,2.84556569,0.58097796,0.49476707,1.47649632,0.52556514
52.7500,0.50282248,2.84558140,0.58099082,0.49476943,1.47651458,0.52556153
52.7600,0.50281934,2.84559710,0.58100367,0.49477178,1.47653283,0.52555791
52.7700,0.50281621,2.84561279,0.58101651,0.49477414,1.47655106,0.52555431
52.7800,0.50281307,2.84562846,0.58102934,0.49477649,1.47656927,0.52555070
52.7900,0.50280994,2.84564413,0.58104217,0.49477883,1.47658747,0.52554710
52.8000,0.50280682,2.84565977,0.58105498,0.49478118,1.47660566,0.52554350
52.8100,0.50280369,2.84567541,0.58106778,0.49478352,1.47662382,0.52553991
52.8200,0.50280057,2.84569104,0.58108058,0.49478586,1.47664197,0.52553632
52.8300,0.50279745,2.84570665,0.58109336,0.49478820,1.47666011,0.52553273
52.8400,0.50279433,2.84572225,0.58110614,0.49479053,1.47667823,0.52552915
52.8500,0.50279122,2.84573783,0.58111890,0.49479287,1.47669634,0.52552557
52.8600,0.50278810,2.84575340,0.58113166,0.49479520,1.47671442,0.52552199
52.8700,0.50278500,2.84576896,0.58114441,0.49479753,1.47673250,0.52551842
52.8800,0.50278189,2.84578451,0.58115715,0.49479985,1.47675055,0.52551485
52.8900,0.50277878,2.84580005,0.58116988,0.49480218,1.47676860,0.52551128
52.9000,0.50277568,2.84581557,0.58118260,0.49480450,1.47678662,0.52550772
52.9100,0.50277258,2.84583108,0.58119531,0.49480681,1.47680463,0.52550416
52.9200,0.50276949,2.84584658,0.58120801,0.49480913,1.47682263,0.52550060
52.9300,0.50276639,2.84586206,0.58122070,0.49481144,1.47684060,0.52549704
52.9400,0.50276330,2.84587753,0.58123338,0.49481376,1.47685857,0.52549349
52.9500,0.50276021,2.84589299,0.58124606,0.49481607,1.47687651,0.52548995
52.9600,0.50275713,2.84590844,0.58125872,0.49481837,1.47689445,0.52548640
52.9700,0.50275404,2.84592387,0.58127138,0.49482068,1.47691236,0.52548286
52.9800,0.50275096,2.84593929,0.58128402,0.49482298,1.47693026,0.52547933
52.9900,0.50274788,2.84595470,0.58129666,0.49482528,1.47694815,0.52547579
53.0000,0.50274481,2.84597010,0.58130929,0.49482757,1.47696602,0.52547226
53.0100,0.50274173,2.84598548,0.58132191,0.49482987,1.47698387,0.52546874
53.0200,0.50273866,2.84600085,0.58133452,0.49483216,1.47700171,0.52546521
53.0300,0.50273560,2.84601621,0.58134712,0.49483445,1.47701953,0.52546169
53.0400,0.50273253,2.84603156,0.58135971,0.49483674,1.47703734,0.52545817
53.0500,0.50272947,2.84604689,0.58137229,0.49483902,1.47705513,0.52545466
53.0600,0.50272641,2.84606221,0.58138486,0.49484131,1.47707291,0.52545115
53.0700,0.50272335,2.84607752,0.58139742,0.49484359,1.47709067,0.52544764
53.0800,0.50272029,2.84609282,0.58140998,0.49484587,1.47710841,0.52544414
53.0900,0.50271724,2.84610810,0.58142252,0.49484814,1.47712614,0.52544064
53.1000,0.50271419,2.84612337,0.58143506,0.49485042,1.47714386,0.52543714
53.1100,0.50271114,2.84613863,0.58144759,0.49485269,1.47716156,0.52543365
53.1200,0.50270810,2.84615388,0.58146010,0.49485496,1.47717924,0.52543016
53.1300,0.50270505,2.84616911,0.58147261,0.49485722,1.47719691,0.52542667
53.1400,0.50270201,2.84618434,0.58148511,0.49485949,1.47721456,0.52542319
53.1500,0.50269898,2.84619954,0.58149760,0.49486175,1.47723220,0.52541970
53.1600,0.50269594,2.84621474,0.58151008,0.49486401,1.47724982,0.52541623
53.1700,0.50269291,2.84622993,0.58152256,0.49486627,1.47726743,0.52541275
53.1800,0.50268988,2.84624510,0.58153502,0.49486852,1.47728502,0.52540928
53.1900,0.50268685,2.84626026,0.58154747,0.49487077,1.47730259,0.52540581
53.2000,0.50268383,2.84627540,0.58155992,0.49487302,1.47732015,0.52540235
53.2100,0.50268080,2.84629054,0.58157236,0.49487527,1.47733770,0.52539889
53.2200,0.50267778,2.84630566,0.58158478,0.49487752,1.47735523,0.52539543
53.2300,0.50267477,2.84632077,0.58159720,0.49487976,1.47737274,0.52539198
53.2400,0.50267175,2.84633587,0.58160961,0.49488200,1.47739024,0.52538853
53.2500,0.50266874,2.84635096,0.58162201,0.49488424,1.47740773,0.52538508
53.2600,0.50266573,2.84636603,0.58163440,0.49488647,1.47742519,0.52538163
53.2700,0.50266272,2.84638109,0.58164678,0.49488871,1.47744265,0.52537819
53.2800,0.50265972,2.84639614,0.58165915,0.49489094,1.47746009,0.52537475
53.2900,0.50265671,2.84641118,0.58167152,0.49489317,1.47747751,0.52537132
53.3000,0.50265372,2.84642620,0.58168387,0.49489540,1.47749492,0.52536789
53.3100,0.50265072,2.84644121,0.58169622,0.49489762,1.47751231,0.52536446
53.3200,0.50264772,2.84645621,0.58170855,0.49489984,1.47752969,0.52536103
53.3300,0.50264473,2.84647120,0.58172088,0.49490206,1.47754705,0.52535761
53.3400,0.50264174,2.84648618,0.58173320,0.49490428,1.47756440,0.52535419
53.3500,0.50263875,2.84650114,0.58174551,0.49490650,1.47758173,0.52535078
53.3600,0.50263577,2.84651609,0.58175781,0.49490871,1.47759905,0.52534736
53.3700,0.50263279,2.84653103,0.58177010,0.49491092,1.47761635,0.52534395
53.3800,0.50262981,2.84654596,0.58178239,0.49491313,1.47763364,0.52534055
53.3900,0.50262683,2.84656087,0.58179466,0.49491534,1.47765091,0.52533714
53.4000,0.50262385,2.84657578,0.58180692,0.49491754,1.47766817,0.52533375
53.4100,0.50262088,2.84659067,0.58181918,0.49491974,1.47768541,0.52533035
53.4200,0.50261791,2.84660554,0.58183143,0.49492194,1.47770264,0.52532696
53.4300,0.50261494,2.84662041,0.58184367,0.49492414,1.47771985,0.52532357
53.4400,0.50261198,2.84663526,0.58185589,0.49492633,1.47773704,0.52532018
53.4500,0.50260902,2.84665011,0.58186812,0.49492853,1.47775423,0.52531680
53.4600,0.50260606,2.84666494,0.58188033,0.49493072,1.47777139,0.52531341
53.4700,0.50260310,2.84667975,0.58189253,0.49493291,1.47778854,0.52531004
53.4800,0.50260014,2.84669456,0.58190472,0.49493509,1.47780568,0.52530666
53.4900,0.50259719,2.84670935,0.58191691,0.49493728,1.47782280,0.52530329
53.5000,0.50259424,2.84672414,0.58192908,0.49493946,1.47783991,0.52529993
53.5100,0.50259129,2.84673891,0.58194125,0.49494164,1.47785700,0.52529656
53.5200,0.50258835,2.84675366,0.58195341,0.49494381,1.47787408,0.52529320
53.5300,0.50258541,2.84676841,0.58196556,0.49494599,1.47789114,0.52528984
53.5400,0.50258247,2.84678314,0.58197770,0.49494816,1.47790819,0.52528649
53.5500,0.50257953,2.84679786,0.58198983,0.49495033,1.47792522,0.52528313
53.5600,0.50257659,2.84681257,0.58200195,0.49495250,1.47794224,0.52527979
53.5700,0.50257366,2.84682727,0.58201407,0.49495466,1.47795924,0.52527644
53.5800,0.50257073,2.84684196,0.58202617,0.49495683,1.47797623,0.52527310
53.5900,0.50256780,2.84685663,0.58203827,0.49495899,1.47799320,0.52526976
53.6000,0.50256488,2.84687129,0.58205035,0.49496115,1.47801016,0.52526642
53.6100,0.50256195,2.84688594,0.58206243,0.49496331,1.47802711,0.52526309
53.6200,0.50255903,2.84690058,0.58207450,0.49496546,1.47804403,0.52525976
53.6300,0.50255611,2.84691521,0.58208656,0.49496761,1.47806095,0.52525643
53.6400,0.50255320,2.84692982,0.58209862,0.49496976,1.47807785,0.52525311
53.6500,0.50255028,2.84694442,0.58211066,0.49497191,1.47809473,0.52524979
53.6600,0.50254737,2.84695901,0.58212269,0.49497406,1.47811160,0.52524647
53.6700,0.50254446,2.84697359,0.58213472,0.49497620,1.47812846,0.52524316
53.6800,0.50254156,2.84698816,0.58214674,0.49497834,1.47814530,0.52523985
53.6900,0.50253865,2.84700271,0.58215874,0.49498048,1.47816212,0.52523654
53.7000,0.50253575,2.84701726,0.58217074,0.49498262,1.47817893,0.52523324
53.7100,0.50253285,2.84703179,0.58218273,0.49498475,1.47819573,0.52522993
53.7200,0.50252996,2.84704631,0.58219472,0.49498688,1.47821251,0.52522664
53.7300,0.50252706,2.84706081,0.58220669,0.49498901,1.47822928,0.52522334
53.7400,0.50252417,2.84707531,0.58221865,0.49499114,1.47824603,0.52522005
53.7500,0.50252128,2.84708979,0.58223061,0.49499327,1.47826277,0.52521676
53.7600,0.50251840,2.84710427,0.58224256,0.49499539,1.47827949,0.52521347
53.7700,0.50251551,2.84711873,0.58225450,0.49499751,1.47829620,0.52521019
53.7800,0.50251263,2.84713318,0.58226643,0.49499963,1.47831290,0.52520691
53.7900,0.50250975,2.84714761,0.58227835,0.49500175,1.47832957,0.52520363
53.8000,0.50250687,2.84716204,0.58229026,0.49500386,1.47834624,0.52520036
53.8100,0.50250400,2.84717645,0.58230216,0.49500598,1.47836289,0.52519709
53.8200,0.50250113,2.84719085,0.58231406,0.49500809,1.47837953,0.52519382
53.8300,0.50249826,2.84720524,0.58232594,0.49501020,1.47839615,0.52519056
53.8400,0.50249539,2.84721962,0.58233782,0.49501230,1.47841275,0.52518730
53.8500,0.50249252,2.84723399,0.58234969,0.49501441,1.47842935,0.52518404
53.8600,0.50248966,2.84724834,0.58236155,0.49501651,1.47844592,0.52518079
53.8700,0.50248680,2.84726268,0.58237340,0.49501861,1.47846249,0.52517753
53.8800,0.50248394,2.84727702,0.58238524,0.49502070,1.47847904,0.52517428
53.8900,0.50248109,2.84729134,0.58239708,0.49502280,1.47849557,0.52517104
53.9000,0.50247823,2.84730564,0.58240890,0.49502489,1.47851209,0.52516780
53.9100,0.50247538,2.84731994,0.58242072,0.49502698,1.47852860,0.52516456
53.9200,0.50247253,2.84733423,0.58243253,0.49502907,1.47854509,0.52516132
53.9300,0.50246969,2.84734850,0.58244433,0.49503116,1.47856156,0.52515809
53.9400,0.50246684,2.84736276,0.58245612,0.49503324,1.47857803,0.52515486
53.9500,0.50246400,2.84737701,0.58246790,0.49503533,1.47859447,0.52515163
53.9600,0.50246116,2.84739125,0.58247968,0.49503741,1.47861091,0.52514840
53.9700,0.50245832,2.84740548,0.58249144,0.49503948,1.47862733,0.52514518
53.9800,0.50245549,2.84741969,0.58250320,0.49504156,1.47864373,0.52514196
53.9900,0.50245266,2.84743390,0.58251495,0.49504363,1.47866012,0.52513875
54.0000,0.50244983,2.84744809,0.58252669,0.49504571,1.47867650,0.52513554
54.0100,0.50244700,2.84746227,0.58253842,0.49504778,1.47869286,0.52513233
54.0200,0.50244418,2.84747644,0.58255014,0.49504984,1.47870921,0.52512912
54.0300,0.50244135,2.84749060,0.58256186,0.49505191,1.47872554,0.52512592
54.0400,0.50243853,2.84750474,0.58257356,0.49505397,1.47874186,0.52512272
54.0500,0.50243572,2.84751888,0.58258526,0.49505603,1.47875817,0.52511952
54.0600,0.50243290,2.84753300,0.58259695,0.49505809,1.47877446,0.52511633
54.0700,0.50243009,2.84754711,0.58260863,0.49506015,1.47879073,0.52511314
54.0800,0.50242728,2.84756121,0.58262030,0.49506220,1.47880700,0.52510995
54.0900,0.50242447,2.84757530,0.58263196,0.49506425,1.47882324,0.52510676
54.1000,0.50242166,2.84758938,0.58264361,0.49506630,1.47883948,0.52510358
54.1100,0.50241886,2.84760344,0.58265526,0.49506835,1.47885570,0.52510040
54.1200,0.50241606,2.84761750,0.58266690,0.49507040,1.47887190,0.52509723
54.1300,0.50241326,2.84763154,0.58267853,0.49507244,1.47888810,0.52509405
54.1400,0.50241046,2.84764557,0.58269015,0.49507448,1.47890427,0.52509088
54.1500,0.50240766,2.84765959,0.58270176,0.49507652,1.47892044,0.52508772
54.1600,0.50240487,2.84767360,0.58271336,0.49507856,1.47893658,0.52508455
54.1700,0.50240208,2.84768760,0.58272496,0.49508060,1.47895272,0.52508139
54.1800,0.50239930,2.84770158,0.58273654,0.49508263,1.47896884,0.52507824
54.1900,0.50239651,2.84771556,0.58274812,0.49508466,1.47898495,0.52507508
54.2000,0.50239373,2.84772952,0.58275969,0.49508669,1.47900104,0.52507193
54.2100,0.50239095,2.84774347,0.58277125,0.49508872,1.47901712,0.52506878
54.2200,0.50238817,2.84775741,0.58278280,0.49509074,1.47903318,0.52506563
54.2300,0.50238539,2.84777134,0.58279435,0.49509277,1.47904923,0.52506249
54.2400,0.50238262,2.84778526,0.58280588,0.49509479,1.47906527,0.52505935
54.2500,0.50237985,2.84779917,0.58281741,0.49509681,1.47908129,0.52505621
54.2600,0.50237708,2.84781306,0.58282893,0.49509882,1.47909730,0.52505308
54.2700,0.50237431,2.84782695,0.58284044,0.49510084,1.47911330,0.52504995
54.2800,0.50237155,2.84784082,0.58285194,0.49510285,1.47912928,0.52504682
54.2900,0.50236878,2.84785468,0.58286343,0.49510486,1.47914524,0.52504370
54.3000,0.50236602,2.84786853,0.58287492,0.49510687,1.47916120,0.52504057
54.3100,0.50236327,2.84788237,0.58288640,0.49510887,1.47917713,0.52503745
54.3200,0.50236051,2.84789620,0.58289787,0.49511088,1.47919306,0.52503434
54.3300,0.50235776,2.84791001,0.58290933,0.49511288,1.47920897,0.52503122
54.3400,0.50235501,2.84792382,0.58292078,0.49511488,1.47922487,0.52502811
54.3500,0.50235226,2.84793761,0.58293222,0.49511688,1.47924075,0.52502501
54.3600,0.50234951,2.84795140,0.58294366,0.49511887,1.47925662,0.52502190
54.3700,0.50234677,2.84796517,0.58295508,0.49512087,1.47927247,0.52501880
54.3800,0.50234403,2.84797893,0.58296650,0.49512286,1.47928832,0.52501570
54.3900,0.50234129,2.84799268,0.58297791,0.49512485,1.47930414,0.52501261
54.4000,0.50233855,2.84800641,0.58298931,0.49512684,1.47931996,0.52500951
54.4100,0.50233582,2.84802014,0.58300071,0.49512882,1.47933576,0.52500642
54.4200,0.50233308,2.84803386,0.58301209,0.49513081,1.47935154,0.52500334
54.4300,0.50233035,2.84804756,0.58302347,0.49513279,1.47936732,0.52500025
54.4400,0.50232763,2.84806126,0.58303484,0.49513477,1.47938307,0.52499717
54.4500,0.50232490,2.84807494,0.58304620,0.49513674,1.47939882,0.52499409
54.4600,0.50232218,2.84808861,0.58305755,0.49513872,1.47941455,0.52499102
54.4700,0.50231946,2.84810227,0.58306889,0.49514069,1.47943027,0.52498795
54.4800,0.50231674,2.84811592,0.58308023,0.49514266,1.47944597,0.52498488
54.4900,0.50231402,2.84812956,0.58309155,0.49514463,1.47946166,0.52498181
54.5000,0.50231131,2.84814318,0.58310287,0.49514660,1.47947734,0.52497875
54.5100,0.50230859,2.84815680,0.58311418,0.49514857,1.47949300,0.52497569
54.5200,0.50230588,2.84817040,0.58312548,0.49515053,1.47950865,0.52497263
54.5300,0.50230318,2.84818400,0.58313678,0.49515249,1.47952428,0.52496957
54.5400,0.50230047,2.84819758,0.58314806,0.49515445,1.47953990,0.52496652
54.5500,0.50229777,2.84821115,0.58315934,0.49515641,1.47955551,0.52496347
54.5600,0.50229507,2.84822471,0.58317061,0.49515836,1.47957111,0.52496043
54.5700,0.50229237,2.84823826,0.58318187,0.49516031,1.47958669,0.52495738
54.5800,0.50228967,2.84825180,0.58319312,0.49516227,1.47960225,0.52495434
54.5900,0.50228698,2.84826533,0.58320437,0.49516421,1.47961781,0.52495130
54.6000,0.50228429,2.84827884,0.58321560,0.49516616,1.47963335,0.52494827
54.6100,0.50228160,2.84829235,0.58322683,0.49516811,1.47964887,0.52494524
54.6200,0.50227891,2.84830584,0.58323805,0.49517005,1.47966439,0.52494221
54.6300,0.50227623,2.84831933,0.58324926,0.49517199,1.47967988,0.52493918
54.6400,0.50227354,2.84833280,0.58326047,0.49517393,1.47969537,0.52493616
54.6500,0.50227086,2.84834626,0.58327166,0.49517587,1.47971084,0.52493314
54.6600,0.50226818,2.84835971,0.58328285,0.49517780,1.47972630,0.52493012
54.6700,0.50226551,2.84837315,0.58329403,0.49517973,1.47974174,0.52492711
54.6800,0.50226283,2.84838658,0.58330520,0.49518166,1.47975718,0.52492410
54.6900,0.50226016,2.84840000,0.58331636,0.49518359,1.47977259,0.52492109
54.7000,0.50225749,2.84841341,0.58332751,0.49518552,1.47978800,0.52491808
54.7100,0.50225482,2.84842680,0.58333866,0.49518745,1.47980339,0.52491508
54.7200,0.50225216,2.84844019,0.58334980,0.49518937,1.47981877,0.52491208
54.7300,0.50224950,2.84845356,0.58336093,0.49519129,1.47983413,0.52490908
54.7400,0.50224684,2.84846693,0.58337205,0.49519321,1.47984948,0.52490609
54.7500,0.50224418,2.84848028,0.58338316,0.49519513,1.47986482,0.52490309
54.7600,0.50224152,2.84849362,0.58339427,0.49519704,1.47988014,0.52490011
54.7700,0.50223887,2.84850695,0.58340537,0.49519895,1.47989545,0.52489712
54.7800,0.50223621,2.84852027,0.58341646,0.49520086,1.47991075,0.52489414
54.7900,0.50223357,2.84853358,0.58342754,0.49520277,1.47992603,0.52489116
54.8000,0.50223092,2.84854688,0.58343861,0.49520468,1.47994130,0.52488818
54.8100,0.50222827,2.84856017,0.58344967,0.49520659,1.47995656,0.52488520
54.8200,0.50222563,2.84857344,0.58346073,0.49520849,1.47997180,0.52488223
54.8300,0.50222299,2.84858671,0.58347178,0.49521039,1.47998703,0.52487926
54.8400,0.50222035,2.84859997,0.58348282,0.49521229,1.48000225,0.52487630
54.8500,0.50221771,2.84861321,0.58349385,0.49521419,1.48001745,0.52487333
54.8600,0.50221508,2.84862644,0.58350488,0.49521608,1.48003264,0.52487037
54.8700,0.50221245,2.84863967,0.58351589,0.49521798,1.48004782,0.52486741
54.8800,0.50220982,2.84865288,0.58352690,0.49521987,1.48006298,0.52486446
54.8900,0.50220719,2.84866608,0.58353790,0.49522176,1.48007813,0.52486151
54.9000,0.50220456,2.84867927,0.58354890,0.49522364,1.48009327,0.52485856
54.9100,0.50220194,2.84869245,0.58355988,0.49522553,1.48010839,0.52485561
54.9200,0.50219932,2.84870562,0.58357086,0.49522741,1.48012350,0.52485267
54.9300,0.50219670,2.84871878,0.58358182,0.49522929,1.48013860,0.52484973
54.9400,0.50219408,2.84873193,0.58359278,0.49523117,1.48015368,0.52484679
54.9500,0.50219147,2.84874507,0.58360374,0.49523305,1.48016876,0.52484385
54.9600,0.50218886,2.84875820,0.58361468,0.49523493,1.48018381,0.52484092
54.9700,0.50218625,2.84877131,0.58362562,0.49523680,1.48019886,0.52483799
54.9800,0.50218364,2.84878442,0.58363654,0.49523867,1.48021389,0.52483506
54.9900,0.50218103,2.84879751,0.58364746,0.49524054,1.48022891,0.52483214
55.0000,0.50217843,2.84881060,0.58365838,0.49524241,1.48024391,0.52482922
55.0100,0.50217583,2.84882367,0.58366928,0.49524428,1.48025890,0.52482630
55.0200,0.50217323,2.84883673,0.58368018,0.49524614,1.48027388,0.52482338
55.0300,0.50217063,2.84884979,0.58369107,0.49524800,1.48028885,0.52482047
55.0400,0.50216803,2.84886283,0.58370195,0.49524986,1.48030380,0.52481756
55.0500,0.50216544,2.84887586,0.58371282,0.49525172,1.48031874,0.52481465
55.0600,0.50216285,2.84888888,0.58372368,0.49525358,1.48033367,0.52481174
55.0700,0.50216026,2.84890189,0.58373454,0.49525543,1.48034858,0.52480884
55.0800,0.50215768,2.84891489,0.58374539,0.49525729,1.48036348,0.52480594
55.0900,0.50215509,2.84892788,0.58375623,0.49525914,1.48037837,0.52480305
55.1000,0.50215251,2.84894086,0.58376706,0.49526099,1.48039324,0.52480015
55.1100,0.50214993,2.84895383,0.58377789,0.49526283,1.48040810,0.52479726
55.1200,0.50214735,2.84896678,0.58378870,0.49526468,1.48042295,0.52479437
55.1300,0.50214477,2.84897973,0.58379951,0.49526652,1.48043779,0.52479149
55.1400,0.50214220,2.84899267,0.58381031,0.49526836,1.48045261,0.52478860
55.1500,0.50213963,2.84900559,0.58382110,0.49527020,1.48046742,0.52478572
55.1600,0.50213706,2.84901851,0.58383189,0.49527204,1.48048222,0.52478285
55.1700,0.50213449,2.84903141,0.58384267,0.49527387,1.48049700,0.52477997
55.1800,0.50213193,2.84904431,0.58385344,0.49527571,1.48051177,0.52477710
55.1900,0.50212936,2.84905719,0.58386420,0.49527754,1.48052653,0.52477423
55.2000,0.50212680,2.84907006,0.58387495,0.49527937,1.48054127,0.52477136
55.2100,0.50212424,2.84908293,0.58388570,0.49528120,1.48055600,0.52476850
55.2200,0.50212169,2.84909578,0.58389644,0.49528302,1.48057072,0.52476564
55.2300,0.50211913,2.84910862,0.58390717,0.49528485,1.48058543,0.52476278
55.2400,0.50211658,2.84912146,0.58391789,0.49528667,1.48060012,0.52475993
55.2500,0.50211403,2.84913428,0.58392860,0.49528849,1.48061480,0.52475707
55.2600,0.50211148,2.84914709,0.58393931,0.49529031,1.48062947,0.52475422
55.2700,0.50210894,2.84915989,0.58395001,0.49529212,1.48064412,0.52475137
55.2800,0.50210639,2.84917268,0.58396070,0.49529394,1.48065876,0.52474853
55.2900,0.50210385,2.84918546,0.58397138,0.49529575,1.48067339,0.52474569
55.3000,0.50210131,2.84919823,0.58398206,0.49529756,1.48068801,0.52474285
55.3100,0.50209877,2.84921099,0.58399272,0.49529937,1.48070261,0.52474001
55.3200,0.50209624,2.84922374,0.58400338,0.49530118,1.48071720,0.52473718
55.3300,0.50209370,2.84923647,0.58401403,0.49530298,1.48073178,0.52473435
55.3400,0.50209117,2.84924920,0.58402468,0.49530479,1.48074634,0.52473152
55.3500,0.50208864,2.84926192,0.58403531,0.49530659,1.48076090,0.52472869
55.3600,0.50208612,2.84927463,0.58404594,0.49530839,1.48077544,0.52472587
55.3700,0.50208359,2.84928733,0.58405656,0.49531019,1.48078996,0.52472305
55.3800,0.50208107,2.84930001,0.58406718,0.49531198,1.48080448,0.52472023
55.3900,0.50207855,2.84931269,0.58407778,0.49531378,1.48081898,0.52471741
55.4000,0.50207603,2.84932536,0.58408838,0.49531557,1.48083347,0.52471460
55.4100,0.50207351,2.84933801,0.58409897,0.49531736,1.48084794,0.52471179
55.4200,0.50207100,2.84935066,0.58410955,0.49531915,1.48086240,0.52470898
55.4300,0.50206849,2.84936329,0.58412012,0.49532093,1.48087685,0.52470618
55.4400,0.50206598,2.84937592,0.58413069,0.49532272,1.48089129,0.52470338
55.4500,0.50206347,2.84938853,0.58414125,0.49532450,1.48090572,0.52470058
55.4600,0.50206096,2.84940114,0.58415180,0.49532628,1.48092013,0.52469778
55.4700,0.50205846,2.84941373,0.58416234,0.49532806,1.48093453,0.52469499
55.4800,0.50205595,2.84942632,0.58417288,0.49532984,1.48094892,0.52469220
55.4900,0.50205345,2.84943889,0.58418341,0.49533162,1.48096329,0.52468941
55.5000,0.50205096,2.84945145,0.58419393,0.49533339,1.48097765,0.52468662
55.5100,0.50204846,2.84946401,0.58420444,0.49533516,1.48099200,0.52468384
55.5200,0.50204597,2.84947655,0.58421494,0.49533693,1.48100634,0.52468106
55.5300,0.50204347,2.84948909,0.58422544,0.49533870,1.48102066,0.52467828
55.5400,0.50204099,2.84950161,0.58423593,0.49534047,1.48103498,0.52467551
55.5500,0.50203850,2.84951412,0.58424641,0.49534223,1.48104928,0.52467273
55.5600,0.50203601,2.84952662,0.58425688,0.49534399,1.48106356,0.52466996
55.5700,0.50203353,2.84953912,0.58426735,0.49534576,1.48107784,0.52466720
55.5800,0.50203105,2.84955160,0.58427781,0.49534751,1.48109210,0.52466443
55.5900,0.50202857,2.84956407,0.58428826,0.49534927,1.48110635,0.52466167
55.6000,0.50202609,2.84957654,0.58429870,0.49535103,1.48112058,0.52465891
55.6100,0.50202362,2.84958899,0.58430914,0.49535278,1.48113481,0.52465615
55.6200,0.50202114,2.84960143,0.58431956,0.49535453,1.48114902,0.52465340
55.6300,0.50201867,2.84961386,0.58432998,0.49535628,1.48116322,0.52465065
55.6400,0.50201620,2.84962628,0.58434040,0.49535803,1.48117741,0.52464790
55.6500,0.50201373,2.84963870,0.58435080,0.49535978,1.48119158,0.52464515
55.6600,0.50201127,2.84965110,0.58436120,0.49536152,1.48120574,0.52464241
55.6700,0.50200881,2.84966349,0.58437159,0.49536327,1.48121989,0.52463967
55.6800,0.50200635,2.84967587,0.58438197,0.49536501,1.48123403,0.52463693
55.6900,0.50200389,2.84968824,0.58439235,0.49536675,1.48124815,0.52463419
55.7000,0.50200143,2.84970061,0.58440271,0.49536848,1.48126227,0.52463146
55.7100,0.50199898,2.84971296,0.58441307,0.49537022,1.48127637,0.52462873
55.7200,0.50199652,2.84972530,0.58442342,0.49537195,1.48129045,0.52462600
55.7300,0.50199407,2.84973763,0.58443377,0.49537369,1.48130453,0.52462328
55.7400,0.50199162,2.84974995,0.58444410,0.49537542,1.48131859,0.52462055
55.7500,0.50198918,2.84976226,0.58445443,0.49537714,1.48133264,0.52461783
55.7600,0.50198673,2.84977457,0.58446475,0.49537887,1.48134668,0.52461511
55.7700,0.50198429,2.84978686,0.58447507,0.49538060,1.48136071,0.52461240
55.7800,0.50198185,2.84979914,0.58448537,0.49538232,1.48137472,0.52460969
55.7900,0.50197941,2.84981141,0.58449567,0.49538404,1.48138872,0.52460698
55.8000,0.50197697,2.84982367,0.58450596,0.49538576,1.48140271,0.52460427
55.8100,0.50197454,2.84983593,0.58451625,0.49538748,1.48141669,0.52460156
55.8200,0.50197211,2.84984817,0.58452652,0.49538919,1.48143065,0.52459886
55.8300,0.50196968,2.84986040,0.58453679,0.49539091,1.48144461,0.52459616
55.8400,0.50196725,2.84987262,0.58454705,0.49539262,1.48145855,0.52459347
55.8500,0.50196482,2.84988483,0.58455731,0.49539433,1.48147247,0.52459077
55.8600,0.50196240,2.84989704,0.58456755,0.49539604,1.48148639,0.52458808
55.8700,0.50195997,2.84990923,0.58457779,0.49539775,1.48150029,0.52458539
55.8800,0.50195755,2.84992141,0.58458802,0.49539945,1.48151418,0.52458270
55.8900,0.50195514,2.84993358,0.58459825,0.49540116,1.48152806,0.52458002
55.9000,0.50195272,2.84994575,0.58460846,0.49540286,1.48154193,0.52457734
55.9100,0.50195030,2.84995790,0.58461867,0.49540456,1.48155579,0.52457466
55.9200,0.50194789,2.84997004,0.58462887,0.49540626,1.48156963,0.52457198
55.9300,0.50194548,2.84998218,0.58463906,0.49540795,1.48158346,0.52456931
55.9400,0.50194307,2.84999430,0.58464925,0.49540965,1.48159728,0.52456664
55.9500,0.50194067,2.85000641,0.58465943,0.49541134,1.48161108,0.52456397
55.9600,0.50193826,2.85001852,0.58466960,0.49541303,1.48162488,0.52456130
55.9700,0.50193586,2.85003061,0.58467976,0.49541472,1.48163866,0.52455864
55.9800,0.50193346,2.85004270,0.58468992,0.49541641,1.48165243,0.52455597
55.9900,0.50193106,2.85005477,0.58470007,0.49541810,1.48166619,0.52455332
56.0000,0.50192866,2.85006684,0.58471021,0.49541978,1.48167993,0.52455066
56.0100,0.50192627,2.85007889,0.58472034,0.49542146,1.48169367,0.52454801
56.0200,0.50192388,2.85009094,0.58473047,0.49542314,1.48170739,0.52454536
56.0300,0.50192149,2.85010297,0.58474059,0.49542482,1.48172110,0.52454271
56.0400,0.50191910,2.85011500,0.58475070,0.49542650,1.48173480,0.52454006
56.0500,0.50191671,2.85012701,0.58476081,0.49542818,1.48174848,0.52453742
56.0600,0.50191433,2.85013902,0.58477090,0.49542985,1.48176216,0.52453478
56.0700,0.50191194,2.85015102,0.58478099,0.49543152,1.48177582,0.52453214
56.0800,0.50190956,2.85016300,0.58479107,0.49543319,1.48178947,0.52452950
56.0900,0.50190718,2.85017498,0.58480115,0.49543486,1.48180311,0.52452687
56.1000,0.50190481,2.85018695,0.58481122,0.49543653,1.48181673,0.52452424
56.1100,0.50190243,2.85019890,0.58482128,0.49543819,1.48183034,0.52452161
56.1200,0.50190006,2.85021085,0.58483133,0.49543986,1.48184395,0.52451898
56.1300,0.50189769,2.85022279,0.58484137,0.49544152,1.48185754,0.52451636
56.1400,0.50189532,2.85023472,0.58485141,0.49544318,1.48187111,0.52451374
56.1500,0.50189295,2.85024664,0.58486144,0.49544484,1.48188468,0.52451112
56.1600,0.50189059,2.85025855,0.58487146,0.49544649,1.48189824,0.52450850
56.1700,0.50188823,2.85027045,0.58488148,0.49544815,1.48191178,0.52450589
56.1800,0.50188587,2.85028234,0.58489149,0.49544980,1.48192531,0.52450328
56.1900,0.50188351,2.85029422,0.58490149,0.49545145,1.48193883,0.52450067
56.2000,0.50188115,2.85030609,0.58491148,0.49545310,1.48195233,0.52449806
56.2100,0.50187879,2.85031795,0.58492147,0.49545475,1.48196583,0.52449546
56.2200,0.50187644,2.85032980,0.58493145,0.49545640,1.48197931,0.52449286
56.2300,0.50187409,2.85034164,0.58494142,0.49545804,1.48199278,0.52449026
56.2400,0.50187174,2.85035347,0.58495138,0.49545968,1.48200624,0.52448766
56.2500,0.50186939,2.85036530,0.58496134,0.49546133,1.48201969,0.52448507
56.2600,0.50186705,2.85037711,0.58497129,0.49546297,1.48203312,0.52448248
56.2700,0.50186470,2.85038891,0.58498123,0.49546460,1.48204655,0.52447989
56.2800,0.50186236,2.85040071,0.58499117,0.49546624,1.48205996,0.52447731
56.2900,0.50186002,2.85041249,0.58500110,0.49546787,1.48207336,0.52447472
56.3000,0.50185768,2.85042427,0.58501102,0.49546951,1.48208675,0.52447214
56.3100,0.50185535,2.85043603,0.58502093,0.49547114,1.48210013,0.52446956
56.3200,0.50185302,2.85044779,0.58503084,0.49547277,1.48211349,0.52446699
56.3300,0.50185068,2.85045953,0.58504073,0.49547439,1.48212685,0.52446441
56.3400,0.50184835,2.85047127,0.58505063,0.49547602,1.48214019,0.52446184
56.3500,0.50184603,2.85048300,0.58506051,0.49547765,1.48215352,0.52445927
56.3600,0.50184370,2.85049472,0.58507039,0.49547927,1.48216684,0.52445670
56.3700,0.50184138,2.85050642,0.58508026,0.49548089,1.48218014,0.52445414
56.3800,0.50183905,2.85051812,0.58509012,0.49548251,1.48219344,0.52445158
56.3900,0.50183673,2.85052981,0.58509997,0.49548413,1.48220672,0.52444902
56.4000,0.50183441,2.85054149,0.58510982,0.49548574,1.48221999,0.52444646
56.4100,0.50183210,2.85055316,0.58511966,0.49548736,1.48223325,0.52444391
56.4200,0.50182978,2.85056482,0.58512950,0.49548897,1.48224650,0.52444136
56.4300,0.50182747,2.85057647,0.58513932,0.49549058,1.48225974,0.52443881
56.4400,0.50182516,2.85058812,0.58514914,0.49549219,1.48227296,0.52443626
56.4500,0.50182285,2.85059975,0.58515895,0.49549380,1.48228617,0.52443372
56.4600,0.50182054,2.85061137,0.58516876,0.49549540,1.48229938,0.52443117
56.4700,0.50181824,2.85062299,0.58517856,0.49549701,1.48231257,0.52442863
56.4800,0.50181594,2.85063459,0.58518835,0.49549861,1.48232575,0.52442610
56.4900,0.50181363,2.85064619,0.58519813,0.49550021,1.48233891,0.52442356
56.5000,0.50181134,2.85065777,0.58520791,0.49550181,1.48235207,0.52442103
56.5100,0.50180904,2.85066935,0.58521767,0.49550341,1.48236521,0.52441850
56.5200,0.50180674,2.85068091,0.58522744,0.49550500,1.48237834,0.52441597
56.5300,0.50180445,2.85069247,0.58523719,0.49550660,1.48239147,0.52441345
56.5400,0.50180216,2.85070402,0.58524694,0.49550819,1.48240457,0.52441092
56.5500,0.50179987,2.85071556,0.58525668,0.49550978,1.48241767,0.52440840
56.5600,0.50179758,2.85072709,0.58526641,0.49551137,1.48243076,0.52440589
56.5700,0.50179529,2.85073861,0.58527614,0.49551296,1.48244383,0.52440337
56.5800,0.50179301,2.85075012,0.58528586,0.49551454,1.48245690,0.52440086
56.5900,0.50179073,2.85076162,0.58529557,0.49551613,1.48246995,0.52439835
56.6000,0.50178845,2.85077311,0.58530527,0.49551771,1.48248299,0.52439584
56.6100,0.50178617,2.85078460,0.58531497,0.49551929,1.48249602,0.52439333
56.6200,0.50178389,2.85079607,0.58532466,0.49552087,1.48250904,0.52439083
56.6300,0.50178162,2.85080753,0.58533434,0.49552245,1.48252204,0.52438833
56.6400,0.50177934,2.85081899,0.58534402,0.49552403,1.48253504,0.52438583
56.6500,0.50177707,2.85083043,0.58535369,0.49552560,1.48254802,0.52438333
56.6600,0.50177480,2.85084187,0.58536335,0.49552717,1.48256099,0.52438084
56.6700,0.50177254,2.85085330,0.58537300,0.49552875,1.48257395,0.52437835
56.6800,0.50177027,2.85086472,0.58538265,0.49553032,1.48258690,0.52437586
56.6900,0.50176801,2.85087612,0.58539229,0.49553188,1.48259984,0.52437337
56.7000,0.50176575,2.85088752,0.58540192,0.49553345,1.48261277,0.52437089
56.7100,0.50176349,2.85089891,0.58541155,0.49553502,1.48262568,0.52436841
56.7200,0.50176123,2.85091030,0.58542117,0.49553658,1.48263858,0.52436593
56.7300,0.50175897,2.85092167,0.58543078,0.49553814,1.48265148,0.52436345
56.7400,0.50175672,2.85093303,0.58544039,0.49553970,1.48266436,0.52436097
56.7500,0.50175447,2.85094438,0.58544999,0.49554126,1.48267723,0.52435850
56.7600,0.50175222,2.85095573,0.58545958,0.49554282,1.48269009,0.52435603
56.7700,0.50174997,2.85096706,0.58546916,0.49554437,1.48270293,0.52435356
56.7800,0.50174772,2.85097839,0.58547874,0.49554592,1.48271577,0.52435110
56.7900,0.50174548,2.85098971,0.58548831,0.49554748,1.48272859,0.52434864
56.8000,0.50174323,2.85100101,0.58549787,0.49554903,1.48274141,0.52434617
56.8100,0.50174099,2.85101231,0.58550743,0.49555057,1.48275421,0.52434372
56.8200,0.50173875,2.85102360,0.58551697,0.49555212,1.48276700,0.52434126
56.8300,0.50173652,2.85103488,0.58552652,0.49555367,1.48277978,0.52433881
56.8400,0.50173428,2.85104615,0.58553605,0.49555521,1.48279255,0.52433636
56.8500,0.50173205,2.85105741,0.58554558,0.49555675,1.48280530,0.52433391
56.8600,0.50172982,2.85106867,0.58555510,0.49555829,1.48281805,0.52433146
56.8700,0.50172759,2.85107991,0.58556461,0.49555983,1.48283078,0.52432902
56.8800,0.50172536,2.85109114,0.58557412,0.49556137,1.48284351,0.52432657
56.8900,0.50172313,2.85110237,0.58558362,0.49556291,1.48285622,0.52432413
56.9000,0.50172091,2.85111359,0.58559311,0.49556444,1.48286892,0.52432170
56.9100,0.50171868,2.85112479,0.58560260,0.49556597,1.48288161,0.52431926
56.9200,0.50171646,2.85113599,0.58561208,0.49556751,1.48289429,0.52431683
56.9300,0.50171424,2.85114718,0.58562155,0.49556904,1.48290696,0.52431440
56.9400,0.50171203,2.85115836,0.58563102,0.49557056,1.48291961,0.52431197
56.9500,0.50170981,2.85116953,0.58564047,0.49557209,1.48293226,0.52430954
56.9600,0.50170760,2.85118069,0.58564992,0.49557361,1.48294489,0.52430712
56.9700,0.50170539,2.85119185,0.58565937,0.49557514,1.48295752,0.52430470
56.9800,0.50170318,2.85120299,0.58566881,0.49557666,1.48297013,0.52430228
56.9900,0.50170097,2.85121413,0.58567824,0.49557818,1.48298273,0.52429987
57.0000,0.50169876,2.85122525,0.58568766,0.49557970,1.48299532,0.52429745
57.0100,0.50169656,2.85123637,0.58569708,0.49558122,1.48300790,0.52429504
57.0200,0.50169436,2.85124748,0.58570649,0.49558273,1.48302047,0.52429263
57.0300,0.50169216,2.85125858,0.58571589,0.49558424,1.48303302,0.52429022
57.0400,0.50168996,2.85126967,0.58572528,0.49558576,1.48304557,0.52428782
57.0500,0.50168776,2.85128075,0.58573467,0.49558727,1.48305810,0.52428542
57.0600,0.50168556,2.85129182,0.58574405,0.49558878,1.48307063,0.52428302
57.0700,0.50168337,2.85130288,0.58575343,0.49559028,1.48308314,0.52428062
57.0800,0.50168118,2.85131394,0.58576280,0.49559179,1.48309564,0.52427822
57.0900,0.50167899,2.85132498,0.58577216,0.49559329,1.48310813,0.52427583
57.1000,0.50167680,2.85133602,0.58578151,0.49559480,1.48312061,0.52427344
57.1100,0.50167462,2.85134704,0.58579086,0.49559630,1.48313308,0.52427105
57.1200,0.50167243,2.85135806,0.58580020,0.49559780,1.48314554,0.52426866
57.1300,0.50167025,2.85136907,0.58580954,0.49559930,1.48315799,0.52426628
57.1400,0.50166807,2.85138007,0.58581886,0.49560079,1.48317042,0.52426390
57.1500,0.50166589,2.85139106,0.58582818,0.49560229,1.48318285,0.52426152
57.1600,0.50166371,2.85140205,0.58583750,0.49560378,1.48319526,0.52425914
57.1700,0.50166154,2.85141302,0.58584680,0.49560527,1.48320766,0.52425676
57.1800,0.50165936,2.85142399,0.58585610,0.49560676,1.48322006,0.52425439
57.1900,0.50165719,2.85143494,0.58586539,0.49560825,1.48323244,0.52425202
57.2000,0.50165502,2.85144589,0.58587468,0.49560974,1.48324481,0.52424965
57.2100,0.50165285,2.85145683,0.58588396,0.49561123,1.48325717,0.52424729
57.2200,0.50165069,2.85146776,0.58589323,0.49561271,1.48326952,0.52424492
57.2300,0.50164852,2.85147868,0.58590250,0.49561419,1.48328185,0.52424256
57.2400,0.50164636,2.85148959,0.58591175,0.49561567,1.48329418,0.52424020
57.2500,0.50164420,2.85150049,0.58592101,0.49561715,1.48330650,0.52423785
57.2600,0.50164204,2.85151139,0.58593025,0.49561863,1.48331880,0.52423549
57.2700,0.50163988,2.85152227,0.58593949,0.49562011,1.48333110,0.52423314
57.2800,0.50163773,2.85153315,0.58594872,0.49562158,1.48334338,0.52423079
57.2900,0.50163557,2.85154402,0.58595795,0.49562306,1.48335565,0.52422844
57.3000,0.50163342,2.85155488,0.58596716,0.49562453,1.48336791,0.52422610
57.3100,0.50163127,2.85156573,0.58597637,0.49562600,1.48338017,0.52422375
57.3200,0.50162912,2.85157657,0.58598558,0.49562747,1.48339241,0.52422141
57.3300,0.50162697,2.85158740,0.58599478,0.49562894,1.48340464,0.52421907
57.3400,0.50162483,2.85159822,0.58600397,0.49563040,1.48341685,0.52421674
57.3500,0.50162269,2.85160904,0.58601315,0.49563187,1.48342906,0.52421440
57.3600,0.50162054,2.85161985,0.58602233,0.49563333,1.48344126,0.52421207
57.3700,0.50161840,2.85163064,0.58603150,0.49563479,1.48345345,0.52420974
57.3800,0.50161627,2.85164143,0.58604066,0.49563625,1.48346562,0.52420741
57.3900,0.50161413,2.85165221,0.58604982,0.49563771,1.48347779,0.52420509
57.4000,0.50161200,2.85166298,0.58605897,0.49563917,1.48348994,0.52420276
57.4100,0.50160986,2.85167375,0.58606811,0.49564062,1.48350209,0.52420044
57.4200,0.50160773,2.85168450,0.58607725,0.49564208,1.48351422,0.52419812
57.4300,0.50160560,2.85169525,0.58608638,0.49564353,1.48352634,0.52419581
57.4400,0.50160348,2.85170598,0.58609550,0.49564498,1.48353845,0.52419349
57.4500,0.50160135,2.85171671,0.58610462,0.49564643,1.48355056,0.52419118
57.4600,0.50159923,2.85172743,0.58611373,0.49564788,1.48356265,0.52418887
57.4700,0.50159710,2.85173814,0.58612283,0.49564932,1.48357473,0.52418656
57.4800,0.50159498,2.85174884,0.58613193,0.49565077,1.48358679,0.52418426
57.4900,0.50159287,2.85175954,0.58614102,0.49565221,1.48359885,0.52418195
57.5000,0.50159075,2.85177022,0.58615010,0.49565365,1.48361090,0.52417965
57.5100,0.50158863,2.85178090,0.58615918,0.49565509,1.48362294,0.52417735
57.5200,0.50158652,2.85179157,0.58616825,0.49565653,1.48363497,0.52417506
57.5300,0.50158441,2.85180223,0.58617731,0.49565797,1.48364698,0.52417276
57.5400,0.50158230,2.85181288,0.58618637,0.49565940,1.48365899,0.52417047
57.5500,0.50158019,2.85182352,0.58619542,0.49566084,1.48367098,0.52416818
57.5600,0.50157808,2.85183415,0.58620446,0.49566227,1.48368297,0.52416589
57.5700,0.50157598,2.85184477,0.58621350,0.49566370,1.48369494,0.52416361
57.5800,0.50157388,2.85185539,0.58622253,0.49566513,1.48370691,0.52416132
57.5900,0.50157178,2.85186600,0.58623155,0.49566656,1.48371886,0.52415904
57.6000,0.50156968,2.85187660,0.58624057,0.49566799,1.48373080,0.52415676
57.6100,0.50156758,2.85188719,0.58624958,0.49566941,1.48374273,0.52415449
57.6200,0.50156548,2.85189777,0.58625858,0.49567084,1.48375465,0.52415221
57.6300,0.50156339,2.85190834,0.58626758,0.49567226,1.48376656,0.52414994
57.6400,0.50156130,2.85191891,0.58627657,0.49567368,1.48377847,0.52414767
57.6500,0.50155920,2.85192946,0.58628555,0.49567510,1.48379036,0.52414540
57.6600,0.50155712,2.85194001,0.58629453,0.49567652,1.48380223,0.52414314
57.6700,0.50155503,2.85195055,0.58630350,0.49567794,1.48381410,0.52414087
57.6800,0.50155294,2.85196108,0.58631246,0.49567935,1.48382596,0.52413861
57.6900,0.50155086,2.85197160,0.58632142,0.49568076,1.48383781,0.52413635
57.7000,0.50154878,2.85198211,0.58633037,0.49568218,1.48384965,0.52413409
57.7100,0.50154670,2.85199262,0.58633931,0.49568359,1.48386148,0.52413184
57.7200,0.50154462,2.85200311,0.58634825,0.49568500,1.48387329,0.52412959
57.7300,0.50154254,2.85201360,0.58635718,0.49568640,1.48388510,0.52412733
57.7400,0.50154046,2.85202408,0.58636610,0.49568781,1.48389690,0.52412509
57.7500,0.50153839,2.85203455,0.58637502,0.49568922,1.48390868,0.52412284
57.7600,0.50153632,2.85204501,0.58638393,0.49569062,1.48392046,0.52412060
57.7700,0.50153425,2.85205547,0.58639284,0.49569202,1.48393222,0.52411835
57.7800,0.50153218,2.85206591,0.58640173,0.49569342,1.48394398,0.52411611
57.7900,0.50153011,2.85207635,0.58641063,0.49569482,1.48395572,0.52411388
57.8000,0.50152805,2.85208678,0.58641951,0.49569622,1.48396745,0.52411164
57.8100,0.50152599,2.85209720,0.58642839,0.49569762,1.48397918,0.52410941
57.8200,0.50152392,2.85210761,0.58643726,0.49569901,1.48399089,0.52410718
57.8300,0.50152186,2.85211802,0.58644612,0.49570040,1.48400259,0.52410495
57.8400,0.50151981,2.85212841,0.58645498,0.49570179,1.48401429,0.52410272
57.8500,0.50151775,2.85213880,0.58646384,0.49570319,1.48402597,0.52410049
57.8600,0.50151569,2.85214918,0.58647268,0.49570457,1.48403764,0.52409827
57.8700,0.50151364,2.85215955,0.58648152,0.49570596,1.48404930,0.52409605
57.8800,0.50151159,2.85216991,0.58649035,0.49570735,1.48406095,0.52409383
57.8900,0.50150954,2.85218026,0.58649918,0.49570873,1.48407260,0.52409162
57.9000,0.50150749,2.85219060,0.58650800,0.49571012,1.48408423,0.52408940
57.9100,0.50150544,2.85220094,0.58651681,0.49571150,1.48409585,0.52408719
57.9200,0.50150340,2.85221127,0.58652562,0.49571288,1.48410746,0.52408498
57.9300,0.50150136,2.85222159,0.58653442,0.49571426,1.48411906,0.52408277
57.9400,0.50149932,2.85223190,0.58654321,0.49571563,1.48413065,0.52408057
57.9500,0.50149728,2.85224220,0.58655200,0.49571701,1.48414223,0.52407836
57.9600,0.50149524,2.85225250,0.58656078,0.49571839,1.48415380,0.52407616
57.9700,0.50149320,2.85226278,0.58656955,0.49571976,1.48416536,0.52407396
57.9800,0.50149117,2.85227306,0.58657832,0.49572113,1.48417691,0.52407176
57.9900,0.50148913,2.85228333,0.58658708,0.49572250,1.48418845,0.52406957
58.0000,0.50148710,2.85229359,0.58659584,0.49572387,1.48419997,0.52406738
58.0100,0.50148507,2.85230385,0.58660459,0.49572524,1.48421149,0.52406518
58.0200,0.50148305,2.85231409,0.58661333,0.49572660,1.48422300,0.52406300
58.0300,0.50148102,2.85232433,0.58662206,0.49572797,1.48423450,0.52406081
58.0400,0.50147899,2.85233456,0.58663079,0.49572933,1.48424599,0.52405862
58.0500,0.50147697,2.85234478,0.58663952,0.49573069,1.48425747,0.52405644
58.0600,0.50147495,2.85235499,0.58664823,0.49573205,1.48426894,0.52405426
58.0700,0.50147293,2.85236519,0.58665694,0.49573341,1.48428039,0.52405208
58.0800,0.50147091,2.85237539,0.58666564,0.49573477,1.48429184,0.52404991
58.0900,0.50146890,2.85238557,0.58667434,0.49573613,1.48430328,0.52404773
58.1000,0.50146688,2.85239575,0.58668303,0.49573748,1.48431471,0.52404556
58.1100,0.50146487,2.85240592,0.58669172,0.49573883,1.48432613,0.52404339
58.1200,0.50146286,2.85241608,0.58670039,0.49574019,1.48433753,0.52404122
58.1300,0.50146085,2.85242624,0.58670907,0.49574154,1.48434893,0.52403906
58.1400,0.50145884,2.85243638,0.58671773,0.49574289,1.48436032,0.52403689
58.1500,0.50145683,2.85244652,0.58672639,0.49574423,1.48437170,0.52403473
58.1600,0.50145483,2.85245665,0.58673504,0.49574558,1.48438306,0.52403257
58.1700,0.50145283,2.85246677,0.58674369,0.49574693,1.48439442,0.52403041
58.1800,0.50145082,2.85247689,0.58675233,0.49574827,1.48440577,0.52402826
58.1900,0.50144883,2.85248699,0.58676096,0.49574961,1.48441711,0.52402611
58.2000,0.50144683,2.85249709,0.58676959,0.49575095,1.48442843,0.52402395
58.2100,0.50144483,2.85250718,0.58677821,0.49575229,1.48443975,0.52402181
58.2200,0.50144284,2.85251726,0.58678682,0.49575363,1.48445106,0.52401966
58.2300,0.50144084,2.85252733,0.58679543,0.49575497,1.48446236,0.52401751
58.2400,0.50143885,2.85253739,0.58680403,0.49575630,1.48447364,0.52401537
58.2500,0.50143686,2.85254745,0.58681263,0.49575764,1.48448492,0.52401323
58.2600,0.50143487,2.85255750,0.58682121,0.49575897,1.48449619,0.52401109
58.2700,0.50143289,2.85256754,0.58682980,0.49576030,1.48450745,0.52400895
58.2800,0.50143090,2.85257757,0.58683837,0.49576163,1.48451869,0.52400682
58.2900,0.50142892,2.85258759,0.58684694,0.49576296,1.48452993,0.52400469
58.3000,0.50142694,2.85259761,0.58685551,0.49576428,1.48454116,0.52400256
58.3100,0.50142496,2.85260762,0.58686406,0.49576561,1.48455238,0.52400043
58.3200,0.50142298,2.85261762,0.58687261,0.49576693,1.48456359,0.52399830
58.3300,0.50142100,2.85262761,0.58688116,0.49576826,1.48457479,0.52399618
58.3400,0.50141903,2.85263759,0.58688970,0.49576958,1.48458597,0.52399405
58.3500,0.50141705,2.85264757,0.58689823,0.49577090,1.48459715,0.52399193
58.3600,0.50141508,2.85265753,0.58690675,0.49577222,1.48460832,0.52398982
58.3700,0.50141311,2.85266749,0.58691527,0.49577353,1.48461948,0.52398770
58.3800,0.50141114,2.85267744,0.58692379,0.49577485,1.48463063,0.52398558
58.3900,0.50140918,2.85268739,0.58693229,0.49577617,1.48464177,0.52398347
58.4000,0.50140721,2.85269732,0.58694079,0.49577748,1.48465290,0.52398136
58.4100,0.50140525,2.85270725,0.58694929,0.49577879,1.48466402,0.52397925
58.4200,0.50140328,2.85271717,0.58695778,0.49578010,1.48467513,0.52397715
58.4300,0.50140132,2.85272708,0.58696626,0.49578141,1.48468623,0.52397504
58.4400,0.50139936,2.85273698,0.58697473,0.49578272,1.48469732,0.52397294
58.4500,0.50139741,2.85274688,0.58698320,0.49578402,1.48470840,0.52397084
58.4600,0.50139545,2.85275676,0.58699166,0.49578533,1.48471947,0.52396874
58.4700,0.50139350,2.85276664,0.58700012,0.49578663,1.48473053,0.52396665
58.4800,0.50139155,2.85277651,0.58700857,0.49578794,1.48474158,0.52396455
58.4900,0.50138959,2.85278638,0.58701702,0.49578924,1.48475262,0.52396246
58.5000,0.50138765,2.85279623,0.58702545,0.49579054,1.48476366,0.52396037
58.5100,0.50138570,2.85280608,0.58703389,0.49579184,1.48477468,0.52395828
58.5200,0.50138375,2.85281592,0.58704231,0.49579313,1.48478569,0.52395620
58.5300,0.50138181,2.85282575,0.58705073,0.49579443,1.48479669,0.52395411
58.5400,0.50137986,2.85283557,0.58705914,0.49579572,1.48480768,0.52395203
58.5500,0.50137792,2.85284539,0.58706755,0.49579702,1.48481867,0.52394995
58.5600,0.50137598,2.85285520,0.58707595,0.49579831,1.48482964,0.52394787
58.5700,0.50137405,2.85286499,0.58708435,0.49579960,1.48484061,0.52394580
58.5800,0.50137211,2.85287479,0.58709274,0.49580089,1.48485156,0.52394372
58.5900,0.50137017,2.85288457,0.58710112,0.49580217,1.48486250,0.52394165
58.6000,0.50136824,2.85289435,0.58710949,0.49580346,1.48487344,0.52393958
58.6100,0.50136631,2.85290411,0.58711786,0.49580474,1.48488436,0.52393751
58.6200,0.50136438,2.85291387,0.58712623,0.49580603,1.48489528,0.52393545
58.6300,0.50136245,2.85292363,0.58713459,0.49580731,1.48490619,0.52393339
58.6400,0.50136052,2.85293337,0.58714294,0.49580859,1.48491708,0.52393132
58.6500,0.50135860,2.85294311,0.58715128,0.49580987,1.48492797,0.52392926
58.6600,0.50135667,2.85295284,0.58715962,0.49581115,1.48493885,0.52392721
58.6700,0.50135475,2.85296256,0.58716795,0.49581243,1.48494971,0.52392515
58.6800,0.50135283,2.85297227,0.58717628,0.49581370,1.48496057,0.52392310
58.6900,0.50135091,2.85298197,0.58718460,0.49581498,1.48497142,0.52392104
58.7000,0.50134900,2.85299167,0.58719292,0.49581625,1.48498226,0.52391899
58.7100,0.50134708,2.85300136,0.58720122,0.49581752,1.48499309,0.52391695
58.7200,0.50134517,2.85301104,0.58720953,0.49581879,1.48500391,0.52391490
58.7300,0.50134325,2.85302072,0.58721782,0.49582006,1.48501472,0.52391286
58.7400,0.50134134,2.85303038,0.58722611,0.49582133,1.48502552,0.52391081
58.7500,0.50133943,2.85304004,0.58723440,0.49582259,1.48503631,0.52390877
58.7600,0.50133752,2.85304969,0.58724267,0.49582386,1.48504709,0.52390673
58.7700,0.50133562,2.85305933,0.58725095,0.49582512,1.48505786,0.52390470
58.7800,0.50133371,2.85306897,0.58725921,0.49582639,1.48506862,0.52390266
58.7900,0.50133181,2.85307859,0.58726747,0.49582765,1.48507938,0.52390063
58.8000,0.50132991,2.85308821,0.58727572,0.49582891,1.48509012,0.52389860
58.8100,0.50132801,2.85309782,0.58728397,0.49583017,1.48510086,0.52389657
58.8200,0.50132611,2.85310743,0.58729221,0.49583142,1.48511158,0.52389455
58.8300,0.50132421,2.85311702,0.58730045,0.49583268,1.48512230,0.52389252
58.8400,0.50132232,2.85312661,0.58730868,0.49583393,1.48513300,0.52389050
58.8500,0.50132042,2.85313619,0.58731690,0.49583519,1.48514370,0.52388848
58.8600,0.50131853,2.85314576,0.58732512,0.49583644,1.48515438,0.52388646
58.8700,0.50131664,2.85315533,0.58733333,0.49583769,1.48516506,0.52388444
58.8800,0.50131475,2.85316489,0.58734153,0.49583894,1.48517573,0.52388243
58.8900,0.50131286,2.85317444,0.58734973,0.49584019,1.48518639,0.52388042
58.9000,0.50131098,2.85318398,0.58735792,0.49584143,1.48519704,0.52387841
58.9100,0.50130909,2.85319351,0.58736611,0.49584268,1.48520768,0.52387640
58.9200,0.50130721,2.85320304,0.58737429,0.49584392,1.48521831,0.52387439
58.9300,0.50130533,2.85321256,0.58738247,0.49584517,1.48522893,0.52387239
58.9400,0.50130345,2.85322207,0.58739063,0.49584641,1.48523954,0.52387038
58.9500,0.50130157,2.85323157,0.58739880,0.49584765,1.48525014,0.52386838
58.9600,0.50129969,2.85324107,0.58740695,0.49584889,1.48526073,0.52386638
58.9700,0.50129782,2.85325056,0.58741510,0.49585013,1.48527132,0.52386438
58.9800,0.50129595,2.85326004,0.58742325,0.49585136,1.48528189,0.52386239
58.9900,0.50129407,2.85326951,0.58743139,0.49585260,1.48529246,0.52386040
59.0000,0.50129220,2.85327897,0.58743952,0.49585383,1.48530301,0.52385840
59.0100,0.50129033,2.85328843,0.58744765,0.49585506,1.48531356,0.52385641
59.0200,0.50128847,2.85329788,0.58745577,0.49585630,1.48532410,0.52385443
59.0300,0.50128660,2.85330732,0.58746388,0.49585753,1.48533462,0.52385244
59.0400,0.50128474,2.85331676,0.58747199,0.49585875,1.48534514,0.52385046
59.0500,0.50128287,2.85332618,0.58748009,0.49585998,1.48535565,0.52384848
59.0600,0.50128101,2.85333560,0.58748819,0.49586121,1.48536615,0.52384650
59.0700,0.50127915,2.85334502,0.58749628,0.49586243,1.48537664,0.52384452
59.0800,0.50127729,2.85335442,0.58750436,0.49586366,1.48538712,0.52384254
59.0900,0.50127544,2.85336382,0.58751244,0.49586488,1.48539759,0.52384057
59.1000,0.50127358,2.85337321,0.58752051,0.49586610,1.48540806,0.52383860
59.1100,0.50127173,2.85338259,0.58752858,0.49586732,1.48541851,0.52383662
59.1200,0.50126988,2.85339196,0.58753664,0.49586854,1.48542895,0.52383466
59.1300,0.50126802,2.85340133,0.58754470,0.49586976,1.48543939,0.52383269
59.1400,0.50126618,2.85341069,0.58755275,0.49587097,1.48544981,0.52383072
59.1500,0.50126433,2.85342004,0.58756079,0.49587219,1.48546023,0.52382876
59.1600,0.50126248,2.85342938,0.58756883,0.49587340,1.48547064,0.52382680
59.1700,0.50126064,2.85343872,0.58757686,0.49587461,1.48548104,0.52382484
59.1800,0.50125879,2.85344804,0.58758488,0.49587583,1.48549143,0.52382288
59.1900,0.50125695,2.85345737,0.58759290,0.49587704,1.48550181,0.52382093
59.2000,0.50125511,2.85346668,0.58760091,0.49587824,1.48551218,0.52381898
59.2100,0.50125327,2.85347599,0.58760892,0.49587945,1.48552254,0.52381702
59.2200,0.50125144,2.85348528,0.58761692,0.49588066,1.48553289,0.52381508
59.2300,0.50124960,2.85349457,0.58762492,0.49588186,1.48554323,0.52381313
59.2400,0.50124777,2.85350386,0.58763291,0.49588307,1.48555357,0.52381118
59.2500,0.50124593,2.85351313,0.58764089,0.49588427,1.48556389,0.52380924
59.2600,0.50124410,2.85352240,0.58764887,0.49588547,1.48557421,0.52380730
59.2700,0.50124227,2.85353166,0.58765684,0.49588667,1.48558451,0.52380536
59.2800,0.50124045,2.85354092,0.58766481,0.49588787,1.48559481,0.52380342
59.2900,0.50123862,2.85355016,0.58767277,0.49588907,1.48560510,0.52380148
59.3000,0.50123679,2.85355940,0.58768072,0.49589026,1.48561538,0.52379955
59.3100,0.50123497,2.85356863,0.58768867,0.49589146,1.48562565,0.52379761
59.3200,0.50123315,2.85357786,0.58769661,0.49589265,1.48563591,0.52379568
59.3300,0.50123133,2.85358707,0.58770455,0.49589384,1.48564616,0.52379375
59.3400,0.50122951,2.85359628,0.58771248,0.49589503,1.48565641,0.52379183
59.3500,0.50122769,2.85360548,0.58772041,0.49589622,1.48566664,0.52378990
59.3600,0.50122588,2.85361468,0.58772832,0.49589741,1.48567687,0.52378798
59.3700,0.50122406,2.85362386,0.58773624,0.49589860,1.48568708,0.52378606
59.3800,0.50122225,2.85363304,0.58774415,0.49589979,1.48569729,0.52378414
59.3900,0.50122044,2.85364221,0.58775205,0.49590097,1.48570749,0.52378222
59.4000,0.50121863,2.85365138,0.58775994,0.49590215,1.48571768,0.52378030
59.4100,0.50121682,2.85366054,0.58776783,0.49590334,1.48572786,0.52377839
59.4200,0.50121501,2.85366969,0.58777572,0.49590452,1.48573803,0.52377648
59.4300,0.50121321,2.85367883,0.58778359,0.49590570,1.48574819,0.52377457
59.4400,0.50121140,2.85368796,0.58779147,0.49590688,1.48575834,0.52377266
59.4500,0.50120960,2.85369709,0.58779933,0.49590805,1.48576849,0.52377075
59.4600,0.50120780,2.85370621,0.58780719,0.49590923,1.48577862,0.52376885
59.4700,0.50120600,2.85371532,0.58781505,0.49591041,1.48578875,0.52376694
59.4800,0.50120420,2.85372443,0.58782290,0.49591158,1.48579886,0.52376504
59.4900,0.50120240,2.85373353,0.58783074,0.49591275,1.48580897,0.52376314
59.5000,0.50120061,2.85374262,0.58783858,0.49591392,1.48581907,0.52376125
59.5100,0.50119881,2.85375170,0.58784641,0.49591509,1.48582916,0.52375935
59.5200,0.50119702,2.85376078,0.58785424,0.49591626,1.48583924,0.52375746
59.5300,0.50119523,2.85376985,0.58786206,0.49591743,1.48584932,0.52375556
59.5400,0.50119344,2.85377891,0.58786987,0.49591860,1.48585938,0.52375367
59.5500,0.50119165,2.85378796,0.58787768,0.49591976,1.48586943,0.52375179
59.5600,0.50118987,2.85379701,0.58788548,0.49592093,1.48587948,0.52374990
59.5700,0.50118808,2.85380605,0.58789328,0.49592209,1.48588952,0.52374802
59.5800,0.50118630,2.85381508,0.58790107,0.49592325,1.48589955,0.52374613
59.5900,0.50118452,2.85382410,0.58790886,0.49592441,1.48590957,0.52374425
59.6000,0.50118274,2.85383312,0.58791664,0.49592557,1.48591958,0.52374237
59.6100,0.50118096,2.85384213,0.58792441,0.49592673,1.48592958,0.52374050
59.6200,0.50117918,2.85385114,0.58793218,0.49592789,1.48593957,0.52373862
59.6300,0.50117740,2.85386013,0.58793994,0.49592904,1.48594955,0.52373675
59.6400,0.50117563,2.85386912,0.58794770,0.49593020,1.48595953,0.52373487
59.6500,0.50117386,2.85387810,0.58795545,0.49593135,1.48596950,0.52373300
59.6600,0.50117209,2.85388708,0.58796320,0.49593250,1.48597945,0.52373114
59.6700,0.50117032,2.85389604,0.58797094,0.49593365,1.48598940,0.52372927
59.6800,0.50116855,2.85390500,0.58797867,0.49593480,1.48599934,0.52372740
59.6900,0.50116678,2.85391395,0.58798640,0.49593595,1.48600927,0.52372554
59.7000,0.50116501,2.85392290,0.58799412,0.49593710,1.48601919,0.52372368
59.7100,0.50116325,2.85393184,0.58800184,0.49593825,1.48602911,0.52372182
59.7200,0.50116149,2.85394077,0.58800955,0.49593939,1.48603901,0.52371996
59.7300,0.50115972,2.85394969,0.58801726,0.49594054,1.48604891,0.52371811
59.7400,0.50115796,2.85395861,0.58802496,0.49594168,1.48605880,0.52371625
59.7500,0.50115621,2.85396752,0.58803265,0.49594282,1.48606867,0.52371440
59.7600,0.50115445,2.85397642,0.58804034,0.49594396,1.48607854,0.52371255
59.7700,0.50115269,2.85398531,0.58804802,0.49594510,1.48608841,0.52371070
59.7800,0.50115094,2.85399420,0.58805570,0.49594624,1.48609826,0.52370886
59.7900,0.50114918,2.85400308,0.58806337,0.49594737,1.48610810,0.52370701
59.8000,0.50114743,2.85401196,0.58807103,0.49594851,1.48611794,0.52370517
59.8100,0.50114568,2.85402082,0.58807869,0.49594964,1.48612776,0.52370333
59.8200,0.50114393,2.85402968,0.58808635,0.49595078,1.48613758,0.52370149
59.8300,0.50114219,2.85403853,0.58809400,0.49595191,1.48614739,0.52369965
59.8400,0.50114044,2.85404738,0.58810164,0.49595304,1.48615719,0.52369781
59.8500,0.50113870,2.85405622,0.58810928,0.49595417,1.48616698,0.52369598
59.8600,0.50113695,2.85406505,0.58811691,0.49595530,1.48617676,0.52369415
59.8700,0.50113521,2.85407387,0.58812454,0.49595643,1.48618654,0.52369232
59.8800,0.50113347,2.85408269,0.58813216,0.49595755,1.48619630,0.52369049
59.8900,0.50113173,2.85409149,0.58813977,0.49595868,1.48620606,0.52368866
59.9000,0.50113000,2.85410030,0.58814738,0.49595980,1.48621581,0.52368684
59.9100,0.50112826,2.85410909,0.58815498,0.49596092,1.48622555,0.52368501
59.9200,0.50112653,2.85411788,0.58816258,0.49596204,1.48623528,0.52368319
59.9300,0.50112479,2.85412666,0.58817017,0.49596316,1.48624500,0.52368137
59.9400,0.50112306,2.85413543,0.58817776,0.49596428,1.48625472,0.52367955
59.9500,0.50112133,2.85414420,0.58818534,0.49596540,1.48626442,0.52367774
59.9600,0.50111960,2.85415296,0.58819292,0.49596652,1.48627412,0.52367592
59.9700,0.50111788,2.85416171,0.58820049,0.49596763,1.48628381,0.52367411
59.9800,0.50111615,2.85417046,0.58820805,0.49596875,1.48629349,0.52367230
59.9900,0.50111443,2.85417920,0.58821561,0.49596986,1.48630316,0.52367049
60.0000,0.50111270,2.85418793,0.58822316,0.49597097,1.48631282,0.52366868
60.0100,0.50111098,2.85419665,0.58823071,0.49597209,1.48632247,0.52366687
60.0200,0.50110926,2.85420537,0.58823825,0.49597320,1.48633212,0.52366507
60.0300,0.50110754,2.85421408,0.58824579,0.49597430,1.48634175,0.52366327
60.0400,0.50110583,2.85422278,0.58825332,0.49597541,1.48635138,0.52366147
60.0500,0.50110411,2.85423148,0.58826085,0.49597652,1.48636100,0.52365967
60.0600,0.50110240,2.85424017,0.58826837,0.49597762,1.48637061,0.52365787
60.0700,0.50110068,2.85424885,0.58827588,0.49597873,1.48638022,0.52365608
60.0800,0.50109897,2.85425753,0.58828339,0.49597983,1.48638981,0.52365428
60.0900,0.50109726,2.85426619,0.58829089,0.49598093,1.48639940,0.52365249
60.1000,0.50109555,2.85427486,0.58829839,0.49598203,1.48640897,0.52365070
60.1100,0.50109385,2.85428351,0.58830588,0.49598313,1.48641854,0.52364891
60.1200,0.50109214,2.85429216,0.58831337,0.49598423,1.48642810,0.52364712
60.1300,0.50109044,2.85430080,0.58832085,0.49598533,1.48643766,0.52364534
60.1400,0.50108873,2.85430943,0.58832832,0.49598642,1.48644720,0.52364356
60.1500,0.50108703,2.85431806,0.58833579,0.49598752,1.48645673,0.52364178
60.1600,0.50108533,2.85432668,0.58834326,0.49598861,1.48646626,0.52364000
60.1700,0.50108363,2.85433529,0.58835072,0.49598971,1.48647578,0.52363822
60.1800,0.50108193,2.85434389,0.58835817,0.49599080,1.48648529,0.52363644
60.1900,0.50108024,2.85435249,0.58836562,0.49599189,1.48649479,0.52363467
60.2000,0.50107854,2.85436109,0.58837306,0.49599298,1.48650428,0.52363289
60.2100,0.50107685,2.85436967,0.58838050,0.49599407,1.48651377,0.52363112
60.2200,0.50107516,2.85437825,0.58838793,0.49599515,1.48652324,0.52362935
60.2300,0.50107347,2.85438682,0.58839535,0.49599624,1.48653271,0.52362758
60.2400,0.50107178,2.85439538,0.58840277,0.49599732,1.48654217,0.52362582
60.2500,0.50107009,2.85440394,0.58841019,0.49599841,1.48655162,0.52362405
60.2600,0.50106840,2.85441249,0.58841760,0.49599949,1.48656106,0.52362229
60.2700,0.50106672,2.85442103,0.58842500,0.49600057,1.48657050,0.52362053
60.2800,0.50106503,2.85442957,0.58843240,0.49600165,1.48657992,0.52361877
60.2900,0.50106335,2.85443810,0.58843979,0.49600273,1.48658934,0.52361701
60.3000,0.50106167,2.85444662,0.58844718,0.49600381,1.48659875,0.52361526
60.3100,0.50105999,2.85445514,0.58845456,0.49600488,1.48660815,0.52361350
60.3200,0.50105831,2.85446365,0.58846194,0.49600596,1.48661754,0.52361175
60.3300,0.50105664,2.85447215,0.58846931,0.49600704,1.48662693,0.52361000
60.3400,0.50105496,2.85448064,0.58847668,0.49600811,1.48663630,0.52360825
60.3500,0.50105329,2.85448913,0.58848404,0.49600918,1.48664567,0.52360651
60.3600,0.50105161,2.85449761,0.58849139,0.49601025,1.48665503,0.52360476
60.3700,0.50104994,2.85450609,0.58849874,0.49601132,1.48666438,0.52360302
60.3800,0.50104827,2.85451456,0.58850608,0.49601239,1.48667372,0.52360127
60.3900,0.50104660,2.85452302,0.58851342,0.49601346,1.48668306,0.52359953
60.4000,0.50104494,2.85453147,0.58852075,0.49601453,1.48669239,0.52359779
60.4100,0.50104327,2.85453992,0.58852808,0.49601559,1.48670170,0.52359606
60.4200,0.50104161,2.85454836,0.58853540,0.49601666,1.48671101,0.52359432
60.4300,0.50103994,2.85455679,0.58854272,0.49601772,1.48672031,0.52359259
60.4400,0.50103828,2.85456522,0.58855003,0.49601878,1.48672961,0.52359086
60.4500,0.50103662,2.85457364,0.58855734,0.49601984,1.48673889,0.52358913
60.4600,0.50103496,2.85458206,0.58856464,0.49602090,1.48674817,0.52358740
60.4700,0.50103330,2.85459046,0.58857193,0.49602196,1.48675744,0.52358567
60.4800,0.50103165,2.85459886,0.58857922,0.49602302,1.48676670,0.52358395
60.4900,0.50102999,2.85460726,0.58858651,0.49602408,1.48677595,0.52358222
60.5000,0.50102834,2.85461564,0.58859379,0.49602513,1.48678520,0.52358050
60.5100,0.50102669,2.85462402,0.58860106,0.49602619,1.48679443,0.52357878
60.5200,0.50102504,2.85463239,0.58860833,0.49602724,1.48680366,0.52357706
60.5300,0.50102339,2.85464076,0.58861559,0.49602830,1.48681288,0.52357534
60.5400,0.50102174,2.85464912,0.58862285,0.49602935,1.48682209,0.52357363
60.5500,0.50102009,2.85465747,0.58863010,0.49603040,1.48683129,0.52357191
60.5600,0.50101845,2.85466582,0.58863735,0.49603145,1.48684049,0.52357020
60.5700,0.50101680,2.85467416,0.58864459,0.49603249,1.48684967,0.52356849
60.5800,0.50101516,2.85468249,0.58865182,0.49603354,1.48685885,0.52356678
60.5900,0.50101352,2.85469082,0.58865905,0.49603459,1.48686802,0.52356508
60.6000,0.50101188,2.85469914,0.58866628,0.49603563,1.48687719,0.52356337
60.6100,0.50101024,2.85470745,0.58867350,0.49603668,1.48688634,0.52356167
60.6200,0.50100860,2.85471575,0.58868071,0.49603772,1.48689549,0.52355997
60.6300,0.50100697,2.85472405,0.58868792,0.49603876,1.48690463,0.52355827
60.6400,0.50100533,2.85473234,0.58869512,0.49603980,1.48691376,0.52355657
60.6500,0.50100370,2.85474063,0.58870232,0.49604084,1.48692288,0.52355487
60.6600,0.50100207,2.85474891,0.58870952,0.49604188,1.48693199,0.52355317
60.6700,0.50100044,2.85475718,0.58871670,0.49604292,1.48694110,0.52355148
60.6800,0.50099881,2.85476545,0.58872389,0.49604395,1.48695020,0.52354979
60.6900,0.50099718,2.85477371,0.58873106,0.49604499,1.48695929,0.52354810
60.7000,0.50099555,2.85478196,0.58873823,0.49604602,1.48696837,0.52354641
60.7100,0.50099393,2.85479020,0.58874540,0.49604706,1.48697744,0.52354472
60.7200,0.50099230,2.85479844,0.58875256,0.49604809,1.48698651,0.52354304
60.7300,0.50099068,2.85480668,0.58875972,0.49604912,1.48699556,0.52354135
60.7400,0.50098906,2.85481490,0.58876687,0.49605015,1.48700461,0.52353967
60.7500,0.50098744,2.85482312,0.58877401,0.49605118,1.48701365,0.52353799
60.7600,0.50098582,2.85483133,0.58878115,0.49605220,1.48702269,0.52353631
60.7700,0.50098420,2.85483954,0.58878829,0.49605323,1.48703171,0.52353463
60.7800,0.50098259,2.85484774,0.58879542,0.49605426,1.48704073,0.52353296
60.7900,0.50098097,2.85485593,0.58880254,0.49605528,1.48704974,0.52353128
60.8000,0.50097936,2.85486412,0.58880966,0.49605630,1.48705874,0.52352961
60.8100,0.50097775,2.85487230,0.58881677,0.49605733,1.48706774,0.52352794
60.8200,0.50097614,2.85488047,0.58882388,0.49605835,1.48707672,0.52352627
60.8300,0.50097453,2.85488864,0.58883099,0.49605937,1.48708570,0.52352461
60.8400,0.50097292,2.85489680,0.58883808,0.49606039,1.48709467,0.52352294
60.8500,0.50097131,2.85490495,0.58884518,0.49606141,1.48710363,0.52352127
60.8600,0.50096971,2.85491310,0.58885226,0.49606242,1.48711258,0.52351961
60.8700,0.50096810,2.85492124,0.58885935,0.49606344,1.48712153,0.52351795
60.8800,0.50096650,2.85492937,0.58886642,0.49606445,1.48713047,0.52351629
60.8900,0.50096490,2.85493750,0.58887349,0.49606547,1.48713940,0.52351463
60.9000,0.50096330,2.85494562,0.58888056,0.49606648,1.48714832,0.52351298
60.9100,0.50096170,2.85495373,0.58888762,0.49606749,1.48715723,0.52351132
60.9200,0.50096010,2.85496184,0.58889468,0.49606850,1.48716614,0.52350967
60.9300,0.50095850,2.85496994,0.58890173,0.49606951,1.48717504,0.52350802
60.9400,0.50095691,2.85497803,0.58890877,0.49607052,1.48718393,0.52350637
60.9500,0.50095532,2.85498612,0.58891581,0.49607153,1.48719281,0.52350472
60.9600,0.50095372,2.85499420,0.58892285,0.49607254,1.48720169,0.52350307
60.9700,0.50095213,2.85500228,0.58892988,0.49607354,1.48721055,0.52350143
60.9800,0.50095054,2.85501034,0.58893690,0.49607454,1.48721941,0.52349979
60.9900,0.50094895,2.85501841,0.58894392,0.49607555,1.48722826,0.52349814
61.0000,0.50094737,2.85502646,0.58895094,0.49607655,1.48723711,0.52349650
61.0100,0.50094578,2.85503451,0.58895794,0.49607755,1.48724594,0.52349487
61.0200,0.50094420,2.85504255,0.58896495,0.49607855,1.48725477,0.52349323
61.0300,0.50094261,2.85505059,0.58897195,0.49607955,1.48726359,0.52349159
61.0400,0.50094103,2.85505862,0.58897894,0.49608055,1.48727240,0.52348996
61.0500,0.50093945,2.85506664,0.58898593,0.49608155,1.48728121,0.52348833
61.0600,0.50093787,2.85507466,0.58899291,0.49608254,1.48729000,0.52348670
61.0700,0.50093629,2.85508267,0.58899989,0.49608354,1.48729879,0.52348507
61.0800,0.50093472,2.85509067,0.58900686,0.49608453,1.48730757,0.52348344
61.0900,0.50093314,2.85509867,0.58901383,0.49608552,1.48731635,0.52348182
61.1000,0.50093157,2.85510666,0.58902079,0.49608652,1.48732511,0.52348019
61.1100,0.50093000,2.85511464,0.58902775,0.49608751,1.48733387,0.52347857
61.1200,0.50092842,2.85512262,0.58903470,0.49608850,1.48734262,0.52347695
61.1300,0.50092685,2.85513059,0.58904165,0.49608949,1.48735136,0.52347533
61.1400,0.50092528,2.85513856,0.58904859,0.49609047,1.48736009,0.52347371
61.1500,0.50092372,2.85514651,0.58905553,0.49609146,1.48736882,0.52347209
61.1600,0.50092215,2.85515447,0.58906246,0.49609245,1.48737754,0.52347048
61.1700,0.50092059,2.85516241,0.58906938,0.49609343,1.48738625,0.52346887
61.1800,0.50091902,2.85517035,0.58907630,0.49609442,1.48739495,0.52346725
61.1900,0.50091746,2.85517828,0.58908322,0.49609540,1.48740365,0.52346564
61.2000,0.50091590,2.85518621,0.58909013,0.49609638,1.48741234,0.52346404
61.2100,0.50091434,2.85519413,0.58909704,0.49609736,1.48742102,0.52346243
61.2200,0.50091278,2.85520205,0.58910394,0.49609834,1.48742969,0.52346082
61.2300,0.50091122,2.85520995,0.58911083,0.49609932,1.48743836,0.52345922
61.2400,0.50090967,2.85521785,0.58911772,0.49610030,1.48744701,0.52345762
61.2500,0.50090811,2.85522575,0.58912461,0.49610127,1.48745566,0.52345602
61.2600,0.50090656,2.85523364,0.58913149,0.49610225,1.48746430,0.52345442
61.2700,0.50090500,2.85524152,0.58913836,0.49610322,1.48747294,0.52345282
61.2800,0.50090345,2.85524939,0.58914523,0.49610420,1.48748156,0.52345122
61.2900,0.50090190,2.85525726,0.58915210,0.49610517,1.48749018,0.52344963
61.3000,0.50090035,2.85526513,0.58915896,0.49610614,1.48749879,0.52344804
61.3100,0.50089881,2.85527298,0.58916581,0.49610711,1.48750740,0.52344645
61.3200,0.50089726,2.85528083,0.58917266,0.49610808,1.48751599,0.52344486
61.3300,0.50089572,2.85528868,0.58917951,0.49610905,1.48752458,0.52344327
61.3400,0.50089417,2.85529651,0.58918635,0.49611002,1.48753316,0.52344168
61.3500,0.50089263,2.85530435,0.58919318,0.49611098,1.48754174,0.52344010
61.3600,0.50089109,2.85531217,0.58920001,0.49611195,1.48755030,0.52343851
61.3700,0.50088955,2.85531999,0.58920684,0.49611291,1.48755886,0.52343693
61.3800,0.50088801,2.85532780,0.58921366,0.49611388,1.48756741,0.52343535
61.3900,0.50088648,2.85533561,0.58922047,0.49611484,1.48757595,0.52343377
61.4000,0.50088494,2.85534341,0.58922728,0.49611580,1.48758449,0.52343219
61.4100,0.50088340,2.85535120,0.58923408,0.49611676,1.48759301,0.52343062
61.4200,0.50088187,2.85535899,0.58924088,0.49611772,1.48760153,0.52342904
61.4300,0.50088034,2.85536677,0.58924768,0.49611868,1.48761005,0.52342747
61.4400,0.50087881,2.85537455,0.58925446,0.49611964,1.48761855,0.52342590
61.4500,0.50087728,2.85538231,0.58926125,0.49612059,1.48762705,0.52342433
61.4600,0.50087575,2.85539008,0.58926803,0.49612155,1.48763554,0.52342276
61.4700,0.50087422,2.85539783,0.58927480,0.49612250,1.48764402,0.52342120
61.4800,0.50087270,2.85540558,0.58928157,0.49612346,1.48765250,0.52341963
61.4900,0.50087117,2.85541333,0.58928833,0.49612441,1.48766096,0.52341807
61.5000,0.50086965,2.85542106,0.58929509,0.49612536,1.48766942,0.52341651
61.5100,0.50086813,2.85542879,0.58930185,0.49612631,1.48767788,0.52341495
61.5200,0.50086661,2.85543652,0.58930860,0.49612726,1.48768632,0.52341339
61.5300,0.50086509,2.85544424,0.58931534,0.49612821,1.48769476,0.52341183
61.5400,0.50086357,2.85545195,0.58932208,0.49612916,1.48770319,0.52341027
61.5500,0.50086205,2.85545966,0.58932881,0.49613010,1.48771161,0.52340872
61.5600,0.50086054,2.85546736,0.58933554,0.49613105,1.48772002,0.52340717
61.5700,0.50085902,2.85547505,0.58934226,0.49613199,1.48772843,0.52340561
61.5800,0.50085751,2.85548274,0.58934898,0.49613294,1.48773683,0.52340406
61.5900,0.50085600,2.85549042,0.58935570,0.49613388,1.48774522,0.52340252
61.6000,0.50085448,2.85549809,0.58936241,0.49613482,1.48775361,0.52340097
61.6100,0.50085297,2.85550576,0.58936911,0.49613576,1.48776199,0.52339942
61.6200,0.50085147,2.85551343,0.58937581,0.49613670,1.48777036,0.52339788
61.6300,0.50084996,2.85552108,0.58938250,0.49613764,1.48777872,0.52339634
61.6400,0.50084845,2.85552873,0.58938919,0.49613858,1.48778707,0.52339480
61.6500,0.50084695,2.85553638,0.58939588,0.49613951,1.48779542,0.52339326
61.6600,0.50084545,2.85554402,0.58940255,0.49614045,1.48780376,0.52339172
61.6700,0.50084394,2.85555165,0.58940923,0.49614138,1.48781209,0.52339018
61.6800,0.50084244,2.85555927,0.58941590,0.49614232,1.48782042,0.52338865
61.6900,0.50084094,2.85556689,0.58942256,0.49614325,1.48782874,0.52338712
61.7000,0.50083944,2.85557451,0.58942922,0.49614418,1.48783705,0.52338558
61.7100,0.50083795,2.85558212,0.58943588,0.49614511,1.48784535,0.52338405
61.7200,0.50083645,2.85558972,0.58944252,0.49614604,1.48785365,0.52338252
61.7300,0.50083495,2.85559731,0.58944917,0.49614697,1.48786194,0.52338100
61.7400,0.50083346,2.85560490,0.58945581,0.49614790,1.48787022,0.52337947
61.7500,0.50083197,2.85561249,0.58946244,0.49614883,1.48787849,0.52337795
61.7600,0.50083048,2.85562006,0.58946907,0.49614975,1.48788676,0.52337642
61.7700,0.50082899,2.85562763,0.58947570,0.49615068,1.48789502,0.52337490
61.7800,0.50082750,2.85563520,0.58948232,0.49615160,1.48790327,0.52337338
61.7900,0.50082601,2.85564276,0.58948893,0.49615253,1.48791152,0.52337187
61.8000,0.50082452,2.85565031,0.58949554,0.49615345,1.48791975,0.52337035
61.8100,0.50082304,2.85565786,0.58950215,0.49615437,1.48792798,0.52336883
61.8200,0.50082156,2.85566540,0.58950875,0.49615529,1.48793621,0.52336732
61.8300,0.50082007,2.85567293,0.58951534,0.49615621,1.48794442,0.52336581
61.8400,0.50081859,2.85568046,0.58952193,0.49615713,1.48795263,0.52336430
61.8500,0.50081711,2.85568798,0.58952852,0.49615805,1.48796083,0.52336279
61.8600,0.50081563,2.85569550,0.58953510,0.49615896,1.48796902,0.52336128
61.8700,0.50081415,2.85570301,0.58954168,0.49615988,1.48797721,0.52335977
61.8800,0.50081268,2.85571051,0.58954825,0.49616079,1.48798539,0.52335827
61.8900,0.50081120,2.85571801,0.58955481,0.49616171,1.48799356,0.52335676
61.9000,0.50080973,2.85572550,0.58956137,0.49616262,1.48800173,0.52335526
61.9100,0.50080826,2.85573299,0.58956793,0.49616353,1.48800988,0.52335376
61.9200,0.50080678,2.85574047,0.58957448,0.49616444,1.48801803,0.52335226
61.9300,0.50080531,2.85574794,0.58958103,0.49616535,1.48802618,0.52335076
61.9400,0.50080384,2.85575541,0.58958757,0.49616626,1.48803431,0.52334927
61.9500,0.50080238,2.85576287,0.58959411,0.49616717,1.48804244,0.52334777
61.9600,0.50080091,2.85577033,0.58960064,0.49616807,1.48805056,0.52334628
61.9700,0.50079944,2.85577778,0.58960716,0.49616898,1.48805867,0.52334479
61.9800,0.50079798,2.85578522,0.58961369,0.49616989,1.48806678,0.52334330
61.9900,0.50079651,2.85579266,0.58962020,0.49617079,1.48807488,0.52334181
62.0000,0.50079505,2.85580009,0.58962672,0.49617169,1.48808297,0.52334032
62.0100,0.50079359,2.85580752,0.58963322,0.49617260,1.48809106,0.52333883
62.0200,0.50079213,2.85581494,0.58963973,0.49617350,1.48809914,0.52333735
62.0300,0.50079067,2.85582235,0.58964623,0.49617440,1.48810721,0.52333587
62.0400,0.50078922,2.85582976,0.58965272,0.49617530,1.48811527,0.52333439
62.0500,0.50078776,2.85583716,0.58965921,0.49617619,1.48812333,0.52333291
62.0600,0.50078630,2.85584456,0.58966569,0.49617709,1.48813138,0.52333143
62.0700,0.50078485,2.85585195,0.58967217,0.49617799,1.48813942,0.52332995
62.0800,0.50078340,2.85585934,0.58967864,0.49617888,1.48814745,0.52332847
62.0900,0.50078195,2.85586671,0.58968511,0.49617978,1.48815548,0.52332700
62.1000,0.50078050,2.85587409,0.58969158,0.49618067,1.48816350,0.52332553
62.1100,0.50077905,2.85588145,0.58969804,0.49618157,1.48817152,0.52332405
62.1200,0.50077760,2.85588881,0.58970449,0.49618246,1.48817952,0.52332258
62.1300,0.50077615,2.85589617,0.58971094,0.49618335,1.48818752,0.52332112
62.1400,0.50077471,2.85590352,0.58971739,0.49618424,1.48819551,0.52331965
62.1500,0.50077326,2.85591086,0.58972383,0.49618513,1.48820350,0.52331818
62.1600,0.50077182,2.85591820,0.58973026,0.49618602,1.48821148,0.52331672
62.1700,0.50077038,2.85592553,0.58973669,0.49618690,1.48821945,0.52331526
62.1800,0.50076894,2.85593285,0.58974312,0.49618779,1.48822741,0.52331379
62.1900,0.50076750,2.85594017,0.58974954,0.49618868,1.48823537,0.52331233
62.2000,0.50076606,2.85594749,0.58975596,0.49618956,1.48824332,0.52331088
62.2100,0.50076462,2.85595479,0.58976237,0.49619044,1.48825126,0.52330942
62.2200,0.50076318,2.85596209,0.58976878,0.49619133,1.48825920,0.52330796
62.2300,0.50076175,2.85596939,0.58977518,0.49619221,1.48826713,0.52330651
62.2400,0.50076032,2.85597668,0.58978158,0.49619309,1.48827505,0.52330506
62.2500,0.50075888,2.85598396,0.58978797,0.49619397,1.48828296,0.52330360
62.2600,0.50075745,2.85599124,0.58979436,0.49619485,1.48829087,0.52330215
62.2700,0.50075602,2.85599852,0.58980074,0.49619573,1.48829877,0.52330071
62.2800,0.50075459,2.85600578,0.58980712,0.49619660,1.48830666,0.52329926
62.2900,0.50075317,2.85601304,0.58981349,0.49619748,1.48831455,0.52329781
62.3000,0.50075174,2.85602030,0.58981986,0.49619836,1.48832243,0.52329637
62.3100,0.50075031,2.85602755,0.58982623,0.49619923,1.48833030,0.52329493
62.3200,0.50074889,2.85603479,0.58983259,0.49620010,1.48833817,0.52329348
62.3300,0.50074747,2.85604203,0.58983894,0.49620098,1.48834603,0.52329204
62.3400,0.50074604,2.85604926,0.58984529,0.49620185,1.48835388,0.52329061
62.3500,0.50074462,2.85605648,0.58985164,0.49620272,1.48836172,0.52328917
62.3600,0.50074320,2.85606370,0.58985798,0.49620359,1.48836956,0.52328773
62.3700,0.50074178,2.85607092,0.58986431,0.49620446,1.48837739,0.52328630
62.3800,0.50074037,2.85607813,0.58987064,0.49620533,1.48838521,0.52328486
62.3900,0.50073895,2.85608533,0.58987697,0.49620619,1.48839303,0.52328343
62.4000,0.50073754,2.85609253,0.58988329,0.49620706,1.48840084,0.52328200
62.4100,0.50073612,2.85609972,0.58988961,0.49620793,1.48840864,0.52328057
62.4200,0.50073471,2.85610690,0.58989592,0.49620879,1.48841644,0.52327915
62.4300,0.50073330,2.85611408,0.58990223,0.49620965,1.48842423,0.52327772
62.4400,0.50073189,2.85612125,0.58990853,0.49621052,1.48843201,0.52327630
62.4500,0.50073048,2.85612842,0.58991483,0.49621138,1.48843978,0.52327487
62.4600,0.50072907,2.85613558,0.58992113,0.49621224,1.48844755,0.52327345
62.4700,0.50072766,2.85614274,0.58992741,0.49621310,1.48845531,0.52327203
62.4800,0.50072626,2.85614989,0.58993370,0.49621396,1.48846307,0.52327061
62.4900,0.50072485,2.85615704,0.58993998,0.49621482,1.48847081,0.52326919
62.5000,0.50072345,2.85616417,0.58994625,0.49621567,1.48847856,0.52326778
62.5100,0.50072205,2.85617131,0.58995252,0.49621653,1.48848629,0.52326636
62.5200,0.50072064,2.85617844,0.58995879,0.49621739,1.48849402,0.52326495
62.5300,0.50071924,2.85618556,0.58996505,0.49621824,1.48850174,0.52326354
62.5400,0.50071785,2.85619267,0.58997131,0.49621910,1.48850945,0.52326213
62.5500,0.50071645,2.85619978,0.58997756,0.49621995,1.48851715,0.52326072
62.5600,0.50071505,2.85620689,0.58998381,0.49622080,1.48852485,0.52325931
62.5700,0.50071366,2.85621399,0.58999005,0.49622165,1.48853255,0.52325790
62.5800,0.50071226,2.85622108,0.58999629,0.49622250,1.48854023,0.52325650
62.5900,0.50071087,2.85622817,0.59000252,0.49622335,1.48854791,0.52325509
62.6000,0.50070948,2.85623525,0.59000875,0.49622420,1.48855558,0.52325369
62.6100,0.50070808,2.85624233,0.59001497,0.49622505,1.48856325,0.52325229
62.6200,0.50070669,2.85624940,0.59002119,0.49622589,1.48857091,0.52325089
62.6300,0.50070531,2.85625646,0.59002741,0.49622674,1.48857856,0.52324949
62.6400,0.50070392,2.85626352,0.59003362,0.49622758,1.48858620,0.52324809
62.6500,0.50070253,2.85627057,0.59003982,0.49622843,1.48859384,0.52324670
62.6600,0.50070115,2.85627762,0.59004602,0.49622927,1.48860147,0.52324530
62.6700,0.50069976,2.85628466,0.59005222,0.49623011,1.48860910,0.52324391
62.6800,0.50069838,2.85629170,0.59005841,0.49623096,1.48861671,0.52324252
62.6900,0.50069700,2.85629873,0.59006460,0.49623180,1.48862433,0.52324113
62.7000,0.50069562,2.85630575,0.59007078,0.49623264,1.48863193,0.52323974
62.7100,0.50069424,2.85631277,0.59007696,0.49623347,1.48863953,0.52323835
62.7200,0.50069286,2.85631979,0.59008313,0.49623431,1.48864712,0.52323697
62.7300,0.50069148,2.85632680,0.59008930,0.49623515,1.48865470,0.52323558
62.7400,0.50069011,2.85633380,0.59009546,0.49623599,1.48866228,0.52323420
62.7500,0.50068873,2.85634080,0.59010162,0.49623682,1.48866985,0.52323282
62.7600,0.50068736,2.85634779,0.59010778,0.49623766,1.48867741,0.52323144
62.7700,0.50068598,2.85635477,0.59011393,0.49623849,1.48868497,0.52323006
62.7800,0.50068461,2.85636175,0.59012008,0.49623932,1.48869252,0.52322868
62.7900,0.50068324,2.85636873,0.59012622,0.49624015,1.48870006,0.52322730
62.8000,0.50068187,2.85637570,0.59013235,0.49624098,1.48870760,0.52322593
62.8100,0.50068050,2.85638266,0.59013849,0.49624181,1.48871513,0.52322455
62.8200,0.50067914,2.85638962,0.59014461,0.49624264,1.48872265,0.52322318
62.8300,0.50067777,2.85639657,0.59015074,0.49624347,1.48873017,0.52322181
62.8400,0.50067640,2.85640352,0.59015685,0.49624430,1.48873768,0.52322044
62.8500,0.50067504,2.85641046,0.59016297,0.49624513,1.48874518,0.52321907
62.8600,0.50067368,2.85641739,0.59016908,0.49624595,1.48875268,0.52321771
62.8700,0.50067232,2.85642432,0.59017518,0.49624678,1.48876017,0.52321634
62.8800,0.50067096,2.85643124,0.59018128,0.49624760,1.48876765,0.52321498
62.8900,0.50066960,2.85643816,0.59018738,0.49624842,1.48877513,0.52321361
62.9000,0.50066824,2.85644508,0.59019347,0.49624925,1.48878260,0.52321225
62.9100,0.50066688,2.85645198,0.59019956,0.49625007,1.48879006,0.52321089
62.9200,0.50066552,2.85645889,0.59020564,0.49625089,1.48879752,0.52320953
62.9300,0.50066417,2.85646578,0.59021172,0.49625171,1.48880497,0.52320817
62.9400,0.50066282,2.85647267,0.59021779,0.49625253,1.48881241,0.52320682
62.9500,0.50066146,2.85647956,0.59022386,0.49625335,1.48881985,0.52320546
62.9600,0.50066011,2.85648644,0.59022992,0.49625416,1.48882728,0.52320411
62.9700,0.50065876,2.85649331,0.59023598,0.49625498,1.48883470,0.52320276
62.9800,0.50065741,2.85650018,0.59024204,0.49625579,1.48884212,0.52320141
62.9900,0.50065606,2.85650704,0.59024809,0.49625661,1.48884953,0.52320006
63.0000,0.50065472,2.85651390,0.59025413,0.49625742,1.48885693,0.52319871
63.0100,0.50065337,2.85652075,0.59026017,0.49625824,1.48886433,0.52319736
63.0200,0.50065202,2.85652760,0.59026621,0.49625905,1.48887172,0.52319601
63.0300,0.50065068,2.85653444,0.59027224,0.49625986,1.48887911,0.52319467
63.0400,0.50064934,2.85654128,0.59027827,0.49626067,1.48888648,0.52319333
63.0500,0.50064800,2.85654811,0.59028430,0.49626148,1.48889385,0.52319199
63.0600,0.50064665,2.85655493,0.59029031,0.49626229,1.48890122,0.52319065
63.0700,0.50064531,2.85656175,0.59029633,0.49626310,1.48890858,0.52318931
63.0800,0.50064398,2.85656856,0.59030234,0.49626390,1.48891593,0.52318797
63.0900,0.50064264,2.85657537,0.59030835,0.49626471,1.48892327,0.52318663
63.1000,0.50064130,2.85658217,0.59031435,0.49626552,1.48893061,0.52318530
63.1100,0.50063997,2.85658897,0.59032034,0.49626632,1.48893794,0.52318396
63.1200,0.50063863,2.85659576,0.59032634,0.49626712,1.48894527,0.52318263
63.1300,0.50063730,2.85660255,0.59033232,0.49626793,1.48895259,0.52318130
63.1400,0.50063597,2.85660933,0.59033831,0.49626873,1.48895990,0.52317997
63.1500,0.50063464,2.85661611,0.59034429,0.49626953,1.48896720,0.52317864
63.1600,0.50063331,2.85662288,0.59035026,0.49627033,1.48897450,0.52317731
63.1700,0.50063198,2.85662964,0.59035623,0.49627113,1.48898180,0.52317599
63.1800,0.50063065,2.85663640,0.59036220,0.49627193,1.48898908,0.52317466
63.1900,0.50062932,2.85664315,0.59036816,0.49627273,1.48899636,0.52317334
63.2000,0.50062800,2.85664990,0.59037411,0.49627352,1.48900363,0.52317202
63.2100,0.50062667,2.85665664,0.59038007,0.49627432,1.48901090,0.52317070
63.2200,0.50062535,2.85666338,0.59038601,0.49627511,1.48901816,0.52316938
63.2300,0.50062403,2.85667011,0.59039196,0.49627591,1.48902541,0.52316806
63.2400,0.50062271,2.85667684,0.59039790,0.49627670,1.48903266,0.52316674
63.2500,0.50062139,2.85668356,0.59040383,0.49627750,1.48903990,0.52316543
63.2600,0.50062007,2.85669028,0.59040976,0.49627829,1.48904714,0.52316411
63.2700,0.50061875,2.85669699,0.59041569,0.49627908,1.48905437,0.52316280
63.2800,0.50061743,2.85670369,0.59042161,0.49627987,1.48906159,0.52316149
63.2900,0.50061612,2.85671039,0.59042753,0.49628066,1.48906880,0.52316018
63.3000,0.50061480,2.85671709,0.59043344,0.49628145,1.48907601,0.52315887
63.3100,0.50061349,2.85672377,0.59043935,0.49628224,1.48908321,0.52315756
63.3200,0.50061218,2.85673046,0.59044525,0.49628302,1.48909041,0.52315625
63.3300,0.50061087,2.85673714,0.59045115,0.49628381,1.48909760,0.52315495
63.3400,0.50060956,2.85674381,0.59045704,0.49628459,1.48910478,0.52315364
63.3500,0.50060825,2.85675048,0.59046293,0.49628538,1.48911196,0.52315234
63.3600,0.50060694,2.85675714,0.59046882,0.49628616,1.48911913,0.52315104
63.3700,0.50060563,2.85676380,0.59047470,0.49628695,1.48912629,0.52314974
63.3800,0.50060433,2.85677045,0.59048058,0.49628773,1.48913345,0.52314844
63.3900,0.50060302,2.85677709,0.59048645,0.49628851,1.48914060,0.52314714
63.4000,0.50060172,2.85678373,0.59049232,0.49628929,1.48914774,0.52314585
63.4100,0.50060041,2.85679037,0.59049819,0.49629007,1.48915488,0.52314455
63.4200,0.50059911,2.85679700,0.59050405,0.49629085,1.48916202,0.52314326
63.4300,0.50059781,2.85680362,0.59050990,0.49629163,1.48916914,0.52314197
63.4400,0.50059651,2.85681024,0.59051575,0.49629240,1.48917626,0.52314067
63.4500,0.50059521,2.85681686,0.59052160,0.49629318,1.48918337,0.52313938
63.4600,0.50059392,2.85682346,0.59052744,0.49629396,1.48919048,0.52313810
63.4700,0.50059262,2.85683007,0.59053328,0.49629473,1.48919758,0.52313681
63.4800,0.50059132,2.85683667,0.59053911,0.49629551,1.48920467,0.52313552
63.4900,0.50059003,2.85684326,0.59054494,0.49629628,1.48921176,0.52313424
63.5000,0.50058874,2.85684985,0.59055077,0.49629705,1.48921884,0.52313295
63.5100,0.50058744,2.85685643,0.59055659,0.49629782,1.48922592,0.52313167
63.5200,0.50058615,2.85686300,0.59056241,0.49629859,1.48923299,0.52313039
63.5300,0.50058486,2.85686958,0.59056822,0.49629936,1.48924005,0.52312911
63.5400,0.50058357,2.85687614,0.59057403,0.49630013,1.48924711,0.52312783
63.5500,0.50058229,2.85688270,0.59057983,0.49630090,1.48925416,0.52312655
63.5600,0.50058100,2.85688926,0.59058563,0.49630167,1.48926120,0.52312528
63.5700,0.50057971,2.85689581,0.59059142,0.49630244,1.48926824,0.52312400
63.5800,0.50057843,2.85690235,0.59059721,0.49630320,1.48927527,0.52312273
63.5900,0.50057714,2.85690889,0.59060300,0.49630397,1.48928229,0.52312146
63.6000,0.50057586,2.85691543,0.59060878,0.49630473,1.48928931,0.52312019
63.6100,0.50057458,2.85692196,0.59061456,0.49630550,1.48929632,0.52311892
63.6200,0.50057330,2.85692848,0.59062033,0.49630626,1.48930333,0.52311765
63.6300,0.50057202,2.85693500,0.59062610,0.49630702,1.48931033,0.52311638
63.6400,0.50057074,2.85694152,0.59063187,0.49630778,1.48931732,0.52311512
63.6500,0.50056946,2.85694802,0.59063763,0.49630854,1.48932431,0.52311385
63.6600,0.50056819,2.85695453,0.59064338,0.49630930,1.48933129,0.52311259
63.6700,0.50056691,2.85696103,0.59064914,0.49631006,1.48933827,0.52311133
63.6800,0.50056564,2.85696752,0.59065488,0.49631082,1.48934523,0.52311006
63.6900,0.50056436,2.85697401,0.59066063,0.49631158,1.48935220,0.52310880
63.7000,0.50056309,2.85698049,0.59066637,0.49631233,1.48935915,0.52310755
63.7100,0.50056182,2.85698697,0.59067210,0.49631309,1.48936610,0.52310629
63.7200,0.50056055,2.85699344,0.59067783,0.49631384,1.48937305,0.52310503
63.7300,0.50055928,2.85699990,0.59068356,0.49631460,1.48937999,0.52310378
63.7400,0.50055801,2.85700637,0.59068928,0.49631535,1.48938692,0.52310252
63.7500,0.50055674,2.85701282,0.59069500,0.49631610,1.48939384,0.52310127
63.7600,0.50055548,2.85701927,0.59070071,0.49631685,1.48940076,0.52310002
63.7700,0.50055421,2.85702572,0.59070642,0.49631761,1.48940767,0.52309877
63.7800,0.50055295,2.85703216,0.59071212,0.49631836,1.48941458,0.52309752
63.7900,0.50055169,2.85703860,0.59071782,0.49631911,1.48942148,0.52309628
63.8000,0.50055042,2.85704503,0.59072352,0.49631985,1.48942838,0.52309503
63.8100,0.50054916,2.85705145,0.59072921,0.49632060,1.48943526,0.52309378
63.8200,0.50054790,2.85705787,0.59073490,0.49632135,1.48944215,0.52309254
63.8300,0.50054664,2.85706429,0.59074059,0.49632210,1.48944902,0.52309130
63.8400,0.50054539,2.85707070,0.59074626,0.49632284,1.48945589,0.52309006
63.8500,0.50054413,2.85707710,0.59075194,0.49632359,1.48946276,0.52308882
63.8600,0.50054287,2.85708350,0.59075761,0.49632433,1.48946961,0.52308758
63.8700,0.50054162,2.85708989,0.59076328,0.49632507,1.48947647,0.52308634
63.8800,0.50054036,2.85709628,0.59076894,0.49632582,1.48948331,0.52308510
63.8900,0.50053911,2.85710267,0.59077460,0.49632656,1.48949015,0.52308387
63.9000,0.50053786,2.85710905,0.59078025,0.49632730,1.48949698,0.52308264
63.9100,0.50053661,2.85711542,0.59078590,0.49632804,1.48950381,0.52308140
63.9200,0.50053536,2.85712179,0.59079155,0.49632878,1.48951063,0.52308017
63.9300,0.50053411,2.85712815,0.59079719,0.49632952,1.48951745,0.52307894
63.9400,0.50053286,2.85713451,0.59080283,0.49633025,1.48952426,0.52307771
63.9500,0.50053162,2.85714087,0.59080846,0.49633099,1.48953106,0.52307648
63.9600,0.50053037,2.85714721,0.59081409,0.49633173,1.48953786,0.52307526
63.9700,0.50052913,2.85715356,0.59081971,0.49633246,1.48954465,0.52307403
63.9800,0.50052788,2.85715989,0.59082533,0.49633320,1.48955143,0.52307281
63.9900,0.50052664,2.85716623,0.59083095,0.49633393,1.48955821,0.52307158
64.0000,0.50052540,2.85717256,0.59083656,0.49633466,1.48956498,0.52307036
64.0100,0.50052416,2.85717888,0.59084217,0.49633540,1.48957175,0.52306914
64.0200,0.50052292,2.85718520,0.59084777,0.49633613,1.48957851,0.52306792
64.0300,0.50052168,2.85719151,0.59085337,0.49633686,1.48958527,0.52306671
64.0400,0.50052044,2.85719782,0.59085897,0.49633759,1.48959201,0.52306549
64.0500,0.50051921,2.85720412,0.59086456,0.49633832,1.48959876,0.52306427
64.0600,0.50051797,2.85721042,0.59087015,0.49633905,1.48960549,0.52306306
64.0700,0.50051674,2.85721671,0.59087573,0.49633978,1.48961222,0.52306184
64.0800,0.50051550,2.85722300,0.59088131,0.49634050,1.48961895,0.52306063
64.0900,0.50051427,2.85722928,0.59088688,0.49634123,1.48962567,0.52305942
64.1000,0.50051304,2.85723556,0.59089245,0.49634195,1.48963238,0.52305821
64.1100,0.50051181,2.85724183,0.59089802,0.49634268,1.48963909,0.52305700
64.1200,0.50051058,2.85724810,0.59090358,0.49634340,1.48964579,0.52305580
64.1300,0.50050935,2.85725436,0.59090914,0.49634413,1.48965248,0.52305459
64.1400,0.50050812,2.85726062,0.59091470,0.49634485,1.48965917,0.52305338
64.1500,0.50050690,2.85726687,0.59092025,0.49634557,1.48966585,0.52305218
64.1600,0.50050567,2.85727311,0.59092579,0.49634629,1.48967253,0.52305098
64.1700,0.50050445,2.85727936,0.59093133,0.49634701,1.48967920,0.52304978
64.1800,0.50050322,2.85728559,0.59093687,0.49634773,1.48968587,0.52304858
64.1900,0.50050200,2.85729183,0.59094240,0.49634845,1.48969252,0.52304738
64.2000,0.50050078,2.85729805,0.59094793,0.49634917,1.48969918,0.52304618
64.2100,0.50049956,2.85730428,0.59095346,0.49634989,1.48970582,0.52304498
64.2200,0.50049834,2.85731049,0.59095898,0.49635060,1.48971247,0.52304379
64.2300,0.50049712,2.85731670,0.59096449,0.49635132,1.48971910,0.52304259
64.2400,0.50049590,2.85732291,0.59097001,0.49635203,1.48972573,0.52304140
64.2500,0.50049469,2.85732911,0.59097552,0.49635275,1.48973235,0.52304021
64.2600,0.50049347,2.85733531,0.59098102,0.49635346,1.48973897,0.52303902
64.2700,0.50049226,2.85734150,0.59098652,0.49635417,1.48974558,0.52303783
64.2800,0.50049104,2.85734769,0.59099202,0.49635489,1.48975219,0.52303664
64.2900,0.50048983,2.85735387,0.59099751,0.49635560,1.48975879,0.52303545
64.3000,0.50048862,2.85736005,0.59100300,0.49635631,1.48976538,0.52303427
64.3100,0.50048741,2.85736622,0.59100848,0.49635702,1.48977197,0.52303308
64.3200,0.50048620,2.85737239,0.59101396,0.49635773,1.48977855,0.52303190
64.3300,0.50048499,2.85737855,0.59101944,0.49635844,1.48978513,0.52303072
64.3400,0.50048378,2.85738471,0.59102491,0.49635914,1.48979170,0.52302953
64.3500,0.50048258,2.85739086,0.59103038,0.49635985,1.48979826,0.52302835
64.3600,0.50048137,2.85739701,0.59103584,0.49636056,1.48980482,0.52302718
64.3700,0.50048017,2.85740315,0.59104130,0.49636126,1.48981137,0.52302600
64.3800,0.50047896,2.85740929,0.59104675,0.49636197,1.48981792,0.52302482
64.3900,0.50047776,2.85741542,0.59105221,0.49636267,1.48982446,0.52302365
64.4000,0.50047656,2.85742155,0.59105765,0.49636337,1.48983100,0.52302247
64.4100,0.50047536,2.85742767,0.59106310,0.49636408,1.48983753,0.52302130
64.4200,0.50047416,2.85743379,0.59106853,0.49636478,1.48984405,0.52302013
64.4300,0.50047296,2.85743990,0.59107397,0.49636548,1.48985057,0.52301895
64.4400,0.50047176,2.85744601,0.59107940,0.49636618,1.48985708,0.52301779
64.4500,0.50047057,2.85745212,0.59108483,0.49636688,1.48986359,0.52301662
64.4600,0.50046937,2.85745821,0.59109025,0.49636758,1.48987009,0.52301545
64.4700,0.50046817,2.85746431,0.59109567,0.49636827,1.48987658,0.52301428
64.4800,0.50046698,2.85747040,0.59110108,0.49636897,1.48988307,0.52301312
64.4900,0.50046579,2.85747648,0.59110649,0.49636967,1.48988955,0.52301195
64.5000,0.50046460,2.85748256,0.59111190,0.49637036,1.48989603,0.52301079
64.5100,0.50046341,2.85748863,0.59111730,0.49637106,1.48990250,0.52300963
64.5200,0.50046222,2.85749470,0.59112270,0.49637175,1.48990897,0.52300847
64.5300,0.50046103,2.85750077,0.59112810,0.49637245,1.48991543,0.52300731
64.5400,0.50045984,2.85750682,0.59113349,0.49637314,1.48992188,0.52300615
64.5500,0.50045865,2.85751288,0.59113888,0.49637383,1.48992833,0.52300499
64.5600,0.50045747,2.85751893,0.59114426,0.49637452,1.48993477,0.52300384
64.5700,0.50045628,2.85752497,0.59114964,0.49637522,1.48994121,0.52300268
64.5800,0.50045510,2.85753101,0.59115501,0.49637591,1.48994764,0.52300153
64.5900,0.50045391,2.85753705,0.59116038,0.49637660,1.48995407,0.52300038
64.6000,0.50045273,2.85754308,0.59116575,0.49637728,1.48996049,0.52299923
64.6100,0.50045155,2.85754910,0.59117111,0.49637797,1.48996690,0.52299808
64.6200,0.50045037,2.85755512,0.59117647,0.49637866,1.48997331,0.52299693
64.6300,0.50044919,2.85756114,0.59118182,0.49637935,1.48997971,0.52299578
64.6400,0.50044801,2.85756715,0.59118717,0.49638003,1.48998611,0.52299463
64.6500,0.50044683,2.85757316,0.59119252,0.49638072,1.48999250,0.52299349
64.6600,0.50044566,2.85757916,0.59119786,0.49638140,1.48999888,0.52299234
64.6700,0.50044448,2.85758515,0.59120320,0.49638208,1.49000526,0.52299120
64.6800,0.50044331,2.85759115,0.59120854,0.49638277,1.49001164,0.52299006
64.6900,0.50044213,2.85759713,0.59121387,0.49638345,1.49001801,0.52298892
64.7000,0.50044096,2.85760311,0.59121919,0.49638413,1.49002437,0.52298778
64.7100,0.50043979,2.85760909,0.59122452,0.49638481,1.49003073,0.52298664
64.7200,0.50043862,2.85761506,0.59122984,0.49638549,1.49003708,0.52298550
64.7300,0.50043745,2.85762103,0.59123515,0.49638617,1.49004342,0.52298436
64.7400,0.50043628,2.85762699,0.59124046,0.49638685,1.49004976,0.52298323
64.7500,0.50043511,2.85763295,0.59124577,0.49638753,1.49005610,0.52298209
64.7600,0.50043395,2.85763890,0.59125107,0.49638821,1.49006243,0.52298096
64.7700,0.50043278,2.85764485,0.59125637,0.49638888,1.49006875,0.52297983
64.7800,0.50043162,2.85765080,0.59126166,0.49638956,1.49007507,0.52297870
64.7900,0.50043045,2.85765674,0.59126696,0.49639023,1.49008138,0.52297757
64.8000,0.50042929,2.85766267,0.59127224,0.49639091,1.49008768,0.52297644
64.8100,0.50042813,2.85766860,0.59127753,0.49639158,1.49009398,0.52297531
64.8200,0.50042696,2.85767452,0.59128280,0.49639225,1.49010028,0.52297418
64.8300,0.50042580,2.85768044,0.59128808,0.49639293,1.49010657,0.52297306
64.8400,0.50042465,2.85768636,0.59129335,0.49639360,1.49011285,0.52297194
64.8500,0.50042349,2.85769227,0.59129862,0.49639427,1.49011913,0.52297081
64.8600,0.50042233,2.85769817,0.59130388,0.49639494,1.49012540,0.52296969
64.8700,0.50042117,2.85770408,0.59130914,0.49639561,1.49013167,0.52296857
64.8800,0.50042002,2.85770997,0.59131440,0.49639628,1.49013793,0.52296745
64.8900,0.50041886,2.85771586,0.59131965,0.49639695,1.49014418,0.52296633
64.9000,0.50041771,2.85772175,0.59132490,0.49639761,1.49015043,0.52296521
64.9100,0.50041656,2.85772763,0.59133014,0.49639828,1.49015668,0.52296410
64.9200,0.50041540,2.85773351,0.59133538,0.49639895,1.49016292,0.52296298
64.9300,0.50041425,2.85773938,0.59134062,0.49639961,1.49016915,0.52296187
64.9400,0.50041310,2.85774525,0.59134585,0.49640028,1.49017538,0.52296075
64.9500,0.50041196,2.85775111,0.59135108,0.49640094,1.49018160,0.52295964
64.9600,0.50041081,2.85775697,0.59135630,0.49640160,1.49018782,0.52295853
64.9700,0.50040966,2.85776282,0.59136152,0.49640227,1.49019403,0.52295742
64.9800,0.50040851,2.85776867,0.59136674,0.49640293,1.49020023,0.52295631
64.9900,0.50040737,2.85777452,0.59137195,0.49640359,1.49020643,0.52295521
65.0000,0.50040622,2.85778036,0.59137716,0.49640425,1.49021263,0.52295410
65.0100,0.50040508,2.85778619,0.59138236,0.49640491,1.49021882,0.52295299
65.0200,0.50040394,2.85779202,0.59138756,0.49640557,1.49022500,0.52295189
65.0300,0.50040280,2.85779785,0.59139276,0.49640623,1.49023118,0.52295079
65.0400,0.50040166,2.85780367,0.59139795,0.49640688,1.49023735,0.52294968
65.0500,0.50040052,2.85780948,0.59140314,0.49640754,1.49024352,0.52294858
65.0600,0.50039938,2.85781530,0.59140833,0.49640820,1.49024968,0.52294748
65.0700,0.50039824,2.85782110,0.59141351,0.49640885,1.49025583,0.52294638
65.0800,0.50039710,2.85782690,0.59141869,0.49640951,1.49026198,0.52294529
65.0900,0.50039597,2.85783270,0.59142386,0.49641016,1.49026813,0.52294419
65.1000,0.50039483,2.85783849,0.59142903,0.49641082,1.49027427,0.52294309
65.1100,0.50039370,2.85784428,0.59143420,0.49641147,1.49028040,0.52294200
65.1200,0.50039257,2.85785007,0.59143936,0.49641212,1.49028653,0.52294091
65.1300,0.50039143,2.85785585,0.59144452,0.49641277,1.49029265,0.52293981
65.1400,0.50039030,2.85786162,0.59144967,0.49641342,1.49029877,0.52293872
65.1500,0.50038917,2.85786739,0.59145482,0.49641407,1.49030488,0.52293763
65.1600,0.50038804,2.85787315,0.59145997,0.49641472,1.49031099,0.52293654
65.1700,0.50038691,2.85787891,0.59146511,0.49641537,1.49031709,0.52293546
65.1800,0.50038579,2.85788467,0.59147025,0.49641602,1.49032319,0.52293437
65.1900,0.50038466,2.85789042,0.59147539,0.49641667,1.49032928,0.52293328
65.2000,0.50038354,2.85789617,0.59148052,0.49641731,1.49033536,0.52293220
65.2100,0.50038241,2.85790191,0.59148565,0.49641796,1.49034144,0.52293111
65.2200,0.50038129,2.85790765,0.59149077,0.49641861,1.49034751,0.52293003
65.2300,0.50038016,2.85791338,0.59149589,0.49641925,1.49035358,0.52292895
65.2400,0.50037904,2.85791911,0.59150101,0.49641989,1.49035965,0.52292787
65.2500,0.50037792,2.85792483,0.59150612,0.49642054,1.49036570,0.52292679
65.2600,0.50037680,2.85793055,0.59151123,0.49642118,1.49037175,0.52292571
65.2700,0.50037568,2.85793626,0.59151633,0.49642182,1.49037780,0.52292464
65.2800,0.50037456,2.85794197,0.59152143,0.49642246,1.49038384,0.52292356
65.2900,0.50037344,2.85794768,0.59152653,0.49642311,1.49038988,0.52292248
65.3000,0.50037233,2.85795338,0.59153162,0.49642375,1.49039591,0.52292141
65.3100,0.50037121,2.85795908,0.59153671,0.49642438,1.49040193,0.52292034
65.3200,0.50037010,2.85796477,0.59154180,0.49642502,1.49040795,0.52291927
65.3300,0.50036898,2.85797045,0.59154688,0.49642566,1.49041397,0.52291819
65.3400,0.50036787,2.85797614,0.59155196,0.49642630,1.49041998,0.52291712
65.3500,0.50036676,2.85798181,0.59155703,0.49642694,1.49042598,0.52291606
65.3600,0.50036565,2.85798749,0.59156210,0.49642757,1.49043198,0.52291499
65.3700,0.50036454,2.85799316,0.59156717,0.49642821,1.49043797,0.52291392
65.3800,0.50036343,2.85799882,0.59157223,0.49642884,1.49044396,0.52291286
65.3900,0.50036232,2.85800448,0.59157729,0.49642948,1.49044994,0.52291179
65.4000,0.50036121,2.85801013,0.59158235,0.49643011,1.49045592,0.52291073
65.4100,0.50036011,2.85801578,0.59158740,0.49643074,1.49046189,0.52290967
65.4200,0.50035900,2.85802143,0.59159245,0.49643137,1.49046786,0.52290860
65.4300,0.50035790,2.85802707,0.59159749,0.49643201,1.49047382,0.52290754
65.4400,0.50035679,2.85803271,0.59160253,0.49643264,1.49047977,0.52290649
65.4500,0.50035569,2.85803834,0.59160757,0.49643327,1.49048572,0.52290543
65.4600,0.50035459,2.85804397,0.59161260,0.49643390,1.49049167,0.52290437
65.4700,0.50035348,2.85804959,0.59161763,0.49643452,1.49049761,0.52290331
65.4800,0.50035238,2.85805521,0.59162266,0.49643515,1.49050354,0.52290226
65.4900,0.50035129,2.85806083,0.59162768,0.49643578,1.49050947,0.52290121
65.5000,0.50035019,2.85806644,0.59163270,0.49643641,1.49051539,0.52290015
65.5100,0.50034909,2.85807204,0.59163771,0.49643703,1.49052131,0.52289910
65.5200,0.50034799,2.85807764,0.59164272,0.49643766,1.49052723,0.52289805
65.5300,0.50034690,2.85808324,0.59164773,0.49643828,1.49053313,0.52289700
65.5400,0.50034580,2.85808883,0.59165273,0.49643891,1.49053904,0.52289595
65.5500,0.50034471,2.85809442,0.59165773,0.49643953,1.49054493,0.52289490
65.5600,0.50034361,2.85810000,0.59166272,0.49644015,1.49055083,0.52289386
65.5700,0.50034252,2.85810558,0.59166771,0.49644078,1.49055671,0.52289281
65.5800,0.50034143,2.85811115,0.59167270,0.49644140,1.49056259,0.52289177
65.5900,0.50034034,2.85811672,0.59167769,0.49644202,1.49056847,0.52289072
65.6000,0.50033925,2.85812229,0.59168267,0.49644264,1.49057434,0.52288968
65.6100,0.50033816,2.85812785,0.59168764,0.49644326,1.49058021,0.52288864
65.6200,0.50033707,2.85813340,0.59169262,0.49644388,1.49058607,0.52288760
65.6300,0.50033599,2.85813895,0.59169759,0.49644450,1.49059192,0.52288656
65.6400,0.50033490,2.85814450,0.59170255,0.49644511,1.49059777,0.52288552
65.6500,0.50033382,2.85815004,0.59170751,0.49644573,1.49060362,0.52288449
65.6600,0.50033273,2.85815558,0.59171247,0.49644635,1.49060946,0.52288345
65.6700,0.50033165,2.85816112,0.59171743,0.49644696,1.49061529,0.52288241
65.6800,0.50033057,2.85816665,0.59172238,0.49644758,1.49062112,0.52288138
65.6900,0.50032948,2.85817217,0.59172732,0.49644819,1.49062694,0.52288035
65.7000,0.50032840,2.85817769,0.59173227,0.49644881,1.49063276,0.52287932
65.7100,0.50032732,2.85818321,0.59173721,0.49644942,1.49063858,0.52287828
65.7200,0.50032624,2.85818872,0.59174214,0.49645003,1.49064438,0.52287725
65.7300,0.50032517,2.85819423,0.59174707,0.49645065,1.49065019,0.52287623
65.7400,0.50032409,2.85819973,0.59175200,0.49645126,1.49065598,0.52287520
65.7500,0.50032301,2.85820523,0.59175693,0.49645187,1.49066178,0.52287417
65.7600,0.50032194,2.85821072,0.59176185,0.49645248,1.49066757,0.52287314
65.7700,0.50032086,2.85821621,0.59176677,0.49645309,1.49067335,0.52287212
65.7800,0.50031979,2.85822169,0.59177168,0.49645370,1.49067912,0.52287110
65.7900,0.50031872,2.85822718,0.59177659,0.49645430,1.49068490,0.52287007
65.8000,0.50031764,2.85823265,0.59178150,0.49645491,1.49069066,0.52286905
65.8100,0.50031657,2.85823812,0.59178640,0.49645552,1.49069642,0.52286803
65.8200,0.50031550,2.85824359,0.59179130,0.49645612,1.49070218,0.52286701
65.8300,0.50031443,2.85824905,0.59179619,0.49645673,1.49070793,0.52286599
65.8400,0.50031336,2.85825451,0.59180109,0.49645733,1.49071368,0.52286497
65.8500,0.50031230,2.85825997,0.59180597,0.49645794,1.49071942,0.52286396
65.8600,0.50031123,2.85826542,0.59181086,0.49645854,1.49072516,0.52286294
65.8700,0.50031016,2.85827086,0.59181574,0.49645915,1.49073089,0.52286193
65.8800,0.50030910,2.85827630,0.59182062,0.49645975,1.49073661,0.52286091
65.8900,0.50030804,2.85828174,0.59182549,0.49646035,1.49074233,0.52285990
65.9000,0.50030697,2.85828717,0.59183036,0.49646095,1.49074805,0.52285889
65.9100,0.50030591,2.85829260,0.59183523,0.49646155,1.49075376,0.52285788
65.9200,0.50030485,2.85829803,0.59184009,0.49646215,1.49075946,0.52285687
65.9300,0.50030379,2.85830345,0.59184495,0.49646275,1.49076516,0.52285586
65.9400,0.50030273,2.85830886,0.59184980,0.49646335,1.49077086,0.52285485
65.9500,0.50030167,2.85831427,0.59185465,0.49646395,1.49077655,0.52285385
65.9600,0.50030061,2.85831968,0.59185950,0.49646454,1.49078223,0.52285284
65.9700,0.50029955,2.85832508,0.59186435,0.49646514,1.49078791,0.52285184
65.9800,0.50029850,2.85833048,0.59186919,0.49646574,1.49079359,0.52285083
65.9900,0.50029744,2.85833587,0.59187403,0.49646633,1.49079926,0.52284983
66.0000,0.50029639,2.85834126,0.59187886,0.49646693,1.49080492,0.52284883
66.0100,0.50029533,2.85834664,0.59188369,0.49646752,1.49081058,0.52284783
66.0200,0.50029428,2.85835203,0.59188852,0.49646812,1.49081624,0.52284683
66.0300,0.50029323,2.85835740,0.59189334,0.49646871,1.49082189,0.52284583
66.0400,0.50029218,2.85836277,0.59189816,0.49646930,1.49082753,0.52284483
66.0500,0.50029113,2.85836814,0.59190297,0.49646989,1.49083317,0.52284383
66.0600,0.50029008,2.85837350,0.59190778,0.49647048,1.49083880,0.52284284
66.0700,0.50028903,2.85837886,0.59191259,0.49647108,1.49084443,0.52284184
66.0800,0.50028798,2.85838422,0.59191740,0.49647166,1.49085006,0.52284085
66.0900,0.50028693,2.85838957,0.59192220,0.49647225,1.49085568,0.52283986
66.1000,0.50028589,2.85839491,0.59192700,0.49647284,1.49086129,0.52283887
66.1100,0.50028484,2.85840026,0.59193179,0.49647343,1.49086690,0.52283788
66.1200,0.50028380,2.85840559,0.59193658,0.49647402,1.49087250,0.52283689
66.1300,0.50028275,2.85841093,0.59194137,0.49647461,1.49087810,0.52283590
66.1400,0.50028171,2.85841626,0.59194615,0.49647519,1.49088370,0.52283491
66.1500,0.50028067,2.85842158,0.59195093,0.49647578,1.49088929,0.52283392
66.1600,0.50027963,2.85842690,0.59195571,0.49647636,1.49089487,0.52283294
66.1700,0.50027859,2.85843222,0.59196048,0.49647695,1.49090045,0.52283195
66.1800,0.50027755,2.85843753,0.59196525,0.49647753,1.49090602,0.52283097
66.1900,0.50027651,2.85844284,0.59197001,0.49647811,1.49091159,0.52282999
66.2000,0.50027547,2.85844814,0.59197478,0.49647870,1.49091716,0.52282900
66.2100,0.50027444,2.85845344,0.59197953,0.49647928,1.49092271,0.52282802
66.2200,0.50027340,2.85845873,0.59198429,0.49647986,1.49092827,0.52282704
66.2300,0.50027237,2.85846402,0.59198904,0.49648044,1.49093382,0.52282606
66.2400,0.50027133,2.85846931,0.59199379,0.49648102,1.49093936,0.52282509
66.2500,0.50027030,2.85847459,0.59199853,0.49648160,1.49094490,0.52282411
66.2600,0.50026927,2.85847987,0.59200327,0.49648218,1.49095044,0.52282313
66.2700,0.50026823,2.85848514,0.59200801,0.49648276,1.49095596,0.52282216
66.2800,0.50026720,2.85849041,0.59201274,0.49648334,1.49096149,0.52282118
66.2900,0.50026617,2.85849568,0.59201747,0.49648391,1.49096701,0.52282021
66.3000,0.50026514,2.85850094,0.59202220,0.49648449,1.49097252,0.52281924
66.3100,0.50026412,2.85850620,0.59202692,0.49648506,1.49097803,0.52281827
66.3200,0.50026309,2.85851145,0.59203164,0.49648564,1.49098354,0.52281730
66.3300,0.50026206,2.85851670,0.59203636,0.49648621,1.49098904,0.52281633
66.3400,0.50026104,2.85852194,0.59204107,0.49648679,1.49099453,0.52281536
66.3500,0.50026001,2.85852718,0.59204578,0.49648736,1.49100002,0.52281439
66.3600,0.50025899,2.85853242,0.59205048,0.49648794,1.49100551,0.52281343
66.3700,0.50025796,2.85853765,0.59205518,0.49648851,1.49101099,0.52281246
66.3800,0.50025694,2.85854287,0.59205988,0.49648908,1.49101646,0.52281150
66.3900,0.50025592,2.85854810,0.59206458,0.49648965,1.49102193,0.52281053
66.4000,0.50025490,2.85855332,0.59206927,0.49649022,1.49102740,0.52280957
66.4100,0.50025388,2.85855853,0.59207396,0.49649079,1.49103286,0.52280861
66.4200,0.50025286,2.85856374,0.59207864,0.49649136,1.49103831,0.52280765
66.4300,0.50025184,2.85856895,0.59208332,0.49649193,1.49104376,0.52280669
66.4400,0.50025082,2.85857415,0.59208800,0.49649250,1.49104921,0.52280573
66.4500,0.50024981,2.85857935,0.59209267,0.49649306,1.49105465,0.52280477
66.4600,0.50024879,2.85858454,0.59209734,0.49649363,1.49106009,0.52280382
66.4700,0.50024777,2.85858973,0.59210201,0.49649420,1.49106552,0.52280286
66.4800,0.50024676,2.85859492,0.59210667,0.49649476,1.49107094,0.52280191
66.4900,0.50024575,2.85860010,0.59211133,0.49649533,1.49107636,0.52280095
66.5000,0.50024473,2.85860528,0.59211599,0.49649589,1.49108178,0.52280000
66.5100,0.50024372,2.85861045,0.59212064,0.49649646,1.49108719,0.52279905
66.5200,0.50024271,2.85861562,0.59212529,0.49649702,1.49109260,0.52279810
66.5300,0.50024170,2.85862078,0.59212993,0.49649758,1.49109800,0.52279715
66.5400,0.50024069,2.85862594,0.59213458,0.49649815,1.49110340,0.52279620
66.5500,0.50023968,2.85863110,0.59213921,0.49649871,1.49110879,0.52279525
66.5600,0.50023868,2.85863625,0.59214385,0.49649927,1.49111418,0.52279430
66.5700,0.50023767,2.85864140,0.59214848,0.49649983,1.49111956,0.52279336
66.5800,0.50023666,2.85864654,0.59215311,0.49650039,1.49112494,0.52279241
66.5900,0.50023566,2.85865168,0.59215773,0.49650095,1.49113031,0.52279147
66.6000,0.50023465,2.85865682,0.59216236,0.49650151,1.49113568,0.52279052
66.6100,0.50023365,2.85866195,0.59216697,0.49650206,1.49114104,0.52278958
66.6200,0.50023265,2.85866708,0.59217159,0.49650262,1.49114640,0.52278864
66.6300,0.50023165,2.85867220,0.59217620,0.49650318,1.49115176,0.52278770
66.6400,0.50023065,2.85867732,0.59218081,0.49650374,1.49115710,0.52278676
66.6500,0.50022964,2.85868244,0.59218541,0.49650429,1.49116245,0.52278582
66.6600,0.50022865,2.85868755,0.59219001,0.49650485,1.49116779,0.52278488
66.6700,0.50022765,2.85869266,0.59219461,0.49650540,1.49117312,0.52278395
66.6800,0.50022665,2.85869776,0.59219920,0.49650596,1.49117845,0.52278301
66.6900,0.50022565,2.85870286,0.59220379,0.49650651,1.49118378,0.52278208
66.7000,0.50022466,2.85870795,0.59220838,0.49650706,1.49118910,0.52278114
66.7100,0.50022366,2.85871304,0.59221296,0.49650761,1.49119441,0.52278021
66.7200,0.50022267,2.85871813,0.59221754,0.49650817,1.49119972,0.52277928
66.7300,0.50022167,2.85872321,0.59222212,0.49650872,1.49120503,0.52277835
66.7400,0.50022068,2.85872829,0.59222669,0.49650927,1.49121033,0.52277742
66.7500,0.50021969,2.85873336,0.59223126,0.49650982,1.49121563,0.52277649
66.7600,0.50021870,2.85873844,0.59223583,0.49651037,1.49122092,0.52277556
66.7700,0.50021771,2.85874350,0.59224039,0.49651092,1.49122621,0.52277463
66.7800,0.50021672,2.85874856,0.59224495,0.49651146,1.49123149,0.52277371
66.7900,0.50021573,2.85875362,0.59224951,0.49651201,1.49123677,0.52277278
66.8000,0.50021474,2.85875868,0.59225406,0.49651256,1.49124204,0.52277185
66.8100,0.50021375,2.85876373,0.59225861,0.49651310,1.49124731,0.52277093
66.8200,0.50021276,2.85876877,0.59226316,0.49651365,1.49125257,0.52277001
66.8300,0.50021178,2.85877381,0.59226770,0.49651420,1.49125783,0.52276909
66.8400,0.50021079,2.85877885,0.59227224,0.49651474,1.49126308,0.52276817
66.8500,0.50020981,2.85878389,0.59227677,0.49651529,1.49126833,0.52276725
66.8600,0.50020883,2.85878892,0.59228130,0.49651583,1.49127358,0.52276633
66.8700,0.50020784,2.85879394,0.59228583,0.49651637,1.49127882,0.52276541
66.8800,0.50020686,2.85879896,0.59229036,0.49651691,1.49128405,0.52276449
66.8900,0.50020588,2.85880398,0.59229488,0.49651746,1.49128928,0.52276358
66.9000,0.50020490,2.85880899,0.59229940,0.49651800,1.49129451,0.52276266
66.9100,0.50020392,2.85881400,0.59230392,0.49651854,1.49129973,0.52276175
66.9200,0.50020294,2.85881901,0.59230843,0.49651908,1.49130495,0.52276083
66.9300,0.50020197,2.85882401,0.59231294,0.49651962,1.49131016,0.52275992
66.9400,0.50020099,2.85882901,0.59231744,0.49652016,1.49131537,0.52275901
66.9500,0.50020001,2.85883400,0.59232194,0.49652070,1.49132057,0.52275810
66.9600,0.50019904,2.85883899,0.59232644,0.49652123,1.49132577,0.52275719
66.9700,0.50019806,2.85884398,0.59233094,0.49652177,1.49133096,0.52275628
66.9800,0.50019709,2.85884896,0.59233543,0.49652231,1.49133615,0.52275537
66.9900,0.50019612,2.85885394,0.59233992,0.49652285,1.49134133,0.52275446
67.0000,0.50019514,2.85885891,0.59234440,0.49652338,1.49134651,0.52275356
67.0100,0.50019417,2.85886388,0.59234888,0.49652392,1.49135169,0.52275265
67.0200,0.50019320,2.85886885,0.59235336,0.49652445,1.49135686,0.52275175
67.0300,0.50019223,2.85887381,0.59235784,0.49652499,1.49136202,0.52275084
67.0400,0.50019126,2.85887877,0.59236231,0.49652552,1.49136718,0.52274994
67.0500,0.50019029,2.85888372,0.59236678,0.49652605,1.49137234,0.52274904
67.0600,0.50018933,2.85888867,0.59237124,0.49652658,1.49137749,0.52274814
67.0700,0.50018836,2.85889362,0.59237570,0.49652712,1.49138264,0.52274724
67.0800,0.50018739,2.85889856,0.59238016,0.49652765,1.49138778,0.52274634
67.0900,0.50018643,2.85890350,0.59238462,0.49652818,1.49139292,0.52274544
67.1000,0.50018547,2.85890843,0.59238907,0.49652871,1.49139805,0.52274454
67.1100,0.50018450,2.85891336,0.59239351,0.49652924,1.49140318,0.52274365
67.1200,0.50018354,2.85891828,0.59239796,0.49652977,1.49140830,0.52274275
67.1300,0.50018258,2.85892321,0.59240240,0.49653030,1.49141342,0.52274186
67.1400,0.50018162,2.85892813,0.59240684,0.49653082,1.49141853,0.52274096
67.1500,0.50018066,2.85893304,0.59241127,0.49653135,1.49142364,0.52274007
67.1600,0.50017970,2.85893795,0.59241571,0.49653188,1.49142875,0.52273918
67.1700,0.50017874,2.85894286,0.59242013,0.49653240,1.49143385,0.52273829
67.1800,0.50017778,2.85894776,0.59242456,0.49653293,1.49143895,0.52273740
67.1900,0.50017682,2.85895266,0.59242898,0.49653345,1.49144404,0.52273651
67.2000,0.50017587,2.85895755,0.59243340,0.49653398,1.49144913,0.52273562
67.2100,0.50017491,2.85896244,0.59243781,0.49653450,1.49145421,0.52273473
67.2200,0.50017396,2.85896733,0.59244222,0.49653503,1.49145929,0.52273385
67.2300,0.50017300,2.85897221,0.59244663,0.49653555,1.49146436,0.52273296
67.2400,0.50017205,2.85897709,0.59245104,0.49653607,1.49146943,0.52273208
67.2500,0.50017110,2.85898197,0.59245544,0.49653659,1.49147449,0.52273119
67.2600,0.50017014,2.85898684,0.59245984,0.49653712,1.49147955,0.52273031
67.2700,0.50016919,2.85899170,0.59246423,0.49653764,1.49148461,0.52272943
67.2800,0.50016824,2.85899657,0.59246863,0.49653816,1.49148966,0.52272855
67.2900,0.50016729,2.85900143,0.59247301,0.49653868,1.49149471,0.52272767
67.3000,0.50016634,2.85900628,0.59247740,0.49653920,1.49149975,0.52272679
67.3100,0.50016540,2.85901113,0.59248178,0.49653971,1.49150478,0.52272591
67.3200,0.50016445,2.85901598,0.59248616,0.49654023,1.49150982,0.52272503
67.3300,0.50016350,2.85902082,0.59249054,0.49654075,1.49151485,0.52272415
67.3400,0.50016256,2.85902566,0.59249491,0.49654127,1.49151987,0.52272328
67.3500,0.50016161,2.85903050,0.59249928,0.49654178,1.49152489,0.52272240
67.3600,0.50016067,2.85903533,0.59250364,0.49654230,1.49152990,0.52272153
67.3700,0.50015972,2.85904016,0.59250800,0.49654282,1.49153491,0.52272066
67.3800,0.50015878,2.85904498,0.59251236,0.49654333,1.49153992,0.52271978
67.3900,0.50015784,2.85904981,0.59251672,0.49654384,1.49154492,0.52271891
67.4000,0.50015690,2.85905462,0.59252107,0.49654436,1.49154992,0.52271804
67.4100,0.50015596,2.85905943,0.59252542,0.49654487,1.49155491,0.52271717
67.4200,0.50015502,2.85906424,0.59252977,0.49654538,1.49155990,0.52271630
67.4300,0.50015408,2.85906905,0.59253411,0.49654590,1.49156488,0.52271544
67.4400,0.50015314,2.85907385,0.59253845,0.49654641,1.49156986,0.52271457
67.4500,0.50015221,2.85907865,0.59254279,0.49654692,1.49157483,0.52271370
67.4600,0.50015127,2.85908344,0.59254712,0.49654743,1.49157980,0.52271284
67.4700,0.50015033,2.85908823,0.59255145,0.49654794,1.49158477,0.52271197
67.4800,0.50014940,2.85909302,0.59255577,0.49654845,1.49158973,0.52271111
67.4900,0.50014846,2.85909780,0.59256010,0.49654896,1.49159469,0.52271025
67.5000,0.50014753,2.85910258,0.59256442,0.49654947,1.49159964,0.52270938
67.5100,0.50014660,2.85910735,0.59256873,0.49654997,1.49160459,0.52270852
67.5200,0.50014567,2.85911212,0.59257305,0.49655048,1.49160953,0.52270766
67.5300,0.50014473,2.85911689,0.59257736,0.49655099,1.49161447,0.52270680
67.5400,0.50014380,2.85912165,0.59258166,0.49655149,1.49161940,0.52270595
67.5500,0.50014287,2.85912641,0.59258597,0.49655200,1.49162433,0.52270509
67.5600,0.50014195,2.85913117,0.59259027,0.49655251,1.49162926,0.52270423
67.5700,0.50014102,2.85913592,0.59259457,0.49655301,1.49163418,0.52270338
67.5800,0.50014009,2.85914066,0.59259886,0.49655351,1.49163909,0.52270252
67.5900,0.50013916,2.85914541,0.59260315,0.49655402,1.49164401,0.52270167
67.6000,0.50013824,2.85915015,0.59260744,0.49655452,1.49164891,0.52270081
67.6100,0.50013731,2.85915488,0.59261172,0.49655502,1.49165382,0.52269996
67.6200,0.50013639,2.85915962,0.59261601,0.49655553,1.49165872,0.52269911
67.6300,0.50013547,2.85916435,0.59262028,0.49655603,1.49166361,0.52269826
67.6400,0.50013454,2.85916907,0.59262456,0.49655653,1.49166850,0.52269741
67.6500,0.50013362,2.85917379,0.59262883,0.49655703,1.49167339,0.52269656
67.6600,0.50013270,2.85917851,0.59263310,0.49655753,1.49167827,0.52269571
67.6700,0.50013178,2.85918322,0.59263736,0.49655803,1.49168315,0.52269486
67.6800,0.50013086,2.85918793,0.59264163,0.49655853,1.49168802,0.52269402
67.6900,0.50012994,2.85919264,0.59264588,0.49655903,1.49169289,0.52269317
67.7000,0.50012902,2.85919734,0.59265014,0.49655952,1.49169775,0.52269233
67.7100,0.50012810,2.85920204,0.59265439,0.49656002,1.49170261,0.52269148
67.7200,0.50012719,2.85920673,0.59265864,0.49656052,1.49170747,0.52269064
67.7300,0.50012627,2.85921142,0.59266289,0.49656101,1.49171232,0.52268980
67.7400,0.50012536,2.85921611,0.59266713,0.49656151,1.49171716,0.52268896
67.7500,0.50012444,2.85922079,0.59267137,0.49656201,1.49172201,0.52268812
67.7600,0.50012353,2.85922547,0.59267561,0.49656250,1.49172684,0.52268728
67.7700,0.50012261,2.85923015,0.59267984,0.49656299,1.49173168,0.52268644
67.7800,0.50012170,2.85923482,0.59268407,0.49656349,1.49173651,0.52268560
67.7900,0.50012079,2.85923949,0.59268830,0.49656398,1.49174133,0.52268476
67.8000,0.50011988,2.85924416,0.59269252,0.49656447,1.49174615,0.52268393
67.8100,0.50011897,2.85924882,0.59269674,0.49656497,1.49175097,0.52268309
67.8200,0.50011806,2.85925347,0.59270096,0.49656546,1.49175578,0.52268226
67.8300,0.50011715,2.85925813,0.59270517,0.49656595,1.49176059,0.52268142
67.8400,0.50011624,2.85926278,0.59270939,0.49656644,1.49176539,0.52268059
67.8500,0.50011534,2.85926742,0.59271359,0.49656693,1.49177019,0.52267976
67.8600,0.50011443,2.85927206,0.59271780,0.49656742,1.49177498,0.52267893
67.8700,0.50011352,2.85927670,0.59272200,0.49656791,1.49177977,0.52267810
67.8800,0.50011262,2.85928134,0.59272620,0.49656840,1.49178456,0.52267727
67.8900,0.50011171,2.85928597,0.59273039,0.49656888,1.49178934,0.52267644
67.9000,0.50011081,2.85929060,0.59273459,0.49656937,1.49179412,0.52267561
67.9100,0.50010991,2.85929522,0.59273878,0.49656986,1.49179889,0.52267478
67.9200,0.50010901,2.85929984,0.59274296,0.49657035,1.49180366,0.52267396
67.9300,0.50010810,2.85930446,0.59274714,0.49657083,1.49180843,0.52267313
67.9400,0.50010720,2.85930907,0.59275132,0.49657132,1.49181319,0.52267231
67.9500,0.50010630,2.85931368,0.59275550,0.49657180,1.49181794,0.52267148
67.9600,0.50010540,2.85931828,0.59275967,0.49657229,1.49182269,0.52267066
67.9700,0.50010451,2.85932288,0.59276384,0.49657277,1.49182744,0.52266984
67.9800,0.50010361,2.85932748,0.59276801,0.49657325,1.49183218,0.52266902
67.9900,0.50010271,2.85933208,0.59277218,0.49657374,1.49183692,0.52266820
68.0000,0.50010182,2.85933667,0.59277634,0.49657422,1.49184166,0.52266738
68.0100,0.50010092,2.85934125,0.59278049,0.49657470,1.49184639,0.52266656
68.0200,0.50010003,2.85934584,0.59278465,0.49657518,1.49185111,0.52266574
68.0300,0.50009913,2.85935042,0.59278880,0.49657566,1.49185584,0.52266492
68.0400,0.50009824,2.85935499,0.59279295,0.49657614,1.49186055,0.52266411
68.0500,0.50009735,2.85935956,0.59279709,0.49657662,1.49186527,0.52266329
68.0600,0.50009645,2.85936413,0.59280124,0.49657710,1.49186998,0.52266248
68.0700,0.50009556,2.85936870,0.59280538,0.49657758,1.49187468,0.52266166
68.0800,0.50009467,2.85937326,0.59280951,0.49657806,1.49187938,0.52266085
68.0900,0.50009378,2.85937782,0.59281364,0.49657854,1.49188408,0.52266004
68.1000,0.50009289,2.85938237,0.59281777,0.49657902,1.49188877,0.52265923
68.1100,0.50009200,2.85938692,0.59282190,0.49657949,1.49189346,0.52265842
68.1200,0.50009112,2.85939147,0.59282603,0.49657997,1.49189814,0.52265761
68.1300,0.50009023,2.85939601,0.59283015,0.49658045,1.49190282,0.52265680
68.1400,0.50008934,2.85940055,0.59283426,0.49658092,1.49190750,0.52265599
68.1500,0.50008846,2.85940508,0.59283838,0.49658140,1.49191217,0.52265518
68.1600,0.50008757,2.85940962,0.59284249,0.49658187,1.49191684,0.52265438
68.1700,0.50008669,2.85941414,0.59284660,0.49658234,1.49192150,0.52265357
68.1800,0.50008581,2.85941867,0.59285070,0.49658282,1.49192616,0.52265277
68.1900,0.50008493,2.85942319,0.59285480,0.49658329,1.49193081,0.52265196
68.2000,0.50008404,2.85942771,0.59285890,0.49658376,1.49193546,0.52265116
68.2100,0.50008316,2.85943222,0.59286300,0.49658424,1.49194011,0.52265036
68.2200,0.50008228,2.85943673,0.59286709,0.49658471,1.49194475,0.52264956
68.2300,0.50008140,2.85944124,0.59287118,0.49658518,1.49194939,0.52264876
68.2400,0.50008052,2.85944574,0.59287527,0.49658565,1.49195402,0.52264796
68.2500,0.50007965,2.85945024,0.59287935,0.49658612,1.49195865,0.52264716
68.2600,0.50007877,2.85945474,0.59288343,0.49658659,1.49196328,0.52264636
68.2700,0.50007789,2.85945923,0.59288751,0.49658706,1.49196790,0.52264556
68.2800,0.50007702,2.85946372,0.59289158,0.49658753,1.49197252,0.52264476
68.2900,0.50007614,2.85946820,0.59289566,0.49658799,1.49197713,0.52264397
68.3000,0.50007527,2.85947268,0.59289972,0.49658846,1.49198174,0.52264317
68.3100,0.50007439,2.85947716,0.59290379,0.49658893,1.49198634,0.52264238
68.3200,0.50007352,2.85948163,0.59290785,0.49658939,1.49199094,0.52264158
68.3300,0.50007265,2.85948611,0.59291191,0.49658986,1.49199554,0.52264079
68.3400,0.50007177,2.85949057,0.59291597,0.49659033,1.49200013,0.52264000
68.3500,0.50007090,2.85949504,0.59292002,0.49659079,1.49200472,0.52263921
68.3600,0.50007003,2.85949950,0.59292407,0.49659126,1.49200930,0.52263842
68.3700,0.50006916,2.85950395,0.59292812,0.49659172,1.49201388,0.52263763
68.3800,0.50006829,2.85950840,0.59293216,0.49659218,1.49201846,0.52263684
68.3900,0.50006743,2.85951285,0.59293620,0.49659265,1.49202303,0.52263605
68.4000,0.50006656,2.85951730,0.59294024,0.49659311,1.49202760,0.52263527
68.4100,0.50006569,2.85952174,0.59294427,0.49659357,1.49203216,0.52263448
68.4200,0.50006483,2.85952618,0.59294831,0.49659403,1.49203672,0.52263369
68.4300,0.50006396,2.85953061,0.59295233,0.49659449,1.49204128,0.52263291
68.4400,0.50006309,2.85953505,0.59295636,0.49659495,1.49204583,0.52263212
68.4500,0.50006223,2.85953947,0.59296038,0.49659542,1.49205038,0.52263134
68.4600,0.50006137,2.85954390,0.59296440,0.49659587,1.49205492,0.52263056
68.4700,0.50006051,2.85954832,0.59296842,0.49659633,1.49205946,0.52262978
68.4800,0.50005964,2.85955274,0.59297243,0.49659679,1.49206399,0.52262900
68.4900,0.50005878,2.85955715,0.59297644,0.49659725,1.49206852,0.52262822
68.5000,0.50005792,2.85956156,0.59298045,0.49659771,1.49207305,0.52262744
68.5100,0.50005706,2.85956597,0.59298446,0.49659817,1.49207757,0.52262666
68.5200,0.50005620,2.85957037,0.59298846,0.49659862,1.49208209,0.52262588
68.5300,0.50005534,2.85957477,0.59299246,0.49659908,1.49208661,0.52262511
68.5400,0.50005449,2.85957916,0.59299645,0.49659954,1.49209112,0.52262433
68.5500,0.50005363,2.85958356,0.59300044,0.49659999,1.49209562,0.52262355
68.5600,0.50005277,2.85958795,0.59300443,0.49660045,1.49210012,0.52262278
68.5700,0.50005192,2.85959233,0.59300842,0.49660090,1.49210462,0.52262201
68.5800,0.50005106,2.85959671,0.59301240,0.49660135,1.49210912,0.52262123
68.5900,0.50005021,2.85960109,0.59301638,0.49660181,1.49211361,0.52262046
68.6000,0.50004935,2.85960547,0.59302036,0.49660226,1.49211809,0.52261969
68.6100,0.50004850,2.85960984,0.59302434,0.49660271,1.49212258,0.52261892
68.6200,0.50004765,2.85961421,0.59302831,0.49660317,1.49212705,0.52261815
68.6300,0.50004680,2.85961857,0.59303228,0.49660362,1.49213153,0.52261738
68.6400,0.50004595,2.85962293,0.59303624,0.49660407,1.49213600,0.52261661
68.6500,0.50004510,2.85962729,0.59304021,0.49660452,1.49214046,0.52261584
68.6600,0.50004425,2.85963164,0.59304417,0.49660497,1.49214493,0.52261508
68.6700,0.50004340,2.85963599,0.59304812,0.49660542,1.49214938,0.52261431
68.6800,0.50004255,2.85964034,0.59305208,0.49660587,1.49215384,0.52261355
68.6900,0.50004170,2.85964468,0.59305603,0.49660632,1.49215829,0.52261278
68.7000,0.50004086,2.85964902,0.59305997,0.49660676,1.49216273,0.52261202
68.7100,0.50004001,2.85965336,0.59306392,0.49660721,1.49216718,0.52261126
68.7200,0.50003917,2.85965769,0.59306786,0.49660766,1.49217161,0.52261049
68.7300,0.50003832,2.85966202,0.59307180,0.49660811,1.49217605,0.52260973
68.7400,0.50003748,2.85966635,0.59307574,0.49660855,1.49218048,0.52260897
68.7500,0.50003663,2.85967067,0.59307967,0.49660900,1.49218490,0.52260821
68.7600,0.50003579,2.85967499,0.59308360,0.49660944,1.49218933,0.52260745
68.7700,0.50003495,2.85967931,0.59308753,0.49660989,1.49219374,0.52260669
68.7800,0.50003411,2.85968362,0.59309145,0.49661033,1.49219816,0.52260594
68.7900,0.50003327,2.85968793,0.59309537,0.49661078,1.49220257,0.52260518
68.8000,0.50003243,2.85969223,0.59309929,0.49661122,1.49220698,0.52260442
68.8100,0.50003159,2.85969653,0.59310321,0.49661167,1.49221138,0.52260367
68.8200,0.50003075,2.85970083,0.59310712,0.49661211,1.49221578,0.52260292
68.8300,0.50002991,2.85970513,0.59311103,0.49661255,1.49222017,0.52260216
68.8400,0.50002908,2.85970942,0.59311493,0.49661299,1.49222456,0.52260141
68.8500,0.50002824,2.85971371,0.59311884,0.49661343,1.49222895,0.52260066
68.8600,0.50002740,2.85971799,0.59312274,0.49661387,1.49223333,0.52259991
68.8700,0.50002657,2.85972227,0.59312664,0.49661431,1.49223771,0.52259915
68.8800,0.50002574,2.85972655,0.59313053,0.49661475,1.49224208,0.52259840
68.8900,0.50002490,2.85973083,0.59313442,0.49661519,1.49224645,0.52259766
68.9000,0.50002407,2.85973510,0.59313831,0.49661563,1.49225082,0.52259691
68.9100,0.50002324,2.85973936,0.59314220,0.49661607,1.49225518,0.52259616
68.9200,0.50002240,2.85974363,0.59314608,0.49661651,1.49225954,0.52259541
68.9300,0.50002157,2.85974789,0.59314996,0.49661695,1.49226390,0.52259467
68.9400,0.50002074,2.85975215,0.59315384,0.49661738,1.49226825,0.52259392
68.9500,0.50001991,2.85975640,0.59315771,0.49661782,1.49227260,0.52259318
68.9600,0.50001908,2.85976065,0.59316158,0.49661826,1.49227694,0.52259243
68.9700,0.50001826,2.85976490,0.59316545,0.49661869,1.49228128,0.52259169
68.9800,0.50001743,2.85976914,0.59316932,0.49661913,1.49228561,0.52259095
68.9900,0.50001660,2.85977338,0.59317318,0.49661956,1.49228995,0.52259021
69.0000,0.50001578,2.85977762,0.59317704,0.49662000,1.49229427,0.52258947
69.0100,0.50001495,2.85978185,0.59318090,0.49662043,1.49229860,0.52258873
69.0200,0.50001413,2.85978608,0.59318475,0.49662086,1.49230292,0.52258799
69.0300,0.50001330,2.85979031,0.59318860,0.49662130,1.49230723,0.52258725
69.0400,0.50001248,2.85979453,0.59319245,0.49662173,1.49231154,0.52258651
69.0500,0.50001165,2.85979875,0.59319630,0.49662216,1.49231585,0.52258577
69.0600,0.50001083,2.85980297,0.59320014,0.49662259,1.49232016,0.52258504
69.0700,0.50001001,2.85980718,0.59320398,0.49662303,1.49232446,0.52258430
69.0800,0.50000919,2.85981139,0.59320782,0.49662346,1.49232875,0.52258357
69.0900,0.50000837,2.85981560,0.59321165,0.49662389,1.49233305,0.52258283
69.1000,0.50000755,2.85981980,0.59321548,0.49662432,1.49233734,0.52258210
69.1100,0.50000673,2.85982400,0.59321931,0.49662475,1.49234162,0.52258137
69.1200,0.50000591,2.85982820,0.59322313,0.49662517,1.49234590,0.52258064
69.1300,0.50000510,2.85983239,0.59322696,0.49662560,1.49235018,0.52257990
69.1400,0.50000428,2.85983658,0.59323078,0.49662603,1.49235445,0.52257917
69.1500,0.50000346,2.85984077,0.59323459,0.49662646,1.49235872,0.52257844
69.1600,0.50000265,2.85984495,0.59323841,0.49662689,1.49236299,0.52257772
69.1700,0.50000183,2.85984913,0.59324222,0.49662731,1.49236725,0.52257699
69.1800,0.50000102,2.85985331,0.59324603,0.49662774,1.49237151,0.52257626
69.1900,0.50000020,2.85985748,0.59324983,0.49662816,1.49237576,0.52257553
69.2000,0.49999939,2.85986165,0.59325363,0.49662859,1.49238001,0.52257481
69.2100,0.49999858,2.85986581,0.59325743,0.49662901,1.49238426,0.52257408
69.2200,0.49999777,2.85986998,0.59326123,0.49662944,1.49238850,0.52257336
69.2300,0.49999696,2.85987414,0.59326502,0.49662986,1.49239274,0.52257263
69.2400,0.49999615,2.85987829,0.59326881,0.49663029,1.49239698,0.52257191
69.2500,0.49999534,2.85988245,0.59327260,0.49663071,1.49240121,0.52257119
69.2600,0.49999453,2.85988660,0.59327639,0.49663113,1.49240544,0.52257047
69.2700,0.49999372,2.85989074,0.59328017,0.49663155,1.49240966,0.52256975
69.2800,0.49999291,2.85989488,0.59328395,0.49663198,1.49241388,0.52256903
69.2900,0.49999210,2.85989902,0.59328772,0.49663240,1.49241810,0.52256831
69.3000,0.49999130,2.85990316,0.59329150,0.49663282,1.49242231,0.52256759
69.3100,0.49999049,2.85990729,0.59329527,0.49663324,1.49242652,0.52256687
69.3200,0.49998969,2.85991142,0.59329904,0.49663366,1.49243072,0.52256615
69.3300,0.49998888,2.85991555,0.59330280,0.49663408,1.49243492,0.52256544
69.3400,0.49998808,2.85991967,0.59330657,0.49663450,1.49243912,0.52256472
69.3500,0.49998728,2.85992379,0.59331032,0.49663492,1.49244331,0.52256401
69.3600,0.49998647,2.85992791,0.59331408,0.49663534,1.49244750,0.52256329
69.3700,0.49998567,2.85993202,0.59331784,0.49663575,1.49245169,0.52256258
69.3800,0.49998487,2.85993613,0.59332159,0.49663617,1.49245587,0.52256187
69.3900,0.49998407,2.85994024,0.59332533,0.49663659,1.49246005,0.52256116
69.4000,0.49998327,2.85994434,0.59332908,0.49663700,1.49246422,0.52256044
69.4100,0.49998247,2.85994844,0.59333282,0.49663742,1.49246840,0.52255973
69.4200,0.49998167,2.85995254,0.59333656,0.49663784,1.49247256,0.52255902
69.4300,0.49998087,2.85995663,0.59334030,0.49663825,1.49247673,0.52255831
69.4400,0.49998008,2.85996072,0.59334403,0.49663867,1.49248089,0.52255761
69.4500,0.49997928,2.85996481,0.59334777,0.49663908,1.49248504,0.52255690
69.4600,0.49997848,2.85996889,0.59335149,0.49663949,1.49248919,0.52255619
69.4700,0.49997769,2.85997297,0.59335522,0.49663991,1.49249334,0.52255549
69.4800,0.49997690,2.85997705,0.59335894,0.49664032,1.49249749,0.52255478
69.4900,0.49997610,2.85998112,0.59336266,0.49664073,1.49250163,0.52255408
69.5000,0.49997531,2.85998519,0.59336638,0.49664115,1.49250577,0.52255337
69.5100,0.49997451,2.85998926,0.59337010,0.49664156,1.49250990,0.52255267
69.5200,0.49997372,2.85999332,0.59337381,0.49664197,1.49251403,0.52255197
69.5300,0.49997293,2.85999739,0.59337752,0.49664238,1.49251815,0.52255126
69.5400,0.49997214,2.86000144,0.59338122,0.49664279,1.49252228,0.52255056
69.5500,0.49997135,2.86000550,0.59338493,0.49664320,1.49252640,0.52254986
69.5600,0.49997056,2.86000955,0.59338863,0.49664361,1.49253051,0.52254916
69.5700,0.49996977,2.86001360,0.59339232,0.49664402,1.49253462,0.52254846
69.5800,0.49996898,2.86001764,0.59339602,0.49664443,1.49253873,0.52254776
69.5900,0.49996820,2.86002168,0.59339971,0.49664484,1.49254283,0.52254707
69.6000,0.49996741,2.86002572,0.59340340,0.49664524,1.49254693,0.52254637
69.6100,0.49996662,2.86002975,0.59340709,0.49664565,1.49255103,0.52254567
69.6200,0.49996584,2.86003379,0.59341077,0.49664606,1.49255512,0.52254498
69.6300,0.49996505,2.86003781,0.59341445,0.49664646,1.49255921,0.52254428
69.6400,0.49996427,2.86004184,0.59341813,0.49664687,1.49256330,0.52254359
69.6500,0.49996348,2.86004586,0.59342181,0.49664728,1.49256738,0.52254290
69.6600,0.49996270,2.86004988,0.59342548,0.49664768,1.49257146,0.52254220
69.6700,0.49996192,2.86005390,0.59342915,0.49664809,1.49257553,0.52254151
69.6800,0.49996114,2.86005791,0.59343282,0.49664849,1.49257960,0.52254082
69.6900,0.49996036,2.86006192,0.59343648,0.49664889,1.49258367,0.52254013
69.7000,0.49995958,2.86006592,0.59344014,0.49664930,1.49258773,0.52253944
69.7100,0.49995880,2.86006993,0.59344380,0.49664970,1.49259179,0.52253875
69.7200,0.49995802,2.86007393,0.59344746,0.49665010,1.49259585,0.52253806
69.7300,0.49995724,2.86007792,0.59345111,0.49665051,1.49259990,0.52253737
69.7400,0.49995646,2.86008191,0.59345476,0.49665091,1.49260395,0.52253669
69.7500,0.49995568,2.86008590,0.59345841,0.49665131,1.49260799,0.52253600
69.7600,0.49995490,2.86008989,0.59346206,0.49665171,1.49261204,0.52253531
69.7700,0.49995413,2.86009387,0.59346570,0.49665211,1.49261607,0.52253463
69.7800,0.49995335,2.86009785,0.59346934,0.49665251,1.49262011,0.52253394
69.7900,0.49995258,2.86010183,0.59347298,0.49665291,1.49262414,0.52253326
69.8000,0.49995180,2.86010581,0.59347661,0.49665331,1.49262817,0.52253258
69.8100,0.49995103,2.86010978,0.59348024,0.49665371,1.49263219,0.52253190
69.8200,0.49995026,2.86011374,0.59348387,0.49665411,1.49263621,0.52253121
69.8300,0.49994948,2.86011771,0.59348750,0.49665451,1.49264023,0.52253053
69.8400,0.49994871,2.86012167,0.59349112,0.49665490,1.49264424,0.52252985
69.8500,0.49994794,2.86012563,0.59349474,0.49665530,1.49264825,0.52252917
69.8600,0.49994717,2.86012958,0.59349836,0.49665570,1.49265225,0.52252849
69.8700,0.49994640,2.86013353,0.59350198,0.49665610,1.49265625,0.52252782
69.8800,0.49994563,2.86013748,0.59350559,0.49665649,1.49266025,0.52252714
69.8900,0.49994486,2.86014143,0.59350920,0.49665689,1.49266425,0.52252646
69.9000,0.49994410,2.86014537,0.59351281,0.49665728,1.49266824,0.52252579
69.9100,0.49994333,2.86014931,0.59351641,0.49665768,1.49267222,0.52252511
69.9200,0.49994256,2.86015324,0.59352001,0.49665807,1.49267621,0.52252444
69.9300,0.49994180,2.86015718,0.59352361,0.49665846,1.49268019,0.52252376
69.9400,0.49994103,2.86016111,0.59352721,0.49665886,1.49268416,0.52252309
69.9500,0.49994027,2.86016503,0.59353080,0.49665925,1.49268814,0.52252242
69.9600,0.49993950,2.86016896,0.59353439,0.49665964,1.49269211,0.52252175
69.9700,0.49993874,2.86017288,0.59353798,0.49666004,1.49269607,0.52252107
69.9800,0.49993797,2.86017679,0.59354157,0.49666043,1.49270003,0.52252040
69.9900,0.49993721,2.86018071,0.59354515,0.49666082,1.49270399,0.52251973
70.0000,0.49993645,2.86018462,0.59354873,0.49666121,1.49270795,0.52251906
70.0100,0.49993569,2.86018853,0.59355231,0.49666160,1.49271190,0.52251840
70.0200,0.49993493,2.86019243,0.59355588,0.49666199,1.49271585,0.52251773
70.0300,0.49993417,2.86019633,0.59355945,0.49666238,1.49271979,0.52251706
70.0400,0.49993341,2.86020023,0.59356302,0.49666277,1.49272373,0.52251639
70.0500,0.49993265,2.86020412,0.59356659,0.49666316,1.49272767,0.52251573
70.0600,0.49993189,2.86020802,0.59357015,0.49666355,1.49273160,0.52251506
70.0700,0.49993113,2.86021191,0.59357372,0.49666394,1.49273553,0.52251440
70.0800,0.49993038,2.86021579,0.59357727,0.49666432,1.49273946,0.52251374
70.0900,0.49992962,2.86021967,0.59358083,0.49666471,1.49274338,0.52251307
70.1000,0.49992887,2.86022355,0.59358438,0.49666510,1.49274730,0.52251241
70.1100,0.49992811,2.86022743,0.59358793,0.49666549,1.49275122,0.52251175
70.1200,0.49992736,2.86023130,0.59359148,0.49666587,1.49275513,0.52251109
70.1300,0.49992660,2.86023517,0.59359503,0.49666626,1.49275904,0.52251043
70.1400,0.49992585,2.86023904,0.59359857,0.49666664,1.49276295,0.52250977
70.1500,0.49992510,2.86024290,0.59360211,0.49666703,1.49276685,0.52250911
70.1600,0.49992434,2.86024677,0.59360565,0.49666741,1.49277075,0.52250845
70.1700,0.49992359,2.86025062,0.59360918,0.49666780,1.49277464,0.52250779
70.1800,0.49992284,2.86025448,0.59361271,0.49666818,1.49277853,0.52250714
70.1900,0.49992209,2.86025833,0.59361624,0.49666856,1.49278242,0.52250648
70.2000,0.49992134,2.86026218,0.59361977,0.49666895,1.49278630,0.52250582
70.2100,0.49992059,2.86026602,0.59362329,0.49666933,1.49279019,0.52250517
70.2200,0.49991985,2.86026987,0.59362681,0.49666971,1.49279406,0.52250451
70.2300,0.49991910,2.86027371,0.59363033,0.49667009,1.49279794,0.52250386
70.2400,0.49991835,2.86027754,0.59363385,0.49667047,1.49280181,0.52250321
70.2500,0.49991760,2.86028138,0.59363736,0.49667086,1.49280567,0.52250256
70.2600,0.49991686,2.86028521,0.59364087,0.49667124,1.49280954,0.52250190
70.2700,0.49991611,2.86028903,0.59364438,0.49667162,1.49281340,0.52250125
70.2800,0.49991537,2.86029286,0.59364789,0.49667200,1.49281725,0.52250060
70.2900,0.49991462,2.86029668,0.59365139,0.49667238,1.49282111,0.52249995
70.3000,0.49991388,2.86030050,0.59365489,0.49667275,1.49282496,0.52249930
70.3100,0.49991314,2.86030431,0.59365839,0.49667313,1.49282880,0.52249866
70.3200,0.49991240,2.86030812,0.59366188,0.49667351,1.49283265,0.52249801
70.3300,0.49991165,2.86031193,0.59366537,0.49667389,1.49283648,0.52249736
70.3400,0.49991091,2.86031574,0.59366886,0.49667427,1.49284032,0.52249671
70.3500,0.49991017,2.86031954,0.59367235,0.49667464,1.49284415,0.52249607
70.3600,0.49990943,2.86032334,0.59367584,0.49667502,1.49284798,0.52249542
70.3700,0.49990869,2.86032713,0.59367932,0.49667540,1.49285181,0.52249478
70.3800,0.49990796,2.86033093,0.59368280,0.49667577,1.49285563,0.52249414
70.3900,0.49990722,2.86033472,0.59368627,0.49667615,1.49285945,0.52249349
70.4000,0.49990648,2.86033851,0.59368975,0.49667652,1.49286326,0.52249285
70.4100,0.49990574,2.86034229,0.59369322,0.49667690,1.49286707,0.52249221
70.4200,0.49990501,2.86034607,0.59369669,0.49667727,1.49287088,0.52249157
70.4300,0.49990427,2.86034985,0.59370015,0.49667764,1.49287469,0.52249093
70.4400,0.49990354,2.86035363,0.59370362,0.49667802,1.49287849,0.52249029
70.4500,0.49990280,2.86035740,0.59370708,0.49667839,1.49288229,0.52248965
70.4600,0.49990207,2.86036117,0.59371053,0.49667876,1.49288608,0.52248901
70.4700,0.49990133,2.86036493,0.59371399,0.49667914,1.49288987,0.52248837
70.4800,0.49990060,2.86036870,0.59371744,0.49667951,1.49289366,0.52248773
70.4900,0.49989987,2.86037246,0.59372089,0.49667988,1.49289744,0.52248710
70.5000,0.49989914,2.86037621,0.59372434,0.49668025,1.49290122,0.52248646
70.5100,0.49989841,2.86037997,0.59372779,0.49668062,1.49290500,0.52248583
70.5200,0.49989768,2.86038372,0.59373123,0.49668099,1.49290877,0.52248519
70.5300,0.49989695,2.86038747,0.59373467,0.49668136,1.49291254,0.52248456
70.5400,0.49989622,2.86039121,0.59373811,0.49668173,1.49291631,0.52248392
70.5500,0.49989549,2.86039496,0.59374154,0.49668210,1.49292008,0.52248329
70.5600,0.49989476,2.86039869,0.59374497,0.49668247,1.49292384,0.52248266
70.5700,0.49989403,2.86040243,0.59374840,0.49668284,1.49292759,0.52248203
70.5800,0.49989331,2.86040616,0.59375183,0.49668320,1.49293135,0.52248140
70.5900,0.49989258,2.86040989,0.59375526,0.49668357,1.49293510,0.52248077
70.6000,0.49989186,2.86041362,0.59375868,0.49668394,1.49293884,0.52248014
70.6100,0.49989113,2.86041735,0.59376210,0.49668431,1.49294259,0.52247951
70.6200,0.49989041,2.86042107,0.59376551,0.49668467,1.49294633,0.52247888
70.6300,0.49988968,2.86042479,0.59376893,0.49668504,1.49295006,0.52247825
70.6400,0.49988896,2.86042850,0.59377234,0.49668540,1.49295380,0.52247763
70.6500,0.49988824,2.86043221,0.59377575,0.49668577,1.49295753,0.52247700
70.6600,0.49988751,2.86043592,0.59377915,0.49668613,1.49296125,0.52247638
70.6700,0.49988679,2.86043963,0.59378256,0.49668650,1.49296498,0.52247575
70.6800,0.49988607,2.86044333,0.59378596,0.49668686,1.49296870,0.52247513
70.6900,0.49988535,2.86044703,0.59378936,0.49668723,1.49297241,0.52247450
70.7000,0.49988463,2.86045073,0.59379276,0.49668759,1.49297613,0.52247388
70.7100,0.49988391,2.86045442,0.59379615,0.49668795,1.49297984,0.52247326
70.7200,0.49988319,2.86045812,0.59379954,0.49668831,1.49298354,0.52247264
70.7300,0.49988248,2.86046180,0.59380293,0.49668868,1.49298725,0.52247201
70.7400,0.49988176,2.86046549,0.59380631,0.49668904,1.49299094,0.52247139
70.7500,0.49988104,2.86046917,0.59380970,0.49668940,1.49299464,0.52247077
70.7600,0.49988033,2.86047285,0.59381308,0.49668976,1.49299833,0.52247016
70.7700,0.49987961,2.86047653,0.59381646,0.49669012,1.49300202,0.52246954
70.7800,0.49987890,2.86048020,0.59381983,0.49669048,1.49300571,0.52246892
70.7900,0.49987818,2.86048387,0.59382321,0.49669084,1.49300939,0.52246830
70.8000,0.49987747,2.86048754,0.59382658,0.49669120,1.49301307,0.52246768
70.8100,0.49987675,2.86049121,0.59382995,0.49669156,1.49301675,0.52246707
70.8200,0.49987604,2.86049487,0.59383331,0.49669192,1.49302042,0.52246645
70.8300,0.49987533,2.86049853,0.59383667,0.49669228,1.49302409,0.52246584
70.8400,0.49987462,2.86050219,0.59384003,0.49669263,1.49302776,0.52246522
70.8500,0.49987391,2.86050584,0.59384339,0.49669299,1.49303142,0.52246461
70.8600,0.49987320,2.86050949,0.59384675,0.49669335,1.49303508,0.52246400
70.8700,0.49987249,2.86051314,0.59385010,0.49669371,1.49303874,0.52246339
70.8800,0.49987178,2.86051678,0.59385345,0.49669406,1.49304239,0.52246277
70.8900,0.49987107,2.86052042,0.59385680,0.49669442,1.49304604,0.52246216
70.9000,0.49987036,2.86052406,0.59386015,0.49669478,1.49304969,0.52246155
70.9100,0.49986965,2.86052770,0.59386349,0.49669513,1.49305333,0.52246094
70.9200,0.49986894,2.86053133,0.59386683,0.49669549,1.49305697,0.52246033
70.9300,0.49986824,2.86053496,0.59387017,0.49669584,1.49306061,0.52245973
70.9400,0.49986753,2.86053859,0.59387350,0.49669619,1.49306424,0.52245912
70.9500,0.49986683,2.86054221,0.59387683,0.49669655,1.49306787,0.52245851
70.9600,0.49986612,2.86054583,0.59388016,0.49669690,1.49307150,0.52245790
70.9700,0.49986542,2.86054945,0.59388349,0.49669725,1.49307512,0.52245730
70.9800,0.49986471,2.86055307,0.59388682,0.49669761,1.49307875,0.52245669
70.9900,0.49986401,2.86055668,0.59389014,0.49669796,1.49308236,0.52245609
71.0000,0.49986331,2.86056029,0.59389346,0.49669831,1.49308598,0.52245548
71.0100,0.49986261,2.86056390,0.59389678,0.49669866,1.49308959,0.52245488
71.0200,0.49986191,2.86056750,0.59390009,0.49669901,1.49309319,0.52245428
71.0300,0.49986121,2.86057110,0.59390341,0.49669937,1.49309680,0.52245367
71.0400,0.49986051,2.86057470,0.59390672,0.49669972,1.49310040,0.52245307
71.0500,0.49985981,2.86057830,0.59391003,0.49670007,1.49310400,0.52245247
71.0600,0.49985911,2.86058189,0.59391333,0.49670042,1.49310759,0.52245187
71.0700,0.49985841,2.86058548,0.59391663,0.49670077,1.49311118,0.52245127
71.0800,0.49985771,2.86058906,0.59391993,0.49670111,1.49311477,0.52245067
71.0900,0.49985701,2.86059265,0.59392323,0.49670146,1.49311836,0.52245007
71.1000,0.49985632,2.86059623,0.59392653,0.49670181,1.49312194,0.52244948
71.1100,0.49985562,2.86059981,0.59392982,0.49670216,1.49312552,0.52244888
71.1200,0.49985492,2.86060338,0.59393311,0.49670251,1.49312909,0.52244828
71.1300,0.49985423,2.86060696,0.59393640,0.49670285,1.49313266,0.52244769
71.1400,0.49985354,2.86061052,0.59393968,0.49670320,1.49313623,0.52244709
71.1500,0.49985284,2.86061409,0.59394297,0.49670355,1.49313980,0.52244649
71.1600,0.49985215,2.86061766,0.59394625,0.49670389,1.49314336,0.52244590
71.1700,0.49985145,2.86062122,0.59394952,0.49670424,1.49314692,0.52244531
71.1800,0.49985076,2.86062477,0.59395280,0.49670459,1.49315047,0.52244471
71.1900,0.49985007,2.86062833,0.59395607,0.49670493,1.49315403,0.52244412
71.2000,0.49984938,2.86063188,0.59395934,0.49670527,1.49315757,0.52244353
71.2100,0.49984869,2.86063543,0.59396261,0.49670562,1.49316112,0.52244294
71.2200,0.49984800,2.86063898,0.59396588,0.49670596,1.49316466,0.52244235
71.2300,0.49984731,2.86064252,0.59396914,0.49670631,1.49316820,0.52244176
71.2400,0.49984662,2.86064606,0.59397240,0.49670665,1.49317174,0.52244117
71.2500,0.49984593,2.86064960,0.59397566,0.49670699,1.49317527,0.52244058
71.2600,0.49984524,2.86065314,0.59397892,0.49670734,1.49317880,0.52243999
71.2700,0.49984456,2.86065667,0.59398217,0.49670768,1.49318233,0.52243940
71.2800,0.49984387,2.86066020,0.59398542,0.49670802,1.49318585,0.52243882
71.2900,0.49984319,2.86066373,0.59398867,0.49670836,1.49318937,0.52243823
71.3000,0.49984250,2.86066725,0.59399191,0.49670870,1.49319289,0.52243764
71.3100,0.49984181,2.86067077,0.59399516,0.49670904,1.49319641,0.52243706
71.3200,0.49984113,2.86067429,0.59399840,0.49670938,1.49319992,0.52243647
71.3300,0.49984045,2.86067781,0.59400164,0.49670972,1.49320343,0.52243589
71.3400,0.49983976,2.86068132,0.59400487,0.49671006,1.49320693,0.52243531
71.3500,0.49983908,2.86068483,0.59400811,0.49671040,1.49321043,0.52243472
71.3600,0.49983840,2.86068834,0.59401134,0.49671074,1.49321393,0.52243414
71.3700,0.49983772,2.86069184,0.59401457,0.49671108,1.49321743,0.52243356
71.3800,0.49983704,2.86069534,0.59401779,0.49671142,1.49322092,0.52243298
71.3900,0.49983635,2.86069884,0.59402102,0.49671176,1.49322441,0.52243240
71.4000,0.49983567,2.86070234,0.59402424,0.49671209,1.49322789,0.52243182
71.4100,0.49983500,2.86070583,0.59402746,0.49671243,1.49323137,0.52243124
71.4200,0.49983432,2.86070932,0.59403068,0.49671277,1.49323485,0.52243066
71.4300,0.49983364,2.86071281,0.59403389,0.49671310,1.49323833,0.52243008
71.4400,0.49983296,2.86071629,0.59403710,0.49671344,1.49324180,0.52242950
71.4500,0.49983228,2.86071977,0.59404031,0.49671377,1.49324527,0.52242893
71.4600,0.49983161,2.86072325,0.59404352,0.49671411,1.49324874,0.52242835
71.4700,0.49983093,2.86072673,0.59404672,0.49671445,1.49325220,0.52242778
71.4800,0.49983025,2.86073020,0.59404993,0.49671478,1.49325567,0.52242720
71.4900,0.49982958,2.86073367,0.59405313,0.49671511,1.49325912,0.52242663
71.5000,0.49982890,2.86073714,0.59405632,0.49671545,1.49326258,0.52242605
71.5100,0.49982823,2.86074061,0.59405952,0.49671578,1.49326603,0.52242548
71.5200,0.49982756,2.86074407,0.59406271,0.49671612,1.49326948,0.52242491
71.5300,0.49982688,2.86074753,0.59406590,0.49671645,1.49327292,0.52242433
71.5400,0.49982621,2.86075099,0.59406909,0.49671678,1.49327636,0.52242376
71.5500,0.49982554,2.86075444,0.59407227,0.49671711,1.49327980,0.52242319
71.5600,0.49982487,2.86075789,0.59407546,0.49671744,1.49328324,0.52242262
71.5700,0.49982420,2.86076134,0.59407864,0.49671778,1.49328667,0.52242205
71.5800,0.49982353,2.86076479,0.59408182,0.49671811,1.49329010,0.52242148
71.5900,0.49982286,2.86076823,0.59408499,0.49671844,1.49329353,0.52242091
71.6000,0.49982219,2.86077167,0.59408816,0.49671877,1.49329695,0.52242034
71.6100,0.49982152,2.86077511,0.59409134,0.49671910,1.49330037,0.52241978
71.6200,0.49982085,2.86077854,0.59409450,0.49671943,1.49330379,0.52241921
71.6300,0.49982019,2.86078198,0.59409767,0.49671976,1.49330720,0.52241864
71.6400,0.49981952,2.86078541,0.59410083,0.49672009,1.49331061,0.52241808
71.6500,0.49981885,2.86078883,0.59410400,0.49672042,1.49331402,0.52241751
71.6600,0.49981819,2.86079226,0.59410715,0.49672074,1.49331743,0.52241695
71.6700,0.49981752,2.86079568,0.59411031,0.49672107,1.49332083,0.52241638
71.6800,0.49981686,2.86079910,0.59411347,0.49672140,1.49332423,0.52241582
71.6900,0.49981619,2.86080251,0.59411662,0.49672173,1.49332762,0.52241526
71.7000,0.49981553,2.86080593,0.59411977,0.49672205,1.49333101,0.52241470
71.7100,0.49981487,2.86080934,0.59412291,0.49672238,1.49333440,0.52241413
71.7200,0.49981420,2.86081274,0.59412606,0.49672271,1.49333779,0.52241357
71.7300,0.49981354,2.86081615,0.59412920,0.49672303,1.49334117,0.52241301
71.7400,0.49981288,2.86081955,0.59413234,0.49672336,1.49334455,0.52241245
71.7500,0.49981222,2.86082295,0.59413548,0.49672368,1.49334793,0.52241189
71.7600,0.49981156,2.86082635,0.59413861,0.49672401,1.49335131,0.52241133
71.7700,0.49981090,2.86082974,0.59414175,0.49672433,1.49335468,0.52241078
71.7800,0.49981024,2.86083313,0.59414488,0.49672466,1.49335804,0.52241022
71.7900,0.49980958,2.86083652,0.59414801,0.49672498,1.49336141,0.52240966
71.8000,0.49980892,2.86083991,0.59415113,0.49672531,1.49336477,0.52240911
71.8100,0.49980826,2.86084329,0.59415425,0.49672563,1.49336813,0.52240855
71.8200,0.49980761,2.86084667,0.59415738,0.49672595,1.49337149,0.52240799
71.8300,0.49980695,2.86085005,0.59416049,0.49672627,1.49337484,0.52240744
71.8400,0.49980629,2.86085342,0.59416361,0.49672660,1.49337819,0.52240688
71.8500,0.49980564,2.86085679,0.59416672,0.49672692,1.49338154,0.52240633
71.8600,0.49980498,2.86086016,0.59416984,0.49672724,1.49338488,0.52240578
71.8700,0.49980433,2.86086353,0.59417295,0.49672756,1.49338822,0.52240523
71.8800,0.49980367,2.86086690,0.59417605,0.49672788,1.49339156,0.52240467
71.8900,0.49980302,2.86087026,0.59417916,0.49672820,1.49339489,0.52240412
71.9000,0.49980237,2.86087362,0.59418226,0.49672852,1.49339823,0.52240357
71.9100,0.49980172,2.86087697,0.59418536,0.49672884,1.49340155,0.52240302
71.9200,0.49980106,2.86088033,0.59418846,0.49672916,1.49340488,0.52240247
71.9300,0.49980041,2.86088368,0.59419155,0.49672948,1.49340820,0.52240192
71.9400,0.49979976,2.86088702,0.59419465,0.49672980,1.49341152,0.52240137
71.9500,0.49979911,2.86089037,0.59419774,0.49673012,1.49341484,0.52240083
71.9600,0.49979846,2.86089371,0.59420082,0.49673044,1.49341815,0.52240028
71.9700,0.49979781,2.86089705,0.59420391,0.49673075,1.49342146,0.52239973
71.9800,0.49979716,2.86090039,0.59420699,0.49673107,1.49342477,0.52239919
71.9900,0.49979652,2.86090372,0.59421008,0.49673139,1.49342808,0.52239864
72.0000,0.49979587,2.86090706,0.59421315,0.49673171,1.49343138,0.52239809
72.0100,0.49979522,2.86091039,0.59421623,0.49673202,1.49343468,0.52239755
72.0200,0.49979457,2.86091371,0.59421931,0.49673234,1.49343797,0.52239701
72.0300,0.49979393,2.86091704,0.59422238,0.49673265,1.49344127,0.52239646
72.0400,0.49979328,2.86092036,0.59422545,0.49673297,1.49344456,0.52239592
72.0500,0.49979264,2.86092368,0.59422851,0.49673328,1.49344784,0.52239538
72.0600,0.49979199,2.86092699,0.59423158,0.49673360,1.49345113,0.52239484
72.0700,0.49979135,2.86093031,0.59423464,0.49673391,1.49345441,0.52239429
72.0800,0.49979070,2.86093362,0.59423770,0.49673423,1.49345769,0.52239375
72.0900,0.49979006,2.86093693,0.59424076,0.49673454,1.49346096,0.52239321
72.1000,0.49978942,2.86094023,0.59424382,0.49673486,1.49346423,0.52239267
72.1100,0.49978878,2.86094353,0.59424687,0.49673517,1.49346750,0.52239213
72.1200,0.49978814,2.86094683,0.59424992,0.49673548,1.49347077,0.52239160
72.1300,0.49978749,2.86095013,0.59425297,0.49673579,1.49347403,0.52239106
72.1400,0.49978685,2.86095343,0.59425602,0.49673611,1.49347729,0.52239052
72.1500,0.49978621,2.86095672,0.59425906,0.49673642,1.49348055,0.52238998
72.1600,0.49978558,2.86096001,0.59426210,0.49673673,1.49348380,0.52238945
72.1700,0.49978494,2.86096330,0.59426514,0.49673704,1.49348706,0.52238891
72.1800,0.49978430,2.86096658,0.59426818,0.49673735,1.49349030,0.52238838
72.1900,0.49978366,2.86096986,0.59427121,0.49673766,1.49349355,0.52238784
72.2000,0.49978302,2.86097314,0.59427425,0.49673797,1.49349679,0.52238731
72.2100,0.49978239,2.86097642,0.59427728,0.49673828,1.49350003,0.52238678
72.2200,0.49978175,2.86097969,0.59428031,0.49673859,1.49350327,0.52238624
72.2300,0.49978111,2.86098296,0.59428333,0.49673890,1.49350650,0.52238571
72.2400,0.49978048,2.86098623,0.59428636,0.49673921,1.49350973,0.52238518
72.2500,0.49977984,2.86098950,0.59428938,0.49673952,1.49351296,0.52238465
72.2600,0.49977921,2.86099276,0.59429240,0.49673983,1.49351619,0.52238412
72.2700,0.49977858,2.86099602,0.59429541,0.49674013,1.49351941,0.52238359
72.2800,0.49977794,2.86099928,0.59429843,0.49674044,1.49352263,0.52238306
72.2900,0.49977731,2.86100254,0.59430144,0.49674075,1.49352584,0.52238253
72.3000,0.49977668,2.86100579,0.59430445,0.49674106,1.49352906,0.52238200
72.3100,0.49977605,2.86100904,0.59430746,0.49674136,1.49353227,0.52238147
72.3200,0.49977542,2.86101229,0.59431046,0.49674167,1.49353548,0.52238094
72.3300,0.49977478,2.86101553,0.59431347,0.49674198,1.49353868,0.52238042
72.3400,0.49977415,2.86101877,0.59431647,0.49674228,1.49354188,0.52237989
72.3500,0.49977353,2.86102201,0.59431947,0.49674259,1.49354508,0.52237936
72.3600,0.49977290,2.86102525,0.59432246,0.49674289,1.49354828,0.52237884
72.3700,0.49977227,2.86102849,0.59432546,0.49674320,1.49355147,0.52237831
72.3800,0.49977164,2.86103172,0.59432845,0.49674350,1.49355466,0.52237779
72.3900,0.49977101,2.86103495,0.59433144,0.49674380,1.49355785,0.52237727
72.4000,0.49977038,2.86103818,0.59433442,0.49674411,1.49356103,0.52237674
72.4100,0.49976976,2.86104140,0.59433741,0.49674441,1.49356421,0.52237622
72.4200,0.49976913,2.86104462,0.59434039,0.49674471,1.49356739,0.52237570
72.4300,0.49976851,2.86104784,0.59434337,0.49674502,1.49357057,0.52237518
72.4400,0.49976788,2.86105106,0.59434635,0.49674532,1.49357374,0.52237466
72.4500,0.49976726,2.86105427,0.59434933,0.49674562,1.49357691,0.52237414
72.4600,0.49976663,2.86105748,0.59435230,0.49674592,1.49358008,0.52237362
72.4700,0.49976601,2.86106069,0.59435527,0.49674623,1.49358324,0.52237310
72.4800,0.49976539,2.86106390,0.59435824,0.49674653,1.49358641,0.52237258
72.4900,0.49976476,2.86106710,0.59436121,0.49674683,1.49358956,0.52237206
72.5000,0.49976414,2.86107031,0.59436417,0.49674713,1.49359272,0.52237154
72.5100,0.49976352,2.86107350,0.59436714,0.49674743,1.49359587,0.52237102
72.5200,0.49976290,2.86107670,0.59437010,0.49674773,1.49359902,0.52237051
72.5300,0.49976228,2.86107989,0.59437306,0.49674803,1.49360217,0.52236999
72.5400,0.49976166,2.86108308,0.59437601,0.49674833,1.49360531,0.52236948
72.5500,0.49976104,2.86108627,0.59437896,0.49674863,1.49360846,0.52236896
72.5600,0.49976042,2.86108946,0.59438192,0.49674892,1.49361160,0.52236845
72.5700,0.49975980,2.86109264,0.59438487,0.49674922,1.49361473,0.52236793
72.5800,0.49975918,2.86109582,0.59438781,0.49674952,1.49361786,0.52236742
72.5900,0.49975857,2.86109900,0.59439076,0.49674982,1.49362099,0.52236691
72.6000,0.49975795,2.86110218,0.59439370,0.49675012,1.49362412,0.52236639
72.6100,0.49975733,2.86110535,0.59439664,0.49675041,1.49362725,0.52236588
72.6200,0.49975672,2.86110852,0.59439958,0.49675071,1.49363037,0.52236537
72.6300,0.49975610,2.86111169,0.59440251,0.49675101,1.49363349,0.52236486
72.6400,0.49975549,2.86111486,0.59440545,0.49675130,1.49363660,0.52236435
72.6500,0.49975487,2.86111802,0.59440838,0.49675160,1.49363972,0.52236384
72.6600,0.49975426,2.86112118,0.59441131,0.49675189,1.49364283,0.52236333
72.6700,0.49975365,2.86112434,0.59441424,0.49675219,1.49364593,0.52236282
72.6800,0.49975303,2.86112749,0.59441716,0.49675248,1.49364904,0.52236231
72.6900,0.49975242,2.86113065,0.59442008,0.49675278,1.49365214,0.52236181
72.7000,0.49975181,2.86113380,0.59442300,0.49675307,1.49365524,0.52236130
72.7100,0.49975120,2.86113695,0.59442592,0.49675337,1.49365834,0.52236079
72.7200,0.49975059,2.86114009,0.59442884,0.49675366,1.49366143,0.52236029
72.7300,0.49974997,2.86114323,0.59443175,0.49675395,1.49366452,0.52235978
72.7400,0.49974936,2.86114637,0.59443466,0.49675425,1.49366761,0.52235927
72.7500,0.49974876,2.86114951,0.59443757,0.49675454,1.49367069,0.52235877
72.7600,0.49974815,2.86115265,0.59444048,0.49675483,1.49367378,0.52235827
72.7700,0.49974754,2.86115578,0.59444338,0.49675512,1.49367686,0.52235776
72.7800,0.49974693,2.86115891,0.59444629,0.49675542,1.49367993,0.52235726
72.7900,0.49974632,2.86116204,0.59444919,0.49675571,1.49368301,0.52235676
72.8000,0.49974571,2.86116516,0.59445209,0.49675600,1.49368608,0.52235626
72.8100,0.49974511,2.86116829,0.59445498,0.49675629,1.49368915,0.52235575
72.8200,0.49974450,2.86117141,0.59445788,0.49675658,1.49369221,0.52235525
72.8300,0.49974390,2.86117453,0.59446077,0.49675687,1.49369528,0.52235475
72.8400,0.49974329,2.86117764,0.59446366,0.49675716,1.49369834,0.52235425
72.8500,0.49974269,2.86118075,0.59446654,0.49675745,1.49370139,0.52235375
72.8600,0.49974208,2.86118386,0.59446943,0.49675774,1.49370445,0.52235325
72.8700,0.49974148,2.86118697,0.59447231,0.49675803,1.49370750,0.52235276
72.8800,0.49974088,2.86119008,0.59447519,0.49675832,1.49371055,0.52235226
72.8900,0.49974027,2.86119318,0.59447807,0.49675860,1.49371360,0.52235176
72.9000,0.49973967,2.86119628,0.59448095,0.49675889,1.49371664,0.52235126
72.9100,0.49973907,2.86119938,0.59448382,0.49675918,1.49371968,0.52235077
72.9200,0.49973847,2.86120247,0.59448669,0.49675947,1.49372272,0.52235027
72.9300,0.49973787,2.86120557,0.59448956,0.49675976,1.49372575,0.52234978
72.9400,0.49973727,2.86120866,0.59449243,0.49676004,1.49372879,0.52234928
72.9500,0.49973667,2.86121175,0.59449530,0.49676033,1.49373182,0.52234879
72.9600,0.49973607,2.86121483,0.59449816,0.49676062,1.49373484,0.52234829
72.9700,0.49973547,2.86121792,0.59450102,0.49676090,1.49373787,0.52234780
72.9800,0.49973487,2.86122100,0.59450388,0.49676119,1.49374089,0.52234731
72.9900,0.49973427,2.86122407,0.59450674,0.49676147,1.49374391,0.52234682
73.0000,0.49973368,2.86122715,0.59450959,0.49676176,1.49374693,0.52234633
73.0100,0.49973308,2.86123022,0.59451245,0.49676204,1.49374994,0.52234583
73.0200,0.49973248,2.86123329,0.59451530,0.49676233,1.49375295,0.52234534
73.0300,0.49973189,2.86123636,0.59451815,0.49676261,1.49375596,0.52234485
73.0400,0.49973129,2.86123943,0.59452099,0.49676290,1.49375896,0.52234436
73.0500,0.49973070,2.86124249,0.59452384,0.49676318,1.49376197,0.52234387
73.0600,0.49973010,2.86124555,0.59452668,0.49676346,1.49376497,0.52234339
73.0700,0.49972951,2.86124861,0.59452952,0.49676374,1.49376796,0.52234290
73.0800,0.49972892,2.86125167,0.59453236,0.49676403,1.49377096,0.52234241
73.0900,0.49972832,2.86125472,0.59453519,0.49676431,1.49377395,0.52234192
73.1000,0.49972773,2.86125777,0.59453802,0.49676459,1.49377694,0.52234144
73.1100,0.49972714,2.86126082,0.59454086,0.49676487,1.49377992,0.52234095
73.1200,0.49972655,2.86126387,0.59454368,0.49676516,1.49378291,0.52234046
73.1300,0.49972596,2.86126691,0.59454651,0.49676544,1.49378589,0.52233998
73.1400,0.49972536,2.86126995,0.59454934,0.49676572,1.49378887,0.52233950
73.1500,0.49972477,2.86127299,0.59455216,0.49676600,1.49379184,0.52233901
73.1600,0.49972419,2.86127603,0.59455498,0.49676628,1.49379481,0.52233853
73.1700,0.49972360,2.86127906,0.59455780,0.49676656,1.49379778,0.52233804
73.1800,0.49972301,2.86128210,0.59456061,0.49676684,1.49380075,0.52233756
73.1900,0.49972242,2.86128512,0.59456343,0.49676712,1.49380372,0.52233708
73.2000,0.49972183,2.86128815,0.59456624,0.49676740,1.49380668,0.52233660
73.2100,0.49972124,2.86129118,0.59456905,0.49676768,1.49380964,0.52233612
73.2200,0.49972066,2.86129420,0.59457186,0.49676795,1.49381260,0.52233564
73.2300,0.49972007,2.86129722,0.59457466,0.49676823,1.49381555,0.52233516
73.2400,0.49971949,2.86130024,0.59457747,0.49676851,1.49381850,0.52233468
73.2500,0.49971890,2.86130325,0.59458027,0.49676879,1.49382145,0.52233420
73.2600,0.49971832,2.86130626,0.59458307,0.49676907,1.49382440,0.52233372
73.2700,0.49971773,2.86130927,0.59458586,0.49676934,1.49382734,0.52233324
73.2800,0.49971715,2.86131228,0.59458866,0.49676962,1.49383028,0.52233276
73.2900,0.49971656,2.86131529,0.59459145,0.49676990,1.49383322,0.52233229
73.3000,0.49971598,2.86131829,0.59459424,0.49677017,1.49383615,0.52233181
73.3100,0.49971540,2.86132129,0.59459703,0.49677045,1.49383909,0.52233133
73.3200,0.49971482,2.86132429,0.59459982,0.49677072,1.49384202,0.52233086
73.3300,0.49971423,2.86132728,0.59460260,0.49677100,1.49384494,0.52233038
73.3400,0.49971365,2.86133028,0.59460539,0.49677127,1.49384787,0.52232991
73.3500,0.49971307,2.86133327,0.59460817,0.49677155,1.49385079,0.52232944
73.3600,0.49971249,2.86133626,0.59461094,0.49677182,1.49385371,0.52232896
73.3700,0.49971191,2.86133924,0.59461372,0.49677210,1.49385663,0.52232849
73.3800,0.49971133,2.86134223,0.59461649,0.49677237,1.49385954,0.52232802
73.3900,0.49971076,2.86134521,0.59461927,0.49677264,1.49386245,0.52232754
73.4000,0.49971018,2.86134819,0.59462204,0.49677292,1.49386536,0.52232707
73.4100,0.49970960,2.86135116,0.59462480,0.49677319,1.49386827,0.52232660
73.4200,0.49970902,2.86135414,0.59462757,0.49677346,1.49387117,0.52232613
73.4300,0.49970845,2.86135711,0.59463033,0.49677374,1.49387407,0.52232566
73.4400,0.49970787,2.86136008,0.59463309,0.49677401,1.49387697,0.52232519
73.4500,0.49970729,2.86136304,0.59463585,0.49677428,1.49387987,0.52232472
73.4600,0.49970672,2.86136601,0.59463861,0.49677455,1.49388276,0.52232425
73.4700,0.49970614,2.86136897,0.59464137,0.49677482,1.49388565,0.52232378
73.4800,0.49970557,2.86137193,0.59464412,0.49677509,1.49388854,0.52232332
73.4900,0.49970499,2.86137489,0.59464687,0.49677536,1.49389142,0.52232285
73.5000,0.49970442,2.86137784,0.59464962,0.49677564,1.49389430,0.52232238
73.5100,0.49970385,2.86138080,0.59465237,0.49677591,1.49389718,0.52232192
73.5200,0.49970327,2.86138375,0.59465511,0.49677618,1.49390006,0.52232145
73.5300,0.49970270,2.86138669,0.59465785,0.49677644,1.49390294,0.52232098
73.5400,0.49970213,2.86138964,0.59466059,0.49677671,1.49390581,0.52232052
73.5500,0.49970156,2.86139258,0.59466333,0.49677698,1.49390868,0.52232006
73.5600,0.49970099,2.86139553,0.59466607,0.49677725,1.49391155,0.52231959
73.5700,0.49970042,2.86139846,0.59466880,0.49677752,1.49391441,0.52231913
73.5800,0.49969985,2.86140140,0.59467153,0.49677779,1.49391727,0.52231867
73.5900,0.49969928,2.86140433,0.59467426,0.49677806,1.49392013,0.52231820
73.6000,0.49969871,2.86140727,0.59467699,0.49677832,1.49392299,0.52231774
73.6100,0.49969814,2.86141019,0.59467972,0.49677859,1.49392584,0.52231728
73.6200,0.49969757,2.86141312,0.59468244,0.49677886,1.49392869,0.52231682
73.6300,0.49969701,2.86141605,0.59468517,0.49677913,1.49393154,0.52231636
73.6400,0.49969644,2.86141897,0.59468788,0.49677939,1.49393439,0.52231590
73.6500,0.49969587,2.86142189,0.59469060,0.49677966,1.49393723,0.52231544
73.6600,0.49969531,2.86142481,0.59469332,0.49677992,1.49394007,0.52231498
73.6700,0.49969474,2.86142772,0.59469603,0.49678019,1.49394291,0.52231452
73.6800,0.49969417,2.86143063,0.59469874,0.49678045,1.49394575,0.52231406
73.6900,0.49969361,2.86143355,0.59470145,0.49678072,1.49394858,0.52231361
73.7000,0.49969305,2.86143645,0.59470416,0.49678098,1.49395141,0.52231315
73.7100,0.49969248,2.86143936,0.59470687,0.49678125,1.49395424,0.52231269
73.7200,0.49969192,2.86144226,0.59470957,0.49678151,1.49395707,0.52231224
73.7300,0.49969136,2.86144516,0.59471227,0.49678178,1.49395989,0.52231178
73.7400,0.49969079,2.86144806,0.59471497,0.49678204,1.49396271,0.52231132
73.7500,0.49969023,2.86145096,0.59471767,0.49678230,1.49396553,0.52231087
73.7600,0.49968967,2.86145385,0.59472036,0.49678257,1.49396834,0.52231042
73.7700,0.49968911,2.86145675,0.59472306,0.49678283,1.49397116,0.52230996
73.7800,0.49968855,2.86145964,0.59472575,0.49678309,1.49397397,0.52230951
73.7900,0.49968799,2.86146252,0.59472844,0.49678335,1.49397677,0.52230906
73.8000,0.49968743,2.86146541,0.59473112,0.49678362,1.49397958,0.52230860
73.8100,0.49968687,2.86146829,0.59473381,0.49678388,1.49398238,0.52230815
73.8200,0.49968631,2.86147117,0.59473649,0.49678414,1.49398518,0.52230770
73.8300,0.49968575,2.86147405,0.59473917,0.49678440,1.49398798,0.52230725
73.8400,0.49968519,2.86147693,0.59474185,0.49678466,1.49399078,0.52230680
73.8500,0.49968463,2.86147980,0.59474453,0.49678492,1.49399357,0.52230635
73.8600,0.49968408,2.86148267,0.59474720,0.49678518,1.49399636,0.52230590
73.8700,0.49968352,2.86148554,0.59474988,0.49678544,1.49399915,0.52230545
73.8800,0.49968296,2.86148841,0.59475255,0.49678570,1.49400193,0.52230500
73.8900,0.49968241,2.86149127,0.59475522,0.49678596,1.49400471,0.52230455
73.9000,0.49968185,2.86149413,0.59475788,0.49678622,1.49400749,0.52230410
73.9100,0.49968130,2.86149699,0.59476055,0.49678648,1.49401027,0.52230366
73.9200,0.49968074,2.86149985,0.59476321,0.49678674,1.49401305,0.52230321
73.9300,0.49968019,2.86150271,0.59476587,0.49678700,1.49401582,0.52230276
73.9400,0.49967964,2.86150556,0.59476853,0.49678726,1.49401859,0.52230232
73.9500,0.49967908,2.86150841,0.59477119,0.49678751,1.49402136,0.52230187
73.9600,0.49967853,2.86151126,0.59477384,0.49678777,1.49402412,0.52230143
73.9700,0.49967798,2.86151410,0.59477650,0.49678803,1.49402688,0.52230098
73.9800,0.49967743,2.86151695,0.59477915,0.49678829,1.49402964,0.52230054
73.9900,0.49967688,2.86151979,0.59478180,0.49678854,1.49403240,0.52230010
74.0000,0.49967632,2.86152263,0.59478444,0.49678880,1.49403516,0.52229965
74.0100,0.49967577,2.86152547,0.59478709,0.49678906,1.49403791,0.52229921
74.0200,0.49967522,2.86152830,0.59478973,0.49678931,1.49404066,0.52229877
74.0300,0.49967468,2.86153113,0.59479237,0.49678957,1.49404340,0.52229833
74.0400,0.49967413,2.86153396,0.59479501,0.49678982,1.49404615,0.52229788
74.0500,0.49967358,2.86153679,0.59479765,0.49679008,1.49404889,0.52229744
74.0600,0.49967303,2.86153962,0.59480028,0.49679033,1.49405163,0.52229700
74.0700,0.49967248,2.86154244,0.59480291,0.49679059,1.49405437,0.52229656
74.0800,0.49967193,2.86154526,0.59480554,0.49679084,1.49405710,0.52229612
74.0900,0.49967139,2.86154808,0.59480817,0.49679110,1.49405984,0.52229569
74.1000,0.49967084,2.86155090,0.59481080,0.49679135,1.49406257,0.52229525
74.1100,0.49967030,2.86155371,0.59481343,0.49679160,1.49406529,0.52229481
74.1200,0.49966975,2.86155652,0.59481605,0.49679186,1.49406802,0.52229437
74.1300,0.49966920,2.86155933,0.59481867,0.49679211,1.49407074,0.52229393
74.1400,0.49966866,2.86156214,0.59482129,0.49679236,1.49407346,0.52229350
74.1500,0.49966812,2.86156495,0.59482390,0.49679261,1.49407618,0.52229306
74.1600,0.49966757,2.86156775,0.59482652,0.49679287,1.49407890,0.52229263
74.1700,0.49966703,2.86157055,0.59482913,0.49679312,1.49408161,0.52229219
74.1800,0.49966649,2.86157335,0.59483174,0.49679337,1.49408432,0.52229176
74.1900,0.49966594,2.86157615,0.59483435,0.49679362,1.49408703,0.52229132
74.2000,0.49966540,2.86157894,0.59483696,0.49679387,1.49408973,0.52229089
74.2100,0.49966486,2.86158173,0.59483956,0.49679412,1.49409243,0.52229045
74.2200,0.49966432,2.86158452,0.59484217,0.49679437,1.49409513,0.52229002
74.2300,0.49966378,2.86158731,0.59484477,0.49679462,1.49409783,0.52228959
74.2400,0.49966324,2.86159009,0.59484737,0.49679487,1.49410053,0.52228916
74.2500,0.49966270,2.86159288,0.59484996,0.49679512,1.49410322,0.52228872
74.2600,0.49966216,2.86159566,0.59485256,0.49679537,1.49410591,0.52228829
74.2700,0.49966162,2.86159844,0.59485515,0.49679562,1.49410860,0.52228786
74.2800,0.49966108,2.86160121,0.59485774,0.49679587,1.49411129,0.52228743
74.2900,0.49966054,2.86160399,0.59486033,0.49679612,1.49411397,0.52228700
74.3000,0.49966001,2.86160676,0.59486292,0.49679637,1.49411665,0.52228657
74.3100,0.49965947,2.86160953,0.59486551,0.49679662,1.49411933,0.52228614
74.3200,0.49965893,2.86161230,0.59486809,0.49679687,1.49412201,0.52228571
74.3300,0.49965840,2.86161506,0.59487067,0.49679711,1.49412468,0.52228529
74.3400,0.49965786,2.86161783,0.59487325,0.49679736,1.49412735,0.52228486
74.3500,0.49965732,2.86162059,0.59487583,0.49679761,1.49413002,0.52228443
74.3600,0.49965679,2.86162334,0.59487840,0.49679786,1.49413269,0.52228400
74.3700,0.49965625,2.86162610,0.59488098,0.49679810,1.49413535,0.52228358
74.3800,0.49965572,2.86162886,0.59488355,0.49679835,1.49413801,0.52228315
74.3900,0.49965519,2.86163161,0.59488612,0.49679859,1.49414067,0.52228273
74.4000,0.49965465,2.86163436,0.59488869,0.49679884,1.49414333,0.52228230
74.4100,0.49965412,2.86163711,0.59489125,0.49679909,1.49414598,0.52228188
74.4200,0.49965359,2.86163985,0.59489382,0.49679933,1.49414863,0.52228145
74.4300,0.49965306,2.86164259,0.59489638,0.49679958,1.49415128,0.52228103
74.4400,0.49965252,2.86164533,0.59489894,0.49679982,1.49415393,0.52228061
74.4500,0.49965199,2.86164807,0.59490150,0.49680007,1.49415657,0.52228018
74.4600,0.49965146,2.86165081,0.59490405,0.49680031,1.49415922,0.52227976
74.4700,0.49965093,2.86165355,0.59490661,0.49680055,1.49416186,0.52227934
74.4800,0.49965040,2.86165628,0.59490916,0.49680080,1.49416449,0.52227892
74.4900,0.49964987,2.86165901,0.59491171,0.49680104,1.49416713,0.52227850
74.5000,0.49964934,2.86166174,0.59491426,0.49680128,1.49416976,0.52227808
74.5100,0.49964882,2.86166446,0.59491680,0.49680153,1.49417239,0.52227766
74.5200,0.49964829,2.86166719,0.59491935,0.49680177,1.49417502,0.52227724
74.5300,0.49964776,2.86166991,0.59492189,0.49680201,1.49417765,0.52227682
74.5400,0.49964723,2.86167263,0.59492443,0.49680226,1.49418027,0.52227640
74.5500,0.49964671,2.86167534,0.59492697,0.49680250,1.49418289,0.52227598
74.5600,0.49964618,2.86167806,0.59492951,0.49680274,1.49418551,0.52227556
74.5700,0.49964565,2.86168077,0.59493204,0.49680298,1.49418812,0.52227515
74.5800,0.49964513,2.86168348,0.59493457,0.49680322,1.49419074,0.52227473
74.5900,0.49964460,2.86168619,0.59493711,0.49680346,1.49419335,0.52227431
74.6000,0.49964408,2.86168890,0.59493964,0.49680370,1.49419596,0.52227390
74.6100,0.49964355,2.86169160,0.59494216,0.49680394,1.49419856,0.52227348
74.6200,0.49964303,2.86169430,0.59494469,0.49680418,1.49420117,0.52227306
74.6300,0.49964251,2.86169700,0.59494721,0.49680442,1.49420377,0.52227265
74.6400,0.49964198,2.86169970,0.59494973,0.49680466,1.49420637,0.52227224
74.6500,0.49964146,2.86170239,0.59495225,0.49680490,1.49420897,0.52227182
74.6600,0.49964094,2.86170509,0.59495477,0.49680514,1.49421156,0.52227141
74.6700,0.49964042,2.86170778,0.59495729,0.49680538,1.49421415,0.52227099
74.6800,0.49963990,2.86171047,0.59495980,0.49680562,1.49421674,0.52227058
74.6900,0.49963937,2.86171315,0.59496231,0.49680586,1.49421933,0.52227017
74.7000,0.49963885,2.86171584,0.59496482,0.49680610,1.49422192,0.52226976
74.7100,0.49963833,2.86171852,0.59496733,0.49680634,1.49422450,0.52226935
74.7200,0.49963781,2.86172120,0.59496984,0.49680657,1.49422708,0.52226894
74.7300,0.49963729,2.86172388,0.59497234,0.49680681,1.49422966,0.52226852
74.7400,0.49963678,2.86172656,0.59497484,0.49680705,1.49423224,0.52226811
74.7500,0.49963626,2.86172923,0.59497734,0.49680728,1.49423481,0.52226770
74.7600,0.49963574,2.86173190,0.59497984,0.49680752,1.49423738,0.52226730
74.7700,0.49963522,2.86173457,0.59498234,0.49680776,1.49423995,0.52226689
74.7800,0.49963470,2.86173724,0.59498483,0.49680799,1.49424252,0.52226648
74.7900,0.49963419,2.86173991,0.59498733,0.49680823,1.49424508,0.52226607
74.8000,0.49963367,2.86174257,0.59498982,0.49680847,1.49424764,0.52226566
74.8100,0.49963316,2.86174523,0.59499231,0.49680870,1.49425020,0.52226526
74.8200,0.49963264,2.86174789,0.59499479,0.49680894,1.49425276,0.52226485
74.8300,0.49963213,2.86175055,0.59499728,0.49680917,1.49425531,0.52226444
74.8400,0.49963161,2.86175320,0.59499976,0.49680941,1.49425787,0.52226404
74.8500,0.49963110,2.86175585,0.59500224,0.49680964,1.49426042,0.52226363
74.8600,0.49963058,2.86175850,0.59500472,0.49680987,1.49426297,0.52226323
74.8700,0.49963007,2.86176115,0.59500720,0.49681011,1.49426551,0.52226282
74.8800,0.49962956,2.86176380,0.59500968,0.49681034,1.49426805,0.52226242
74.8900,0.49962904,2.86176644,0.59501215,0.49681058,1.49427060,0.52226201
74.9000,0.49962853,2.86176908,0.59501462,0.49681081,1.49427313,0.52226161
74.9100,0.49962802,2.86177172,0.59501710,0.49681104,1.49427567,0.52226121
74.9200,0.49962751,2.86177436,0.59501956,0.49681127,1.49427821,0.52226081
74.9300,0.49962700,2.86177700,0.59502203,0.49681151,1.49428074,0.52226040
74.9400,0.49962649,2.86177963,0.59502450,0.49681174,1.49428327,0.52226000
74.9500,0.49962598,2.86178226,0.59502696,0.49681197,1.49428579,0.52225960
74.9600,0.49962547,2.86178489,0.59502942,0.49681220,1.49428832,0.52225920
74.9700,0.49962496,2.86178752,0.59503188,0.49681243,1.49429084,0.52225880
74.9800,0.49962445,2.86179015,0.59503434,0.49681267,1.49429336,0.52225840
74.9900,0.49962394,2.86179277,0.59503679,0.49681290,1.49429588,0.52225800
75.0000,0.49962343,2.86179539,0.59503924,0.49681313,1.49429840,0.52225760
75.0100,0.49962293,2.86179801,0.59504170,0.49681336,1.49430091,0.52225720
75.0200,0.49962242,2.86180063,0.59504415,0.49681359,1.49430342,0.52225680
75.0300,0.49962191,2.86180324,0.59504659,0.49681382,1.49430593,0.52225641
75.0400,0.49962141,2.86180585,0.59504904,0.49681405,1.49430844,0.52225601
75.0500,0.49962090,2.86180846,0.59505148,0.49681428,1.49431094,0.52225561
75.0600,0.49962039,2.86181107,0.59505393,0.49681451,1.49431344,0.52225521
75.0700,0.49961989,2.86181368,0.59505637,0.49681474,1.49431594,0.52225482
75.0800,0.49961938,2.86181628,0.59505881,0.49681496,1.49431844,0.52225442
75.0900,0.49961888,2.86181888,0.59506124,0.49681519,1.49432094,0.52225403
75.1000,0.49961838,2.86182148,0.59506368,0.49681542,1.49432343,0.52225363
75.1100,0.49961787,2.86182408,0.59506611,0.49681565,1.49432592,0.52225324
75.1200,0.49961737,2.86182668,0.59506854,0.49681588,1.49432841,0.52225284
75.1300,0.49961687,2.86182927,0.59507097,0.49681611,1.49433090,0.52225245
75.1400,0.49961636,2.86183186,0.59507340,0.49681633,1.49433338,0.52225206
75.1500,0.49961586,2.86183445,0.59507583,0.49681656,1.49433586,0.52225166
75.1600,0.49961536,2.86183704,0.59507825,0.49681679,1.49433834,0.52225127
75.1700,0.49961486,2.86183963,0.59508067,0.49681701,1.49434082,0.52225088
75.1800,0.49961436,2.86184221,0.59508309,0.49681724,1.49434329,0.52225049
75.1900,0.49961386,2.86184479,0.59508551,0.49681747,1.49434577,0.52225010
75.2000,0.49961336,2.86184737,0.59508793,0.49681769,1.49434824,0.52224971
75.2100,0.49961286,2.86184995,0.59509034,0.49681792,1.49435071,0.52224932
75.2200,0.49961236,2.86185252,0.59509276,0.49681814,1.49435317,0.52224893
75.2300,0.49961186,2.86185510,0.59509517,0.49681837,1.49435564,0.52224854
75.2400,0.49961136,2.86185767,0.59509758,0.49681859,1.49435810,0.52224815
75.2500,0.49961087,2.86186024,0.59509998,0.49681882,1.49436056,0.52224776
75.2600,0.49961037,2.86186281,0.59510239,0.49681904,1.49436301,0.52224737
75.2700,0.49960987,2.86186537,0.59510479,0.49681927,1.49436547,0.52224698
75.2800,0.49960937,2.86186793,0.59510720,0.49681949,1.49436792,0.52224659
75.2900,0.49960888,2.86187049,0.59510960,0.49681971,1.49437037,0.52224621
75.3000,0.49960838,2.86187305,0.59511199,0.49681994,1.49437282,0.52224582
75.3100,0.49960789,2.86187561,0.59511439,0.49682016,1.49437527,0.52224543
75.3200,0.49960739,2.86187817,0.59511679,0.49682038,1.49437771,0.52224505
75.3300,0.49960690,2.86188072,0.59511918,0.49682061,1.49438015,0.52224466
75.3400,0.49960640,2.86188327,0.59512157,0.49682083,1.49438259,0.52224428
75.3500,0.49960591,2.86188582,0.59512396,0.49682105,1.49438503,0.52224389
75.3600,0.49960542,2.86188836,0.59512635,0.49682127,1.49438746,0.52224351
75.3700,0.49960492,2.86189091,0.59512873,0.49682150,1.49438990,0.52224312
75.3800,0.49960443,2.86189345,0.59513112,0.49682172,1.49439233,0.52224274
75.3900,0.49960394,2.86189599,0.59513350,0.49682194,1.49439475,0.52224236
75.4000,0.49960345,2.86189853,0.59513588,0.49682216,1.49439718,0.52224198
75.4100,0.49960295,2.86190107,0.59513826,0.49682238,1.49439960,0.52224159
75.4200,0.49960246,2.86190360,0.59514063,0.49682260,1.49440203,0.52224121
75.4300,0.49960197,2.86190613,0.59514301,0.49682282,1.49440444,0.52224083
75.4400,0.49960148,2.86190866,0.59514538,0.49682304,1.49440686,0.52224045
75.4500,0.49960099,2.86191119,0.59514775,0.49682326,1.49440928,0.52224007
75.4600,0.49960050,2.86191372,0.59515012,0.49682348,1.49441169,0.52223969
75.4700,0.49960001,2.86191624,0.59515249,0.49682370,1.49441410,0.52223931
75.4800,0.49959953,2.86191877,0.59515486,0.49682392,1.49441651,0.52223893
75.4900,0.49959904,2.86192129,0.59515722,0.49682414,1.49441892,0.52223855
75.5000,0.49959855,2.86192380,0.59515958,0.49682436,1.49442132,0.52223817
75.5100,0.49959806,2.86192632,0.59516194,0.49682458,1.49442372,0.52223779
75.5200,0.49959758,2.86192883,0.59516430,0.49682480,1.49442612,0.52223741
75.5300,0.49959709,2.86193135,0.59516666,0.49682501,1.49442852,0.52223704
75.5400,0.49959660,2.86193386,0.59516901,0.49682523,1.49443091,0.52223666
75.5500,0.49959612,2.86193637,0.59517137,0.49682545,1.49443331,0.52223628
75.5600,0.49959563,2.86193887,0.59517372,0.49682567,1.49443570,0.52223591
75.5700,0.49959515,2.86194138,0.59517607,0.49682589,1.49443809,0.52223553
75.5800,0.49959466,2.86194388,0.59517842,0.49682610,1.49444047,0.52223516
75.5900,0.49959418,2.86194638,0.59518076,0.49682632,1.49444286,0.52223478
75.6000,0.49959369,2.86194888,0.59518311,0.49682654,1.49444524,0.52223441
75.6100,0.49959321,2.86195137,0.59518545,0.49682675,1.49444762,0.52223403
75.6200,0.49959273,2.86195387,0.59518779,0.49682697,1.49445000,0.52223366
75.6300,0.49959224,2.86195636,0.59519013,0.49682718,1.49445238,0.52223328
75.6400,0.49959176,2.86195885,0.59519247,0.49682740,1.49445475,0.52223291
75.6500,0.49959128,2.86196134,0.59519480,0.49682761,1.49445712,0.52223254
75.6600,0.49959080,2.86196382,0.59519714,0.49682783,1.49445949,0.52223217
75.6700,0.49959032,2.86196631,0.59519947,0.49682804,1.49446186,0.52223179
75.6800,0.49958984,2.86196879,0.59520180,0.49682826,1.49446422,0.52223142
75.6900,0.49958935,2.86197127,0.59520413,0.49682847,1.49446659,0.52223105
75.7000,0.49958887,2.86197375,0.59520645,0.49682869,1.49446895,0.52223068
75.7100,0.49958840,2.86197623,0.59520878,0.49682890,1.49447131,0.52223031
75.7200,0.49958792,2.86197870,0.59521110,0.49682912,1.49447366,0.52222994
75.7300,0.49958744,2.86198117,0.59521342,0.49682933,1.49447602,0.52222957
75.7400,0.49958696,2.86198364,0.59521574,0.49682954,1.49447837,0.52222920
75.7500,0.49958648,2.86198611,0.59521806,0.49682976,1.49448072,0.52222883
75.7600,0.49958600,2.86198858,0.59522038,0.49682997,1.49448307,0.52222846
75.7700,0.49958553,2.86199104,0.59522269,0.49683018,1.49448541,0.52222810
75.7800,0.49958505,2.86199350,0.59522500,0.49683039,1.49448776,0.52222773
75.7900,0.49958457,2.86199597,0.59522731,0.49683061,1.49449010,0.52222736
75.8000,0.49958410,2.86199842,0.59522962,0.49683082,1.49449244,0.52222699
75.8100,0.49958362,2.86200088,0.59523193,0.49683103,1.49449477,0.52222663
75.8200,0.49958314,2.86200333,0.59523424,0.49683124,1.49449711,0.52222626
75.8300,0.49958267,2.86200579,0.59523654,0.49683145,1.49449944,0.52222590
75.8400,0.49958219,2.86200824,0.59523884,0.49683166,1.49450177,0.52222553
75.8500,0.49958172,2.86201069,0.59524114,0.49683188,1.49450410,0.52222517
75.8600,0.49958125,2.86201313,0.59524344,0.49683209,1.49450643,0.52222480
75.8700,0.49958077,2.86201558,0.59524574,0.49683230,1.49450875,0.52222444
75.8800,0.49958030,2.86201802,0.59524803,0.49683251,1.49451108,0.52222407
75.8900,0.49957983,2.86202046,0.59525033,0.49683272,1.49451340,0.52222371
75.9000,0.49957936,2.86202290,0.59525262,0.49683293,1.49451571,0.52222335
75.9100,0.49957888,2.86202534,0.59525491,0.49683314,1.49451803,0.52222298
75.9200,0.49957841,2.86202777,0.59525720,0.49683335,1.49452034,0.52222262
75.9300,0.49957794,2.86203021,0.59525948,0.49683355,1.49452266,0.52222226
75.9400,0.49957747,2.86203264,0.59526177,0.49683376,1.49452497,0.52222190
75.9500,0.49957700,2.86203507,0.59526405,0.49683397,1.49452727,0.52222154
75.9600,0.49957653,2.86203749,0.59526633,0.49683418,1.49452958,0.52222118
75.9700,0.49957606,2.86203992,0.59526861,0.49683439,1.49453188,0.52222082
75.9800,0.49957559,2.86204234,0.59527089,0.49683460,1.49453419,0.52222046
75.9900,0.49957512,2.86204477,0.59527316,0.49683480,1.49453648,0.52222010
76.0000,0.49957465,2.86204718,0.59527544,0.49683501,1.49453878,0.52221974
76.0100,0.49957418,2.86204960,0.59527771,0.49683522,1.49454108,0.52221938
76.0200,0.49957372,2.86205202,0.59527998,0.49683543,1.49454337,0.52221902
76.0300,0.49957325,2.86205443,0.59528225,0.49683563,1.49454566,0.52221866
76.0400,0.49957278,2.86205684,0.59528452,0.49683584,1.49454795,0.52221830
76.0500,0.49957232,2.86205925,0.59528678,0.49683605,1.49455024,0.52221795
76.0600,0.49957185,2.86206166,0.59528905,0.49683625,1.49455252,0.52221759
76.0700,0.49957138,2.86206407,0.59529131,0.49683646,1.49455480,0.52221723
76.0800,0.49957092,2.86206647,0.59529357,0.49683666,1.49455708,0.52221688
76.0900,0.49957045,2.86206887,0.59529583,0.49683687,1.49455936,0.52221652
76.1000,0.49956999,2.86207127,0.59529809,0.49683708,1.49456164,0.52221617
76.1100,0.49956952,2.86207367,0.59530034,0.49683728,1.49456391,0.52221581
76.1200,0.49956906,2.86207607,0.59530260,0.49683749,1.49456619,0.52221546
76.1300,0.49956860,2.86207846,0.59530485,0.49683769,1.49456846,0.52221510
76.1400,0.49956813,2.86208086,0.59530710,0.49683789,1.49457073,0.52221475
76.1500,0.49956767,2.86208325,0.59530935,0.49683810,1.49457299,0.52221439
76.1600,0.49956721,2.86208564,0.59531159,0.49683830,1.49457526,0.52221404
76.1700,0.49956675,2.86208802,0.59531384,0.49683851,1.49457752,0.52221369
76.1800,0.49956628,2.86209041,0.59531608,0.49683871,1.49457978,0.52221334
76.1900,0.49956582,2.86209279,0.59531832,0.49683891,1.49458204,0.52221298
76.2000,0.49956536,2.86209517,0.59532056,0.49683912,1.49458429,0.52221263
76.2100,0.49956490,2.86209755,0.59532280,0.49683932,1.49458654,0.52221228
76.2200,0.49956444,2.86209993,0.59532504,0.49683952,1.49458880,0.52221193
76.2300,0.49956398,2.86210230,0.59532727,0.49683973,1.49459105,0.52221158
76.2400,0.49956352,2.86210468,0.59532951,0.49683993,1.49459329,0.52221123
76.2500,0.49956306,2.86210705,0.59533174,0.49684013,1.49459554,0.52221088
76.2600,0.49956260,2.86210942,0.59533397,0.49684033,1.49459778,0.52221053
76.2700,0.49956214,2.86211179,0.59533620,0.49684053,1.49460002,0.52221018
76.2800,0.49956169,2.86211415,0.59533842,0.49684074,1.49460226,0.52220983
76.2900,0.49956123,2.86211652,0.59534065,0.49684094,1.49460450,0.52220948
76.3000,0.49956077,2.86211888,0.59534287,0.49684114,1.49460674,0.52220913
76.3100,0.49956031,2.86212124,0.59534509,0.49684134,1.49460897,0.52220879
76.3200,0.49955986,2.86212360,0.59534731,0.49684154,1.49461120,0.52220844
76.3300,0.49955940,2.86212596,0.59534953,0.49684174,1.49461343,0.52220809
76.3400,0.49955895,2.86212831,0.59535174,0.49684194,1.49461566,0.52220775
76.3500,0.49955849,2.86213066,0.59535396,0.49684214,1.49461788,0.52220740
76.3600,0.49955804,2.86213301,0.59535617,0.49684234,1.49462011,0.52220705
76.3700,0.49955758,2.86213536,0.59535838,0.49684254,1.49462233,0.52220671
76.3800,0.49955713,2.86213771,0.59536059,0.49684274,1.49462455,0.52220636
76.3900,0.49955667,2.86214006,0.59536280,0.49684294,1.49462676,0.52220602
76.4000,0.49955622,2.86214240,0.59536501,0.49684314,1.49462898,0.52220567
76.4100,0.49955577,2.86214474,0.59536721,0.49684334,1.49463119,0.52220533
76.4200,0.49955531,2.86214708,0.59536941,0.49684353,1.49463340,0.52220499
76.4300,0.49955486,2.86214942,0.59537162,0.49684373,1.49463561,0.52220464
76.4400,0.49955441,2.86215175,0.59537382,0.49684393,1.49463782,0.52220430
76.4500,0.49955396,2.86215409,0.59537601,0.49684413,1.49464003,0.52220396
76.4600,0.49955350,2.86215642,0.59537821,0.49684433,1.49464223,0.52220362
76.4700,0.49955305,2.86215875,0.59538040,0.49684452,1.49464443,0.52220327
76.4800,0.49955260,2.86216108,0.59538260,0.49684472,1.49464663,0.52220293
76.4900,0.49955215,2.86216341,0.59538479,0.49684492,1.49464883,0.52220259
76.5000,0.49955170,2.86216573,0.59538698,0.49684511,1.49465102,0.52220225
76.5100,0.49955125,2.86216805,0.59538917,0.49684531,1.49465321,0.52220191
76.5200,0.49955080,2.86217037,0.59539135,0.49684551,1.49465540,0.52220157
76.5300,0.49955035,2.86217269,0.59539354,0.49684570,1.49465759,0.52220123
76.5400,0.49954991,2.86217501,0.59539572,0.49684590,1.49465978,0.52220089
76.5500,0.49954946,2.86217733,0.59539790,0.49684610,1.49466197,0.52220055
76.5600,0.49954901,2.86217964,0.59540008,0.49684629,1.49466415,0.52220021
76.5700,0.49954856,2.86218195,0.59540226,0.49684649,1.49466633,0.52219988
76.5800,0.49954812,2.86218426,0.59540443,0.49684668,1.49466851,0.52219954
76.5900,0.49954767,2.86218657,0.59540661,0.49684688,1.49467069,0.52219920
76.6000,0.49954722,2.86218888,0.59540878,0.49684707,1.49467286,0.52219886
76.6100,0.49954678,2.86219118,0.59541095,0.49684727,1.49467504,0.52219853
76.6200,0.49954633,2.86219348,0.59541312,0.49684746,1.49467721,0.52219819
76.6300,0.49954589,2.86219578,0.59541529,0.49684765,1.49467938,0.52219785
76.6400,0.49954544,2.86219808,0.59541746,0.49684785,1.49468154,0.52219752
76.6500,0.49954500,2.86220038,0.59541962,0.49684804,1.49468371,0.52219718
76.6600,0.49954455,2.86220267,0.59542178,0.49684824,1.49468587,0.52219685
76.6700,0.49954411,2.86220497,0.59542395,0.49684843,1.49468803,0.52219651
76.6800,0.49954367,2.86220726,0.59542611,0.49684862,1.49469019,0.52219618
76.6900,0.49954322,2.86220955,0.59542826,0.49684881,1.49469235,0.52219584
76.7000,0.49954278,2.86221184,0.59543042,0.49684901,1.49469451,0.52219551
76.7100,0.49954234,2.86221412,0.59543258,0.49684920,1.49469666,0.52219518
76.7200,0.49954189,2.86221641,0.59543473,0.49684939,1.49469881,0.52219485
76.7300,0.49954145,2.86221869,0.59543688,0.49684958,1.49470096,0.52219451
76.7400,0.49954101,2.86222097,0.59543903,0.49684978,1.49470311,0.52219418
76.7500,0.49954057,2.86222325,0.59544118,0.49684997,1.49470525,0.52219385
76.7600,0.49954013,2.86222553,0.59544333,0.49685016,1.49470740,0.52219352
76.7700,0.49953969,2.86222780,0.59544547,0.49685035,1.49470954,0.52219319
76.7800,0.49953925,2.86223007,0.59544761,0.49685054,1.49471168,0.52219286
76.7900,0.49953881,2.86223235,0.59544976,0.49685073,1.49471382,0.52219252
76.8000,0.49953837,2.86223462,0.59545190,0.49685092,1.49471595,0.52219219
76.8100,0.49953793,2.86223688,0.59545403,0.49685111,1.49471809,0.52219187
76.8200,0.49953749,2.86223915,0.59545617,0.49685130,1.49472022,0.52219154
76.8300,0.49953706,2.86224141,0.59545831,0.49685149,1.49472235,0.52219121
76.8400,0.49953662,2.86224368,0.59546044,0.49685168,1.49472448,0.52219088
76.8500,0.49953618,2.86224594,0.59546257,0.49685187,1.49472660,0.52219055
76.8600,0.49953574,2.86224820,0.59546470,0.49685206,1.49472873,0.52219022
76.8700,0.49953531,2.86225045,0.59546683,0.49685225,1.49473085,0.52218989
76.8800,0.49953487,2.86225271,0.59546896,0.49685244,1.49473297,0.52218957
76.8900,0.49953443,2.86225496,0.59547108,0.49685263,1.49473509,0.52218924
76.9000,0.49953400,2.86225721,0.59547321,0.49685282,1.49473721,0.52218891
76.9100,0.49953356,2.86225946,0.59547533,0.49685301,1.49473932,0.52218859
76.9200,0.49953313,2.86226171,0.59547745,0.49685320,1.49474143,0.52218826
76.9300,0.49953269,2.86226396,0.59547957,0.49685338,1.49474354,0.52218794
76.9400,0.49953226,2.86226620,0.59548169,0.49685357,1.49474565,0.52218761
76.9500,0.49953183,2.86226844,0.59548380,0.49685376,1.49474776,0.52218729
76.9600,0.49953139,2.86227068,0.59548592,0.49685395,1.49474986,0.52218696
76.9700,0.49953096,2.86227292,0.59548803,0.49685413,1.49475197,0.52218664
76.9800,0.49953053,2.86227516,0.59549014,0.49685432,1.49475407,0.52218631
76.9900,0.49953009,2.86227740,0.59549225,0.49685451,1.49475617,0.52218599
77.0000,0.49952966,2.86227963,0.59549436,0.49685469,1.49475827,0.52218567
77.0100,0.49952923,2.86228186,0.59549647,0.49685488,1.49476036,0.52218534
77.0200,0.49952880,2.86228409,0.59549857,0.49685507,1.49476245,0.52218502
77.0300,0.49952837,2.86228632,0.59550067,0.49685525,1.49476455,0.52218470
77.0400,0.49952794,2.86228855,0.59550277,0.49685544,1.49476664,0.52218438
77.0500,0.49952751,2.86229077,0.59550487,0.49685562,1.49476872,0.52218406
77.0600,0.49952708,2.86229299,0.59550697,0.49685581,1.49477081,0.52218373
77.0700,0.49952665,2.86229522,0.59550907,0.49685600,1.49477289,0.52218341
77.0800,0.49952622,2.86229743,0.59551116,0.49685618,1.49477498,0.52218309
77.0900,0.49952579,2.86229965,0.59551326,0.49685637,1.49477706,0.52218277
77.1000,0.49952536,2.86230187,0.59551535,0.49685655,1.49477913,0.52218245
77.1100,0.49952493,2.86230408,0.59551744,0.49685673,1.49478121,0.52218213
77.1200,0.49952450,2.86230629,0.59551953,0.49685692,1.49478329,0.52218182
77.1300,0.49952408,2.86230851,0.59552162,0.49685710,1.49478536,0.52218150
77.1400,0.49952365,2.86231071,0.59552370,0.49685729,1.49478743,0.52218118
77.1500,0.49952322,2.86231292,0.59552579,0.49685747,1.49478950,0.52218086
77.1600,0.49952279,2.86231513,0.59552787,0.49685765,1.49479157,0.52218054
77.1700,0.49952237,2.86231733,0.59552995,0.49685784,1.49479363,0.52218023
77.1800,0.49952194,2.86231953,0.59553203,0.49685802,1.49479569,0.52217991
77.1900,0.49952152,2.86232173,0.59553411,0.49685820,1.49479775,0.52217959
77.2000,0.49952109,2.86232393,0.59553618,0.49685839,1.49479981,0.52217928
77.2100,0.49952067,2.86232613,0.59553826,0.49685857,1.49480187,0.52217896
77.2200,0.49952024,2.86232832,0.59554033,0.49685875,1.49480393,0.52217864
77.2300,0.49951982,2.86233051,0.59554240,0.49685893,1.49480598,0.52217833
77.2400,0.49951939,2.86233270,0.59554447,0.49685912,1.49480803,0.52217801
77.2500,0.49951897,2.86233489,0.59554654,0.49685930,1.49481008,0.52217770
77.2600,0.49951855,2.86233708,0.59554860,0.49685948,1.49481213,0.52217738
77.2700,0.49951812,2.86233927,0.59555067,0.49685966,1.49481418,0.52217707
77.2800,0.49951770,2.86234145,0.59555273,0.49685984,1.49481622,0.52217676
77.2900,0.49951728,2.86234363,0.59555479,0.49686002,1.49481827,0.52217644
77.3000,0.49951686,2.86234582,0.59555686,0.49686020,1.49482031,0.52217613
77.3100,0.49951644,2.86234799,0.59555891,0.49686038,1.49482235,0.52217582
77.3200,0.49951602,2.86235017,0.59556097,0.49686056,1.49482438,0.52217551
77.3300,0.49951560,2.86235235,0.59556303,0.49686074,1.49482642,0.52217519
77.3400,0.49951517,2.86235452,0.59556508,0.49686092,1.49482845,0.52217488
77.3500,0.49951475,2.86235669,0.59556713,0.49686110,1.49483048,0.52217457
77.3600,0.49951433,2.86235886,0.59556918,0.49686128,1.49483251,0.52217426
77.3700,0.49951392,2.86236103,0.59557123,0.49686146,1.49483454,0.52217395
77.3800,0.49951350,2.86236320,0.59557328,0.49686164,1.49483657,0.52217364
77.3900,0.49951308,2.86236536,0.59557533,0.49686182,1.49483859,0.52217333
77.4000,0.49951266,2.86236753,0.59557737,0.49686200,1.49484061,0.52217302
77.4100,0.49951224,2.86236969,0.59557942,0.49686218,1.49484263,0.52217271
77.4200,0.49951182,2.86237185,0.59558146,0.49686236,1.49484465,0.52217240
77.4300,0.49951141,2.86237401,0.59558350,0.49686254,1.49484667,0.52217209
77.4400,0.49951099,2.86237616,0.59558554,0.49686271,1.49484868,0.52217178
77.4500,0.49951057,2.86237832,0.59558757,0.49686289,1.49485070,0.52217148
77.4600,0.49951016,2.86238047,0.59558961,0.49686307,1.49485271,0.52217117
77.4700,0.49950974,2.86238262,0.59559164,0.49686325,1.49485472,0.52217086
77.4800,0.49950932,2.86238477,0.59559367,0.49686343,1.49485673,0.52217055
77.4900,0.49950891,2.86238692,0.59559570,0.49686360,1.49485873,0.52217025
77.5000,0.49950849,2.86238907,0.59559773,0.49686378,1.49486073,0.52216994
77.5100,0.49950808,2.86239121,0.59559976,0.49686396,1.49486274,0.52216963
77.5200,0.49950766,2.86239335,0.59560179,0.49686413,1.49486474,0.52216933
77.5300,0.49950725,2.86239549,0.59560381,0.49686431,1.49486674,0.52216902
77.5400,0.49950684,2.86239763,0.59560584,0.49686449,1.49486873,0.52216872
77.5500,0.49950642,2.86239977,0.59560786,0.49686466,1.49487073,0.52216841
77.5600,0.49950601,2.86240191,0.59560988,0.49686484,1.49487272,0.52216811
77.5700,0.49950560,2.86240404,0.59561190,0.49686501,1.49487471,0.52216780
77.5800,0.49950519,2.86240617,0.59561391,0.49686519,1.49487670,0.52216750
77.5900,0.49950477,2.86240830,0.59561593,0.49686536,1.49487869,0.52216720
77.6000,0.49950436,2.86241043,0.59561794,0.49686554,1.49488067,0.52216689
77.6100,0.49950395,2.86241256,0.59561995,0.49686571,1.49488266,0.52216659
77.6200,0.49950354,2.86241469,0.59562196,0.49686589,1.49488464,0.52216629
77.6300,0.49950313,2.86241681,0.59562397,0.49686606,1.49488662,0.52216599
77.6400,0.49950272,2.86241893,0.59562598,0.49686624,1.49488860,0.52216569
77.6500,0.49950231,2.86242105,0.59562799,0.49686641,1.49489058,0.52216538
77.6600,0.49950190,2.86242317,0.59562999,0.49686659,1.49489255,0.52216508
77.6700,0.49950149,2.86242529,0.59563200,0.49686676,1.49489452,0.52216478
77.6800,0.49950108,2.86242740,0.59563400,0.49686693,1.49489650,0.52216448
77.6900,0.49950067,2.86242952,0.59563600,0.49686711,1.49489847,0.52216418
77.7000,0.49950026,2.86243163,0.59563800,0.49686728,1.49490043,0.52216388
77.7100,0.49949986,2.86243374,0.59563999,0.49686745,1.49490240,0.52216358
77.7200,0.49949945,2.86243585,0.59564199,0.49686763,1.49490436,0.52216328
77.7300,0.49949904,2.86243796,0.59564398,0.49686780,1.49490633,0.52216298
77.7400,0.49949863,2.86244006,0.59564597,0.49686797,1.49490829,0.52216268
77.7500,0.49949823,2.86244216,0.59564797,0.49686814,1.49491024,0.52216239
77.7600,0.49949782,2.86244427,0.59564996,0.49686832,1.49491220,0.52216209
77.7700,0.49949741,2.86244637,0.59565194,0.49686849,1.49491416,0.52216179
77.7800,0.49949701,2.86244847,0.59565393,0.49686866,1.49491611,0.52216149
77.7900,0.49949660,2.86245056,0.59565591,0.49686883,1.49491806,0.52216120
77.8000,0.49949620,2.86245266,0.59565790,0.49686900,1.49492001,0.52216090
77.8100,0.49949579,2.86245475,0.59565988,0.49686917,1.49492196,0.52216060
77.8200,0.49949539,2.86245684,0.59566186,0.49686935,1.49492391,0.52216031
77.8300,0.49949498,2.86245893,0.59566384,0.49686952,1.49492585,0.52216001
77.8400,0.49949458,2.86246102,0.59566582,0.49686969,1.49492779,0.52215972
77.8500,0.49949418,2.86246311,0.59566779,0.49686986,1.49492973,0.52215942
77.8600,0.49949377,2.86246519,0.59566977,0.49687003,1.49493167,0.52215913
77.8700,0.49949337,2.86246728,0.59567174,0.49687020,1.49493361,0.52215883
77.8800,0.49949297,2.86246936,0.59567371,0.49687037,1.49493555,0.52215854
77.8900,0.49949257,2.86247144,0.59567568,0.49687054,1.49493748,0.52215824
77.9000,0.49949216,2.86247352,0.59567765,0.49687071,1.49493941,0.52215795
77.9100,0.49949176,2.86247560,0.59567962,0.49687088,1.49494134,0.52215766
77.9200,0.49949136,2.86247767,0.59568158,0.49687105,1.49494327,0.52215736
77.9300,0.49949096,2.86247974,0.59568355,0.49687122,1.49494520,0.52215707
77.9400,0.49949056,2.86248182,0.59568551,0.49687138,1.49494712,0.52215678
77.9500,0.49949016,2.86248389,0.59568747,0.49687155,1.49494905,0.52215649
77.9600,0.49948976,2.86248596,0.59568943,0.49687172,1.49495097,0.52215619
77.9700,0.49948936,2.86248802,0.59569139,0.49687189,1.49495289,0.52215590
77.9800,0.49948896,2.86249009,0.59569334,0.49687206,1.49495481,0.52215561
77.9900,0.49948856,2.86249215,0.59569530,0.49687223,1.49495672,0.52215532
78.0000,0.49948816,2.86249421,0.59569725,0.49687239,1.49495864,0.52215503
78.0100,0.49948777,2.86249627,0.59569920,0.49687256,1.49496055,0.52215474
78.0200,0.49948737,2.86249833,0.59570115,0.49687273,1.49496246,0.52215445
78.0300,0.49948697,2.86250039,0.59570310,0.49687290,1.49496437,0.52215416
78.0400,0.49948657,2.86250244,0.59570505,0.49687306,1.49496628,0.52215387
78.0500,0.49948618,2.86250450,0.59570700,0.49687323,1.49496819,0.52215358
78.0600,0.49948578,2.86250655,0.59570894,0.49687340,1.49497009,0.52215329
78.0700,0.49948538,2.86250860,0.59571088,0.49687356,1.49497199,0.52215301
78.0800,0.49948499,2.86251065,0.59571282,0.49687373,1.49497389,0.52215272
78.0900,0.49948459,2.86251270,0.59571476,0.49687390,1.49497579,0.52215243
78.1000,0.49948420,2.86251474,0.59571670,0.49687406,1.49497769,0.52215214
78.1100,0.49948380,2.86251679,0.59571864,0.49687423,1.49497958,0.52215186
78.1200,0.49948341,2.86251883,0.59572058,0.49687439,1.49498148,0.52215157
78.1300,0.49948301,2.86252087,0.59572251,0.49687456,1.49498337,0.52215128
78.1400,0.49948262,2.86252291,0.59572444,0.49687472,1.49498526,0.52215100
78.1500,0.49948222,2.86252495,0.59572637,0.49687489,1.49498715,0.52215071
78.1600,0.49948183,2.86252698,0.59572830,0.49687506,1.49498904,0.52215043
78.1700,0.49948144,2.86252902,0.59573023,0.49687522,1.49499092,0.52215014
78.1800,0.49948104,2.86253105,0.59573216,0.49687538,1.49499280,0.52214986
78.1900,0.49948065,2.86253308,0.59573408,0.49687555,1.49499469,0.52214957
78.2000,0.49948026,2.86253511,0.59573601,0.49687571,1.49499657,0.52214929
78.2100,0.49947987,2.86253714,0.59573793,0.49687588,1.49499844,0.52214900
78.2200,0.49947948,2.86253916,0.59573985,0.49687604,1.49500032,0.52214872
78.2300,0.49947909,2.86254119,0.59574177,0.49687621,1.49500220,0.52214844
78.2400,0.49947869,2.86254321,0.59574369,0.49687637,1.49500407,0.52214815
78.2500,0.49947830,2.86254523,0.59574561,0.49687653,1.49500594,0.52214787
78.2600,0.49947791,2.86254725,0.59574752,0.49687670,1.49500781,0.52214759
78.2700,0.49947752,2.86254927,0.59574944,0.49687686,1.49500968,0.52214730
78.2800,0.49947713,2.86255129,0.59575135,0.49687702,1.49501154,0.52214702
78.2900,0.49947674,2.86255330,0.59575326,0.49687718,1.49501341,0.52214674
78.3000,0.49947636,2.86255531,0.59575517,0.49687735,1.49501527,0.52214646
78.3100,0.49947597,2.86255733,0.59575708,0.49687751,1.49501713,0.52214618
78.3200,0.49947558,2.86255934,0.59575898,0.49687767,1.49501899,0.52214590
78.3300,0.49947519,2.86256134,0.59576089,0.49687783,1.49502085,0.52214562
78.3400,0.49947480,2.86256335,0.59576279,0.49687800,1.49502271,0.52214534
78.3500,0.49947441,2.86256536,0.59576469,0.49687816,1.49502456,0.52214506
78.3600,0.49947403,2.86256736,0.59576659,0.49687832,1.49502641,0.52214478
78.3700,0.49947364,2.86256936,0.59576849,0.49687848,1.49502827,0.52214450
78.3800,0.49947325,2.86257136,0.59577039,0.49687864,1.49503011,0.52214422
78.3900,0.49947287,2.86257336,0.59577229,0.49687880,1.49503196,0.52214394
78.4000,0.49947248,2.86257536,0.59577418,0.49687896,1.49503381,0.52214366
78.4100,0.49947210,2.86257735,0.59577607,0.49687912,1.49503565,0.52214339
78.4200,0.49947171,2.86257935,0.59577797,0.49687928,1.49503750,0.52214311
78.4300,0.49947133,2.86258134,0.59577986,0.49687944,1.49503934,0.52214283
78.4400,0.49947094,2.86258333,0.59578175,0.49687960,1.49504118,0.52214255
78.4500,0.49947056,2.86258532,0.59578363,0.49687976,1.49504301,0.52214228
78.4600,0.49947017,2.86258731,0.59578552,0.49687992,1.49504485,0.52214200
78.4700,0.49946979,2.86258929,0.59578740,0.49688008,1.49504668,0.52214172
78.4800,0.49946941,2.86259128,0.59578929,0.49688024,1.49504852,0.52214145
78.4900,0.49946902,2.86259326,0.59579117,0.49688040,1.49505035,0.52214117
78.5000,0.49946864,2.86259524,0.59579305,0.49688056,1.49505218,0.52214090
78.5100,0.49946826,2.86259722,0.59579493,0.49688072,1.49505400,0.52214062
78.5200,0.49946788,2.86259920,0.59579681,0.49688088,1.49505583,0.52214035
78.5300,0.49946749,2.86260118,0.59579868,0.49688104,1.49505765,0.52214007
78.5400,0.49946711,2.86260315,0.59580056,0.49688120,1.49505948,0.52213980
78.5500,0.49946673,2.86260512,0.59580243,0.49688136,1.49506130,0.52213953
78.5600,0.49946635,2.86260710,0.59580430,0.49688151,1.49506312,0.52213925
78.5700,0.49946597,2.86260907,0.59580617,0.49688167,1.49506493,0.52213898
78.5800,0.49946559,2.86261103,0.59580804,0.49688183,1.49506675,0.52213871
78.5900,0.49946521,2.86261300,0.59580991,0.49688199,1.49506856,0.52213843
78.6000,0.49946483,2.86261497,0.59581178,0.49688214,1.49507038,0.52213816
78.6100,0.49946445,2.86261693,0.59581364,0.49688230,1.49507219,0.52213789
78.6200,0.49946407,2.86261889,0.59581550,0.49688246,1.49507400,0.52213762
78.6300,0.49946369,2.86262085,0.59581737,0.49688262,1.49507580,0.52213734
78.6400,0.49946331,2.86262281,0.59581923,0.49688277,1.49507761,0.52213707
78.6500,0.49946293,2.86262477,0.59582109,0.49688293,1.49507941,0.52213680
78.6600,0.49946256,2.86262673,0.59582294,0.49688309,1.49508122,0.52213653
78.6700,0.49946218,2.86262868,0.59582480,0.49688324,1.49508302,0.52213626
78.6800,0.49946180,2.86263063,0.59582665,0.49688340,1.49508482,0.52213599
78.6900,0.49946142,2.86263259,0.59582851,0.49688355,1.49508662,0.52213572
78.7000,0.49946105,2.86263453,0.59583036,0.49688371,1.49508841,0.52213545
78.7100,0.49946067,2.86263648,0.59583221,0.49688387,1.49509021,0.52213518
78.7200,0.49946030,2.86263843,0.59583406,0.49688402,1.49509200,0.52213491
78.7300,0.49945992,2.86264038,0.59583591,0.49688418,1.49509379,0.52213465
78.7400,0.49945954,2.86264232,0.59583775,0.49688433,1.49509558,0.52213438
78.7500,0.49945917,2.86264426,0.59583960,0.49688449,1.49509737,0.52213411
78.7600,0.49945879,2.86264620,0.59584144,0.49688464,1.49509915,0.52213384
78.7700,0.49945842,2.86264814,0.59584328,0.49688480,1.49510094,0.52213357
78.7800,0.49945805,2.86265008,0.59584512,0.49688495,1.49510272,0.52213331
78.7900,0.49945767,2.86265201,0.59584696,0.49688510,1.49510450,0.52213304
78.8000,0.49945730,2.86265395,0.59584880,0.49688526,1.49510628,0.52213277
78.8100,0.49945692,2.86265588,0.59585064,0.49688541,1.49510806,0.52213251
78.8200,0.49945655,2.86265781,0.59585247,0.49688557,1.49510984,0.52213224
78.8300,0.49945618,2.86265974,0.59585431,0.49688572,1.49511161,0.52213198
78.8400,0.49945581,2.86266167,0.59585614,0.49688587,1.49511339,0.52213171
78.8500,0.49945543,2.86266360,0.59585797,0.49688603,1.49511516,0.52213145
78.8600,0.49945506,2.86266552,0.59585980,0.49688618,1.49511693,0.52213118
78.8700,0.49945469,2.86266744,0.59586163,0.49688633,1.49511870,0.52213092
78.8800,0.49945432,2.86266937,0.59586346,0.49688649,1.49512046,0.52213065
78.8900,0.49945395,2.86267129,0.59586528,0.49688664,1.49512223,0.52213039
78.9000,0.49945358,2.86267321,0.59586710,0.49688679,1.49512399,0.52213012
78.9100,0.49945321,2.86267512,0.59586893,0.49688694,1.49512575,0.52212986
78.9200,0.49945284,2.86267704,0.59587075,0.49688710,1.49512751,0.52212960
78.9300,0.49945247,2.86267895,0.59587257,0.49688725,1.49512927,0.52212933
78.9400,0.49945210,2.86268087,0.59587439,0.49688740,1.49513103,0.52212907
78.9500,0.49945173,2.86268278,0.59587620,0.49688755,1.49513279,0.52212881
78.9600,0.49945136,2.86268469,0.59587802,0.49688770,1.49513454,0.52212855
78.9700,0.49945099,2.86268660,0.59587983,0.49688785,1.49513629,0.52212829
78.9800,0.49945062,2.86268850,0.59588165,0.49688801,1.49513804,0.52212802
78.9900,0.49945026,2.86269041,0.59588346,0.49688816,1.49513979,0.52212776
79.0000,0.49944989,2.86269231,0.59588527,0.49688831,1.49514154,0.52212750
79.0100,0.49944952,2.86269421,0.59588708,0.49688846,1.49514329,0.52212724
79.0200,0.49944915,2.86269611,0.59588888,0.49688861,1.49514503,0.52212698
79.0300,0.49944879,2.86269801,0.59589069,0.49688876,1.49514677,0.52212672
79.0400,0.49944842,2.86269991,0.59589250,0.49688891,1.49514851,0.52212646
79.0500,0.49944805,2.86270181,0.59589430,0.49688906,1.49515025,0.52212620
79.0600,0.49944769,2.86270370,0.59589610,0.49688921,1.49515199,0.52212594
79.0700,0.49944732,2.86270559,0.59589790,0.49688936,1.49515373,0.52212568
79.0800,0.49944696,2.86270748,0.59589970,0.49688951,1.49515546,0.52212543
79.0900,0.49944659,2.86270937,0.59590150,0.49688966,1.49515720,0.52212517
79.1000,0.49944623,2.86271126,0.59590329,0.49688981,1.49515893,0.52212491
79.1100,0.49944586,2.86271315,0.59590509,0.49688996,1.49516066,0.52212465
79.1200,0.49944550,2.86271504,0.59590688,0.49689011,1.49516239,0.52212439
79.1300,0.49944514,2.86271692,0.59590868,0.49689025,1.49516411,0.52212414
79.1400,0.49944477,2.86271880,0.59591047,0.49689040,1.49516584,0.52212388
79.1500,0.49944441,2.86272068,0.59591226,0.49689055,1.49516756,0.52212362
79.1600,0.49944405,2.86272256,0.59591404,0.49689070,1.49516928,0.52212337
79.1700,0.49944368,2.86272444,0.59591583,0.49689085,1.49517100,0.52212311
79.1800,0.49944332,2.86272632,0.59591762,0.49689100,1.49517272,0.52212285
79.1900,0.49944296,2.86272819,0.59591940,0.49689114,1.49517444,0.52212260
79.2000,0.49944260,2.86273007,0.59592118,0.49689129,1.49517616,0.52212234
79.2100,0.49944224,2.86273194,0.59592296,0.49689144,1.49517787,0.52212209
79.2200,0.49944187,2.86273381,0.59592474,0.49689159,1.49517958,0.52212183
79.2300,0.49944151,2.86273568,0.59592652,0.49689173,1.49518130,0.52212158
79.2400,0.49944115,2.86273754,0.59592830,0.49689188,1.49518301,0.52212132
79.2500,0.49944079,2.86273941,0.59593008,0.49689203,1.49518471,0.52212107
79.2600,0.49944043,2.86274127,0.59593185,0.49689217,1.49518642,0.52212082
79.2700,0.49944007,2.86274314,0.59593362,0.49689232,1.49518813,0.52212056
79.2800,0.49943971,2.86274500,0.59593540,0.49689247,1.49518983,0.52212031
79.2900,0.49943935,2.86274686,0.59593717,0.49689261,1.49519153,0.52212006
79.3000,0.49943900,2.86274872,0.59593894,0.49689276,1.49519323,0.52211980
79.3100,0.49943864,2.86275057,0.59594070,0.49689291,1.49519493,0.52211955
79.3200,0.49943828,2.86275243,0.59594247,0.49689305,1.49519663,0.52211930
79.3300,0.49943792,2.86275428,0.59594424,0.49689320,1.49519832,0.52211905
79.3400,0.49943756,2.86275614,0.59594600,0.49689334,1.49520002,0.52211880
79.3500,0.49943721,2.86275799,0.59594776,0.49689349,1.49520171,0.52211855
79.3600,0.49943685,2.86275984,0.59594952,0.49689363,1.49520340,0.52211830
79.3700,0.49943649,2.86276169,0.59595128,0.49689378,1.49520509,0.52211804
79.3800,0.49943613,2.86276353,0.59595304,0.49689392,1.49520678,0.52211779
79.3900,0.49943578,2.86276538,0.59595480,0.49689407,1.49520846,0.52211754
79.4000,0.49943542,2.86276722,0.59595655,0.49689421,1.49521015,0.52211729
79.4100,0.49943507,2.86276906,0.59595831,0.49689436,1.49521183,0.52211704
79.4200,0.49943471,2.86277090,0.59596006,0.49689450,1.49521351,0.52211680
79.4300,0.49943436,2.86277274,0.59596181,0.49689465,1.49521519,0.52211655
79.4400,0.49943400,2.86277458,0.59596356,0.49689479,1.49521687,0.52211630
79.4500,0.49943365,2.86277642,0.59596531,0.49689493,1.49521855,0.52211605
79.4600,0.49943329,2.86277825,0.59596706,0.49689508,1.49522023,0.52211580
79.4700,0.49943294,2.86278009,0.59596881,0.49689522,1.49522190,0.52211555
79.4800,0.49943258,2.86278192,0.59597055,0.49689536,1.49522357,0.52211530
79.4900,0.49943223,2.86278375,0.59597230,0.49689551,1.49522524,0.52211506
79.5000,0.49943188,2.86278558,0.59597404,0.49689565,1.49522691,0.52211481
79.5100,0.49943153,2.86278740,0.59597578,0.49689579,1.49522858,0.52211456
79.5200,0.49943117,2.86278923,0.59597752,0.49689594,1.49523025,0.52211432
79.5300,0.49943082,2.86279106,0.59597926,0.49689608,1.49523191,0.52211407
79.5400,0.49943047,2.86279288,0.59598099,0.49689622,1.49523358,0.52211382
79.5500,0.49943012,2.86279470,0.59598273,0.49689636,1.49523524,0.52211358
79.5600,0.49942977,2.86279652,0.59598447,0.49689651,1.49523690,0.52211333
79.5700,0.49942941,2.86279834,0.59598620,0.49689665,1.49523856,0.52211309
79.5800,0.49942906,2.86280016,0.59598793,0.49689679,1.49524021,0.52211284
79.5900,0.49942871,2.86280197,0.59598966,0.49689693,1.49524187,0.52211260
79.6000,0.49942836,2.86280379,0.59599139,0.49689707,1.49524352,0.52211235
79.6100,0.49942801,2.86280560,0.59599312,0.49689721,1.49524518,0.52211211
79.6200,0.49942766,2.86280741,0.59599484,0.49689735,1.49524683,0.52211186
79.6300,0.49942731,2.86280922,0.59599657,0.49689750,1.49524848,0.52211162
79.6400,0.49942696,2.86281103,0.59599829,0.49689764,1.49525013,0.52211138
79.6500,0.49942662,2.86281284,0.59600002,0.49689778,1.49525177,0.52211113
79.6600,0.49942627,2.86281464,0.59600174,0.49689792,1.49525342,0.52211089
79.6700,0.49942592,2.86281645,0.59600346,0.49689806,1.49525506,0.52211065
79.6800,0.49942557,2.86281825,0.59600518,0.49689820,1.49525670,0.52211041
79.6900,0.49942522,2.86282005,0.59600689,0.49689834,1.49525834,0.52211016
79.7000,0.49942488,2.86282185,0.59600861,0.49689848,1.49525998,0.52210992
79.7100,0.49942453,2.86282365,0.59601032,0.49689862,1.49526162,0.52210968
79.7200,0.49942418,2.86282545,0.59601204,0.49689876,1.49526326,0.52210944
79.7300,0.49942384,2.86282724,0.59601375,0.49689890,1.49526489,0.52210920
79.7400,0.49942349,2.86282904,0.59601546,0.49689904,1.49526653,0.52210896
79.7500,0.49942314,2.86283083,0.59601717,0.49689918,1.49526816,0.52210872
79.7600,0.49942280,2.86283262,0.59601888,0.49689932,1.49526979,0.52210848
79.7700,0.49942245,2.86283441,0.59602058,0.49689946,1.49527142,0.52210824
79.7800,0.49942211,2.86283620,0.59602229,0.49689959,1.49527304,0.52210800
79.7900,0.49942176,2.86283799,0.59602399,0.49689973,1.49527467,0.52210776
79.8000,0.49942142,2.86283977,0.59602570,0.49689987,1.49527629,0.52210752
79.8100,0.49942107,2.86284156,0.59602740,0.49690001,1.49527792,0.52210728
79.8200,0.49942073,2.86284334,0.59602910,0.49690015,1.49527954,0.52210704
79.8300,0.49942038,2.86284512,0.59603080,0.49690029,1.49528116,0.52210680
79.8400,0.49942004,2.86284690,0.59603250,0.49690042,1.49528278,0.52210656
79.8500,0.49941970,2.86284868,0.59603419,0.49690056,1.49528439,0.52210632
79.8600,0.49941935,2.86285046,0.59603589,0.49690070,1.49528601,0.52210609
79.8700,0.49941901,2.86285223,0.59603758,0.49690084,1.49528762,0.52210585
79.8800,0.49941867,2.86285401,0.59603928,0.49690097,1.49528924,0.52210561
79.8900,0.49941833,2.86285578,0.59604097,0.49690111,1.49529085,0.52210538
79.9000,0.49941799,2.86285755,0.59604266,0.49690125,1.49529246,0.52210514
79.9100,0.49941764,2.86285932,0.59604435,0.49690139,1.49529406,0.52210490
79.9200,0.49941730,2.86286109,0.59604603,0.49690152,1.49529567,0.52210467
79.9300,0.49941696,2.86286286,0.59604772,0.49690166,1.49529728,0.52210443
79.9400,0.49941662,2.86286462,0.59604940,0.49690180,1.49529888,0.52210419
79.9500,0.49941628,2.86286639,0.59605109,0.49690193,1.49530048,0.52210396
79.9600,0.49941594,2.86286815,0.59605277,0.49690207,1.49530208,0.52210372
79.9700,0.49941560,2.86286991,0.59605445,0.49690220,1.49530368,0.52210349
79.9800,0.49941526,2.86287167,0.59605613,0.49690234,1.49530528,0.52210325
79.9900,0.49941492,2.86287343,0.59605781,0.49690248,1.49530688,0.52210302
80.0000,0.49941458,2.86287519,0.59605949,0.49690261,1.49530847,0.52210279
80.0100,0.49941424,2.86287695,0.59606116,0.49690275,1.49531006,0.52210255
80.0200,0.49941390,2.86287870,0.59606284,0.49690288,1.49531166,0.52210232
80.0300,0.49941357,2.86288045,0.59606451,0.49690302,1.49531325,0.52210208
80.0400,0.49941323,2.86288221,0.59606618,0.49690315,1.49531484,0.52210185
80.0500,0.49941289,2.86288396,0.59606785,0.49690329,1.49531642,0.52210162
80.0600,0.49941255,2.86288570,0.59606952,0.49690342,1.49531801,0.52210139
80.0700,0.49941222,2.86288745,0.59607119,0.49690356,1.49531959,0.52210115
80.0800,0.49941188,2.86288920,0.59607286,0.49690369,1.49532118,0.52210092
80.0900,0.49941154,2.86289094,0.59607452,0.49690383,1.49532276,0.52210069
80.1000,0.49941121,2.86289269,0.59607619,0.49690396,1.49532434,0.52210046
80.1100,0.49941087,2.86289443,0.59607785,0.49690409,1.49532592,0.52210023
80.1200,0.49941053,2.86289617,0.59607951,0.49690423,1.49532750,0.52210000
80.1300,0.49941020,2.86289791,0.59608117,0.49690436,1.49532907,0.52209976
80.1400,0.49940986,2.86289965,0.59608283,0.49690450,1.49533065,0.52209953
80.1500,0.49940953,2.86290138,0.59608449,0.49690463,1.49533222,0.52209930
80.1600,0.49940919,2.86290312,0.59608615,0.49690476,1.49533379,0.52209907
80.1700,0.49940886,2.86290485,0.59608780,0.49690490,1.49533536,0.52209884
80.1800,0.49940852,2.86290658,0.59608946,0.49690503,1.49533693,0.52209861
80.1900,0.49940819,2.86290831,0.59609111,0.49690516,1.49533850,0.52209838
80.2000,0.49940786,2.86291004,0.59609276,0.49690529,1.49534006,0.52209816
80.2100,0.49940752,2.86291177,0.59609441,0.49690543,1.49534163,0.52209793
80.2200,0.49940719,2.86291350,0.59609606,0.49690556,1.49534319,0.52209770
80.2300,0.49940686,2.86291522,0.59609771,0.49690569,1.49534475,0.52209747
80.2400,0.49940652,2.86291695,0.59609936,0.49690582,1.49534631,0.52209724
80.2500,0.49940619,2.86291867,0.59610100,0.49690596,1.49534787,0.52209701
80.2600,0.49940586,2.86292039,0.59610265,0.49690609,1.49534943,0.52209679
80.2700,0.49940553,2.86292211,0.59610429,0.49690622,1.49535098,0.52209656
80.2800,0.49940520,2.86292383,0.59610593,0.49690635,1.49535254,0.52209633
80.2900,0.49940486,2.86292555,0.59610757,0.49690648,1.49535409,0.52209610
80.3000,0.49940453,2.86292726,0.59610921,0.49690661,1.49535564,0.52209588
80.3100,0.49940420,2.86292898,0.59611085,0.49690675,1.49535719,0.52209565
80.3200,0.49940387,2.86293069,0.59611249,0.49690688,1.49535874,0.52209542
80.3300,0.49940354,2.86293240,0.59611412,0.49690701,1.49536029,0.52209520
80.3400,0.49940321,2.86293411,0.59611576,0.49690714,1.49536184,0.52209497
80.3500,0.49940288,2.86293582,0.59611739,0.49690727,1.49536338,0.52209475
80.3600,0.49940255,2.86293753,0.59611902,0.49690740,1.49536492,0.52209452
80.3700,0.49940222,2.86293924,0.59612065,0.49690753,1.49536647,0.52209430
80.3800,0.49940190,2.86294094,0.59612228,0.49690766,1.49536801,0.52209407
80.3900,0.49940157,2.86294264,0.59612391,0.49690779,1.49536955,0.52209385
80.4000,0.49940124,2.86294435,0.59612554,0.49690792,1.49537108,0.52209362
80.4100,0.49940091,2.86294605,0.59612716,0.49690805,1.49537262,0.52209340
80.4200,0.49940058,2.86294775,0.59612879,0.49690818,1.49537415,0.52209318
80.4300,0.49940025,2.86294944,0.59613041,0.49690831,1.49537569,0.52209295
80.4400,0.49939993,2.86295114,0.59613203,0.49690844,1.49537722,0.52209273
80.4500,0.49939960,2.86295284,0.59613365,0.49690857,1.49537875,0.52209251
80.4600,0.49939927,2.86295453,0.59613527,0.49690870,1.49538028,0.52209228
80.4700,0.49939895,2.86295622,0.59613689,0.49690883,1.49538181,0.52209206
80.4800,0.49939862,2.86295791,0.59613851,0.49690895,1.49538333,0.52209184
80.4900,0.49939829,2.86295960,0.59614012,0.49690908,1.49538486,0.52209162
80.5000,0.49939797,2.86296129,0.59614174,0.49690921,1.49538638,0.52209140
80.5100,0.49939764,2.86296298,0.59614335,0.49690934,1.49538790,0.52209117
80.5200,0.49939732,2.86296467,0.59614496,0.49690947,1.49538942,0.52209095
80.5300,0.49939699,2.86296635,0.59614657,0.49690960,1.49539094,0.52209073
80.5400,0.49939667,2.86296803,0.59614818,0.49690972,1.49539246,0.52209051
80.5500,0.49939634,2.86296971,0.59614979,0.49690985,1.49539398,0.52209029
80.5600,0.49939602,2.86297140,0.59615140,0.49690998,1.49539549,0.52209007
80.5700,0.49939570,2.86297307,0.59615300,0.49691011,1.49539701,0.52208985
80.5800,0.49939537,2.86297475,0.59615461,0.49691024,1.49539852,0.52208963
80.5900,0.49939505,2.86297643,0.59615621,0.49691036,1.49540003,0.52208941
80.6000,0.49939473,2.86297810,0.59615781,0.49691049,1.49540154,0.52208919
80.6100,0.49939440,2.86297978,0.59615941,0.49691062,1.49540305,0.52208897
80.6200,0.49939408,2.86298145,0.59616101,0.49691074,1.49540456,0.52208875
80.6300,0.49939376,2.86298312,0.59616261,0.49691087,1.49540606,0.52208853
80.6400,0.49939344,2.86298479,0.59616421,0.49691100,1.49540756,0.52208832
80.6500,0.49939311,2.86298646,0.59616580,0.49691112,1.49540907,0.52208810
80.6600,0.49939279,2.86298813,0.59616740,0.49691125,1.49541057,0.52208788
80.6700,0.49939247,2.86298979,0.59616899,0.49691138,1.49541207,0.52208766
80.6800,0.49939215,2.86299146,0.59617058,0.49691150,1.49541357,0.52208744
80.6900,0.49939183,2.86299312,0.59617218,0.49691163,1.49541506,0.52208723
80.7000,0.49939151,2.86299478,0.59617377,0.49691175,1.49541656,0.52208701
80.7100,0.49939119,2.86299644,0.59617535,0.49691188,1.49541806,0.52208679
80.7200,0.49939087,2.86299810,0.59617694,0.49691201,1.49541955,0.52208658
80.7300,0.49939055,2.86299976,0.59617853,0.49691213,1.49542104,0.52208636
80.7400,0.49939023,2.86300142,0.59618011,0.49691226,1.49542253,0.52208615
80.7500,0.49938991,2.86300307,0.59618170,0.49691238,1.49542402,0.52208593
80.7600,0.49938959,2.86300472,0.59618328,0.49691251,1.49542551,0.52208571
80.7700,0.49938927,2.86300638,0.59618486,0.49691263,1.49542699,0.52208550
80.7800,0.49938895,2.86300803,0.59618644,0.49691276,1.49542848,0.52208528
80.7900,0.49938864,2.86300968,0.59618802,0.49691288,1.49542996,0.52208507
80.8000,0.49938832,2.86301133,0.59618960,0.49691301,1.49543144,0.52208485
80.8100,0.49938800,2.86301297,0.59619117,0.49691313,1.49543293,0.52208464
80.8200,0.49938768,2.86301462,0.59619275,0.49691325,1.49543440,0.52208443
80.8300,0.49938737,2.86301626,0.59619432,0.49691338,1.49543588,0.52208421
80.8400,0.49938705,2.86301791,0.59619590,0.49691350,1.49543736,0.52208400
80.8500,0.49938673,2.86301955,0.59619747,0.49691363,1.49543884,0.52208378
80.8600,0.49938642,2.86302119,0.59619904,0.49691375,1.49544031,0.52208357
80.8700,0.49938610,2.86302283,0.59620061,0.49691387,1.49544178,0.52208336
80.8800,0.49938578,2.86302447,0.59620218,0.49691400,1.49544325,0.52208314
80.8900,0.49938547,2.86302610,0.59620374,0.49691412,1.49544472,0.52208293
80.9000,0.49938515,2.86302774,0.59620531,0.49691424,1.49544619,0.52208272
80.9100,0.49938484,2.86302937,0.59620687,0.49691437,1.49544766,0.52208251
80.9200,0.49938452,2.86303101,0.59620844,0.49691449,1.49544913,0.52208230
80.9300,0.49938421,2.86303264,0.59621000,0.49691461,1.49545059,0.52208208
80.9400,0.49938389,2.86303427,0.59621156,0.49691474,1.49545205,0.52208187
80.9500,0.49938358,2.86303590,0.59621312,0.49691486,1.49545352,0.52208166
80.9600,0.49938327,2.86303752,0.59621468,0.49691498,1.49545498,0.52208145
80.9700,0.49938295,2.86303915,0.59621624,0.49691510,1.49545644,0.52208124
80.9800,0.49938264,2.86304078,0.59621779,0.49691522,1.49545789,0.52208103
80.9900,0.49938233,2.86304240,0.59621935,0.49691535,1.49545935,0.52208082
81.0000,0.49938201,2.86304402,0.59622090,0.49691547,1.49546081,0.52208061
81.0100,0.49938170,2.86304564,0.59622246,0.49691559,1.49546226,0.52208040
81.0200,0.49938139,2.86304726,0.59622401,0.49691571,1.49546371,0.52208019
81.0300,0.49938108,2.86304888,0.59622556,0.49691583,1.49546516,0.52207998
81.0400,0.49938076,2.86305050,0.59622711,0.49691595,1.49546661,0.52207977
81.0500,0.49938045,2.86305211,0.59622865,0.49691608,1.49546806,0.52207956
81.0600,0.49938014,2.86305373,0.59623020,0.49691620,1.49546951,0.52207935
81.0700,0.49937983,2.86305534,0.59623175,0.49691632,1.49547096,0.52207915
81.0800,0.49937952,2.86305695,0.59623329,0.49691644,1.49547240,0.52207894
81.0900,0.49937921,2.86305857,0.59623483,0.49691656,1.49547384,0.52207873
81.1000,0.49937890,2.86306017,0.59623638,0.49691668,1.49547529,0.52207852
81.1100,0.49937859,2.86306178,0.59623792,0.49691680,1.49547673,0.52207831
81.1200,0.49937828,2.86306339,0.59623946,0.49691692,1.49547817,0.52207811
81.1300,0.49937797,2.86306500,0.59624100,0.49691704,1.49547960,0.52207790
81.1400,0.49937766,2.86306660,0.59624253,0.49691716,1.49548104,0.52207769
81.1500,0.49937735,2.86306820,0.59624407,0.49691728,1.49548248,0.52207749
81.1600,0.49937704,2.86306980,0.59624560,0.49691740,1.49548391,0.52207728
81.1700,0.49937673,2.86307141,0.59624714,0.49691752,1.49548534,0.52207707
81.1800,0.49937643,2.86307300,0.59624867,0.49691764,1.49548677,0.52207687
81.1900,0.49937612,2.86307460,0.59625020,0.49691776,1.49548821,0.52207666
81.2000,0.49937581,2.86307620,0.59625173,0.49691788,1.49548963,0.52207646
81.2100,0.49937550,2.86307779,0.59625326,0.49691800,1.49549106,0.52207625
81.2200,0.49937519,2.86307939,0.59625479,0.49691812,1.49549249,0.52207605
81.2300,0.49937489,2.86308098,0.59625632,0.49691824,1.49549391,0.52207584
81.2400,0.49937458,2.86308257,0.59625784,0.49691835,1.49549534,0.52207564
81.2500,0.49937427,2.86308416,0.59625937,0.49691847,1.49549676,0.52207543
81.2600,0.49937397,2.86308575,0.59626089,0.49691859,1.49549818,0.52207523
81.2700,0.49937366,2.86308734,0.59626241,0.49691871,1.49549960,0.52207503
81.2800,0.49937336,2.86308893,0.59626393,0.49691883,1.49550102,0.52207482
81.2900,0.49937305,2.86309051,0.59626545,0.49691895,1.49550244,0.52207462
81.3000,0.49937274,2.86309210,0.59626697,0.49691906,1.49550385,0.52207442
81.3100,0.49937244,2.86309368,0.59626849,0.49691918,1.49550527,0.52207421
81.3200,0.49937213,2.86309526,0.59627001,0.49691930,1.49550668,0.52207401
81.3300,0.49937183,2.86309684,0.59627152,0.49691942,1.49550809,0.52207381
81.3400,0.49937153,2.86309842,0.59627303,0.49691954,1.49550950,0.52207360
81.3500,0.49937122,2.86310000,0.59627455,0.49691965,1.49551091,0.52207340
81.3600,0.49937092,2.86310157,0.59627606,0.49691977,1.49551232,0.52207320
81.3700,0.49937061,2.86310315,0.59627757,0.49691989,1.49551373,0.52207300
81.3800,0.49937031,2.86310472,0.59627908,0.49692000,1.49551513,0.52207280
81.3900,0.49937001,2.86310629,0.59628059,0.49692012,1.49551654,0.52207260
81.4000,0.49936970,2.86310787,0.59628209,0.49692024,1.49551794,0.52207240
81.4100,0.49936940,2.86310944,0.59628360,0.49692035,1.49551934,0.52207219
81.4200,0.49936910,2.86311100,0.59628510,0.49692047,1.49552074,0.52207199
81.4300,0.49936880,2.86311257,0.59628661,0.49692059,1.49552214,0.52207179
81.4400,0.49936850,2.86311414,0.59628811,0.49692070,1.49552354,0.52207159
81.4500,0.49936819,2.86311570,0.59628961,0.49692082,1.49552493,0.52207139
81.4600,0.49936789,2.86311727,0.59629111,0.49692094,1.49552633,0.52207119
81.4700,0.49936759,2.86311883,0.59629261,0.49692105,1.49552772,0.52207099
81.4800,0.49936729,2.86312039,0.59629411,0.49692117,1.49552912,0.52207080
81.4900,0.49936699,2.86312195,0.59629561,0.49692128,1.49553051,0.52207060
81.5000,0.49936669,2.86312351,0.59629710,0.49692140,1.49553190,0.52207040
81.5100,0.49936639,2.86312507,0.59629860,0.49692151,1.49553329,0.52207020
81.5200,0.49936609,2.86312662,0.59630009,0.49692163,1.49553467,0.52207000
81.5300,0.49936579,2.86312818,0.59630158,0.49692175,1.49553606,0.52206980
81.5400,0.49936549,2.86312973,0.59630307,0.49692186,1.49553745,0.52206960
81.5500,0.49936519,2.86313129,0.59630456,0.49692198,1.49553883,0.52206941
81.5600,0.49936489,2.86313284,0.59630605,0.49692209,1.49554021,0.52206921
81.5700,0.49936459,2.86313439,0.59630754,0.49692220,1.49554159,0.52206901
81.5800,0.49936429,2.86313594,0.59630903,0.49692232,1.49554297,0.52206881
81.5900,0.49936400,2.86313748,0.59631051,0.49692243,1.49554435,0.52206862
81.6000,0.49936370,2.86313903,0.59631200,0.49692255,1.49554573,0.52206842
81.6100,0.49936340,2.86314058,0.59631348,0.49692266,1.49554711,0.52206822
81.6200,0.49936310,2.86314212,0.59631496,0.49692278,1.49554848,0.52206803
81.6300,0.49936280,2.86314366,0.59631644,0.49692289,1.49554985,0.52206783
81.6400,0.49936251,2.86314520,0.59631792,0.49692300,1.49555123,0.52206764
81.6500,0.49936221,2.86314674,0.59631940,0.49692312,1.49555260,0.52206744
81.6600,0.49936191,2.86314828,0.59632088,0.49692323,1.49555397,0.52206725
81.6700,0.49936162,2.86314982,0.59632235,0.49692334,1.49555534,0.52206705
81.6800,0.49936132,2.86315136,0.59632383,0.49692346,1.49555670,0.52206686
81.6900,0.49936103,2.86315289,0.59632530,0.49692357,1.49555807,0.52206666
81.7000,0.49936073,2.86315443,0.59632678,0.49692368,1.49555943,0.52206647
81.7100,0.49936043,2.86315596,0.59632825,0.49692380,1.49556080,0.52206627
81.7200,0.49936014,2.86315749,0.59632972,0.49692391,1.49556216,0.52206608
81.7300,0.49935984,2.86315902,0.59633119,0.49692402,1.49556352,0.52206588
81.7400,0.49935955,2.86316055,0.59633266,0.49692414,1.49556488,0.52206569
81.7500,0.49935926,2.86316208,0.59633412,0.49692425,1.49556624,0.52206550
81.7600,0.49935896,2.86316361,0.59633559,0.49692436,1.49556760,0.52206530
81.7700,0.49935867,2.86316513,0.59633705,0.49692447,1.49556895,0.52206511
81.7800,0.49935837,2.86316666,0.59633852,0.49692458,1.49557031,0.52206492
81.7900,0.49935808,2.86316818,0.59633998,0.49692470,1.49557166,0.52206473
81.8000,0.49935779,2.86316970,0.59634144,0.49692481,1.49557301,0.52206453
81.8100,0.49935749,2.86317122,0.59634290,0.49692492,1.49557437,0.52206434
81.8200,0.49935720,2.86317274,0.59634436,0.49692503,1.49557572,0.52206415
81.8300,0.49935691,2.86317426,0.59634582,0.49692514,1.49557706,0.52206396
81.8400,0.49935662,2.86317578,0.59634728,0.49692525,1.49557841,0.52206377
81.8500,0.49935632,2.86317729,0.59634873,0.49692537,1.49557976,0.52206357
81.8600,0.49935603,2.86317881,0.59635019,0.49692548,1.49558110,0.52206338
81.8700,0.49935574,2.86318032,0.59635164,0.49692559,1.49558245,0.52206319
81.8800,0.49935545,2.86318183,0.59635310,0.49692570,1.49558379,0.52206300
81.8900,0.49935516,2.86318334,0.59635455,0.49692581,1.49558513,0.52206281
81.9000,0.49935487,2.86318485,0.59635600,0.49692592,1.49558647,0.52206262
81.9100,0.49935458,2.86318636,0.59635745,0.49692603,1.49558781,0.52206243
81.9200,0.49935429,2.86318787,0.59635890,0.49692614,1.49558915,0.52206224
81.9300,0.49935400,2.86318938,0.59636034,0.49692625,1.49559048,0.52206205
81.9400,0.49935371,2.86319088,0.59636179,0.49692636,1.49559182,0.52206186
81.9500,0.49935342,2.86319238,0.59636323,0.49692647,1.49559315,0.52206167
81.9600,0.49935313,2.86319389,0.59636468,0.49692658,1.49559449,0.52206148
81.9700,0.49935284,2.86319539,0.59636612,0.49692669,1.49559582,0.52206130
81.9800,0.49935255,2.86319689,0.59636756,0.49692680,1.49559715,0.52206111
81.9900,0.49935226,2.86319839,0.59636900,0.49692691,1.49559848,0.52206092
82.0000,0.49935197,2.86319989,0.59637044,0.49692702,1.49559980,0.52206073
82.0100,0.49935168,2.86320138,0.59637188,0.49692713,1.49560113,0.52206054
82.0200,0.49935139,2.86320288,0.59637332,0.49692724,1.49560246,0.52206035
82.0300,0.49935111,2.86320437,0.59637476,0.49692735,1.49560378,0.52206017
82.0400,0.49935082,2.86320587,0.59637619,0.49692746,1.49560510,0.52205998
82.0500,0.49935053,2.86320736,0.59637762,0.49692757,1.49560642,0.52205979
82.0600,0.49935024,2.86320885,0.59637906,0.49692768,1.49560775,0.52205961
82.0700,0.49934996,2.86321034,0.59638049,0.49692778,1.49560906,0.52205942
82.0800,0.49934967,2.86321183,0.59638192,0.49692789,1.49561038,0.52205923
82.0900,0.49934938,2.86321331,0.59638335,0.49692800,1.49561170,0.52205905
82.1000,0.49934910,2.86321480,0.59638478,0.49692811,1.49561302,0.52205886
82.1100,0.49934881,2.86321628,0.59638621,0.49692822,1.49561433,0.52205867
82.1200,0.49934853,2.86321777,0.59638763,0.49692833,1.49561564,0.52205849
82.1300,0.49934824,2.86321925,0.59638906,0.49692843,1.49561696,0.52205830
82.1400,0.49934795,2.86322073,0.59639048,0.49692854,1.49561827,0.52205812
82.1500,0.49934767,2.86322221,0.59639190,0.49692865,1.49561958,0.52205793
82.1600,0.49934738,2.86322369,0.59639333,0.49692876,1.49562088,0.52205775
82.1700,0.49934710,2.86322517,0.59639475,0.49692886,1.49562219,0.52205756
82.1800,0.49934682,2.86322664,0.59639617,0.49692897,1.49562350,0.52205738
82.1900,0.49934653,2.86322812,0.59639759,0.49692908,1.49562480,0.52205719
82.2000,0.49934625,2.86322959,0.59639900,0.49692919,1.49562611,0.52205701
82.2100,0.49934596,2.86323106,0.59640042,0.49692929,1.49562741,0.52205683
82.2200,0.49934568,2.86323254,0.59640184,0.49692940,1.49562871,0.52205664
82.2300,0.49934540,2.86323401,0.59640325,0.49692951,1.49563001,0.52205646
82.2400,0.49934511,2.86323548,0.59640466,0.49692961,1.49563131,0.52205628
82.2500,0.49934483,2.86323694,0.59640608,0.49692972,1.49563261,0.52205609
82.2600,0.49934455,2.86323841,0.59640749,0.49692983,1.49563390,0.52205591
82.2700,0.49934427,2.86323988,0.59640890,0.49692993,1.49563520,0.52205573
82.2800,0.49934398,2.86324134,0.59641031,0.49693004,1.49563649,0.52205554
82.2900,0.49934370,2.86324281,0.59641171,0.49693015,1.49563779,0.52205536
82.3000,0.49934342,2.86324427,0.59641312,0.49693025,1.49563908,0.52205518
82.3100,0.49934314,2.86324573,0.59641453,0.49693036,1.49564037,0.52205500
82.3200,0.49934286,2.86324719,0.59641593,0.49693046,1.49564166,0.52205482
82.3300,0.49934258,2.86324865,0.59641733,0.49693057,1.49564295,0.52205464
82.3400,0.49934230,2.86325011,0.59641874,0.49693068,1.49564423,0.52205445
82.3500,0.49934202,2.86325156,0.59642014,0.49693078,1.49564552,0.52205427
82.3600,0.49934174,2.86325302,0.59642154,0.49693089,1.49564680,0.52205409
82.3700,0.49934145,2.86325447,0.59642294,0.49693099,1.49564809,0.52205391
82.3800,0.49934118,2.86325592,0.59642434,0.49693110,1.49564937,0.52205373
82.3900,0.49934090,2.86325738,0.59642573,0.49693120,1.49565065,0.52205355
82.4000,0.49934062,2.86325883,0.59642713,0.49693131,1.49565193,0.52205337
82.4100,0.49934034,2.86326028,0.59642853,0.49693141,1.49565321,0.52205319
82.4200,0.49934006,2.86326172,0.59642992,0.49693152,1.49565449,0.52205301
82.4300,0.49933978,2.86326317,0.59643131,0.49693162,1.49565576,0.52205283
82.4400,0.49933950,2.86326462,0.59643270,0.49693173,1.49565704,0.52205265
82.4500,0.49933922,2.86326606,0.59643409,0.49693183,1.49565831,0.52205247
82.4600,0.49933894,2.86326751,0.59643548,0.49693193,1.49565959,0.52205229
82.4700,0.49933867,2.86326895,0.59643687,0.49693204,1.49566086,0.52205212
82.4800,0.49933839,2.86327039,0.59643826,0.49693214,1.49566213,0.52205194
82.4900,0.49933811,2.86327183,0.59643965,0.49693225,1.49566340,0.52205176
82.5000,0.49933783,2.86327327,0.59644103,0.49693235,1.49566467,0.52205158
82.5100,0.49933756,2.86327471,0.59644242,0.49693245,1.49566593,0.52205140
82.5200,0.49933728,2.86327614,0.59644380,0.49693256,1.49566720,0.52205123
82.5300,0.49933700,2.86327758,0.59644518,0.49693266,1.49566846,0.52205105
82.5400,0.49933673,2.86327901,0.59644656,0.49693276,1.49566973,0.52205087
82.5500,0.49933645,2.86328045,0.59644794,0.49693287,1.49567099,0.52205069
82.5600,0.49933618,2.86328188,0.59644932,0.49693297,1.49567225,0.52205052
82.5700,0.49933590,2.86328331,0.59645070,0.49693307,1.49567351,0.52205034
82.5800,0.49933562,2.86328474,0.59645208,0.49693318,1.49567477,0.52205016
82.5900,0.49933535,2.86328617,0.59645345,0.49693328,1.49567603,0.52204999
82.6000,0.49933507,2.86328760,0.59645483,0.49693338,1.49567728,0.52204981
82.6100,0.49933480,2.86328902,0.59645620,0.49693348,1.49567854,0.52204964
82.6200,0.49933453,2.86329045,0.59645758,0.49693359,1.49567979,0.52204946
82.6300,0.49933425,2.86329187,0.59645895,0.49693369,1.49568105,0.52204928
82.6400,0.49933398,2.86329330,0.59646032,0.49693379,1.49568230,0.52204911
82.6500,0.49933370,2.86329472,0.59646169,0.49693389,1.49568355,0.52204893
82.6600,0.49933343,2.86329614,0.59646306,0.49693400,1.49568480,0.52204876
82.6700,0.49933316,2.86329756,0.59646442,0.49693410,1.49568605,0.52204858
82.6800,0.49933288,2.86329898,0.59646579,0.49693420,1.49568730,0.52204841
82.6900,0.49933261,2.86330040,0.59646716,0.49693430,1.49568854,0.52204823
82.7000,0.49933234,2.86330181,0.59646852,0.49693440,1.49568979,0.52204806
82.7100,0.49933206,2.86330323,0.59646988,0.49693450,1.49569103,0.52204789
82.7200,0.49933179,2.86330464,0.59647125,0.49693461,1.49569227,0.52204771
82.7300,0.49933152,2.86330605,0.59647261,0.49693471,1.49569352,0.52204754
82.7400,0.49933125,2.86330747,0.59647397,0.49693481,1.49569476,0.52204737
82.7500,0.49933098,2.86330888,0.59647533,0.49693491,1.49569600,0.52204719
82.7600,0.49933071,2.86331029,0.59647669,0.49693501,1.49569723,0.52204702
82.7700,0.49933043,2.86331169,0.59647804,0.49693511,1.49569847,0.52204685
82.7800,0.49933016,2.86331310,0.59647940,0.49693521,1.49569971,0.52204667
82.7900,0.49932989,2.86331451,0.59648075,0.49693531,1.49570094,0.52204650
82.8000,0.49932962,2.86331591,0.59648211,0.49693541,1.49570218,0.52204633
82.8100,0.49932935,2.86331732,0.59648346,0.49693551,1.49570341,0.52204616
82.8200,0.49932908,2.86331872,0.59648481,0.49693561,1.49570464,0.52204599
82.8300,0.49932881,2.86332012,0.59648616,0.49693571,1.49570587,0.52204581
82.8400,0.49932854,2.86332152,0.59648751,0.49693581,1.49570710,0.52204564
82.8500,0.49932827,2.86332292,0.59648886,0.49693591,1.49570833,0.52204547
82.8600,0.49932800,2.86332432,0.59649021,0.49693601,1.49570956,0.52204530
82.8700,0.49932773,2.86332572,0.59649156,0.49693611,1.49571078,0.52204513
82.8800,0.49932747,2.86332711,0.59649290,0.49693621,1.49571201,0.52204496
82.8900,0.49932720,2.86332851,0.59649425,0.49693631,1.49571323,0.52204479
82.9000,0.49932693,2.86332990,0.59649559,0.49693641,1.49571445,0.52204462
82.9100,0.49932666,2.86333129,0.59649693,0.49693651,1.49571567,0.52204445
82.9200,0.49932639,2.86333269,0.59649828,0.49693661,1.49571689,0.52204428
82.9300,0.49932612,2.86333408,0.59649962,0.49693671,1.49571811,0.52204411
82.9400,0.49932586,2.86333547,0.59650096,0.49693681,1.49571933,0.52204394
82.9500,0.49932559,2.86333685,0.59650229,0.49693691,1.49572055,0.52204377
82.9600,0.49932532,2.86333824,0.59650363,0.49693701,1.49572176,0.52204360
82.9700,0.49932506,2.86333963,0.59650497,0.49693710,1.49572298,0.52204343
82.9800,0.49932479,2.86334101,0.59650630,0.49693720,1.49572419,0.52204326
82.9900,0.49932452,2.86334240,0.59650764,0.49693730,1.49572540,0.52204309
83.0000,0.49932426,2.86334378,0.59650897,0.49693740,1.49572662,0.52204292
83.0100,0.49932399,2.86334516,0.59651030,0.49693750,1.49572783,0.52204276
83.0200,0.49932372,2.86334654,0.59651164,0.49693760,1.49572904,0.52204259
83.0300,0.49932346,2.86334792,0.59651297,0.49693769,1.49573024,0.52204242
83.0400,0.49932319,2.86334930,0.59651429,0.49693779,1.49573145,0.52204225
83.0500,0.49932293,2.86335068,0.59651562,0.49693789,1.49573266,0.52204208
83.0600,0.49932266,2.86335205,0.59651695,0.49693799,1.49573386,0.52204192
83.0700,0.49932240,2.86335343,0.59651828,0.49693809,1.49573506,0.52204175
83.0800,0.49932213,2.86335480,0.59651960,0.49693818,1.49573627,0.52204158
83.0900,0.49932187,2.86335617,0.59652093,0.49693828,1.49573747,0.52204142
83.1000,0.49932161,2.86335755,0.59652225,0.49693838,1.49573867,0.52204125
83.1100,0.49932134,2.86335892,0.59652357,0.49693848,1.49573987,0.52204108
83.1200,0.49932108,2.86336029,0.59652489,0.49693857,1.49574107,0.52204092
83.1300,0.49932082,2.86336165,0.59652621,0.49693867,1.49574226,0.52204075
83.1400,0.49932055,2.86336302,0.59652753,0.49693877,1.49574346,0.52204059
83.1500,0.49932029,2.86336439,0.59652885,0.49693886,1.49574465,0.52204042
83.1600,0.49932003,2.86336575,0.59653017,0.49693896,1.49574585,0.52204025
83.1700,0.49931976,2.86336712,0.59653148,0.49693906,1.49574704,0.52204009
83.1800,0.49931950,2.86336848,0.59653280,0.49693915,1.49574823,0.52203992
83.1900,0.49931924,2.86336984,0.59653411,0.49693925,1.49574942,0.52203976
83.2000,0.49931898,2.86337120,0.59653543,0.49693935,1.49575061,0.52203959
83.2100,0.49931872,2.86337256,0.59653674,0.49693944,1.49575180,0.52203943
83.2200,0.49931845,2.86337392,0.59653805,0.49693954,1.49575299,0.52203926
83.2300,0.49931819,2.86337528,0.59653936,0.49693963,1.49575417,0.52203910
83.2400,0.49931793,2.86337664,0.59654067,0.49693973,1.49575536,0.52203894
83.2500,0.49931767,2.86337799,0.59654198,0.49693983,1.49575654,0.52203877
83.2600,0.49931741,2.86337935,0.59654328,0.49693992,1.49575772,0.52203861
83.2700,0.49931715,2.86338070,0.59654459,0.49694002,1.49575891,0.52203845
83.2800,0.49931689,2.86338205,0.59654590,0.49694011,1.49576009,0.52203828
83.2900,0.49931663,2.86338340,0.59654720,0.49694021,1.49576127,0.52203812
83.3000,0.49931637,2.86338475,0.59654850,0.49694030,1.49576244,0.52203796
83.3100,0.49931611,2.86338610,0.59654981,0.49694040,1.49576362,0.52203779
83.3200,0.49931585,2.86338745,0.59655111,0.49694049,1.49576480,0.52203763
83.3300,0.49931559,2.86338880,0.59655241,0.49694059,1.49576597,0.52203747
83.3400,0.49931533,2.86339014,0.59655371,0.49694068,1.49576715,0.52203731
83.3500,0.49931507,2.86339149,0.59655500,0.49694078,1.49576832,0.52203714
83.3600,0.49931481,2.86339283,0.59655630,0.49694087,1.49576949,0.52203698
83.3700,0.49931456,2.86339417,0.59655760,0.49694097,1.49577066,0.52203682
83.3800,0.49931430,2.86339551,0.59655889,0.49694106,1.49577183,0.52203666
83.3900,0.49931404,2.86339685,0.59656019,0.49694116,1.49577300,0.52203650
83.4000,0.49931378,2.86339819,0.59656148,0.49694125,1.49577417,0.52203634
83.4100,0.49931352,2.86339953,0.59656277,0.49694134,1.49577533,0.52203618
83.4200,0.49931327,2.86340087,0.59656406,0.49694144,1.49577650,0.52203601
83.4300,0.49931301,2.86340220,0.59656535,0.49694153,1.49577766,0.52203585
83.4400,0.49931275,2.86340354,0.59656664,0.49694163,1.49577883,0.52203569
83.4500,0.49931250,2.86340487,0.59656793,0.49694172,1.49577999,0.52203553
83.4600,0.49931224,2.86340621,0.59656922,0.49694181,1.49578115,0.52203537
83.4700,0.49931198,2.86340754,0.59657050,0.49694191,1.49578231,0.52203521
83.4800,0.49931173,2.86340887,0.59657179,0.49694200,1.49578347,0.52203505
83.4900,0.49931147,2.86341020,0.59657307,0.49694209,1.49578463,0.52203489
83.5000,0.49931122,2.86341153,0.59657436,0.49694219,1.49578579,0.52203474
83.5100,0.49931096,2.86341285,0.59657564,0.49694228,1.49578694,0.52203458
83.5200,0.49931070,2.86341418,0.59657692,0.49694237,1.49578810,0.52203442
83.5300,0.49931045,2.86341551,0.59657820,0.49694247,1.49578925,0.52203426
83.5400,0.49931019,2.86341683,0.59657948,0.49694256,1.49579040,0.52203410
83.5500,0.49930994,2.86341815,0.59658076,0.49694265,1.49579155,0.52203394
83.5600,0.49930969,2.86341948,0.59658204,0.49694274,1.49579270,0.52203378
83.5700,0.49930943,2.86342080,0.59658331,0.49694284,1.49579385,0.52203362
83.5800,0.49930918,2.86342212,0.59658459,0.49694293,1.49579500,0.52203347
83.5900,0.49930892,2.86342344,0.59658586,0.49694302,1.49579615,0.52203331
83.6000,0.49930867,2.86342475,0.59658714,0.49694311,1.49579730,0.52203315
83.6100,0.49930842,2.86342607,0.59658841,0.49694321,1.49579844,0.52203299
83.6200,0.49930816,2.86342739,0.59658968,0.49694330,1.49579959,0.52203284
83.6300,0.49930791,2.86342870,0.59659095,0.49694339,1.49580073,0.52203268
83.6400,0.49930766,2.86343002,0.59659222,0.49694348,1.49580187,0.52203252
83.6500,0.49930740,2.86343133,0.59659349,0.49694357,1.49580301,0.52203237
83.6600,0.49930715,2.86343264,0.59659476,0.49694366,1.49580415,0.52203221
83.6700,0.49930690,2.86343395,0.59659602,0.49694376,1.49580529,0.52203205
83.6800,0.49930665,2.86343526,0.59659729,0.49694385,1.49580643,0.52203190
83.6900,0.49930640,2.86343657,0.59659855,0.49694394,1.49580757,0.52203174
83.7000,0.49930614,2.86343788,0.59659982,0.49694403,1.49580870,0.52203159
83.7100,0.49930589,2.86343918,0.59660108,0.49694412,1.49580984,0.52203143
83.7200,0.49930564,2.86344049,0.59660234,0.49694421,1.49581097,0.52203127
83.7300,0.49930539,2.86344179,0.59660360,0.49694430,1.49581210,0.52203112
83.7400,0.49930514,2.86344310,0.59660486,0.49694439,1.49581324,0.52203096
83.7500,0.49930489,2.86344440,0.59660612,0.49694449,1.49581437,0.52203081
83.7600,0.49930464,2.86344570,0.59660738,0.49694458,1.49581550,0.52203065
83.7700,0.49930439,2.86344700,0.59660864,0.49694467,1.49581662,0.52203050
83.7800,0.49930414,2.86344830,0.59660989,0.49694476,1.49581775,0.52203034
83.7900,0.49930389,2.86344960,0.59661115,0.49694485,1.49581888,0.52203019
83.8000,0.49930364,2.86345090,0.59661240,0.49694494,1.49582000,0.52203004
83.8100,0.49930339,2.86345219,0.59661366,0.49694503,1.49582113,0.52202988
83.8200,0.49930314,2.86345349,0.59661491,0.49694512,1.49582225,0.52202973
83.8300,0.49930289,2.86345478,0.59661616,0.49694521,1.49582337,0.52202957
83.8400,0.49930264,2.86345607,0.59661741,0.49694530,1.49582449,0.52202942
83.8500,0.49930239,2.86345737,0.59661866,0.49694539,1.49582562,0.52202927
83.8600,0.49930215,2.86345866,0.59661991,0.49694548,1.49582673,0.52202912
83.8700,0.49930190,2.86345995,0.59662116,0.49694557,1.49582785,0.52202896
83.8800,0.49930165,2.86346124,0.59662240,0.49694566,1.49582897,0.52202881
83.8900,0.49930140,2.86346252,0.59662365,0.49694575,1.49583009,0.52202866
83.9000,0.49930115,2.86346381,0.59662489,0.49694584,1.49583120,0.52202850
83.9100,0.49930091,2.86346510,0.59662614,0.49694592,1.49583232,0.52202835
83.9200,0.49930066,2.86346638,0.59662738,0.49694601,1.49583343,0.52202820
83.9300,0.49930041,2.86346766,0.59662862,0.49694610,1.49583454,0.52202805
83.9400,0.49930017,2.86346895,0.59662986,0.49694619,1.49583565,0.52202790
83.9500,0.49929992,2.86347023,0.59663110,0.49694628,1.49583676,0.52202775
83.9600,0.49929967,2.86347151,0.59663234,0.49694637,1.49583787,0.52202759
83.9700,0.49929943,2.86347279,0.59663358,0.49694646,1.49583898,0.52202744
83.9800,0.49929918,2.86347407,0.59663481,0.49694655,1.49584009,0.52202729
83.9900,0.49929894,2.86347535,0.59663605,0.49694663,1.49584119,0.52202714
84.0000,0.49929869,2.86347662,0.59663729,0.49694672,1.49584230,0.52202699
84.0100,0.49929844,2.86347790,0.59663852,0.49694681,1.49584340,0.52202684
84.0200,0.49929820,2.86347917,0.59663975,0.49694690,1.49584450,0.52202669
84.0300,0.49929795,2.86348045,0.59664099,0.49694699,1.49584561,0.52202654
84.0400,0.49929771,2.86348172,0.59664222,0.49694708,1.49584671,0.52202639
84.0500,0.49929746,2.86348299,0.59664345,0.49694716,1.49584781,0.52202624
84.0600,0.49929722,2.86348426,0.59664468,0.49694725,1.49584890,0.52202609
84.0700,0.49929698,2.86348553,0.59664590,0.49694734,1.49585000,0.52202594
84.0800,0.49929673,2.86348680,0.59664713,0.49694743,1.49585110,0.52202579
84.0900,0.49929649,2.86348806,0.59664836,0.49694751,1.49585220,0.52202564
84.1000,0.49929624,2.86348933,0.59664958,0.49694760,1.49585329,0.52202549
84.1100,0.49929600,2.86349060,0.59665081,0.49694769,1.49585438,0.52202534
84.1200,0.49929576,2.86349186,0.59665203,0.49694778,1.49585548,0.52202519
84.1300,0.49929552,2.86349312,0.59665326,0.49694786,1.49585657,0.52202505
84.1400,0.49929527,2.86349439,0.59665448,0.49694795,1.49585766,0.52202490
84.1500,0.49929503,2.86349565,0.59665570,0.49694804,1.49585875,0.52202475
84.1600,0.49929479,2.86349691,0.59665692,0.49694812,1.49585984,0.52202460
84.1700,0.49929454,2.86349817,0.59665814,0.49694821,1.49586093,0.52202445
84.1800,0.49929430,2.86349943,0.59665936,0.49694830,1.49586201,0.52202431
84.1900,0.49929406,2.86350068,0.59666057,0.49694838,1.49586310,0.52202416
84.2000,0.49929382,2.86350194,0.59666179,0.49694847,1.49586418,0.52202401
84.2100,0.49929358,2.86350320,0.59666300,0.49694856,1.49586527,0.52202386
84.2200,0.49929334,2.86350445,0.59666422,0.49694864,1.49586635,0.52202372
84.2300,0.49929310,2.86350570,0.59666543,0.49694873,1.49586743,0.52202357
84.2400,0.49929285,2.86350696,0.59666665,0.49694882,1.49586851,0.52202342
84.2500,0.49929261,2.86350821,0.59666786,0.49694890,1.49586959,0.52202328
84.2600,0.49929237,2.86350946,0.59666907,0.49694899,1.49587067,0.52202313
84.2700,0.49929213,2.86351071,0.59667028,0.49694907,1.49587175,0.52202298
84.2800,0.49929189,2.86351195,0.59667149,0.49694916,1.49587283,0.52202284
84.2900,0.49929165,2.86351320,0.59667269,0.49694924,1.49587390,0.52202269
84.3000,0.49929141,2.86351445,0.59667390,0.49694933,1.49587498,0.52202255
84.3100,0.49929117,2.86351569,0.59667511,0.49694942,1.49587605,0.52202240
84.3200,0.49929093,2.86351694,0.59667631,0.49694950,1.49587712,0.52202226
84.3300,0.49929070,2.86351818,0.59667752,0.49694959,1.49587819,0.52202211
84.3400,0.49929046,2.86351942,0.59667872,0.49694967,1.49587927,0.52202197
84.3500,0.49929022,2.86352066,0.59667992,0.49694976,1.49588034,0.52202182
84.3600,0.49928998,2.86352191,0.59668112,0.49694984,1.49588140,0.52202168
84.3700,0.49928974,2.86352314,0.59668232,0.49694993,1.49588247,0.52202153
84.3800,0.49928950,2.86352438,0.59668352,0.49695001,1.49588354,0.52202139
84.3900,0.49928926,2.86352562,0.59668472,0.49695010,1.49588461,0.52202124
84.4000,0.49928903,2.86352686,0.59668592,0.49695018,1.49588567,0.52202110
84.4100,0.49928879,2.86352809,0.59668712,0.49695026,1.49588673,0.52202095
84.4200,0.49928855,2.86352933,0.59668831,0.49695035,1.49588780,0.52202081
84.4300,0.49928831,2.86353056,0.59668951,0.49695043,1.49588886,0.52202067
84.4400,0.49928808,2.86353179,0.59669070,0.49695052,1.49588992,0.52202052
84.4500,0.49928784,2.86353302,0.59669190,0.49695060,1.49589098,0.52202038
84.4600,0.49928760,2.86353425,0.59669309,0.49695069,1.49589204,0.52202024
84.4700,0.49928737,2.86353548,0.59669428,0.49695077,1.49589310,0.52202009
84.4800,0.49928713,2.86353671,0.59669547,0.49695085,1.49589416,0.52201995
84.4900,0.49928690,2.86353794,0.59669666,0.49695094,1.49589521,0.52201981
84.5000,0.49928666,2.86353917,0.59669785,0.49695102,1.49589627,0.52201967
84.5100,0.49928642,2.86354039,0.59669904,0.49695111,1.49589732,0.52201952
84.5200,0.49928619,2.86354162,0.59670022,0.49695119,1.49589837,0.52201938
84.5300,0.49928595,2.86354284,0.59670141,0.49695127,1.49589943,0.52201924
84.5400,0.49928572,2.86354406,0.59670259,0.49695136,1.49590048,0.52201910
84.5500,0.49928548,2.86354528,0.59670378,0.49695144,1.49590153,0.52201896
84.5600,0.49928525,2.86354651,0.59670496,0.49695152,1.49590258,0.52201882
84.5700,0.49928501,2.86354773,0.59670614,0.49695161,1.49590363,0.52201867
84.5800,0.49928478,2.86354894,0.59670732,0.49695169,1.49590467,0.52201853
84.5900,0.49928454,2.86355016,0.59670850,0.49695177,1.49590572,0.52201839
84.6000,0.49928431,2.86355138,0.59670968,0.49695185,1.49590677,0.52201825
84.6100,0.49928408,2.86355259,0.59671086,0.49695194,1.49590781,0.52201811
84.6200,0.49928384,2.86355381,0.59671204,0.49695202,1.49590885,0.52201797
84.6300,0.49928361,2.86355502,0.59671322,0.49695210,1.49590990,0.52201783
84.6400,0.49928338,2.86355624,0.59671439,0.49695218,1.49591094,0.52201769
84.6500,0.49928314,2.86355745,0.59671557,0.49695227,1.49591198,0.52201755
84.6600,0.49928291,2.86355866,0.59671674,0.49695235,1.49591302,0.52201741
84.6700,0.49928268,2.86355987,0.59671791,0.49695243,1.49591406,0.52201727
84.6800,0.49928245,2.86356108,0.59671909,0.49695251,1.49591510,0.52201713
84.6900,0.49928221,2.86356229,0.59672026,0.49695260,1.49591613,0.52201699
84.7000,0.49928198,2.86356349,0.59672143,0.49695268,1.49591717,0.52201685
84.7100,0.49928175,2.86356470,0.59672260,0.49695276,1.49591820,0.52201671
84.7200,0.49928152,2.86356590,0.59672377,0.49695284,1.49591924,0.52201657
84.7300,0.49928129,2.86356711,0.59672494,0.49695292,1.49592027,0.52201643
84.7400,0.49928105,2.86356831,0.59672610,0.49695300,1.49592130,0.52201629
84.7500,0.49928082,2.86356951,0.59672727,0.49695309,1.49592233,0.52201616
84.7600,0.49928059,2.86357072,0.59672843,0.49695317,1.49592336,0.52201602
84.7700,0.49928036,2.86357192,0.59672960,0.49695325,1.49592439,0.52201588
84.7800,0.49928013,2.86357312,0.59673076,0.49695333,1.49592542,0.52201574
84.7900,0.49927990,2.86357431,0.59673192,0.49695341,1.49592645,0.52201560
84.8000,0.49927967,2.86357551,0.59673308,0.49695349,1.49592748,0.52201547
84.8100,0.49927944,2.86357671,0.59673425,0.49695357,1.49592850,0.52201533
84.8200,0.49927921,2.86357790,0.59673541,0.49695365,1.49592953,0.52201519
84.8300,0.49927898,2.86357910,0.59673656,0.49695373,1.49593055,0.52201505
84.8400,0.49927875,2.86358029,0.59673772,0.49695382,1.49593157,0.52201492
84.8500,0.49927852,2.86358148,0.59673888,0.49695390,1.49593259,0.52201478
84.8600,0.49927829,2.86358268,0.59674004,0.49695398,1.49593362,0.52201464
84.8700,0.49927806,2.86358387,0.59674119,0.49695406,1.49593464,0.52201451
84.8800,0.49927783,2.86358506,0.59674235,0.49695414,1.49593565,0.52201437
84.8900,0.49927761,2.86358625,0.59674350,0.49695422,1.49593667,0.52201423
84.9000,0.49927738,2.86358743,0.59674465,0.49695430,1.49593769,0.52201410
84.9100,0.49927715,2.86358862,0.59674580,0.49695438,1.49593871,0.52201396
84.9200,0.49927692,2.86358981,0.59674695,0.49695446,1.49593972,0.52201383
84.9300,0.49927669,2.86359099,0.59674810,0.49695454,1.49594073,0.52201369
84.9400,0.49927647,2.86359218,0.59674925,0.49695462,1.49594175,0.52201355
84.9500,0.49927624,2.86359336,0.59675040,0.49695470,1.49594276,0.52201342
84.9600,0.49927601,2.86359454,0.59675155,0.49695478,1.49594377,0.52201328
84.9700,0.49927578,2.86359572,0.59675270,0.49695486,1.49594478,0.52201315
84.9800,0.49927556,2.86359690,0.59675384,0.49695494,1.49594579,0.52201301
84.9900,0.49927533,2.86359808,0.59675499,0.49695502,1.49594680,0.52201288
85.0000,0.49927510,2.86359926,0.59675613,0.49695510,1.49594781,0.52201274
85.0100,0.49927488,2.86360044,0.59675727,0.49695517,1.49594882,0.52201261
85.0200,0.49927465,2.86360162,0.59675842,0.49695525,1.49594982,0.52201247
85.0300,0.49927443,2.86360279,0.59675956,0.49695533,1.49595083,0.52201234
85.0400,0.49927420,2.86360397,0.59676070,0.49695541,1.49595183,0.52201221
85.0500,0.49927397,2.86360514,0.59676184,0.49695549,1.49595283,0.52201207
85.0600,0.49927375,2.86360631,0.59676297,0.49695557,1.49595384,0.52201194
85.0700,0.49927352,2.86360749,0.59676411,0.49695565,1.49595484,0.52201181
85.0800,0.49927330,2.86360866,0.59676525,0.49695573,1.49595584,0.52201167
85.0900,0.49927307,2.86360983,0.59676639,0.49695581,1.49595684,0.52201154
85.1000,0.49927285,2.86361100,0.59676752,0.49695588,1.49595784,0.52201141
85.1100,0.49927262,2.86361216,0.59676865,0.49695596,1.49595883,0.52201127
85.1200,0.49927240,2.86361333,0.59676979,0.49695604,1.49595983,0.52201114
85.1300,0.49927218,2.86361450,0.59677092,0.49695612,1.49596083,0.52201101
85.1400,0.49927195,2.86361566,0.59677205,0.49695620,1.49596182,0.52201087
85.1500,0.49927173,2.86361683,0.59677318,0.49695627,1.49596281,0.52201074
85.1600,0.49927150,2.86361799,0.59677431,0.49695635,1.49596381,0.52201061
85.1700,0.49927128,2.86361915,0.59677544,0.49695643,1.49596480,0.52201048
85.1800,0.49927106,2.86362032,0.59677657,0.49695651,1.49596579,0.52201035
85.1900,0.49927083,2.86362148,0.59677770,0.49695659,1.49596678,0.52201021
85.2000,0.49927061,2.86362264,0.59677882,0.49695666,1.49596777,0.52201008
85.2100,0.49927039,2.86362379,0.59677995,0.49695674,1.49596876,0.52200995
85.2200,0.49927017,2.86362495,0.59678107,0.49695682,1.49596975,0.52200982
85.2300,0.49926994,2.86362611,0.59678220,0.49695690,1.49597073,0.52200969
85.2400,0.49926972,2.86362727,0.59678332,0.49695697,1.49597172,0.52200956
85.2500,0.49926950,2.86362842,0.59678444,0.49695705,1.49597270,0.52200943
85.2600,0.49926928,2.86362958,0.59678556,0.49695713,1.49597369,0.52200930
85.2700,0.49926906,2.86363073,0.59678668,0.49695721,1.49597467,0.52200916
85.2800,0.49926883,2.86363188,0.59678780,0.49695728,1.49597565,0.52200903
85.2900,0.49926861,2.86363303,0.59678892,0.49695736,1.49597663,0.52200890
85.3000,0.49926839,2.86363418,0.59679004,0.49695744,1.49597761,0.52200877
85.3100,0.49926817,2.86363533,0.59679116,0.49695751,1.49597859,0.52200864
85.3200,0.49926795,2.86363648,0.59679227,0.49695759,1.49597957,0.52200851
85.3300,0.49926773,2.86363763,0.59679339,0.49695767,1.49598055,0.52200838
85.3400,0.49926751,2.86363878,0.59679450,0.49695774,1.49598153,0.52200825
85.3500,0.49926729,2.86363992,0.59679562,0.49695782,1.49598250,0.52200813
85.3600,0.49926707,2.86364107,0.59679673,0.49695790,1.49598348,0.52200800
85.3700,0.49926685,2.86364221,0.59679784,0.49695797,1.49598445,0.52200787
85.3800,0.49926663,2.86364336,0.59679895,0.49695805,1.49598542,0.52200774
85.3900,0.49926641,2.86364450,0.59680006,0.49695812,1.49598640,0.52200761
85.4000,0.49926619,2.86364564,0.59680117,0.49695820,1.49598737,0.52200748
85.4100,0.49926597,2.86364678,0.59680228,0.49695828,1.49598834,0.52200735
85.4200,0.49926575,2.86364792,0.59680339,0.49695835,1.49598931,0.52200722
85.4300,0.49926553,2.86364906,0.59680449,0.49695843,1.49599028,0.52200709
85.4400,0.49926531,2.86365020,0.59680560,0.49695850,1.49599124,0.52200697
85.4500,0.49926510,2.86365133,0.59680671,0.49695858,1.49599221,0.52200684
85.4600,0.49926488,2.86365247,0.59680781,0.49695865,1.49599318,0.52200671
85.4700,0.49926466,2.86365360,0.59680891,0.49695873,1.49599414,0.52200658
85.4800,0.49926444,2.86365474,0.59681002,0.49695880,1.49599510,0.52200646
85.4900,0.49926422,2.86365587,0.59681112,0.49695888,1.49599607,0.52200633
85.5000,0.49926401,2.86365700,0.59681222,0.49695895,1.49599703,0.52200620
85.5100,0.49926379,2.86365814,0.59681332,0.49695903,1.49599799,0.52200607
85.5200,0.49926357,2.86365927,0.59681442,0.49695910,1.49599895,0.52200595
85.5300,0.49926335,2.86366040,0.59681552,0.49695918,1.49599991,0.52200582
85.5400,0.49926314,2.86366152,0.59681661,0.49695925,1.49600087,0.52200569
85.5500,0.49926292,2.86366265,0.59681771,0.49695933,1.49600183,0.52200557
85.5600,0.49926270,2.86366378,0.59681881,0.49695940,1.49600279,0.52200544
85.5700,0.49926249,2.86366491,0.59681990,0.49695948,1.49600374,0.52200531
85.5800,0.49926227,2.86366603,0.59682099,0.49695955,1.49600470,0.52200519
85.5900,0.49926205,2.86366715,0.59682209,0.49695963,1.49600565,0.52200506
85.6000,0.49926184,2.86366828,0.59682318,0.49695970,1.49600661,0.52200494
85.6100,0.49926162,2.86366940,0.59682427,0.49695978,1.49600756,0.52200481
85.6200,0.49926141,2.86367052,0.59682536,0.49695985,1.49600851,0.52200469
85.6300,0.49926119,2.86367164,0.59682645,0.49695992,1.49600946,0.52200456
85.6400,0.49926098,2.86367276,0.59682754,0.49696000,1.49601041,0.52200443
85.6500,0.49926076,2.86367388,0.59682863,0.49696007,1.49601136,0.52200431
85.6600,0.49926055,2.86367500,0.59682972,0.49696015,1.49601231,0.52200418
85.6700,0.49926033,2.86367612,0.59683080,0.49696022,1.49601326,0.52200406
85.6800,0.49926012,2.86367723,0.59683189,0.49696029,1.49601420,0.52200394
85.6900,0.49925990,2.86367835,0.59683297,0.49696037,1.49601515,0.52200381
85.7000,0.49925969,2.86367946,0.59683406,0.49696044,1.49601609,0.52200369
85.7100,0.49925948,2.86368058,0.59683514,0.49696051,1.49601704,0.52200356
85.7200,0.49925926,2.86368169,0.59683622,0.49696059,1.49601798,0.52200344
85.7300,0.49925905,2.86368280,0.59683730,0.49696066,1.49601892,0.52200331
85.7400,0.49925883,2.86368391,0.59683839,0.49696073,1.49601986,0.52200319
85.7500,0.49925862,2.86368502,0.59683947,0.49696081,1.49602080,0.52200307
85.7600,0.49925841,2.86368613,0.59684054,0.49696088,1.49602174,0.52200294
85.7700,0.49925820,2.86368724,0.59684162,0.49696095,1.49602268,0.52200282
85.7800,0.49925798,2.86368835,0.59684270,0.49696103,1.49602362,0.52200270
85.7900,0.49925777,2.86368945,0.59684378,0.49696110,1.49602456,0.52200257
85.8000,0.49925756,2.86369056,0.59684485,0.49696117,1.49602549,0.52200245
85.8100,0.49925735,2.86369166,0.59684593,0.49696125,1.49602643,0.52200233
85.8200,0.49925713,2.86369277,0.59684700,0.49696132,1.49602736,0.52200220
85.8300,0.49925692,2.86369387,0.59684807,0.49696139,1.49602830,0.52200208
85.8400,0.49925671,2.86369497,0.59684915,0.49696146,1.49602923,0.52200196
85.8500,0.49925650,2.86369607,0.59685022,0.49696154,1.49603016,0.52200184
85.8600,0.49925629,2.86369717,0.59685129,0.49696161,1.49603109,0.52200172
85.8700,0.49925608,2.86369827,0.59685236,0.49696168,1.49603202,0.52200159
85.8800,0.49925586,2.86369937,0.59685343,0.49696175,1.49603295,0.52200147
85.8900,0.49925565,2.86370047,0.59685450,0.49696182,1.49603388,0.52200135
85.9000,0.49925544,2.86370156,0.59685556,0.49696190,1.49603481,0.52200123
85.9100,0.49925523,2.86370266,0.59685663,0.49696197,1.49603573,0.52200111
85.9200,0.49925502,2.86370376,0.59685770,0.49696204,1.49603666,0.52200099
85.9300,0.49925481,2.86370485,0.59685876,0.49696211,1.49603758,0.52200086
85.9400,0.49925460,2.86370594,0.59685983,0.49696218,1.49603851,0.52200074
85.9500,0.49925439,2.86370704,0.59686089,0.49696226,1.49603943,0.52200062
85.9600,0.49925418,2.86370813,0.59686195,0.49696233,1.49604035,0.52200050
85.9700,0.49925397,2.86370922,0.59686301,0.49696240,1.49604128,0.52200038
85.9800,0.49925376,2.86371031,0.59686407,0.49696247,1.49604220,0.52200026
85.9900,0.49925355,2.86371140,0.59686513,0.49696254,1.49604312,0.52200014
86.0000,0.49925334,2.86371248,0.59686619,0.49696261,1.49604403,0.52200002
86.0100,0.49925314,2.86371357,0.59686725,0.49696268,1.49604495,0.52199990
86.0200,0.49925293,2.86371466,0.59686831,0.49696275,1.49604587,0.52199978
86.0300,0.49925272,2.86371574,0.59686937,0.49696283,1.49604679,0.52199966
86.0400,0.49925251,2.86371683,0.59687042,0.49696290,1.49604770,0.52199954
86.0500,0.49925230,2.86371791,0.59687148,0.49696297,1.49604862,0.52199942
86.0600,0.49925209,2.86371899,0.59687253,0.49696304,1.49604953,0.52199930
86.0700,0.49925189,2.86372008,0.59687359,0.49696311,1.49605044,0.52199918
86.0800,0.49925168,2.86372116,0.59687464,0.49696318,1.49605136,0.52199906
86.0900,0.49925147,2.86372224,0.59687569,0.49696325,1.49605227,0.52199894
86.1000,0.49925126,2.86372332,0.59687674,0.49696332,1.49605318,0.52199882
86.1100,0.49925106,2.86372440,0.59687779,0.49696339,1.49605409,0.52199871
86.1200,0.49925085,2.86372547,0.59687884,0.49696346,1.49605500,0.52199859
86.1300,0.49925064,2.86372655,0.59687989,0.49696353,1.49605590,0.52199847
86.1400,0.49925044,2.86372763,0.59688094,0.49696360,1.49605681,0.52199835
86.1500,0.49925023,2.86372870,0.59688199,0.49696367,1.49605772,0.52199823
86.1600,0.49925002,2.86372978,0.59688303,0.49696374,1.49605862,0.52199811
86.1700,0.49924982,2.86373085,0.59688408,0.49696381,1.49605953,0.52199800
86.1800,0.49924961,2.86373192,0.59688512,0.49696388,1.49606043,0.52199788
86.1900,0.49924941,2.86373299,0.59688617,0.49696395,1.49606134,0.52199776
86.2000,0.49924920,2.86373406,0.59688721,0.49696402,1.49606224,0.52199764
86.2100,0.49924899,2.86373513,0.59688825,0.49696409,1.49606314,0.52199753
86.2200,0.49924879,2.86373620,0.59688929,0.49696416,1.49606404,0.52199741
86.2300,0.49924858,2.86373727,0.59689033,0.49696423,1.49606494,0.52199729
86.2400,0.49924838,2.86373834,0.59689137,0.49696430,1.49606584,0.52199718
86.2500,0.49924817,2.86373940,0.59689241,0.49696437,1.49606674,0.52199706
86.2600,0.49924797,2.86374047,0.59689345,0.49696444,1.49606763,0.52199694
86.2700,0.49924776,2.86374153,0.59689449,0.49696451,1.49606853,0.52199682
86.2800,0.49924756,2.86374260,0.59689553,0.49696458,1.49606943,0.52199671
86.2900,0.49924736,2.86374366,0.59689656,0.49696464,1.49607032,0.52199659
86.3000,0.49924715,2.86374472,0.59689760,0.49696471,1.49607121,0.52199648
86.3100,0.49924695,2.86374579,0.59689863,0.49696478,1.49607211,0.52199636
86.3200,0.49924674,2.86374685,0.59689967,0.49696485,1.49607300,0.52199624
86.3300,0.49924654,2.86374791,0.59690070,0.49696492,1.49607389,0.52199613
86.3400,0.49924634,2.86374896,0.59690173,0.49696499,1.49607478,0.52199601
86.3500,0.49924613,2.86375002,0.59690276,0.49696506,1.49607567,0.52199590
86.3600,0.49924593,2.86375108,0.59690379,0.49696513,1.49607656,0.52199578
86.3700,0.49924573,2.86375214,0.59690482,0.49696519,1.49607745,0.52199567
86.3800,0.49924553,2.86375319,0.59690585,0.49696526,1.49607834,0.52199555
86.3900,0.49924532,2.86375425,0.59690688,0.49696533,1.49607922,0.52199544
86.4000,0.49924512,2.86375530,0.59690791,0.49696540,1.49608011,0.52199532
86.4100,0.49924492,2.86375635,0.59690893,0.49696547,1.49608099,0.52199521
86.4200,0.49924472,2.86375741,0.59690996,0.49696553,1.49608188,0.52199509
86.4300,0.49924451,2.86375846,0.59691098,0.49696560,1.49608276,0.52199498
86.4400,0.49924431,2.86375951,0.59691201,0.49696567,1.49608364,0.52199486
86.4500,0.49924411,2.86376056,0.59691303,0.49696574,1.49608452,0.52199475
86.4600,0.49924391,2.86376161,0.59691405,0.49696581,1.49608541,0.52199464
86.4700,0.49924371,2.86376265,0.59691507,0.49696587,1.49608629,0.52199452
86.4800,0.49924351,2.86376370,0.59691610,0.49696594,1.49608716,0.52199441
86.4900,0.49924331,2.86376475,0.59691712,0.49696601,1.49608804,0.52199429
86.5000,0.49924311,2.86376579,0.59691814,0.49696608,1.49608892,0.52199418
86.5100,0.49924290,2.86376684,0.59691915,0.49696614,1.49608980,0.52199407
86.5200,0.49924270,2.86376788,0.59692017,0.49696621,1.49609067,0.52199395
86.5300,0.49924250,2.86376892,0.59692119,0.49696628,1.49609155,0.52199384
86.5400,0.49924230,2.86376997,0.59692220,0.49696635,1.49609242,0.52199373
86.5500,0.49924210,2.86377101,0.59692322,0.49696641,1.49609330,0.52199361
86.5600,0.49924190,2.86377205,0.59692423,0.49696648,1.49609417,0.52199350
86.5700,0.49924170,2.86377309,0.59692525,0.49696655,1.49609504,0.52199339
86.5800,0.49924151,2.86377413,0.59692626,0.49696661,1.49609591,0.52199328
86.5900,0.49924131,2.86377516,0.59692727,0.49696668,1.49609678,0.52199316
86.6000,0.49924111,2.86377620,0.59692829,0.49696675,1.49609765,0.52199305
86.6100,0.49924091,2.86377724,0.59692930,0.49696681,1.49609852,0.52199294
86.6200,0.49924071,2.86377827,0.59693031,0.49696688,1.49609939,0.52199283
86.6300,0.49924051,2.86377931,0.59693132,0.49696695,1.49610026,0.52199272
86.6400,0.49924031,2.86378034,0.59693232,0.49696701,1.49610112,0.52199260
86.6500,0.49924011,2.86378137,0.59693333,0.49696708,1.49610199,0.52199249
86.6600,0.49923992,2.86378241,0.59693434,0.49696715,1.49610285,0.52199238
86.6700,0.49923972,2.86378344,0.59693535,0.49696721,1.49610372,0.52199227
86.6800,0.49923952,2.86378447,0.59693635,0.49696728,1.49610458,0.52199216
86.6900,0.49923932,2.86378550,0.59693736,0.49696735,1.49610544,0.52199205
86.7000,0.49923912,2.86378653,0.59693836,0.49696741,1.49610630,0.52199194
86.7100,0.49923893,2.86378755,0.59693936,0.49696748,1.49610716,0.52199183
86.7200,0.49923873,2.86378858,0.59694036,0.49696754,1.49610802,0.52199172
86.7300,0.49923853,2.86378961,0.59694137,0.49696761,1.49610888,0.52199160
86.7400,0.49923834,2.86379063,0.59694237,0.49696767,1.49610974,0.52199149
86.7500,0.49923814,2.86379166,0.59694337,0.49696774,1.49611060,0.52199138
86.7600,0.49923794,2.86379268,0.59694437,0.49696781,1.49611145,0.52199127
86.7700,0.49923775,2.86379370,0.59694536,0.49696787,1.49611231,0.52199116
86.7800,0.49923755,2.86379473,0.59694636,0.49696794,1.49611317,0.52199105
86.7900,0.49923735,2.86379575,0.59694736,0.49696800,1.49611402,0.52199094
86.8000,0.49923716,2.86379677,0.59694835,0.49696807,1.49611487,0.52199083
86.8100,0.49923696,2.86379779,0.59694935,0.49696813,1.49611573,0.52199072
86.8200,0.49923677,2.86379881,0.59695034,0.49696820,1.49611658,0.52199062
86.8300,0.49923657,2.86379983,0.59695134,0.49696826,1.49611743,0.52199051
86.8400,0.49923637,2.86380084,0.59695233,0.49696833,1.49611828,0.52199040
86.8500,0.49923618,2.86380186,0.59695332,0.49696839,1.49611913,0.52199029
86.8600,0.49923598,2.86380288,0.59695432,0.49696846,1.49611998,0.52199018
86.8700,0.49923579,2.86380389,0.59695531,0.49696852,1.49612083,0.52199007
86.8800,0.49923560,2.86380490,0.59695630,0.49696859,1.49612167,0.52198996
86.8900,0.49923540,2.86380592,0.59695729,0.49696865,1.49612252,0.52198985
86.9000,0.49923521,2.86380693,0.59695827,0.49696872,1.49612337,0.52198974
86.9100,0.49923501,2.86380794,0.59695926,0.49696878,1.49612421,0.52198964
86.9200,0.49923482,2.86380895,0.59696025,0.49696885,1.49612506,0.52198953
86.9300,0.49923462,2.86380996,0.59696124,0.49696891,1.49612590,0.52198942
86.9400,0.49923443,2.86381097,0.59696222,0.49696897,1.49612674,0.52198931
86.9500,0.49923424,2.86381198,0.59696321,0.49696904,1.49612758,0.52198920
86.9600,0.49923404,2.86381299,0.59696419,0.49696910,1.49612842,0.52198910
86.9700,0.49923385,2.86381400,0.59696517,0.49696917,1.49612926,0.52198899
86.9800,0.49923366,2.86381500,0.59696616,0.49696923,1.49613010,0.52198888
86.9900,0.49923346,2.86381601,0.59696714,0.49696930,1.49613094,0.52198877
87.0000,0.49923327,2.86381701,0.59696812,0.49696936,1.49613178,0.52198867
87.0100,0.49923308,2.86381802,0.59696910,0.49696942,1.49613262,0.52198856
87.0200,0.49923289,2.86381902,0.59697008,0.49696949,1.49613345,0.52198845
87.0300,0.49923269,2.86382002,0.59697106,0.49696955,1.49613429,0.52198835
87.0400,0.49923250,2.86382102,0.59697203,0.49696961,1.49613513,0.52198824
87.0500,0.49923231,2.86382202,0.59697301,0.49696968,1.49613596,0.52198813
87.0600,0.49923212,2.86382302,0.59697399,0.49696974,1.49613679,0.52198803
87.0700,0.49923193,2.86382402,0.59697496,0.49696980,1.49613763,0.52198792
87.0800,0.49923173,2.86382502,0.59697594,0.49696987,1.49613846,0.52198781
87.0900,0.49923154,2.86382602,0.59697691,0.49696993,1.49613929,0.52198771
87.1000,0.49923135,2.86382701,0.59697789,0.49696999,1.49614012,0.52198760
87.1100,0.49923116,2.86382801,0.59697886,0.49697006,1.49614095,0.52198750
87.1200,0.49923097,2.86382900,0.59697983,0.49697012,1.49614178,0.52198739
87.1300,0.49923078,2.86383000,0.59698080,0.49697018,1.49614260,0.52198728
87.1400,0.49923059,2.86383099,0.59698177,0.49697025,1.49614343,0.52198718
87.1500,0.49923040,2.86383198,0.59698274,0.49697031,1.49614426,0.52198707
87.1600,0.49923021,2.86383297,0.59698371,0.49697037,1.49614508,0.52198697
87.1700,0.49923002,2.86383397,0.59698468,0.49697044,1.49614591,0.52198686
87.1800,0.49922983,2.86383496,0.59698565,0.49697050,1.49614673,0.52198676
87.1900,0.49922964,2.86383594,0.59698661,0.49697056,1.49614756,0.52198665
87.2000,0.49922945,2.86383693,0.59698758,0.49697062,1.49614838,0.52198655
87.2100,0.49922926,2.86383792,0.59698854,0.49697069,1.49614920,0.52198644
87.2200,0.49922907,2.86383891,0.59698951,0.49697075,1.49615002,0.52198634
87.2300,0.49922888,2.86383989,0.59699047,0.49697081,1.49615084,0.52198623
87.2400,0.49922869,2.86384088,0.59699144,0.49697087,1.49615166,0.52198613
87.2500,0.49922850,2.86384186,0.59699240,0.49697094,1.49615248,0.52198603
87.2600,0.49922831,2.86384285,0.59699336,0.49697100,1.49615330,0.52198592
87.2700,0.49922812,2.86384383,0.59699432,0.49697106,1.49615412,0.52198582
87.2800,0.49922793,2.86384481,0.59699528,0.49697112,1.49615493,0.52198571
87.2900,0.49922775,2.86384579,0.59699624,0.49697118,1.49615575,0.52198561
87.3000,0.49922756,2.86384678,0.59699720,0.49697125,1.49615656,0.52198551
87.3100,0.49922737,2.86384776,0.59699816,0.49697131,1.49615738,0.52198540
87.3200,0.49922718,2.86384873,0.59699911,0.49697137,1.49615819,0.52198530
87.3300,0.49922699,2.86384971,0.59700007,0.49697143,1.49615900,0.52198520
87.3400,0.49922681,2.86385069,0.59700102,0.49697149,1.49615982,0.52198509
87.3500,0.49922662,2.86385167,0.59700198,0.49697155,1.49616063,0.52198499
87.3600,0.49922643,2.86385264,0.59700293,0.49697162,1.49616144,0.52198489
87.3700,0.49922624,2.86385362,0.59700389,0.49697168,1.49616225,0.52198479
87.3800,0.49922606,2.86385459,0.59700484,0.49697174,1.49616306,0.52198468
87.3900,0.49922587,2.86385557,0.59700579,0.49697180,1.49616387,0.52198458
87.4000,0.49922568,2.86385654,0.59700674,0.49697186,1.49616467,0.52198448
87.4100,0.49922550,2.86385751,0.59700769,0.49697192,1.49616548,0.52198438
87.4200,0.49922531,2.86385848,0.59700864,0.49697198,1.49616629,0.52198427
87.4300,0.49922512,2.86385945,0.59700959,0.49697204,1.49616709,0.52198417
87.4400,0.49922494,2.86386042,0.59701054,0.49697210,1.49616790,0.52198407
87.4500,0.49922475,2.86386139,0.59701149,0.49697217,1.49616870,0.52198397
87.4600,0.49922457,2.86386236,0.59701243,0.49697223,1.49616950,0.52198387
87.4700,0.49922438,2.86386333,0.59701338,0.49697229,1.49617030,0.52198376
87.4800,0.49922419,2.86386429,0.59701433,0.49697235,1.49617111,0.52198366
87.4900,0.49922401,2.86386526,0.59701527,0.49697241,1.49617191,0.52198356
87.5000,0.49922382,2.86386623,0.59701621,0.49697247,1.49617271,0.52198346
87.5100,0.49922364,2.86386719,0.59701716,0.49697253,1.49617351,0.52198336
87.5200,0.49922345,2.86386815,0.59701810,0.49697259,1.49617431,0.52198326
87.5300,0.49922327,2.86386912,0.59701904,0.49697265,1.49617510,0.52198316
87.5400,0.49922308,2.86387008,0.59701998,0.49697271,1.49617590,0.52198306
87.5500,0.49922290,2.86387104,0.59702092,0.49697277,1.49617670,0.52198296
87.5600,0.49922272,2.86387200,0.59702186,0.49697283,1.49617749,0.52198286
87.5700,0.49922253,2.86387296,0.59702280,0.49697289,1.49617829,0.52198276
87.5800,0.49922235,2.86387392,0.59702374,0.49697295,1.49617908,0.52198266
87.5900,0.49922216,2.86387488,0.59702468,0.49697301,1.49617988,0.52198256
87.6000,0.49922198,2.86387583,0.59702561,0.49697307,1.49618067,0.52198246
87.6100,0.49922180,2.86387679,0.59702655,0.49697313,1.49618146,0.52198236
87.6200,0.49922161,2.86387775,0.59702749,0.49697319,1.49618225,0.52198226
87.6300,0.49922143,2.86387870,0.59702842,0.49697325,1.49618304,0.52198216
87.6400,0.49922125,2.86387966,0.59702935,0.49697331,1.49618383,0.52198206
87.6500,0.49922106,2.86388061,0.59703029,0.49697337,1.49618462,0.52198196
87.6600,0.49922088,2.86388156,0.59703122,0.49697343,1.49618541,0.52198186
87.6700,0.49922070,2.86388252,0.59703215,0.49697349,1.49618620,0.52198176
87.6800,0.49922052,2.86388347,0.59703308,0.49697355,1.49618698,0.52198166
87.6900,0.49922033,2.86388442,0.59703401,0.49697361,1.49618777,0.52198156
87.7000,0.49922015,2.86388537,0.59703494,0.49697367,1.49618856,0.52198146
87.7100,0.49921997,2.86388632,0.59703587,0.49697373,1.49618934,0.52198136
87.7200,0.49921979,2.86388726,0.59703680,0.49697378,1.49619012,0.52198126
87.7300,0.49921960,2.86388821,0.59703773,0.49697384,1.49619091,0.52198117
87.7400,0.49921942,2.86388916,0.59703865,0.49697390,1.49619169,0.52198107
87.7500,0.49921924,2.86389010,0.59703958,0.49697396,1.49619247,0.52198097
87.7600,0.49921906,2.86389105,0.59704050,0.49697402,1.49619325,0.52198087
87.7700,0.49921888,2.86389199,0.59704143,0.49697408,1.49619403,0.52198077
87.7800,0.49921870,2.86389294,0.59704235,0.49697414,1.49619481,0.52198067
87.7900,0.49921852,2.86389388,0.59704327,0.49697420,1.49619559,0.52198058
87.8000,0.49921834,2.86389482,0.59704420,0.49697426,1.49619637,0.52198048
87.8100,0.49921816,2.86389577,0.59704512,0.49697431,1.49619715,0.52198038
87.8200,0.49921798,2.86389671,0.59704604,0.49697437,1.49619792,0.52198028
87.8300,0.49921779,2.86389765,0.59704696,0.49697443,1.49619870,0.52198019
87.8400,0.49921761,2.86389859,0.59704788,0.49697449,1.49619948,0.52198009
87.8500,0.49921743,2.86389952,0.59704880,0.49697455,1.49620025,0.52197999
87.8600,0.49921725,2.86390046,0.59704972,0.49697461,1.49620102,0.52197989
87.8700,0.49921707,2.86390140,0.59705063,0.49697466,1.49620180,0.52197980
87.8800,0.49921689,2.86390233,0.59705155,0.49697472,1.49620257,0.52197970
87.8900,0.49921672,2.86390327,0.59705247,0.49697478,1.49620334,0.52197960
87.9000,0.49921654,2.86390421,0.59705338,0.49697484,1.49620411,0.52197951
87.9100,0.49921636,2.86390514,0.59705430,0.49697490,1.49620488,0.52197941
87.9200,0.49921618,2.86390607,0.59705521,0.49697495,1.49620565,0.52197931
87.9300,0.49921600,2.86390700,0.59705612,0.49697501,1.49620642,0.52197922
87.9400,0.49921582,2.86390794,0.59705704,0.49697507,1.49620719,0.52197912
87.9500,0.49921564,2.86390887,0.59705795,0.49697513,1.49620796,0.52197903
87.9600,0.49921546,2.86390980,0.59705886,0.49697518,1.49620873,0.52197893
87.9700,0.49921528,2.86391073,0.59705977,0.49697524,1.49620949,0.52197883
87.9800,0.49921511,2.86391166,0.59706068,0.49697530,1.49621026,0.52197874
87.9900,0.49921493,2.86391258,0.59706159,0.49697536,1.49621102,0.52197864
88.0000,0.49921475,2.86391351,0.59706250,0.49697541,1.49621179,0.52197855
88.0100,0.49921457,2.86391444,0.59706340,0.49697547,1.49621255,0.52197845
88.0200,0.49921440,2.86391536,0.59706431,0.49697553,1.49621331,0.52197836
88.0300,0.49921422,2.86391629,0.59706522,0.49697559,1.49621407,0.52197826
88.0400,0.49921404,2.86391721,0.59706612,0.49697564,1.49621483,0.52197817
88.0500,0.49921386,2.86391814,0.59706703,0.49697570,1.49621559,0.52197807
88.0600,0.49921369,2.86391906,0.59706793,0.49697576,1.49621635,0.52197798
88.0700,0.49921351,2.86391998,0.59706884,0.49697581,1.49621711,0.52197788
88.0800,0.49921333,2.86392090,0.59706974,0.49697587,1.49621787,0.52197779
88.0900,0.49921316,2.86392182,0.59707064,0.49697593,1.49621863,0.52197769
88.1000,0.49921298,2.86392274,0.59707154,0.49697599,1.49621939,0.52197760
88.1100,0.49921280,2.86392366,0.59707244,0.49697604,1.49622014,0.52197750
88.1200,0.49921263,2.86392458,0.59707334,0.49697610,1.49622090,0.52197741
88.1300,0.49921245,2.86392550,0.59707424,0.49697615,1.49622165,0.52197732
88.1400,0.49921227,2.86392642,0.59707514,0.49697621,1.49622241,0.52197722
88.1500,0.49921210,2.86392733,0.59707604,0.49697627,1.49622316,0.52197713
88.1600,0.49921192,2.86392825,0.59707693,0.49697632,1.49622391,0.52197704
88.1700,0.49921175,2.86392916,0.59707783,0.49697638,1.49622467,0.52197694
88.1800,0.49921157,2.86393008,0.59707873,0.49697644,1.49622542,0.52197685
88.1900,0.49921140,2.86393099,0.59707962,0.49697649,1.49622617,0.52197675
88.2000,0.49921122,2.86393190,0.59708052,0.49697655,1.49622692,0.52197666
88.2100,0.49921105,2.86393282,0.59708141,0.49697661,1.49622767,0.52197657
88.2200,0.49921087,2.86393373,0.59708230,0.49697666,1.49622842,0.52197647
88.2300,0.49921070,2.86393464,0.59708320,0.49697672,1.49622916,0.52197638
88.2400,0.49921052,2.86393555,0.59708409,0.49697677,1.49622991,0.52197629
88.2500,0.49921035,2.86393646,0.59708498,0.49697683,1.49623066,0.52197620
88.2600,0.49921017,2.86393736,0.59708587,0.49697688,1.49623140,0.52197610
88.2700,0.49921000,2.86393827,0.59708676,0.49697694,1.49623215,0.52197601
88.2800,0.49920983,2.86393918,0.59708765,0.49697700,1.49623289,0.52197592
88.2900,0.49920965,2.86394008,0.59708853,0.49697705,1.49623364,0.52197583
88.3000,0.49920948,2.86394099,0.59708942,0.49697711,1.49623438,0.52197573
88.3100,0.49920931,2.86394189,0.59709031,0.49697716,1.49623512,0.52197564
88.3200,0.49920913,2.86394280,0.59709120,0.49697722,1.49623586,0.52197555
88.3300,0.49920896,2.86394370,0.59709208,0.49697727,1.49623660,0.52197546
88.3400,0.49920879,2.86394460,0.59709297,0.49697733,1.49623734,0.52197537
88.3500,0.49920861,2.86394551,0.59709385,0.49697738,1.49623808,0.52197527
88.3600,0.49920844,2.86394641,0.59709473,0.49697744,1.49623882,0.52197518
88.3700,0.49920827,2.86394731,0.59709562,0.49697749,1.49623956,0.52197509
88.3800,0.49920810,2.86394821,0.59709650,0.49697755,1.49624030,0.52197500
88.3900,0.49920792,2.86394911,0.59709738,0.49697760,1.49624104,0.52197491
88.4000,0.49920775,2.86395000,0.59709826,0.49697766,1.49624177,0.52197482
88.4100,0.49920758,2.86395090,0.59709914,0.49697771,1.49624251,0.52197473
88.4200,0.49920741,2.86395180,0.59710002,0.49697777,1.49624324,0.52197464
88.4300,0.49920723,2.86395269,0.59710090,0.49697782,1.49624398,0.52197455
88.4400,0.49920706,2.86395359,0.59710178,0.49697788,1.49624471,0.52197445
88.4500,0.49920689,2.86395448,0.59710265,0.49697793,1.49624544,0.52197436
88.4600,0.49920672,2.86395538,0.59710353,0.49697799,1.49624618,0.52197427
88.4700,0.49920655,2.86395627,0.59710441,0.49697804,1.49624691,0.52197418
88.4800,0.49920638,2.86395716,0.59710528,0.49697810,1.49624764,0.52197409
88.4900,0.49920621,2.86395806,0.59710616,0.49697815,1.49624837,0.52197400
88.5000,0.49920604,2.86395895,0.59710703,0.49697820,1.49624910,0.52197391
88.5100,0.49920586,2.86395984,0.59710790,0.49697826,1.49624983,0.52197382
88.5200,0.49920569,2.86396073,0.59710878,0.49697831,1.49625055,0.52197373
88.5300,0.49920552,2.86396162,0.59710965,0.49697837,1.49625128,0.52197364
88.5400,0.49920535,2.86396250,0.59711052,0.49697842,1.49625201,0.52197355
88.5500,0.49920518,2.86396339,0.59711139,0.49697848,1.49625273,0.52197346
88.5600,0.49920501,2.86396428,0.59711226,0.49697853,1.49625346,0.52197337
88.5700,0.49920484,2.86396516,0.59711313,0.49697858,1.49625418,0.52197328
88.5800,0.49920467,2.86396605,0.59711400,0.49697864,1.49625491,0.52197320
88.5900,0.49920450,2.86396693,0.59711487,0.49697869,1.49625563,0.52197311
88.6000,0.49920433,2.86396782,0.59711573,0.49697875,1.49625635,0.52197302
88.6100,0.49920416,2.86396870,0.59711660,0.49697880,1.49625708,0.52197293
88.6200,0.49920400,2.86396958,0.59711747,0.49697885,1.49625780,0.52197284
88.6300,0.49920383,2.86397046,0.59711833,0.49697891,1.49625852,0.52197275
88.6400,0.49920366,2.86397135,0.59711920,0.49697896,1.49625924,0.52197266
88.6500,0.49920349,2.86397223,0.59712006,0.49697901,1.49625996,0.52197257
88.6600,0.49920332,2.86397311,0.59712092,0.49697907,1.49626068,0.52197249
88.6700,0.49920315,2.86397399,0.59712179,0.49697912,1.49626139,0.52197240
88.6800,0.49920298,2.86397486,0.59712265,0.49697917,1.49626211,0.52197231
88.6900,0.49920281,2.86397574,0.59712351,0.49697923,1.49626283,0.52197222
88.7000,0.49920265,2.86397662,0.59712437,0.49697928,1.49626355,0.52197213
88.7100,0.49920248,2.86397749,0.59712523,0.49697933,1.49626426,0.52197204
88.7200,0.49920231,2.86397837,0.59712609,0.49697939,1.49626498,0.52197196
88.7300,0.49920214,2.86397924,0.59712695,0.49697944,1.49626569,0.52197187
88.7400,0.49920197,2.86398012,0.59712781,0.49697949,1.49626640,0.52197178
88.7500,0.49920181,2.86398099,0.59712866,0.49697954,1.49626712,0.52197169
88.7600,0.49920164,2.86398186,0.59712952,0.49697960,1.49626783,0.52197161
88.7700,0.49920147,2.86398274,0.59713038,0.49697965,1.49626854,0.52197152
88.7800,0.49920131,2.86398361,0.59713123,0.49697970,1.49626925,0.52197143
88.7900,0.49920114,2.86398448,0.59713209,0.49697976,1.49626996,0.52197135
88.8000,0.49920097,2.86398535,0.59713294,0.49697981,1.49627067,0.52197126
88.8100,0.49920081,2.86398622,0.59713379,0.49697986,1.49627138,0.52197117
88.8200,0.49920064,2.86398709,0.59713465,0.49697991,1.49627209,0.52197108
88.8300,0.49920047,2.86398795,0.59713550,0.49697997,1.49627279,0.52197100
88.8400,0.49920031,2.86398882,0.59713635,0.49698002,1.49627350,0.52197091
88.8500,0.49920014,2.86398969,0.59713720,0.49698007,1.49627421,0.52197083
88.8600,0.49919997,2.86399055,0.59713805,0.49698012,1.49627491,0.52197074
88.8700,0.49919981,2.86399142,0.59713890,0.49698017,1.49627562,0.52197065
88.8800,0.49919964,2.86399228,0.59713975,0.49698023,1.49627632,0.52197057
88.8900,0.49919948,2.86399315,0.59714060,0.49698028,1.49627703,0.52197048
88.9000,0.49919931,2.86399401,0.59714144,0.49698033,1.49627773,0.52197039
88.9100,0.49919915,2.86399487,0.59714229,0.49698038,1.49627843,0.52197031
88.9200,0.49919898,2.86399573,0.59714314,0.49698043,1.49627913,0.52197022
88.9300,0.49919882,2.86399659,0.59714398,0.49698049,1.49627983,0.52197014
88.9400,0.49919865,2.86399745,0.59714483,0.49698054,1.49628053,0.52197005
88.9500,0.49919849,2.86399831,0.59714567,0.49698059,1.49628123,0.52196997
88.9600,0.49919832,2.86399917,0.59714651,0.49698064,1.49628193,0.52196988
88.9700,0.49919816,2.86400003,0.59714736,0.49698069,1.49628263,0.52196980
88.9800,0.49919799,2.86400089,0.59714820,0.49698074,1.49628333,0.52196971
88.9900,0.49919783,2.86400175,0.59714904,0.49698080,1.49628403,0.52196963
89.0000,0.49919766,2.86400260,0.59714988,0.49698085,1.49628472,0.52196954
89.0100,0.49919750,2.86400346,0.59715072,0.49698090,1.49628542,0.52196946
89.0200,0.49919734,2.86400431,0.59715156,0.49698095,1.49628611,0.52196937
89.0300,0.49919717,2.86400517,0.59715240,0.49698100,1.49628681,0.52196929
89.0400,0.49919701,2.86400602,0.59715324,0.49698105,1.49628750,0.52196920
89.0500,0.49919685,2.86400687,0.59715408,0.49698110,1.49628819,0.52196912
89.0600,0.49919668,2.86400772,0.59715491,0.49698116,1.49628889,0.52196903
89.0700,0.49919652,2.86400858,0.59715575,0.49698121,1.49628958,0.52196895
89.0800,0.49919636,2.86400943,0.59715659,0.49698126,1.49629027,0.52196886
89.0900,0.49919619,2.86401028,0.59715742,0.49698131,1.49629096,0.52196878
89.1000,0.49919603,2.86401112,0.59715826,0.49698136,1.49629165,0.52196870
89.1100,0.49919587,2.86401197,0.59715909,0.49698141,1.49629234,0.52196861
89.1200,0.49919570,2.86401282,0.59715992,0.49698146,1.49629303,0.52196853
89.1300,0.49919554,2.86401367,0.59716076,0.49698151,1.49629372,0.52196844
89.1400,0.49919538,2.86401452,0.59716159,0.49698156,1.49629440,0.52196836
89.1500,0.49919522,2.86401536,0.59716242,0.49698161,1.49629509,0.52196828
89.1600,0.49919506,2.86401621,0.59716325,0.49698166,1.49629578,0.52196819
89.1700,0.49919489,2.86401705,0.59716408,0.49698171,1.49629646,0.52196811
89.1800,0.49919473,2.86401789,0.59716491,0.49698176,1.49629715,0.52196803
89.1900,0.49919457,2.86401874,0.59716574,0.49698181,1.49629783,0.52196794
89.2000,0.49919441,2.86401958,0.59716657,0.49698187,1.49629852,0.52196786
89.2100,0.49919425,2.86402042,0.59716739,0.49698192,1.49629920,0.52196778
89.2200,0.49919409,2.86402126,0.59716822,0.49698197,1.49629988,0.52196770
89.2300,0.49919393,2.86402210,0.59716905,0.49698202,1.49630056,0.52196761
89.2400,0.49919376,2.86402294,0.59716987,0.49698207,1.49630124,0.52196753
89.2500,0.49919360,2.86402378,0.59717070,0.49698212,1.49630192,0.52196745
89.2600,0.49919344,2.86402462,0.59717152,0.49698217,1.49630260,0.52196737
89.2700,0.49919328,2.86402546,0.59717234,0.49698222,1.49630328,0.52196728
89.2800,0.49919312,2.86402630,0.59717317,0.49698227,1.49630396,0.52196720
89.2900,0.49919296,2.86402713,0.59717399,0.49698232,1.49630464,0.52196712
89.3000,0.49919280,2.86402797,0.59717481,0.49698237,1.49630532,0.52196704
89.3100,0.49919264,2.86402880,0.59717563,0.49698242,1.49630599,0.52196696
89.3200,0.49919248,2.86402964,0.59717645,0.49698247,1.49630667,0.52196687
89.3300,0.49919232,2.86403047,0.59717727,0.49698251,1.49630735,0.52196679
89.3400,0.49919216,2.86403131,0.59717809,0.49698256,1.49630802,0.52196671
89.3500,0.49919200,2.86403214,0.59717891,0.49698261,1.49630870,0.52196663
89.3600,0.49919184,2.86403297,0.59717973,0.49698266,1.49630937,0.52196655
89.3700,0.49919168,2.86403380,0.59718055,0.49698271,1.49631004,0.52196647
89.3800,0.49919152,2.86403463,0.59718136,0.49698276,1.49631071,0.52196638
89.3900,0.49919136,2.86403546,0.59718218,0.49698281,1.49631139,0.52196630
89.4000,0.49919121,2.86403629,0.59718299,0.49698286,1.49631206,0.52196622
89.4100,0.49919105,2.86403712,0.59718381,0.49698291,1.49631273,0.52196614
89.4200,0.49919089,2.86403795,0.59718462,0.49698296,1.49631340,0.52196606
89.4300,0.49919073,2.86403877,0.59718544,0.49698301,1.49631407,0.52196598
89.4400,0.49919057,2.86403960,0.59718625,0.49698306,1.49631474,0.52196590
89.4500,0.49919041,2.86404043,0.59718706,0.49698311,1.49631540,0.52196582
89.4600,0.49919025,2.86404125,0.59718787,0.49698316,1.49631607,0.52196574
89.4700,0.49919010,2.86404208,0.59718868,0.49698320,1.49631674,0.52196566
89.4800,0.49918994,2.86404290,0.59718949,0.49698325,1.49631740,0.52196558
89.4900,0.49918978,2.86404372,0.59719030,0.49698330,1.49631807,0.52196550
89.5000,0.49918962,2.86404455,0.59719111,0.49698335,1.49631873,0.52196542
89.5100,0.49918947,2.86404537,0.59719192,0.49698340,1.49631940,0.52196534
89.5200,0.49918931,2.86404619,0.59719273,0.49698345,1.49632006,0.52196526
89.5300,0.49918915,2.86404701,0.59719354,0.49698350,1.49632073,0.52196518
89.5400,0.49918899,2.86404783,0.59719434,0.49698355,1.49632139,0.52196510
89.5500,0.49918884,2.86404865,0.59719515,0.49698359,1.49632205,0.52196502
89.5600,0.49918868,2.86404947,0.59719596,0.49698364,1.49632271,0.52196494
89.5700,0.49918852,2.86405029,0.59719676,0.49698369,1.49632337,0.52196486
89.5800,0.49918837,2.86405110,0.59719756,0.49698374,1.49632403,0.52196478
89.5900,0.49918821,2.86405192,0.59719837,0.49698379,1.49632469,0.52196470
89.6000,0.49918805,2.86405274,0.59719917,0.49698384,1.49632535,0.52196462
89.6100,0.49918790,2.86405355,0.59719997,0.49698388,1.49632601,0.52196454
89.6200,0.49918774,2.86405437,0.59720078,0.49698393,1.49632667,0.52196446
89.6300,0.49918759,2.86405518,0.59720158,0.49698398,1.49632732,0.52196438
89.6400,0.49918743,2.86405599,0.59720238,0.49698403,1.49632798,0.52196431
89.6500,0.49918727,2.86405681,0.59720318,0.49698408,1.49632863,0.52196423
89.6600,0.49918712,2.86405762,0.59720398,0.49698412,1.49632929,0.52196415
89.6700,0.49918696,2.86405843,0.59720477,0.49698417,1.49632994,0.52196407
89.6800,0.49918681,2.86405924,0.59720557,0.49698422,1.49633060,0.52196399
89.6900,0.49918665,2.86406005,0.59720637,0.49698427,1.49633125,0.52196391
89.7000,0.49918650,2.86406086,0.59720717,0.49698431,1.49633190,0.52196384
89.7100,0.49918634,2.86406167,0.59720796,0.49698436,1.49633256,0.52196376
89.7200,0.49918619,2.86406248,0.59720876,0.49698441,1.49633321,0.52196368
89.7300,0.49918603,2.86406329,0.59720955,0.49698446,1.49633386,0.52196360
89.7400,0.49918588,2.86406409,0.59721035,0.49698450,1.49633451,0.52196352
89.7500,0.49918572,2.86406490,0.59721114,0.49698455,1.49633516,0.52196345
89.7600,0.49918557,2.86406570,0.59721193,0.49698460,1.49633581,0.52196337
89.7700,0.49918541,2.86406651,0.59721273,0.49698465,1.49633646,0.52196329
89.7800,0.49918526,2.86406731,0.59721352,0.49698469,1.49633710,0.52196321
89.7900,0.49918511,2.86406812,0.59721431,0.49698474,1.49633775,0.52196314
89.8000,0.49918495,2.86406892,0.59721510,0.49698479,1.49633840,0.52196306
89.8100,0.49918480,2.86406972,0.59721589,0.49698484,1.49633904,0.52196298
89.8200,0.49918464,2.86407053,0.59721668,0.49698488,1.49633969,0.52196290
89.8300,0.49918449,2.86407133,0.59721747,0.49698493,1.49634033,0.52196283
89.8400,0.49918434,2.86407213,0.59721826,0.49698498,1.49634098,0.52196275
89.8500,0.49918418,2.86407293,0.59721904,0.49698502,1.49634162,0.52196267
89.8600,0.49918403,2.86407373,0.59721983,0.49698507,1.49634227,0.52196260
89.8700,0.49918388,2.86407452,0.59722062,0.49698512,1.49634291,0.52196252
89.8800,0.49918373,2.86407532,0.59722140,0.49698516,1.49634355,0.52196244
89.8900,0.49918357,2.86407612,0.59722219,0.49698521,1.49634419,0.52196237
89.9000,0.49918342,2.86407692,0.59722297,0.49698526,1.49634483,0.52196229
89.9100,0.49918327,2.86407771,0.59722376,0.49698530,1.49634547,0.52196221
89.9200,0.49918311,2.86407851,0.59722454,0.49698535,1.49634611,0.52196214
89.9300,0.49918296,2.86407930,0.59722532,0.49698540,1.49634675,0.52196206
89.9400,0.49918281,2.86408010,0.59722611,0.49698544,1.49634739,0.52196199
89.9500,0.49918266,2.86408089,0.59722689,0.49698549,1.49634803,0.52196191
89.9600,0.49918251,2.86408168,0.59722767,0.49698554,1.49634866,0.52196183
89.9700,0.49918235,2.86408248,0.59722845,0.49698558,1.49634930,0.52196176
89.9800,0.49918220,2.86408327,0.59722923,0.49698563,1.49634994,0.52196168
89.9900,0.49918205,2.86408406,0.59723001,0.49698567,1.49635057,0.52196161
90.0000,0.49918190,2.86408485,0.59723079,0.49698572,1.49635121,0.52196153
90.0100,0.49918175,2.86408564,0.59723156,0.49698577,1.49635184,0.52196146
90.0200,0.49918160,2.86408643,0.59723234,0.49698581,1.49635247,0.52196138
90.0300,0.49918145,2.86408722,0.59723312,0.49698586,1.49635311,0.52196131
90.0400,0.49918130,2.86408800,0.59723389,0.49698591,1.49635374,0.52196123
90.0500,0.49918114,2.86408879,0.59723467,0.49698595,1.49635437,0.52196116
90.0600,0.49918099,2.86408958,0.59723545,0.49698600,1.49635500,0.52196108
90.0700,0.49918084,2.86409036,0.59723622,0.49698604,1.49635563,0.52196101
90.0800,0.49918069,2.86409115,0.59723699,0.49698609,1.49635626,0.52196093
90.0900,0.49918054,2.86409193,0.59723777,0.49698613,1.49635689,0.52196086
90.1000,0.49918039,2.86409272,0.59723854,0.49698618,1.49635752,0.52196078
90.1100,0.49918024,2.86409350,0.59723931,0.49698623,1.49635815,0.52196071
90.1200,0.49918009,2.86409428,0.59724008,0.49698627,1.49635878,0.52196063
90.1300,0.49917994,2.86409507,0.59724085,0.49698632,1.49635941,0.52196056
90.1400,0.49917979,2.86409585,0.59724162,0.49698636,1.49636003,0.52196048
90.1500,0.49917964,2.86409663,0.59724239,0.49698641,1.49636066,0.52196041
90.1600,0.49917949,2.86409741,0.59724316,0.49698645,1.49636128,0.52196034
90.1700,0.49917934,2.86409819,0.59724393,0.49698650,1.49636191,0.52196026
90.1800,0.49917919,2.86409897,0.59724470,0.49698654,1.49636253,0.52196019
90.1900,0.49917905,2.86409975,0.59724547,0.49698659,1.49636316,0.52196011
90.2000,0.49917890,2.86410052,0.59724623,0.49698663,1.49636378,0.52196004
90.2100,0.49917875,2.86410130,0.59724700,0.49698668,1.49636440,0.52195997
90.2200,0.49917860,2.86410208,0.59724776,0.49698672,1.49636502,0.52195989
90.2300,0.49917845,2.86410285,0.59724853,0.49698677,1.49636565,0.52195982
90.2400,0.49917830,2.86410363,0.59724929,0.49698681,1.49636627,0.52195975
90.2500,0.49917815,2.86410440,0.59725006,0.49698686,1.49636689,0.52195967
90.2600,0.49917800,2.86410518,0.59725082,0.49698690,1.49636751,0.52195960
90.2700,0.49917786,2.86410595,0.59725158,0.49698695,1.49636813,0.52195953
90.2800,0.49917771,2.86410672,0.59725234,0.49698699,1.49636874,0.52195945
90.2900,0.49917756,2.86410750,0.59725311,0.49698704,1.49636936,0.52195938
90.3000,0.49917741,2.86410827,0.59725387,0.49698708,1.49636998,0.52195931
90.3100,0.49917727,2.86410904,0.59725463,0.49698713,1.49637060,0.52195924
90.3200,0.49917712,2.86410981,0.59725539,0.49698717,1.49637121,0.52195916
90.3300,0.49917697,2.86411058,0.59725614,0.49698722,1.49637183,0.52195909
90.3400,0.49917682,2.86411135,0.59725690,0.49698726,1.49637244,0.52195902
90.3500,0.49917668,2.86411212,0.59725766,0.49698731,1.49637306,0.52195895
90.3600,0.49917653,2.86411289,0.59725842,0.49698735,1.49637367,0.52195887
90.3700,0.49917638,2.86411365,0.59725917,0.49698739,1.49637429,0.52195880
90.3800,0.49917623,2.86411442,0.59725993,0.49698744,1.49637490,0.52195873
90.3900,0.49917609,2.86411519,0.59726069,0.49698748,1.49637551,0.52195866
90.4000,0.49917594,2.86411595,0.59726144,0.49698753,1.49637612,0.52195858
90.4100,0.49917579,2.86411672,0.59726220,0.49698757,1.49637673,0.52195851
90.4200,0.49917565,2.86411748,0.59726295,0.49698761,1.49637734,0.52195844
90.4300,0.49917550,2.86411824,0.59726370,0.49698766,1.49637795,0.52195837
90.4400,0.49917536,2.86411901,0.59726445,0.49698770,1.49637856,0.52195830
90.4500,0.49917521,2.86411977,0.59726521,0.49698775,1.49637917,0.52195823
90.4600,0.49917506,2.86412053,0.59726596,0.49698779,1.49637978,0.52195815
90.4700,0.49917492,2.86412129,0.59726671,0.49698783,1.49638039,0.52195808
90.4800,0.49917477,2.86412205,0.59726746,0.49698788,1.49638100,0.52195801
90.4900,0.49917463,2.86412281,0.59726821,0.49698792,1.49638160,0.52195794
90.5000,0.49917448,2.86412357,0.59726896,0.49698797,1.49638221,0.52195787
90.5100,0.49917434,2.86412433,0.59726971,0.49698801,1.49638281,0.52195780
90.5200,0.49917419,2.86412509,0.59727045,0.49698805,1.49638342,0.52195773
90.5300,0.49917405,2.86412585,0.59727120,0.49698810,1.49638402,0.52195766
90.5400,0.49917390,2.86412660,0.59727195,0.49698814,1.49638463,0.52195759
90.5500,0.49917376,2.86412736,0.59727269,0.49698818,1.49638523,0.52195752
90.5600,0.49917361,2.86412812,0.59727344,0.49698823,1.49638583,0.52195744
90.5700,0.49917347,2.86412887,0.59727419,0.49698827,1.49638643,0.52195737
90.5800,0.49917332,2.86412963,0.59727493,0.49698831,1.49638704,0.52195730
90.5900,0.49917318,2.86413038,0.59727567,0.49698836,1.49638764,0.52195723
90.6000,0.49917303,2.86413113,0.59727642,0.49698840,1.49638824,0.52195716
90.6100,0.49917289,2.86413189,0.59727716,0.49698844,1.49638884,0.52195709
90.6200,0.49917274,2.86413264,0.59727790,0.49698849,1.49638944,0.52195702
90.6300,0.49917260,2.86413339,0.59727864,0.49698853,1.49639004,0.52195695
90.6400,0.49917246,2.86413414,0.59727938,0.49698857,1.49639063,0.52195688
90.6500,0.49917231,2.86413489,0.59728013,0.49698862,1.49639123,0.52195681
90.6600,0.49917217,2.86413564,0.59728087,0.49698866,1.49639183,0.52195674
90.6700,0.49917203,2.86413639,0.59728160,0.49698870,1.49639243,0.52195667
90.6800,0.49917188,2.86413714,0.59728234,0.49698874,1.49639302,0.52195660
90.6900,0.49917174,2.86413789,0.59728308,0.49698879,1.49639362,0.52195653
90.7000,0.49917160,2.86413863,0.59728382,0.49698883,1.49639421,0.52195646
90.7100,0.49917145,2.86413938,0.59728456,0.49698887,1.49639481,0.52195640
90.7200,0.49917131,2.86414013,0.59728529,0.49698892,1.49639540,0.52195633
90.7300,0.49917117,2.86414087,0.59728603,0.49698896,1.49639599,0.52195626
90.7400,0.49917103,2.86414162,0.59728676,0.49698900,1.49639659,0.52195619
90.7500,0.49917088,2.86414236,0.59728750,0.49698904,1.49639718,0.52195612
90.7600,0.49917074,2.86414311,0.59728823,0.49698909,1.49639777,0.52195605
90.7700,0.49917060,2.86414385,0.59728897,0.49698913,1.49639836,0.52195598
90.7800,0.49917046,2.86414459,0.59728970,0.49698917,1.49639895,0.52195591
90.7900,0.49917031,2.86414533,0.59729043,0.49698921,1.49639954,0.52195584
90.8000,0.49917017,2.86414608,0.59729116,0.49698925,1.49640013,0.52195578
90.8100,0.49917003,2.86414682,0.59729190,0.49698930,1.49640072,0.52195571
90.8200,0.49916989,2.86414756,0.59729263,0.49698934,1.49640131,0.52195564
90.8300,0.49916975,2.86414830,0.59729336,0.49698938,1.49640190,0.52195557
90.8400,0.49916960,2.86414904,0.59729409,0.49698942,1.49640248,0.52195550
90.8500,0.49916946,2.86414977,0.59729482,0.49698947,1.49640307,0.52195543
90.8600,0.49916932,2.86415051,0.59729554,0.49698951,1.49640366,0.52195537
90.8700,0.49916918,2.86415125,0.59729627,0.49698955,1.49640424,0.52195530
90.8800,0.49916904,2.86415199,0.59729700,0.49698959,1.49640483,0.52195523
90.8900,0.49916890,2.86415272,0.59729773,0.49698963,1.49640541,0.52195516
90.9000,0.49916876,2.86415346,0.59729845,0.49698968,1.49640599,0.52195509
90.9100,0.49916862,2.86415419,0.59729918,0.49698972,1.49640658,0.52195503
90.9200,0.49916848,2.86415493,0.59729990,0.49698976,1.49640716,0.52195496
90.9300,0.49916834,2.86415566,0.59730063,0.49698980,1.49640774,0.52195489
90.9400,0.49916820,2.86415639,0.59730135,0.49698984,1.49640832,0.52195482
90.9500,0.49916806,2.86415713,0.59730208,0.49698988,1.49640891,0.52195476
90.9600,0.49916792,2.86415786,0.59730280,0.49698993,1.49640949,0.52195469
90.9700,0.49916778,2.86415859,0.59730352,0.49698997,1.49641007,0.52195462
90.9800,0.49916764,2.86415932,0.59730424,0.49699001,1.49641065,0.52195455
90.9900,0.49916750,2.86416005,0.59730496,0.49699005,1.49641123,0.52195449
91.0000,0.49916736,2.86416078,0.59730568,0.49699009,1.49641180,0.52195442
91.0100,0.49916722,2.86416151,0.59730640,0.49699013,1.49641238,0.52195435
91.0200,0.49916708,2.86416224,0.59730712,0.49699017,1.49641296,0.52195429
91.0300,0.49916694,2.86416297,0.59730784,0.49699021,1.49641354,0.52195422
91.0400,0.49916680,2.86416369,0.59730856,0.49699026,1.49641411,0.52195415
91.0500,0.49916666,2.86416442,0.59730928,0.49699030,1.49641469,0.52195409
91.0600,0.49916652,2.86416515,0.59731000,0.49699034,1.49641526,0.52195402
91.0700,0.49916638,2.86416587,0.59731071,0.49699038,1.49641584,0.52195395
91.0800,0.49916624,2.86416660,0.59731143,0.49699042,1.49641641,0.52195389
91.0900,0.49916610,2.86416732,0.59731215,0.49699046,1.49641699,0.52195382
91.1000,0.49916596,2.86416804,0.59731286,0.49699050,1.49641756,0.52195375
91.1100,0.49916583,2.86416877,0.59731358,0.49699054,1.49641813,0.52195369
91.1200,0.49916569,2.86416949,0.59731429,0.49699058,1.49641870,0.52195362
91.1300,0.49916555,2.86417021,0.59731500,0.49699062,1.49641928,0.52195356
91.1400,0.49916541,2.86417093,0.59731572,0.49699067,1.49641985,0.52195349
91.1500,0.49916527,2.86417166,0.59731643,0.49699071,1.49642042,0.52195343
91.1600,0.49916514,2.86417238,0.59731714,0.49699075,1.49642099,0.52195336
91.1700,0.49916500,2.86417310,0.59731785,0.49699079,1.49642156,0.52195329
91.1800,0.49916486,2.86417381,0.59731856,0.49699083,1.49642213,0.52195323
91.1900,0.49916472,2.86417453,0.59731927,0.49699087,1.49642270,0.52195316
91.2000,0.49916458,2.86417525,0.59731998,0.49699091,1.49642326,0.52195310
91.2100,0.49916445,2.86417597,0.59732069,0.49699095,1.49642383,0.52195303
91.2200,0.49916431,2.86417669,0.59732140,0.49699099,1.49642440,0.52195297
91.2300,0.49916417,2.86417740,0.59732211,0.49699103,1.49642496,0.52195290
91.2400,0.49916404,2.86417812,0.59732282,0.49699107,1.49642553,0.52195284
91.2500,0.49916390,2.86417883,0.59732352,0.49699111,1.49642609,0.52195277
91.2600,0.49916376,2.86417955,0.59732423,0.49699115,1.49642666,0.52195271
91.2700,0.49916363,2.86418026,0.59732494,0.49699119,1.49642722,0.52195264
91.2800,0.49916349,2.86418098,0.59732564,0.49699123,1.49642779,0.52195258
91.2900,0.49916335,2.86418169,0.59732635,0.49699127,1.49642835,0.52195251
91.3000,0.49916322,2.86418240,0.59732705,0.49699131,1.49642891,0.52195245
91.3100,0.49916308,2.86418311,0.59732775,0.49699135,1.49642948,0.52195238
91.3200,0.49916294,2.86418382,0.59732846,0.49699139,1.49643004,0.52195232
91.3300,0.49916281,2.86418453,0.59732916,0.49699143,1.49643060,0.52195225
91.3400,0.49916267,2.86418524,0.59732986,0.49699147,1.49643116,0.52195219
91.3500,0.49916254,2.86418595,0.59733056,0.49699151,1.49643172,0.52195213
91.3600,0.49916240,2.86418666,0.59733126,0.49699155,1.49643228,0.52195206
91.3700,0.49916226,2.86418737,0.59733196,0.49699159,1.49643284,0.52195200
91.3800,0.49916213,2.86418808,0.59733266,0.49699163,1.49643340,0.52195193
91.3900,0.49916199,2.86418879,0.59733336,0.49699167,1.49643395,0.52195187
91.4000,0.49916186,2.86418949,0.59733406,0.49699171,1.49643451,0.52195181
91.4100,0.49916172,2.86419020,0.59733476,0.49699175,1.49643507,0.52195174
91.4200,0.49916159,2.86419091,0.59733546,0.49699179,1.49643562,0.52195168
91.4300,0.49916145,2.86419161,0.59733616,0.49699183,1.49643618,0.52195162
91.4400,0.49916132,2.86419231,0.59733685,0.49699187,1.49643674,0.52195155
91.4500,0.49916118,2.86419302,0.59733755,0.49699191,1.49643729,0.52195149
91.4600,0.49916105,2.86419372,0.59733824,0.49699195,1.49643785,0.52195142
91.4700,0.49916091,2.86419442,0.59733894,0.49699199,1.49643840,0.52195136
91.4800,0.49916078,2.86419513,0.59733963,0.49699203,1.49643895,0.52195130
91.4900,0.49916065,2.86419583,0.59734033,0.49699206,1.49643951,0.52195124
91.5000,0.49916051,2.86419653,0.59734102,0.49699210,1.49644006,0.52195117
91.5100,0.49916038,2.86419723,0.59734171,0.49699214,1.49644061,0.52195111
91.5200,0.49916024,2.86419793,0.59734241,0.49699218,1.49644116,0.52195105
91.5300,0.49916011,2.86419863,0.59734310,0.49699222,1.49644171,0.52195098
91.5400,0.49915998,2.86419933,0.59734379,0.49699226,1.49644226,0.52195092
91.5500,0.49915984,2.86420003,0.59734448,0.49699230,1.49644281,0.52195086
91.5600,0.49915971,2.86420072,0.59734517,0.49699234,1.49644336,0.52195080
91.5700,0.49915957,2.86420142,0.59734586,0.49699238,1.49644391,0.52195073
91.5800,0.49915944,2.86420212,0.59734655,0.49699242,1.49644446,0.52195067
91.5900,0.49915931,2.86420281,0.59734724,0.49699245,1.49644501,0.52195061
91.6000,0.49915917,2.86420351,0.59734793,0.49699249,1.49644555,0.52195055
91.6100,0.49915904,2.86420421,0.59734861,0.49699253,1.49644610,0.52195048
91.6200,0.49915891,2.86420490,0.59734930,0.49699257,1.49644665,0.52195042
91.6300,0.49915878,2.86420559,0.59734999,0.49699261,1.49644719,0.52195036
91.6400,0.49915864,2.86420629,0.59735067,0.49699265,1.49644774,0.52195030
91.6500,0.49915851,2.86420698,0.59735136,0.49699269,1.49644828,0.52195024
91.6600,0.49915838,2.86420767,0.59735204,0.49699272,1.49644882,0.52195017
91.6700,0.49915825,2.86420836,0.59735273,0.49699276,1.49644937,0.52195011
91.6800,0.49915811,2.86420905,0.59735341,0.49699280,1.49644991,0.52195005
91.6900,0.49915798,2.86420974,0.59735409,0.49699284,1.49645045,0.52194999
91.7000,0.49915785,2.86421043,0.59735478,0.49699288,1.49645100,0.52194993
91.7100,0.49915772,2.86421112,0.59735546,0.49699292,1.49645154,0.52194987
91.7200,0.49915759,2.86421181,0.59735614,0.49699295,1.49645208,0.52194980
91.7300,0.49915745,2.86421250,0.59735682,0.49699299,1.49645262,0.52194974
91.7400,0.49915732,2.86421319,0.59735750,0.49699303,1.49645316,0.52194968
91.7500,0.49915719,2.86421388,0.59735818,0.49699307,1.49645370,0.52194962
91.7600,0.49915706,2.86421456,0.59735886,0.49699311,1.49645424,0.52194956
91.7700,0.49915693,2.86421525,0.59735954,0.49699315,1.49645478,0.52194950
91.7800,0.49915680,2.86421593,0.59736022,0.49699318,1.49645532,0.52194944
91.7900,0.49915667,2.86421662,0.59736090,0.49699322,1.49645585,0.52194938
91.8000,0.49915653,2.86421730,0.59736158,0.49699326,1.49645639,0.52194932
91.8100,0.49915640,2.86421799,0.59736225,0.49699330,1.49645693,0.52194925
91.8200,0.49915627,2.86421867,0.59736293,0.49699333,1.49645746,0.52194919
91.8300,0.49915614,2.86421935,0.59736361,0.49699337,1.49645800,0.52194913
91.8400,0.49915601,2.86422004,0.59736428,0.49699341,1.49645853,0.52194907
91.8500,0.49915588,2.86422072,0.59736496,0.49699345,1.49645907,0.52194901
91.8600,0.49915575,2.86422140,0.59736563,0.49699349,1.49645960,0.52194895
91.8700,0.49915562,2.86422208,0.59736630,0.49699352,1.49646014,0.52194889
91.8800,0.49915549,2.86422276,0.59736698,0.49699356,1.49646067,0.52194883
91.8900,0.49915536,2.86422344,0.59736765,0.49699360,1.49646120,0.52194877
91.9000,0.49915523,2.86422412,0.59736832,0.49699364,1.49646173,0.52194871
91.9100,0.49915510,2.86422480,0.59736900,0.49699367,1.49646227,0.52194865
91.9200,0.49915497,2.86422548,0.59736967,0.49699371,1.49646280,0.52194859
91.9300,0.49915484,2.86422615,0.59737034,0.49699375,1.49646333,0.52194853
91.9400,0.49915471,2.86422683,0.59737101,0.49699379,1.49646386,0.52194847
91.9500,0.49915458,2.86422751,0.59737168,0.49699382,1.49646439,0.52194841
91.9600,0.49915445,2.86422818,0.59737235,0.49699386,1.49646492,0.52194835
91.9700,0.49915432,2.86422886,0.59737302,0.49699390,1.49646545,0.52194829
91.9800,0.49915419,2.86422953,0.59737368,0.49699393,1.49646597,0.52194823
91.9900,0.49915407,2.86423021,0.59737435,0.49699397,1.49646650,0.52194817
92.0000,0.49915394,2.86423088,0.59737502,0.49699401,1.49646703,0.52194811
92.0100,0.49915381,2.86423155,0.59737568,0.49699405,1.49646755,0.52194806
92.0200,0.49915368,2.86423223,0.59737635,0.49699408,1.49646808,0.52194800
92.0300,0.49915355,2.86423290,0.59737702,0.49699412,1.49646861,0.52194794
92.0400,0.49915342,2.86423357,0.59737768,0.49699416,1.49646913,0.52194788
92.0500,0.49915329,2.86423424,0.59737835,0.49699419,1.49646966,0.52194782
92.0600,0.49915317,2.86423491,0.59737901,0.49699423,1.49647018,0.52194776
92.0700,0.49915304,2.86423558,0.59737967,0.49699427,1.49647071,0.52194770
92.0800,0.49915291,2.86423625,0.59738034,0.49699430,1.49647123,0.52194764
92.0900,0.49915278,2.86423692,0.59738100,0.49699434,1.49647175,0.52194758
92.1000,0.49915265,2.86423759,0.59738166,0.49699438,1.49647227,0.52194753
92.1100,0.49915253,2.86423825,0.59738232,0.49699441,1.49647280,0.52194747
92.1200,0.49915240,2.86423892,0.59738298,0.49699445,1.49647332,0.52194741
92.1300,0.49915227,2.86423959,0.59738364,0.49699449,1.49647384,0.52194735
92.1400,0.49915214,2.86424025,0.59738430,0.49699452,1.49647436,0.52194729
92.1500,0.49915202,2.86424092,0.59738496,0.49699456,1.49647488,0.52194723
92.1600,0.49915189,2.86424158,0.59738562,0.49699460,1.49647540,0.52194718
92.1700,0.49915176,2.86424225,0.59738628,0.49699463,1.49647592,0.52194712
92.1800,0.49915163,2.86424291,0.59738694,0.49699467,1.49647643,0.52194706
92.1900,0.49915151,2.86424358,0.59738760,0.49699471,1.49647695,0.52194700
92.2000,0.49915138,2.86424424,0.59738825,0.49699474,1.49647747,0.52194694
92.2100,0.49915125,2.86424490,0.59738891,0.49699478,1.49647799,0.52194689
92.2200,0.49915113,2.86424556,0.59738957,0.49699481,1.49647850,0.52194683
92.2300,0.49915100,2.86424623,0.59739022,0.49699485,1.49647902,0.52194677
92.2400,0.49915087,2.86424689,0.59739088,0.49699489,1.49647954,0.52194671
92.2500,0.49915075,2.86424755,0.59739153,0.49699492,1.49648005,0.52194665
92.2600,0.49915062,2.86424821,0.59739218,0.49699496,1.49648057,0.52194660
92.2700,0.49915049,2.86424887,0.59739284,0.49699500,1.49648108,0.52194654
92.2800,0.49915037,2.86424952,0.59739349,0.49699503,1.49648159,0.52194648
92.2900,0.49915024,2.86425018,0.59739414,0.49699507,1.49648211,0.52194642
92.3000,0.49915012,2.86425084,0.59739480,0.49699510,1.49648262,0.52194637
92.3100,0.49914999,2.86425150,0.59739545,0.49699514,1.49648313,0.52194631
92.3200,0.49914987,2.86425215,0.59739610,0.49699517,1.49648364,0.52194625
92.3300,0.49914974,2.86425281,0.59739675,0.49699521,1.49648415,0.52194620
92.3400,0.49914961,2.86425347,0.59739740,0.49699525,1.49648467,0.52194614
92.3500,0.49914949,2.86425412,0.59739805,0.49699528,1.49648518,0.52194608
92.3600,0.49914936,2.86425478,0.59739870,0.49699532,1.49648569,0.52194603
92.3700,0.49914924,2.86425543,0.59739934,0.49699535,1.49648619,0.52194597
92.3800,0.49914911,2.86425608,0.59739999,0.49699539,1.49648670,0.52194591
92.3900,0.49914899,2.86425674,0.59740064,0.49699542,1.49648721,0.52194586
92.4000,0.49914886,2.86425739,0.59740129,0.49699546,1.49648772,0.52194580
92.4100,0.49914874,2.86425804,0.59740193,0.49699550,1.49648823,0.52194574
92.4200,0.49914861,2.86425869,0.59740258,0.49699553,1.49648873,0.52194569
92.4300,0.49914849,2.86425934,0.59740322,0.49699557,1.49648924,0.52194563
92.4400,0.49914837,2.86425999,0.59740387,0.49699560,1.49648975,0.52194557
92.4500,0.49914824,2.86426064,0.59740451,0.49699564,1.49649025,0.52194552
92.4600,0.49914812,2.86426129,0.59740516,0.49699567,1.49649076,0.52194546
92.4700,0.49914799,2.86426194,0.59740580,0.49699571,1.49649126,0.52194541
92.4800,0.49914787,2.86426259,0.59740644,0.49699574,1.49649177,0.52194535
92.4900,0.49914775,2.86426324,0.59740709,0.49699578,1.49649227,0.52194529
92.5000,0.49914762,2.86426388,0.59740773,0.49699581,1.49649277,0.52194524
92.5100,0.49914750,2.86426453,0.59740837,0.49699585,1.49649328,0.52194518
92.5200,0.49914737,2.86426518,0.59740901,0.49699588,1.49649378,0.52194513
92.5300,0.49914725,2.86426582,0.59740965,0.49699592,1.49649428,0.52194507
92.5400,0.49914713,2.86426647,0.59741029,0.49699595,1.49649478,0.52194502
92.5500,0.49914700,2.86426711,0.59741093,0.49699599,1.49649528,0.52194496
92.5600,0.49914688,2.86426776,0.59741157,0.49699602,1.49649578,0.52194490
92.5700,0.49914676,2.86426840,0.59741221,0.49699606,1.49649628,0.52194485
92.5800,0.49914663,2.86426904,0.59741284,0.49699609,1.49649678,0.52194479
92.5900,0.49914651,2.86426969,0.59741348,0.49699613,1.49649728,0.52194474
92.6000,0.49914639,2.86427033,0.59741412,0.49699616,1.49649778,0.52194468
92.6100,0.49914627,2.86427097,0.59741475,0.49699620,1.49649828,0.52194463
92.6200,0.49914614,2.86427161,0.59741539,0.49699623,1.49649878,0.52194457
92.6300,0.49914602,2.86427225,0.59741603,0.49699627,1.49649927,0.52194452
92.6400,0.49914590,2.86427289,0.59741666,0.49699630,1.49649977,0.52194446
92.6500,0.49914578,2.86427353,0.59741730,0.49699633,1.49650027,0.52194441
92.6600,0.49914565,2.86427417,0.59741793,0.49699637,1.49650076,0.52194435
92.6700,0.49914553,2.86427481,0.59741856,0.49699640,1.49650126,0.52194430
92.6800,0.49914541,2.86427545,0.59741920,0.49699644,1.49650175,0.52194424
92.6900,0.49914529,2.86427608,0.59741983,0.49699647,1.49650225,0.52194419
92.7000,0.49914517,2.86427672,0.59742046,0.49699651,1.49650274,0.52194414
92.7100,0.49914504,2.86427736,0.59742109,0.49699654,1.49650324,0.52194408
92.7200,0.49914492,2.86427799,0.59742172,0.49699658,1.49650373,0.52194403
92.7300,0.49914480,2.86427863,0.59742235,0.49699661,1.49650422,0.52194397
92.7400,0.49914468,2.86427926,0.59742298,0.49699664,1.49650471,0.52194392
92.7500,0.49914456,2.86427990,0.59742361,0.49699668,1.49650520,0.52194386
92.7600,0.49914444,2.86428053,0.59742424,0.49699671,1.49650570,0.52194381
92.7700,0.49914432,2.86428117,0.59742487,0.49699675,1.49650619,0.52194376
92.7800,0.49914419,2.86428180,0.59742550,0.49699678,1.49650668,0.52194370
92.7900,0.49914407,2.86428243,0.59742613,0.49699681,1.49650717,0.52194365
92.8000,0.49914395,2.86428306,0.59742675,0.49699685,1.49650766,0.52194359
92.8100,0.49914383,2.86428369,0.59742738,0.49699688,1.49650815,0.52194354
92.8200,0.49914371,2.86428432,0.59742801,0.49699692,1.49650863,0.52194349
92.8300,0.49914359,2.86428496,0.59742863,0.49699695,1.49650912,0.52194343
92.8400,0.49914347,2.86428558,0.59742926,0.49699698,1.49650961,0.52194338
92.8500,0.49914335,2.86428621,0.59742988,0.49699702,1.49651010,0.52194333
92.8600,0.49914323,2.86428684,0.59743051,0.49699705,1.49651058,0.52194327
92.8700,0.49914311,2.86428747,0.59743113,0.49699709,1.49651107,0.52194322
92.8800,0.49914299,2.86428810,0.59743175,0.49699712,1.49651156,0.52194317
92.8900,0.49914287,2.86428873,0.59743238,0.49699715,1.49651204,0.52194311
92.9000,0.49914275,2.86428935,0.59743300,0.49699719,1.49651253,0.52194306
92.9100,0.49914263,2.86428998,0.59743362,0.49699722,1.49651301,0.52194301
92.9200,0.49914251,2.86429061,0.59743424,0.49699725,1.49651349,0.52194295
92.9300,0.49914239,2.86429123,0.59743486,0.49699729,1.49651398,0.52194290
92.9400,0.49914227,2.86429186,0.59743548,0.49699732,1.49651446,0.52194285
92.9500,0.49914215,2.86429248,0.59743610,0.49699735,1.49651494,0.52194280
92.9600,0.49914203,2.86429310,0.59743672,0.49699739,1.49651543,0.52194274
92.9700,0.49914191,2.86429373,0.59743734,0.49699742,1.49651591,0.52194269
92.9800,0.49914179,2.86429435,0.59743796,0.49699745,1.49651639,0.52194264
92.9900,0.49914167,2.86429497,0.59743858,0.49699749,1.49651687,0.52194258
93.0000,0.49914156,2.86429560,0.59743920,0.49699752,1.49651735,0.52194253
93.0100,0.49914144,2.86429622,0.59743981,0.49699755,1.49651783,0.52194248
93.0200,0.49914132,2.86429684,0.59744043,0.49699759,1.49651831,0.52194243
93.0300,0.49914120,2.86429746,0.59744105,0.49699762,1.49651879,0.52194238
93.0400,0.49914108,2.86429808,0.59744166,0.49699765,1.49651927,0.52194232
93.0500,0.49914096,2.86429870,0.59744228,0.49699769,1.49651975,0.52194227
93.0600,0.49914084,2.86429932,0.59744289,0.49699772,1.49652022,0.52194222
93.0700,0.49914073,2.86429993,0.59744350,0.49699775,1.49652070,0.52194217
93.0800,0.49914061,2.86430055,0.59744412,0.49699778,1.49652118,0.52194211
93.0900,0.49914049,2.86430117,0.59744473,0.49699782,1.49652165,0.52194206
93.1000,0.49914037,2.86430179,0.59744534,0.49699785,1.49652213,0.52194201
93.1100,0.49914025,2.86430240,0.59744596,0.49699788,1.49652260,0.52194196
93.1200,0.49914014,2.86430302,0.59744657,0.49699792,1.49652308,0.52194191
93.1300,0.49914002,2.86430363,0.59744718,0.49699795,1.49652355,0.52194186
93.1400,0.49913990,2.86430425,0.59744779,0.49699798,1.49652403,0.52194180
93.1500,0.49913978,2.86430486,0.59744840,0.49699801,1.49652450,0.52194175
93.1600,0.49913967,2.86430548,0.59744901,0.49699805,1.49652498,0.52194170
93.1700,0.49913955,2.86430609,0.59744962,0.49699808,1.49652545,0.52194165
93.1800,0.49913943,2.86430670,0.59745023,0.49699811,1.49652592,0.52194160
93.1900,0.49913931,2.86430732,0.59745084,0.49699814,1.49652639,0.52194155
93.2000,0.49913920,2.86430793,0.59745145,0.49699818,1.49652686,0.52194150
93.2100,0.49913908,2.86430854,0.59745205,0.49699821,1.49652734,0.52194144
93.2200,0.49913896,2.86430915,0.59745266,0.49699824,1.49652781,0.52194139
93.2300,0.49913885,2.86430976,0.59745327,0.49699827,1.49652828,0.52194134
93.2400,0.49913873,2.86431037,0.59745387,0.49699831,1.49652875,0.52194129
93.2500,0.49913861,2.86431098,0.59745448,0.49699834,1.49652922,0.52194124
93.2600,0.49913850,2.86431159,0.59745508,0.49699837,1.49652968,0.52194119
93.2700,0.49913838,2.86431220,0.59745569,0.49699840,1.49653015,0.52194114
93.2800,0.49913826,2.86431281,0.59745629,0.49699844,1.49653062,0.52194109
93.2900,0.49913815,2.86431342,0.59745690,0.49699847,1.49653109,0.52194104
93.3000,0.49913803,2.86431402,0.59745750,0.49699850,1.49653156,0.52194099
93.3100,0.49913792,2.86431463,0.59745810,0.49699853,1.49653202,0.52194094
93.3200,0.49913780,2.86431524,0.59745871,0.49699856,1.49653249,0.52194089
93.3300,0.49913768,2.86431584,0.59745931,0.49699860,1.49653295,0.52194084
93.3400,0.49913757,2.86431645,0.59745991,0.49699863,1.49653342,0.52194079
93.3500,0.49913745,2.86431705,0.59746051,0.49699866,1.49653389,0.52194074
93.3600,0.49913734,2.86431766,0.59746111,0.49699869,1.49653435,0.52194069
93.3700,0.49913722,2.86431826,0.59746171,0.49699872,1.49653481,0.52194063
93.3800,0.49913711,2.86431886,0.59746231,0.49699876,1.49653528,0.52194058
93.3900,0.49913699,2.86431947,0.59746291,0.49699879,1.49653574,0.52194053
93.4000,0.49913688,2.86432007,0.59746351,0.49699882,1.49653620,0.52194048
93.4100,0.49913676,2.86432067,0.59746411,0.49699885,1.49653667,0.52194044
93.4200,0.49913665,2.86432127,0.59746470,0.49699888,1.49653713,0.52194039
93.4300,0.49913653,2.86432187,0.59746530,0.49699892,1.49653759,0.52194034
93.4400,0.49913642,2.86432247,0.59746590,0.49699895,1.49653805,0.52194029
93.4500,0.49913630,2.86432307,0.59746650,0.49699898,1.49653851,0.52194024
93.4600,0.49913619,2.86432367,0.59746709,0.49699901,1.49653897,0.52194019
93.4700,0.49913607,2.86432427,0.59746769,0.49699904,1.49653943,0.52194014
93.4800,0.49913596,2.86432487,0.59746828,0.49699907,1.49653989,0.52194009
93.4900,0.49913584,2.86432547,0.59746888,0.49699910,1.49654035,0.52194004
93.5000,0.49913573,2.86432606,0.59746947,0.49699914,1.49654081,0.52193999
93.5100,0.49913561,2.86432666,0.59747006,0.49699917,1.49654127,0.52193994
93.5200,0.49913550,2.86432726,0.59747066,0.49699920,1.49654172,0.52193989
93.5300,0.49913539,2.86432785,0.59747125,0.49699923,1.49654218,0.52193984
93.5400,0.49913527,2.86432845,0.59747184,0.49699926,1.49654264,0.52193979
93.5500,0.49913516,2.86432904,0.59747243,0.49699929,1.49654309,0.52193974
93.5600,0.49913505,2.86432964,0.59747303,0.49699932,1.49654355,0.52193969
93.5700,0.49913493,2.86433023,0.59747362,0.49699936,1.49654401,0.52193964
93.5800,0.49913482,2.86433083,0.59747421,0.49699939,1.49654446,0.52193960
93.5900,0.49913470,2.86433142,0.59747480,0.49699942,1.49654492,0.52193955
93.6000,0.49913459,2.86433201,0.59747539,0.49699945,1.49654537,0.52193950
93.6100,0.49913448,2.86433261,0.59747598,0.49699948,1.49654582,0.52193945
93.6200,0.49913437,2.86433320,0.59747656,0.49699951,1.49654628,0.52193940
93.6300,0.49913425,2.86433379,0.59747715,0.49699954,1.49654673,0.52193935
93.6400,0.49913414,2.86433438,0.59747774,0.49699957,1.49654718,0.52193930
93.6500,0.49913403,2.86433497,0.59747833,0.49699960,1.49654764,0.52193926
93.6600,0.49913391,2.86433556,0.59747891,0.49699964,1.49654809,0.52193921
93.6700,0.49913380,2.86433615,0.59747950,0.49699967,1.49654854,0.52193916
93.6800,0.49913369,2.86433674,0.59748009,0.49699970,1.49654899,0.52193911
93.6900,0.49913358,2.86433733,0.59748067,0.49699973,1.49654944,0.52193906
93.7000,0.49913346,2.86433792,0.59748126,0.49699976,1.49654989,0.52193901
93.7100,0.49913335,2.86433850,0.59748184,0.49699979,1.49655034,0.52193897
93.7200,0.49913324,2.86433909,0.59748242,0.49699982,1.49655079,0.52193892
93.7300,0.49913313,2.86433968,0.59748301,0.49699985,1.49655124,0.52193887
93.7400,0.49913301,2.86434026,0.59748359,0.49699988,1.49655169,0.52193882
93.7500,0.49913290,2.86434085,0.59748417,0.49699991,1.49655213,0.52193877
93.7600,0.49913279,2.86434143,0.59748476,0.49699994,1.49655258,0.52193873
93.7700,0.49913268,2.86434202,0.59748534,0.49699997,1.49655303,0.52193868
93.7800,0.49913257,2.86434260,0.59748592,0.49700000,1.49655348,0.52193863
93.7900,0.49913246,2.86434319,0.59748650,0.49700003,1.49655392,0.52193858
93.8000,0.49913234,2.86434377,0.59748708,0.49700006,1.49655437,0.52193854
93.8100,0.49913223,2.86434435,0.59748766,0.49700009,1.49655481,0.52193849
93.8200,0.49913212,2.86434494,0.59748824,0.49700013,1.49655526,0.52193844
93.8300,0.49913201,2.86434552,0.59748882,0.49700016,1.49655570,0.52193839
93.8400,0.49913190,2.86434610,0.59748940,0.49700019,1.49655615,0.52193835
93.8500,0.49913179,2.86434668,0.59748998,0.49700022,1.49655659,0.52193830
93.8600,0.49913168,2.86434726,0.59749055,0.49700025,1.49655703,0.52193825
93.8700,0.49913157,2.86434784,0.59749113,0.49700028,1.49655748,0.52193821
93.8800,0.49913145,2.86434842,0.59749171,0.49700031,1.49655792,0.52193816
93.8900,0.49913134,2.86434900,0.59749229,0.49700034,1.49655836,0.52193811
93.9000,0.49913123,2.86434958,0.59749286,0.49700037,1.49655880,0.52193806
93.9100,0.49913112,2.86435016,0.59749344,0.49700040,1.49655925,0.52193802
93.9200,0.49913101,2.86435073,0.59749401,0.49700043,1.49655969,0.52193797
93.9300,0.49913090,2.86435131,0.59749459,0.49700046,1.49656013,0.52193792
93.9400,0.49913079,2.86435189,0.59749516,0.49700049,1.49656057,0.52193788
93.9500,0.49913068,2.86435246,0.59749573,0.49700052,1.49656101,0.52193783
93.9600,0.49913057,2.86435304,0.59749631,0.49700055,1.49656145,0.52193778
93.9700,0.49913046,2.86435362,0.59749688,0.49700058,1.49656188,0.52193774
93.9800,0.49913035,2.86435419,0.59749745,0.49700061,1.49656232,0.52193769
93.9900,0.49913024,2.86435477,0.59749803,0.49700064,1.49656276,0.52193764
94.0000,0.49913013,2.86435534,0.59749860,0.49700067,1.49656320,0.52193760
94.0100,0.49913002,2.86435591,0.59749917,0.49700070,1.49656364,0.52193755
94.0200,0.49912991,2.86435649,0.59749974,0.49700073,1.49656407,0.52193751
94.0300,0.49912980,2.86435706,0.59750031,0.49700076,1.49656451,0.52193746
94.0400,0.49912969,2.86435763,0.59750088,0.49700079,1.49656495,0.52193741
94.0500,0.49912958,2.86435820,0.59750145,0.49700081,1.49656538,0.52193737
94.0600,0.49912948,2.86435878,0.59750202,0.49700084,1.49656582,0.52193732
94.0700,0.49912937,2.86435935,0.59750259,0.49700087,1.49656625,0.52193728
94.0800,0.49912926,2.86435992,0.59750315,0.49700090,1.49656669,0.52193723
94.0900,0.49912915,2.86436049,0.59750372,0.49700093,1.49656712,0.52193718
94.1000,0.49912904,2.86436106,0.59750429,0.49700096,1.49656755,0.52193714
94.1100,0.49912893,2.86436163,0.59750485,0.49700099,1.49656799,0.52193709
94.1200,0.49912882,2.86436219,0.59750542,0.49700102,1.49656842,0.52193705
94.1300,0.49912871,2.86436276,0.59750599,0.49700105,1.49656885,0.52193700
94.1400,0.49912860,2.86436333,0.59750655,0.49700108,1.49656928,0.52193696
94.1500,0.49912850,2.86436390,0.59750712,0.49700111,1.49656972,0.52193691
94.1600,0.49912839,2.86436446,0.59750768,0.49700114,1.49657015,0.52193686
94.1700,0.49912828,2.86436503,0.59750825,0.49700117,1.49657058,0.52193682
94.1800,0.49912817,2.86436560,0.59750881,0.49700120,1.49657101,0.52193677
94.1900,0.49912806,2.86436616,0.59750937,0.49700123,1.49657144,0.52193673
94.2000,0.49912796,2.86436673,0.59750994,0.49700125,1.49657187,0.52193668
94.2100,0.49912785,2.86436729,0.59751050,0.49700128,1.49657230,0.52193664
94.2200,0.49912774,2.86436786,0.59751106,0.49700131,1.49657273,0.52193659
94.2300,0.49912763,2.86436842,0.59751162,0.49700134,1.49657315,0.52193655
94.2400,0.49912752,2.86436898,0.59751218,0.49700137,1.49657358,0.52193650
94.2500,0.49912742,2.86436955,0.59751274,0.49700140,1.49657401,0.52193646
94.2600,0.49912731,2.86437011,0.59751330,0.49700143,1.49657444,0.52193641
94.2700,0.49912720,2.86437067,0.59751386,0.49700146,1.49657486,0.52193637
94.2800,0.49912709,2.86437123,0.59751442,0.49700149,1.49657529,0.52193632
94.2900,0.49912699,2.86437179,0.59751498,0.49700152,1.49657572,0.52193628
94.3000,0.49912688,2.86437235,0.59751554,0.49700154,1.49657614,0.52193623
94.3100,0.49912677,2.86437291,0.59751610,0.49700157,1.49657657,0.52193619
94.3200,0.49912667,2.86437347,0.59751665,0.49700160,1.49657699,0.52193614
94.3300,0.49912656,2.86437403,0.59751721,0.49700163,1.49657742,0.52193610
94.3400,0.49912645,2.86437459,0.59751777,0.49700166,1.49657784,0.52193606
94.3500,0.49912635,2.86437515,0.59751832,0.49700169,1.49657826,0.52193601
94.3600,0.49912624,2.86437571,0.59751888,0.49700172,1.49657869,0.52193597
94.3700,0.49912613,2.86437626,0.59751944,0.49700175,1.49657911,0.52193592
94.3800,0.49912603,2.86437682,0.59751999,0.49700177,1.49657953,0.52193588
94.3900,0.49912592,2.86437738,0.59752055,0.49700180,1.49657995,0.52193583
94.4000,0.49912581,2.86437793,0.59752110,0.49700183,1.49658038,0.52193579
94.4100,0.49912571,2.86437849,0.59752165,0.49700186,1.49658080,0.52193575
94.4200,0.49912560,2.86437904,0.59752221,0.49700189,1.49658122,0.52193570
94.4300,0.49912550,2.86437960,0.59752276,0.49700192,1.49658164,0.52193566
94.4400,0.49912539,2.86438015,0.59752331,0.49700194,1.49658206,0.52193561
94.4500,0.49912528,2.86438071,0.59752386,0.49700197,1.49658248,0.52193557
94.4600,0.49912518,2.86438126,0.59752441,0.49700200,1.49658290,0.52193553
94.4700,0.49912507,2.86438181,0.59752497,0.49700203,1.49658332,0.52193548
94.4800,0.49912497,2.86438237,0.59752552,0.49700206,1.49658373,0.52193544
94.4900,0.49912486,2.86438292,0.59752607,0.49700209,1.49658415,0.52193540
94.5000,0.49912476,2.86438347,0.59752662,0.49700211,1.49658457,0.52193535
94.5100,0.49912465,2.86438402,0.59752717,0.49700214,1.49658499,0.52193531
94.5200,0.49912455,2.86438457,0.59752772,0.49700217,1.49658540,0.52193527
94.5300,0.49912444,2.86438512,0.59752826,0.49700220,1.49658582,0.52193522
94.5400,0.49912434,2.86438567,0.59752881,0.49700223,1.49658624,0.52193518
94.5500,0.49912423,2.86438622,0.59752936,0.49700225,1.49658665,0.52193514
94.5600,0.49912413,2.86438677,0.59752991,0.49700228,1.49658707,0.52193509
94.5700,0.49912402,2.86438732,0.59753045,0.49700231,1.49658748,0.52193505
94.5800,0.49912392,2.86438787,0.59753100,0.49700234,1.49658790,0.52193501
94.5900,0.49912381,2.86438841,0.59753155,0.49700237,1.49658831,0.52193496
94.6000,0.49912371,2.86438896,0.59753209,0.49700239,1.49658873,0.52193492
94.6100,0.49912360,2.86438951,0.59753264,0.49700242,1.49658914,0.52193488
94.6200,0.49912350,2.86439005,0.59753318,0.49700245,1.49658955,0.52193483
94.6300,0.49912339,2.86439060,0.59753373,0.49700248,1.49658997,0.52193479
94.6400,0.49912329,2.86439115,0.59753427,0.49700251,1.49659038,0.52193475
94.6500,0.49912319,2.86439169,0.59753481,0.49700253,1.49659079,0.52193471
94.6600,0.49912308,2.86439224,0.59753536,0.49700256,1.49659120,0.52193466
94.6700,0.49912298,2.86439278,0.59753590,0.49700259,1.49659161,0.52193462
94.6800,0.49912287,2.86439332,0.59753644,0.49700262,1.49659202,0.52193458
94.6900,0.49912277,2.86439387,0.59753698,0.49700264,1.49659243,0.52193454
94.7000,0.49912267,2.86439441,0.59753752,0.49700267,1.49659284,0.52193449
94.7100,0.49912256,2.86439495,0.59753807,0.49700270,1.49659325,0.52193445
94.7200,0.49912246,2.86439549,0.59753861,0.49700273,1.49659366,0.52193441
94.7300,0.49912235,2.86439604,0.59753915,0.49700275,1.49659407,0.52193437
94.7400,0.49912225,2.86439658,0.59753969,0.49700278,1.49659448,0.52193432
94.7500,0.49912215,2.86439712,0.59754023,0.49700281,1.49659489,0.52193428
94.7600,0.49912204,2.86439766,0.59754076,0.49700284,1.49659530,0.52193424
94.7700,0.49912194,2.86439820,0.59754130,0.49700286,1.49659570,0.52193420
94.7800,0.49912184,2.86439874,0.59754184,0.49700289,1.49659611,0.52193416
94.7900,0.49912174,2.86439928,0.59754238,0.49700292,1.49659652,0.52193411
94.8000,0.49912163,2.86439981,0.59754292,0.49700295,1.49659692,0.52193407
94.8100,0.49912153,2.86440035,0.59754345,0.49700297,1.49659733,0.52193403
94.8200,0.49912143,2.86440089,0.59754399,0.49700300,1.49659773,0.52193399
94.8300,0.49912132,2.86440143,0.59754452,0.49700303,1.49659814,0.52193395
94.8400,0.49912122,2.86440196,0.59754506,0.49700305,1.49659854,0.52193390
94.8500,0.49912112,2.86440250,0.59754560,0.49700308,1.49659895,0.52193386
94.8600,0.49912102,2.86440304,0.59754613,0.49700311,1.49659935,0.52193382
94.8700,0.49912091,2.86440357,0.59754666,0.49700314,1.49659976,0.52193378
94.8800,0.49912081,2.86440411,0.59754720,0.49700316,1.49660016,0.52193374
94.8900,0.49912071,2.86440464,0.59754773,0.49700319,1.49660056,0.52193370
94.9000,0.49912061,2.86440518,0.59754826,0.49700322,1.49660096,0.52193366
94.9100,0.49912051,2.86440571,0.59754880,0.49700324,1.49660137,0.52193361
94.9200,0.49912040,2.86440624,0.59754933,0.49700327,1.49660177,0.52193357
94.9300,0.49912030,2.86440678,0.59754986,0.49700330,1.49660217,0.52193353
94.9400,0.49912020,2.86440731,0.59755039,0.49700332,1.49660257,0.52193349
94.9500,0.49912010,2.86440784,0.59755092,0.49700335,1.49660297,0.52193345
94.9600,0.49912000,2.86440837,0.59755145,0.49700338,1.49660337,0.52193341
94.9700,0.49911990,2.86440890,0.59755198,0.49700340,1.49660377,0.52193337
94.9800,0.49911979,2.86440944,0.59755251,0.49700343,1.49660417,0.52193333
94.9900,0.49911969,2.86440997,0.59755304,0.49700346,1.49660457,0.52193329
95.0000,0.49911959,2.86441050,0.59755357,0.49700348,1.49660497,0.52193324
95.0100,0.49911949,2.86441103,0.59755410,0.49700351,1.49660537,0.52193320
95.0200,0.49911939,2.86441155,0.59755463,0.49700354,1.49660576,0.52193316
95.0300,0.49911929,2.86441208,0.59755516,0.49700356,1.49660616,0.52193312
95.0400,0.49911919,2.86441261,0.59755568,0.49700359,1.49660656,0.52193308
95.0500,0.49911909,2.86441314,0.59755621,0.49700362,1.49660696,0.52193304
95.0600,0.49911899,2.86441367,0.59755674,0.49700364,1.49660735,0.52193300
95.0700,0.49911889,2.86441419,0.59755726,0.49700367,1.49660775,0.52193296
95.0800,0.49911879,2.86441472,0.59755779,0.49700370,1.49660814,0.52193292
95.0900,0.49911868,2.86441525,0.59755831,0.49700372,1.49660854,0.52193288
95.1000,0.49911858,2.86441577,0.59755884,0.49700375,1.49660894,0.52193284
95.1100,0.49911848,2.86441630,0.59755936,0.49700378,1.49660933,0.52193280
95.1200,0.49911838,2.86441682,0.59755989,0.49700380,1.49660972,0.52193276
95.1300,0.49911828,2.86441735,0.59756041,0.49700383,1.49661012,0.52193272
95.1400,0.49911818,2.86441787,0.59756094,0.49700385,1.49661051,0.52193268
95.1500,0.49911808,2.86441840,0.59756146,0.49700388,1.49661090,0.52193264
95.1600,0.49911798,2.86441892,0.59756198,0.49700391,1.49661130,0.52193260
95.1700,0.49911788,2.86441944,0.59756250,0.49700393,1.49661169,0.52193256
95.1800,0.49911778,2.86441996,0.59756302,0.49700396,1.49661208,0.52193252
95.1900,0.49911768,2.86442049,0.59756355,0.49700399,1.49661247,0.52193248
95.2000,0.49911758,2.86442101,0.59756407,0.49700401,1.49661286,0.52193244
95.2100,0.49911748,2.86442153,0.59756459,0.49700404,1.49661326,0.52193240
95.2200,0.49911739,2.86442205,0.59756511,0.49700406,1.49661365,0.52193236
95.2300,0.49911729,2.86442257,0.59756563,0.49700409,1.49661404,0.52193232
95.2400,0.49911719,2.86442309,0.59756615,0.49700412,1.49661443,0.52193228
95.2500,0.49911709,2.86442361,0.59756666,0.49700414,1.49661482,0.52193224
95.2600,0.49911699,2.86442413,0.59756718,0.49700417,1.49661521,0.52193220
95.2700,0.49911689,2.86442465,0.59756770,0.49700419,1.49661559,0.52193216
95.2800,0.49911679,2.86442517,0.59756822,0.49700422,1.49661598,0.52193212
95.2900,0.49911669,2.86442568,0.59756874,0.49700424,1.49661637,0.52193208
95.3000,0.49911659,2.86442620,0.59756925,0.49700427,1.49661676,0.52193204
95.3100,0.49911649,2.86442672,0.59756977,0.49700430,1.49661715,0.52193200
95.3200,0.49911639,2.86442723,0.59757028,0.49700432,1.49661753,0.52193196
95.3300,0.49911630,2.86442775,0.59757080,0.49700435,1.49661792,0.52193192
95.3400,0.49911620,2.86442827,0.59757132,0.49700437,1.49661831,0.52193189
95.3500,0.49911610,2.86442878,0.59757183,0.49700440,1.49661869,0.52193185
95.3600,0.49911600,2.86442930,0.59757234,0.49700442,1.49661908,0.52193181
95.3700,0.49911590,2.86442981,0.59757286,0.49700445,1.49661946,0.52193177
95.3800,0.49911580,2.86443033,0.59757337,0.49700448,1.49661985,0.52193173
95.3900,0.49911571,2.86443084,0.59757389,0.49700450,1.49662023,0.52193169
95.4000,0.49911561,2.86443135,0.59757440,0.49700453,1.49662062,0.52193165
95.4100,0.49911551,2.86443187,0.59757491,0.49700455,1.49662100,0.52193161
95.4200,0.49911541,2.86443238,0.59757542,0.49700458,1.49662138,0.52193157
95.4300,0.49911531,2.86443289,0.59757593,0.49700460,1.49662177,0.52193154
95.4400,0.49911522,2.86443340,0.59757645,0.49700463,1.49662215,0.52193150
95.4500,0.49911512,2.86443391,0.59757696,0.49700465,1.49662253,0.52193146
95.4600,0.49911502,2.86443442,0.59757747,0.49700468,1.49662291,0.52193142
95.4700,0.49911492,2.86443494,0.59757798,0.49700470,1.49662329,0.52193138
95.4800,0.49911483,2.86443545,0.59757849,0.49700473,1.49662368,0.52193134
95.4900,0.49911473,2.86443595,0.59757900,0.49700476,1.49662406,0.52193130
95.5000,0.49911463,2.86443646,0.59757950,0.49700478,1.49662444,0.52193127
95.5100,0.49911453,2.86443697,0.59758001,0.49700481,1.49662482,0.52193123
95.5200,0.49911444,2.86443748,0.59758052,0.49700483,1.49662520,0.52193119
95.5300,0.49911434,2.86443799,0.59758103,0.49700486,1.49662558,0.52193115
95.5400,0.49911424,2.86443850,0.59758154,0.49700488,1.49662595,0.52193111
95.5500,0.49911415,2.86443900,0.59758204,0.49700491,1.49662633,0.52193108
95.5600,0.49911405,2.86443951,0.59758255,0.49700493,1.49662671,0.52193104
95.5700,0.49911395,2.86444002,0.59758306,0.49700496,1.49662709,0.52193100
95.5800,0.49911386,2.86444052,0.59758356,0.49700498,1.49662747,0.52193096
95.5900,0.49911376,2.86444103,0.59758407,0.49700501,1.49662785,0.52193092
95.6000,0.49911366,2.86444153,0.59758457,0.49700503,1.49662822,0.52193089
95.6100,0.49911357,2.86444204,0.59758508,0.49700506,1.49662860,0.52193085
95.6200,0.49911347,2.86444254,0.59758558,0.49700508,1.49662898,0.52193081
95.6300,0.49911337,2.86444305,0.59758608,0.49700511,1.49662935,0.52193077
95.6400,0.49911328,2.86444355,0.59758659,0.49700513,1.49662973,0.52193073
95.6500,0.49911318,2.86444405,0.59758709,0.49700516,1.49663010,0.52193070
95.6600,0.49911309,2.86444456,0.59758759,0.49700518,1.49663048,0.52193066
95.6700,0.49911299,2.86444506,0.59758809,0.49700521,1.49663085,0.52193062
95.6800,0.49911289,2.86444556,0.59758860,0.49700523,1.49663123,0.52193058
95.6900,0.49911280,2.86444606,0.59758910,0.49700525,1.49663160,0.52193055
95.7000,0.49911270,2.86444656,0.59758960,0.49700528,1.49663197,0.52193051
95.7100,0.49911261,2.86444707,0.59759010,0.49700530,1.49663235,0.52193047
95.7200,0.49911251,2.86444757,0.59759060,0.49700533,1.49663272,0.52193044
95.7300,0.49911242,2.86444807,0.59759110,0.49700535,1.49663309,0.52193040
95.7400,0.49911232,2.86444857,0.59759160,0.49700538,1.49663346,0.52193036
95.7500,0.49911223,2.86444906,0.59759210,0.49700540,1.49663383,0.52193032
95.7600,0.49911213,2.86444956,0.59759260,0.49700543,1.49663421,0.52193029
95.7700,0.49911204,2.86445006,0.59759310,0.49700545,1.49663458,0.52193025
95.7800,0.49911194,2.86445056,0.59759359,0.49700548,1.49663495,0.52193021
95.7900,0.49911185,2.86445106,0.59759409,0.49700550,1.49663532,0.52193018
95.8000,0.49911175,2.86445155,0.59759459,0.49700552,1.49663569,0.52193014
95.8100,0.49911166,2.86445205,0.59759508,0.49700555,1.49663606,0.52193010
95.8200,0.49911156,2.86445255,0.59759558,0.49700557,1.49663643,0.52193007
95.8300,0.49911147,2.86445304,0.59759608,0.49700560,1.49663680,0.52193003
95.8400,0.49911137,2.86445354,0.59759657,0.49700562,1.49663717,0.52192999
95.8500,0.49911128,2.86445403,0.59759707,0.49700565,1.49663753,0.52192995
95.8600,0.49911118,2.86445453,0.59759756,0.49700567,1.49663790,0.52192992
95.8700,0.49911109,2.86445502,0.59759806,0.49700570,1.49663827,0.52192988
95.8800,0.49911099,2.86445552,0.59759855,0.49700572,1.49663864,0.52192985
95.8900,0.49911090,2.86445601,0.59759905,0.49700574,1.49663900,0.52192981
95.9000,0.49911081,2.86445650,0.59759954,0.49700577,1.49663937,0.52192977
95.9100,0.49911071,2.86445700,0.59760003,0.49700579,1.49663974,0.52192974
95.9200,0.49911062,2.86445749,0.59760052,0.49700582,1.49664010,0.52192970
95.9300,0.49911052,2.86445798,0.59760102,0.49700584,1.49664047,0.52192966
95.9400,0.49911043,2.86445847,0.59760151,0.49700586,1.49664083,0.52192963
95.9500,0.49911034,2.86445896,0.59760200,0.49700589,1.49664120,0.52192959
95.9600,0.49911024,2.86445946,0.59760249,0.49700591,1.49664156,0.52192955
95.9700,0.49911015,2.86445995,0.59760298,0.49700594,1.49664193,0.52192952
95.9800,0.49911005,2.86446044,0.59760347,0.49700596,1.49664229,0.52192948
95.9900,0.49910996,2.86446093,0.59760396,0.49700598,1.49664265,0.52192945
96.0000,0.49910987,2.86446142,0.59760445,0.49700601,1.49664302,0.52192941
96.0100,0.49910977,2.86446190,0.59760494,0.49700603,1.49664338,0.52192937
96.0200,0.49910968,2.86446239,0.59760543,0.49700606,1.49664374,0.52192934
96.0300,0.49910959,2.86446288,0.59760592,0.49700608,1.49664410,0.52192930
96.0400,0.49910949,2.86446337,0.59760640,0.49700610,1.49664447,0.52192927
96.0500,0.49910940,2.86446386,0.59760689,0.49700613,1.49664483,0.52192923
96.0600,0.49910931,2.86446434,0.59760738,0.49700615,1.49664519,0.52192920
96.0700,0.49910922,2.86446483,0.59760787,0.49700617,1.49664555,0.52192916
96.0800,0.49910912,2.86446532,0.59760835,0.49700620,1.49664591,0.52192912
96.0900,0.49910903,2.86446580,0.59760884,0.49700622,1.49664627,0.52192909
96.1000,0.49910894,2.86446629,0.59760932,0.49700624,1.49664663,0.52192905
96.1100,0.49910884,2.86446677,0.59760981,0.49700627,1.49664699,0.52192902
96.1200,0.49910875,2.86446726,0.59761030,0.49700629,1.49664735,0.52192898
96.1300,0.49910866,2.86446774,0.59761078,0.49700632,1.49664771,0.52192895
96.1400,0.49910857,2.86446822,0.59761126,0.49700634,1.49664807,0.52192891
96.1500,0.49910848,2.86446871,0.59761175,0.49700636,1.49664842,0.52192888
96.1600,0.49910838,2.86446919,0.59761223,0.49700639,1.49664878,0.52192884
96.1700,0.49910829,2.86446967,0.59761271,0.49700641,1.49664914,0.52192881
96.1800,0.49910820,2.86447016,0.59761320,0.49700643,1.49664950,0.52192877
96.1900,0.49910811,2.86447064,0.59761368,0.49700646,1.49664985,0.52192874
96.2000,0.49910801,2.86447112,0.59761416,0.49700648,1.49665021,0.52192870
96.2100,0.49910792,2.86447160,0.59761464,0.49700650,1.49665056,0.52192867
96.2200,0.49910783,2.86447208,0.59761512,0.49700653,1.49665092,0.52192863
96.2300,0.49910774,2.86447256,0.59761561,0.49700655,1.49665128,0.52192860
96.2400,0.49910765,2.86447304,0.59761609,0.49700657,1.49665163,0.52192856
96.2500,0.49910756,2.86447352,0.59761657,0.49700660,1.49665199,0.52192853
96.2600,0.49910746,2.86447400,0.59761705,0.49700662,1.49665234,0.52192849
96.2700,0.49910737,2.86447448,0.59761752,0.49700664,1.49665269,0.52192846
96.2800,0.49910728,2.86447496,0.59761800,0.49700667,1.49665305,0.52192842
96.2900,0.49910719,2.86447544,0.59761848,0.49700669,1.49665340,0.52192839
96.3000,0.49910710,2.86447591,0.59761896,0.49700671,1.49665376,0.52192835
96.3100,0.49910701,2.86447639,0.59761944,0.49700673,1.49665411,0.52192832
96.3200,0.49910692,2.86447687,0.59761992,0.49700676,1.49665446,0.52192828
96.3300,0.49910683,2.86447734,0.59762039,0.49700678,1.49665481,0.52192825
96.3400,0.49910674,2.86447782,0.59762087,0.49700680,1.49665516,0.52192822
96.3500,0.49910664,2.86447830,0.59762135,0.49700683,1.49665552,0.52192818
96.3600,0.49910655,2.86447877,0.59762182,0.49700685,1.49665587,0.52192815
96.3700,0.49910646,2.86447925,0.59762230,0.49700687,1.49665622,0.52192811
96.3800,0.49910637,2.86447972,0.59762277,0.49700690,1.49665657,0.52192808
96.3900,0.49910628,2.86448020,0.59762325,0.49700692,1.49665692,0.52192804
96.4000,0.49910619,2.86448067,0.59762372,0.49700694,1.49665727,0.52192801
96.4100,0.49910610,2.86448114,0.59762420,0.49700696,1.49665762,0.52192798
96.4200,0.49910601,2.86448162,0.59762467,0.49700699,1.49665797,0.52192794
96.4300,0.49910592,2.86448209,0.59762514,0.49700701,1.49665832,0.52192791
96.4400,0.49910583,2.86448256,0.59762562,0.49700703,1.49665866,0.52192787
96.4500,0.49910574,2.86448303,0.59762609,0.49700706,1.49665901,0.52192784
96.4600,0.49910565,2.86448351,0.59762656,0.49700708,1.49665936,0.52192781
96.4700,0.49910556,2.86448398,0.59762703,0.49700710,1.49665971,0.52192777
96.4800,0.49910547,2.86448445,0.59762751,0.49700712,1.49666006,0.52192774
96.4900,0.49910538,2.86448492,0.59762798,0.49700715,1.49666040,0.52192770
96.5000,0.49910529,2.86448539,0.59762845,0.49700717,1.49666075,0.52192767
96.5100,0.49910520,2.86448586,0.59762892,0.49700719,1.49666109,0.52192764
96.5200,0.49910511,2.86448633,0.59762939,0.49700721,1.49666144,0.52192760
96.5300,0.49910502,2.86448680,0.59762986,0.49700724,1.49666179,0.52192757
96.5400,0.49910493,2.86448727,0.59763033,0.49700726,1.49666213,0.52192754
96.5500,0.49910484,2.86448773,0.59763080,0.49700728,1.49666248,0.52192750
96.5600,0.49910475,2.86448820,0.59763127,0.49700730,1.49666282,0.52192747
96.5700,0.49910466,2.86448867,0.59763173,0.49700733,1.49666317,0.52192744
96.5800,0.49910458,2.86448914,0.59763220,0.49700735,1.49666351,0.52192740
96.5900,0.49910449,2.86448960,0.59763267,0.49700737,1.49666385,0.52192737
96.6000,0.49910440,2.86449007,0.59763314,0.49700739,1.49666420,0.52192734
96.6100,0.49910431,2.86449054,0.59763360,0.49700742,1.49666454,0.52192730
96.6200,0.49910422,2.86449100,0.59763407,0.49700744,1.49666488,0.52192727
96.6300,0.49910413,2.86449147,0.59763454,0.49700746,1.49666522,0.52192724
96.6400,0.49910404,2.86449193,0.59763500,0.49700748,1.49666557,0.52192720
96.6500,0.49910395,2.86449240,0.59763547,0.49700750,1.49666591,0.52192717
96.6600,0.49910386,2.86449286,0.59763593,0.49700753,1.49666625,0.52192714
96.6700,0.49910378,2.86449332,0.59763640,0.49700755,1.49666659,0.52192711
96.6800,0.49910369,2.86449379,0.59763686,0.49700757,1.49666693,0.52192707
96.6900,0.49910360,2.86449425,0.59763733,0.49700759,1.49666727,0.52192704
96.7000,0.49910351,2.86449471,0.59763779,0.49700761,1.49666761,0.52192701
96.7100,0.49910342,2.86449518,0.59763825,0.49700764,1.49666795,0.52192697
96.7200,0.49910333,2.86449564,0.59763872,0.49700766,1.49666829,0.52192694
96.7300,0.49910325,2.86449610,0.59763918,0.49700768,1.49666863,0.52192691
96.7400,0.49910316,2.86449656,0.59763964,0.49700770,1.49666897,0.52192688
96.7500,0.49910307,2.86449702,0.59764010,0.49700772,1.49666931,0.52192684
96.7600,0.49910298,2.86449748,0.59764056,0.49700775,1.49666965,0.52192681
96.7700,0.49910289,2.86449794,0.59764102,0.49700777,1.49666998,0.52192678
96.7800,0.49910281,2.86449840,0.59764149,0.49700779,1.49667032,0.52192675
96.7900,0.49910272,2.86449886,0.59764195,0.49700781,1.49667066,0.52192671
96.8000,0.49910263,2.86449932,0.59764241,0.49700783,1.49667100,0.52192668
96.8100,0.49910254,2.86449978,0.59764287,0.49700786,1.49667133,0.52192665
96.8200,0.49910246,2.86450024,0.59764333,0.49700788,1.49667167,0.52192662
96.8300,0.49910237,2.86450069,0.59764378,0.49700790,1.49667201,0.52192658
96.8400,0.49910228,2.86450115,0.59764424,0.49700792,1.49667234,0.52192655
96.8500,0.49910219,2.86450161,0.59764470,0.49700794,1.49667268,0.52192652
96.8600,0.49910211,2.86450207,0.59764516,0.49700796,1.49667301,0.52192649
96.8700,0.49910202,2.86450252,0.59764562,0.49700799,1.49667335,0.52192645
96.8800,0.49910193,2.86450298,0.59764607,0.49700801,1.49667368,0.52192642
96.8900,0.49910185,2.86450343,0.59764653,0.49700803,1.49667402,0.52192639
96.9000,0.49910176,2.86450389,0.59764699,0.49700805,1.49667435,0.52192636
96.9100,0.49910167,2.86450434,0.59764744,0.49700807,1.49667468,0.52192633
96.9200,0.49910159,2.86450480,0.59764790,0.49700809,1.49667502,0.52192630
96.9300,0.49910150,2.86450525,0.59764835,0.49700812,1.49667535,0.52192626
96.9400,0.49910141,2.86450571,0.59764881,0.49700814,1.49667568,0.52192623
96.9500,0.49910133,2.86450616,0.59764926,0.49700816,1.49667601,0.52192620
96.9600,0.49910124,2.86450661,0.59764972,0.49700818,1.49667635,0.52192617
96.9700,0.49910115,2.86450707,0.59765017,0.49700820,1.49667668,0.52192614
96.9800,0.49910107,2.86450752,0.59765063,0.49700822,1.49667701,0.52192610
96.9900,0.49910098,2.86450797,0.59765108,0.49700824,1.49667734,0.52192607
97.0000,0.49910089,2.86450842,0.59765153,0.49700827,1.49667767,0.52192604
97.0100,0.49910081,2.86450887,0.59765199,0.49700829,1.49667800,0.52192601
97.0200,0.49910072,2.86450932,0.59765244,0.49700831,1.49667833,0.52192598
97.0300,0.49910064,2.86450978,0.59765289,0.49700833,1.49667866,0.52192595
97.0400,0.49910055,2.86451023,0.59765334,0.49700835,1.49667899,0.52192592
97.0500,0.49910046,2.86451068,0.59765379,0.49700837,1.49667932,0.52192588
97.0600,0.49910038,2.86451113,0.59765424,0.49700839,1.49667965,0.52192585
97.0700,0.49910029,2.86451157,0.59765469,0.49700842,1.49667998,0.52192582
97.0800,0.49910021,2.86451202,0.59765514,0.49700844,1.49668031,0.52192579
97.0900,0.49910012,2.86451247,0.59765559,0.49700846,1.49668063,0.52192576
97.1000,0.49910004,2.86451292,0.59765604,0.49700848,1.49668096,0.52192573
97.1100,0.49909995,2.86451337,0.59765649,0.49700850,1.49668129,0.52192570
97.1200,0.49909987,2.86451382,0.59765694,0.49700852,1.49668162,0.52192567
97.1300,0.49909978,2.86451426,0.59765739,0.49700854,1.49668194,0.52192563
97.1400,0.49909969,2.86451471,0.59765784,0.49700856,1.49668227,0.52192560
97.1500,0.49909961,2.86451516,0.59765829,0.49700858,1.49668260,0.52192557
97.1600,0.49909952,2.86451560,0.59765873,0.49700860,1.49668292,0.52192554
97.1700,0.49909944,2.86451605,0.59765918,0.49700863,1.49668325,0.52192551
97.1800,0.49909935,2.86451649,0.59765963,0.49700865,1.49668357,0.52192548
97.1900,0.49909927,2.86451694,0.59766007,0.49700867,1.49668390,0.52192545
97.2000,0.49909919,2.86451738,0.59766052,0.49700869,1.49668422,0.52192542
97.2100,0.49909910,2.86451783,0.59766096,0.49700871,1.49668455,0.52192539
97.2200,0.49909902,2.86451827,0.59766141,0.49700873,1.49668487,0.52192536
97.2300,0.49909893,2.86451871,0.59766185,0.49700875,1.49668519,0.52192533
97.2400,0.49909885,2.86451916,0.59766230,0.49700877,1.49668552,0.52192530
97.2500,0.49909876,2.86451960,0.59766274,0.49700879,1.49668584,0.52192527
97.2600,0.49909868,2.86452004,0.59766319,0.49700881,1.49668616,0.52192524
97.2700,0.49909859,2.86452048,0.59766363,0.49700883,1.49668649,0.52192520
97.2800,0.49909851,2.86452093,0.59766407,0.49700885,1.49668681,0.52192517
97.2900,0.49909842,2.86452137,0.59766452,0.49700888,1.49668713,0.52192514
97.3000,0.49909834,2.86452181,0.59766496,0.49700890,1.49668745,0.52192511
97.3100,0.49909826,2.86452225,0.59766540,0.49700892,1.49668777,0.52192508
97.3200,0.49909817,2.86452269,0.59766584,0.49700894,1.49668809,0.52192505
97.3300,0.49909809,2.86452313,0.59766629,0.49700896,1.49668841,0.52192502
97.3400,0.49909800,2.86452357,0.59766673,0.49700898,1.49668873,0.52192499
97.3500,0.49909792,2.86452401,0.59766717,0.49700900,1.49668905,0.52192496
97.3600,0.49909784,2.86452445,0.59766761,0.49700902,1.49668937,0.52192493
97.3700,0.49909775,2.86452488,0.59766805,0.49700904,1.49668969,0.52192490
97.3800,0.49909767,2.86452532,0.59766849,0.49700906,1.49669001,0.52192487
97.3900,0.49909759,2.86452576,0.59766893,0.49700908,1.49669033,0.52192484
97.4000,0.49909750,2.86452620,0.59766937,0.49700910,1.49669065,0.52192481
97.4100,0.49909742,2.86452664,0.59766980,0.49700912,1.49669097,0.52192478
97.4200,0.49909734,2.86452707,0.59767024,0.49700914,1.49669129,0.52192475
97.4300,0.49909725,2.86452751,0.59767068,0.49700916,1.49669160,0.52192472
97.4400,0.49909717,2.86452794,0.59767112,0.49700918,1.49669192,0.52192469
97.4500,0.49909709,2.86452838,0.59767156,0.49700920,1.49669224,0.52192466
97.4600,0.49909700,2.86452882,0.59767199,0.49700922,1.49669256,0.52192463
97.4700,0.49909692,2.86452925,0.59767243,0.49700924,1.49669287,0.52192460
97.4800,0.49909684,2.86452969,0.59767287,0.49700926,1.49669319,0.52192457
97.4900,0.49909675,2.86453012,0.59767330,0.49700928,1.49669350,0.52192454
97.5000,0.49909667,2.86453055,0.59767374,0.49700930,1.49669382,0.52192452
97.5100,0.49909659,2.86453099,0.59767417,0.49700933,1.49669414,0.52192449
97.5200,0.49909651,2.86453142,0.59767461,0.49700935,1.49669445,0.52192446
97.5300,0.49909642,2.86453185,0.59767504,0.49700937,1.49669477,0.52192443
97.5400,0.49909634,2.86453229,0.59767548,0.49700939,1.49669508,0.52192440
97.5500,0.49909626,2.86453272,0.59767591,0.49700941,1.49669539,0.52192437
97.5600,0.49909618,2.86453315,0.59767635,0.49700943,1.49669571,0.52192434
97.5700,0.49909609,2.86453358,0.59767678,0.49700945,1.49669602,0.52192431
97.5800,0.49909601,2.86453401,0.59767721,0.49700947,1.49669633,0.52192428
97.5900,0.49909593,2.86453444,0.59767765,0.49700949,1.49669665,0.52192425
97.6000,0.49909585,2.86453488,0.59767808,0.49700951,1.49669696,0.52192422
97.6100,0.49909577,2.86453531,0.59767851,0.49700953,1.49669727,0.52192419
97.6200,0.49909568,2.86453574,0.59767894,0.49700955,1.49669758,0.52192416
97.6300,0.49909560,2.86453617,0.59767937,0.49700957,1.49669790,0.52192413
97.6400,0.49909552,2.86453659,0.59767980,0.49700959,1.49669821,0.52192411
97.6500,0.49909544,2.86453702,0.59768023,0.49700961,1.49669852,0.52192408
97.6600,0.49909536,2.86453745,0.59768066,0.49700963,1.49669883,0.52192405
97.6700,0.49909527,2.86453788,0.59768109,0.49700965,1.49669914,0.52192402
97.6800,0.49909519,2.86453831,0.59768152,0.49700966,1.49669945,0.52192399
97.6900,0.49909511,2.86453874,0.59768195,0.49700968,1.49669976,0.52192396
97.7000,0.49909503,2.86453916,0.59768238,0.49700970,1.49670007,0.52192393
97.7100,0.49909495,2.86453959,0.59768281,0.49700972,1.49670038,0.52192390
97.7200,0.49909487,2.86454002,0.59768324,0.49700974,1.49670069,0.52192388
97.7300,0.49909479,2.86454044,0.59768367,0.49700976,1.49670100,0.52192385
97.7400,0.49909470,2.86454087,0.59768410,0.49700978,1.49670131,0.52192382
97.7500,0.49909462,2.86454129,0.59768452,0.49700980,1.49670162,0.52192379
97.7600,0.49909454,2.86454172,0.59768495,0.49700982,1.49670192,0.52192376
97.7700,0.49909446,2.86454214,0.59768538,0.49700984,1.49670223,0.52192373
97.7800,0.49909438,2.86454257,0.59768580,0.49700986,1.49670254,0.52192370
97.7900,0.49909430,2.86454299,0.59768623,0.49700988,1.49670285,0.52192368
97.8000,0.49909422,2.86454341,0.59768665,0.49700990,1.49670315,0.52192365
97.8100,0.49909414,2.86454384,0.59768708,0.49700992,1.49670346,0.52192362
97.8200,0.49909406,2.86454426,0.59768750,0.49700994,1.49670377,0.52192359
97.8300,0.49909398,2.86454468,0.59768793,0.49700996,1.49670407,0.52192356
97.8400,0.49909390,2.86454511,0.59768835,0.49700998,1.49670438,0.52192353
97.8500,0.49909382,2.86454553,0.59768878,0.49701000,1.49670468,0.52192351
97.8600,0.49909373,2.86454595,0.59768920,0.49701002,1.49670499,0.52192348
97.8700,0.49909365,2.86454637,0.59768963,0.49701004,1.49670529,0.52192345
97.8800,0.49909357,2.86454679,0.59769005,0.49701006,1.49670560,0.52192342
97.8900,0.49909349,2.86454721,0.59769047,0.49701008,1.49670590,0.52192339
97.9000,0.49909341,2.86454763,0.59769089,0.49701010,1.49670621,0.52192337
97.9100,0.49909333,2.86454805,0.59769132,0.49701011,1.49670651,0.52192334
97.9200,0.49909325,2.86454847,0.59769174,0.49701013,1.49670681,0.52192331
97.9300,0.49909317,2.86454889,0.59769216,0.49701015,1.49670712,0.52192328
97.9400,0.49909309,2.86454931,0.59769258,0.49701017,1.49670742,0.52192325
97.9500,0.49909301,2.86454973,0.59769300,0.49701019,1.49670772,0.52192323
97.9600,0.49909293,2.86455015,0.59769342,0.49701021,1.49670802,0.52192320
97.9700,0.49909285,2.86455057,0.59769384,0.49701023,1.49670833,0.52192317
97.9800,0.49909277,2.86455098,0.59769426,0.49701025,1.49670863,0.52192314
97.9900,0.49909269,2.86455140,0.59769468,0.49701027,1.49670893,0.52192311
98.0000,0.49909262,2.86455182,0.59769510,0.49701029,1.49670923,0.52192309
98.0100,0.49909254,2.86455224,0.59769552,0.49701031,1.49670953,0.52192306
98.0200,0.49909246,2.86455265,0.59769594,0.49701033,1.49670983,0.52192303
98.0300,0.49909238,2.86455307,0.59769635,0.49701034,1.49671013,0.52192300
98.0400,0.49909230,2.86455348,0.59769677,0.49701036,1.49671043,0.52192298
98.0500,0.49909222,2.86455390,0.59769719,0.49701038,1.49671073,0.52192295
98.0600,0.49909214,2.86455431,0.59769761,0.49701040,1.49671103,0.52192292
98.0700,0.49909206,2.86455473,0.59769802,0.49701042,1.49671133,0.52192289
98.0800,0.49909198,2.86455514,0.59769844,0.49701044,1.49671163,0.52192287
98.0900,0.49909190,2.86455556,0.59769886,0.49701046,1.49671193,0.52192284
98.1000,0.49909182,2.86455597,0.59769927,0.49701048,1.49671223,0.52192281
98.1100,0.49909174,2.86455638,0.59769969,0.49701050,1.49671253,0.52192279
98.1200,0.49909167,2.86455680,0.59770010,0.49701052,1.49671282,0.52192276
98.1300,0.49909159,2.86455721,0.59770052,0.49701053,1.49671312,0.52192273
98.1400,0.49909151,2.86455762,0.59770093,0.49701055,1.49671342,0.52192270
98.1500,0.49909143,2.86455803,0.59770135,0.49701057,1.49671372,0.52192268
98.1600,0.49909135,2.86455845,0.59770176,0.49701059,1.49671401,0.52192265
98.1700,0.49909127,2.86455886,0.59770218,0.49701061,1.49671431,0.52192262
98.1800,0.49909119,2.86455927,0.59770259,0.49701063,1.49671460,0.52192260
98.1900,0.49909112,2.86455968,0.59770300,0.49701065,1.49671490,0.52192257
98.2000,0.49909104,2.86456009,0.59770341,0.49701067,1.49671520,0.52192254
98.2100,0.49909096,2.86456050,0.59770383,0.49701068,1.49671549,0.52192252
98.2200,0.49909088,2.86456091,0.59770424,0.49701070,1.49671579,0.52192249
98.2300,0.49909080,2.86456132,0.59770465,0.49701072,1.49671608,0.52192246
98.2400,0.49909073,2.86456173,0.59770506,0.49701074,1.49671638,0.52192243
98.2500,0.49909065,2.86456214,0.59770547,0.49701076,1.49671667,0.52192241
98.2600,0.49909057,2.86456255,0.59770588,0.49701078,1.49671696,0.52192238
98.2700,0.49909049,2.86456295,0.59770629,0.49701080,1.49671726,0.52192235
98.2800,0.49909041,2.86456336,0.59770670,0.49701081,1.49671755,0.52192233
98.2900,0.49909034,2.86456377,0.59770711,0.49701083,1.49671784,0.52192230
98.3000,0.49909026,2.86456418,0.59770752,0.49701085,1.49671814,0.52192227
98.3100,0.49909018,2.86456458,0.59770793,0.49701087,1.49671843,0.52192225
98.3200,0.49909010,2.86456499,0.59770834,0.49701089,1.49671872,0.52192222
98.3300,0.49909003,2.86456539,0.59770875,0.49701091,1.49671901,0.52192220
98.3400,0.49908995,2.86456580,0.59770916,0.49701092,1.49671931,0.52192217
98.3500,0.49908987,2.86456621,0.59770957,0.49701094,1.49671960,0.52192214
98.3600,0.49908979,2.86456661,0.59770997,0.49701096,1.49671989,0.52192212
98.3700,0.49908972,2.86456702,0.59771038,0.49701098,1.49672018,0.52192209
98.3800,0.49908964,2.86456742,0.59771079,0.49701100,1.49672047,0.52192206
98.3900,0.49908956,2.86456783,0.59771119,0.49701102,1.49672076,0.52192204
98.4000,0.49908949,2.86456823,0.59771160,0.49701103,1.49672105,0.52192201
98.4100,0.49908941,2.86456863,0.59771201,0.49701105,1.49672134,0.52192199
98.4200,0.49908933,2.86456904,0.59771241,0.49701107,1.49672163,0.52192196
98.4300,0.49908926,2.86456944,0.59771282,0.49701109,1.49672192,0.52192193
98.4400,0.49908918,2.86456984,0.59771322,0.49701111,1.49672221,0.52192191
98.4500,0.49908910,2.86457024,0.59771363,0.49701113,1.49672250,0.52192188
98.4600,0.49908903,2.86457065,0.59771403,0.49701114,1.49672279,0.52192185
98.4700,0.49908895,2.86457105,0.59771444,0.49701116,1.49672307,0.52192183
98.4800,0.49908887,2.86457145,0.59771484,0.49701118,1.49672336,0.52192180
98.4900,0.49908880,2.86457185,0.59771524,0.49701120,1.49672365,0.52192178
98.5000,0.49908872,2.86457225,0.59771565,0.49701122,1.49672394,0.52192175
98.5100,0.49908864,2.86457265,0.59771605,0.49701123,1.49672422,0.52192173
98.5200,0.49908857,2.86457305,0.59771645,0.49701125,1.49672451,0.52192170
98.5300,0.49908849,2.86457345,0.59771685,0.49701127,1.49672480,0.52192167
98.5400,0.49908841,2.86457385,0.59771726,0.49701129,1.49672508,0.52192165
98.5500,0.49908834,2.86457425,0.59771766,0.49701131,1.49672537,0.52192162
98.5600,0.49908826,2.86457465,0.59771806,0.49701132,1.49672566,0.52192160
98.5700,0.49908819,2.86457505,0.59771846,0.49701134,1.49672594,0.52192157
98.5800,0.49908811,2.86457544,0.59771886,0.49701136,1.49672623,0.52192155
98.5900,0.49908803,2.86457584,0.59771926,0.49701138,1.49672651,0.52192152
98.6000,0.49908796,2.86457624,0.59771966,0.49701140,1.49672680,0.52192149
98.6100,0.49908788,2.86457664,0.59772006,0.49701141,1.49672708,0.52192147
98.6200,0.49908781,2.86457703,0.59772046,0.49701143,1.49672736,0.52192144
98.6300,0.49908773,2.86457743,0.59772086,0.49701145,1.49672765,0.52192142
98.6400,0.49908766,2.86457783,0.59772126,0.49701147,1.49672793,0.52192139
98.6500,0.49908758,2.86457822,0.59772166,0.49701149,1.49672822,0.52192137
98.6600,0.49908751,2.86457862,0.59772205,0.49701150,1.49672850,0.52192134
98.6700,0.49908743,2.86457901,0.59772245,0.49701152,1.49672878,0.52192132
98.6800,0.49908735,2.86457941,0.59772285,0.49701154,1.49672906,0.52192129
98.6900,0.49908728,2.86457980,0.59772325,0.49701156,1.49672935,0.52192127
98.7000,0.49908720,2.86458020,0.59772364,0.49701157,1.49672963,0.52192124
98.7100,0.49908713,2.86458059,0.59772404,0.49701159,1.49672991,0.52192122
98.7200,0.49908705,2.86458098,0.59772444,0.49701161,1.49673019,0.52192119
98.7300,0.49908698,2.86458138,0.59772483,0.49701163,1.49673047,0.52192117
98.7400,0.49908690,2.86458177,0.59772523,0.49701164,1.49673075,0.52192114
98.7500,0.49908683,2.86458216,0.59772562,0.49701166,1.49673104,0.52192112
98.7600,0.49908675,2.86458256,0.59772602,0.49701168,1.49673132,0.52192109
98.7700,0.49908668,2.86458295,0.59772641,0.49701170,1.49673160,0.52192107
98.7800,0.49908660,2.86458334,0.59772681,0.49701171,1.49673188,0.52192104
98.7900,0.49908653,2.86458373,0.59772720,0.49701173,1.49673216,0.52192102
98.8000,0.49908646,2.86458412,0.59772760,0.49701175,1.49673243,0.52192099
98.8100,0.49908638,2.86458451,0.59772799,0.49701177,1.49673271,0.52192097
98.8200,0.49908631,2.86458490,0.59772838,0.49701178,1.49673299,0.52192094
98.8300,0.49908623,2.86458529,0.59772878,0.49701180,1.49673327,0.52192092
98.8400,0.49908616,2.86458568,0.59772917,0.49701182,1.49673355,0.52192089
98.8500,0.49908608,2.86458607,0.59772956,0.49701184,1.49673383,0.52192087
98.8600,0.49908601,2.86458646,0.59772995,0.49701185,1.49673411,0.52192084
98.8700,0.49908594,2.86458685,0.59773035,0.49701187,1.49673438,0.52192082
98.8800,0.49908586,2.86458724,0.59773074,0.49701189,1.49673466,0.52192079
98.8900,0.49908579,2.86458763,0.59773113,0.49701191,1.49673494,0.52192077
98.9000,0.49908571,2.86458802,0.59773152,0.49701192,1.49673521,0.52192075
98.9100,0.49908564,2.86458841,0.59773191,0.49701194,1.49673549,0.52192072
98.9200,0.49908557,2.86458879,0.59773230,0.49701196,1.49673577,0.52192070
98.9300,0.49908549,2.86458918,0.59773269,0.49701198,1.49673604,0.52192067
98.9400,0.49908542,2.86458957,0.59773308,0.49701199,1.49673632,0.52192065
98.9500,0.49908534,2.86458995,0.59773347,0.49701201,1.49673660,0.52192062
98.9600,0.49908527,2.86459034,0.59773386,0.49701203,1.49673687,0.52192060
98.9700,0.49908520,2.86459073,0.59773425,0.49701204,1.49673715,0.52192058
98.9800,0.49908512,2.86459111,0.59773463,0.49701206,1.49673742,0.52192055
98.9900,0.49908505,2.86459150,0.59773502,0.49701208,1.49673769,0.52192053
99.0000,0.49908498,2.86459188,0.59773541,0.49701210,1.49673797,0.52192050
99.0100,0.49908490,2.86459227,0.59773580,0.49701211,1.49673824,0.52192048
99.0200,0.49908483,2.86459265,0.59773619,0.49701213,1.49673852,0.52192045
99.0300,0.49908476,2.86459303,0.59773657,0.49701215,1.49673879,0.52192043
99.0400,0.49908468,2.86459342,0.59773696,0.49701216,1.49673906,0.52192041
99.0500,0.49908461,2.86459380,0.59773735,0.49701218,1.49673934,0.52192038
99.0600,0.49908454,2.86459418,0.59773773,0.49701220,1.49673961,0.52192036
99.0700,0.49908446,2.86459457,0.59773812,0.49701221,1.49673988,0.52192033
99.0800,0.49908439,2.86459495,0.59773850,0.49701223,1.49674015,0.52192031
99.0900,0.49908432,2.86459533,0.59773889,0.49701225,1.49674043,0.52192029
99.1000,0.49908425,2.86459571,0.59773927,0.49701227,1.49674070,0.52192026
99.1100,0.49908417,2.86459610,0.59773966,0.49701228,1.49674097,0.52192024
99.1200,0.49908410,2.86459648,0.59774004,0.49701230,1.49674124,0.52192022
99.1300,0.49908403,2.86459686,0.59774042,0.49701232,1.49674151,0.52192019
99.1400,0.49908396,2.86459724,0.59774081,0.49701233,1.49674178,0.52192017
99.1500,0.49908388,2.86459762,0.59774119,0.49701235,1.49674205,0.52192014
99.1600,0.49908381,2.86459800,0.59774157,0.49701237,1.49674232,0.52192012
99.1700,0.49908374,2.86459838,0.59774196,0.49701238,1.49674259,0.52192010
99.1800,0.49908367,2.86459876,0.59774234,0.49701240,1.49674286,0.52192007
99.1900,0.49908359,2.86459914,0.59774272,0.49701242,1.49674313,0.52192005
99.2000,0.49908352,2.86459952,0.59774310,0.49701243,1.49674340,0.52192003
99.2100,0.49908345,2.86459989,0.59774349,0.49701245,1.49674367,0.52192000
99.2200,0.49908338,2.86460027,0.59774387,0.49701247,1.49674394,0.52191998
99.2300,0.49908330,2.86460065,0.59774425,0.49701248,1.49674421,0.52191996
99.2400,0.49908323,2.86460103,0.59774463,0.49701250,1.49674447,0.52191993
99.2500,0.49908316,2.86460141,0.59774501,0.49701252,1.49674474,0.52191991
99.2600,0.49908309,2.86460178,0.59774539,0.49701253,1.49674501,0.52191989
99.2700,0.49908302,2.86460216,0.59774577,0.49701255,1.49674528,0.52191986
99.2800,0.49908295,2.86460254,0.59774615,0.49701257,1.49674554,0.52191984
99.2900,0.49908287,2.86460291,0.59774653,0.49701258,1.49674581,0.52191982
99.3000,0.49908280,2.86460329,0.59774691,0.49701260,1.49674608,0.52191979
99.3100,0.49908273,2.86460366,0.59774728,0.49701262,1.49674634,0.52191977
99.3200,0.49908266,2.86460404,0.59774766,0.49701263,1.49674661,0.52191975
99.3300,0.49908259,2.86460441,0.59774804,0.49701265,1.49674688,0.52191972
99.3400,0.49908252,2.86460479,0.59774842,0.49701267,1.49674714,0.52191970
99.3500,0.49908244,2.86460516,0.59774880,0.49701268,1.49674741,0.52191968
99.3600,0.49908237,2.86460554,0.59774917,0.49701270,1.49674767,0.52191966
99.3700,0.49908230,2.86460591,0.59774955,0.49701271,1.49674794,0.52191963
99.3800,0.49908223,2.86460628,0.59774993,0.49701273,1.49674820,0.52191961
99.3900,0.49908216,2.86460666,0.59775030,0.49701275,1.49674847,0.52191959
99.4000,0.49908209,2.86460703,0.59775068,0.49701276,1.49674873,0.52191956
99.4100,0.49908202,2.86460740,0.59775105,0.49701278,1.49674899,0.52191954
99.4200,0.49908195,2.86460778,0.59775143,0.49701280,1.49674926,0.52191952
99.4300,0.49908188,2.86460815,0.59775180,0.49701281,1.49674952,0.52191950
99.4400,0.49908181,2.86460852,0.59775218,0.49701283,1.49674979,0.52191947
99.4500,0.49908173,2.86460889,0.59775255,0.49701285,1.49675005,0.52191945
99.4600,0.49908166,2.86460926,0.59775293,0.49701286,1.49675031,0.52191943
99.4700,0.49908159,2.86460963,0.59775330,0.49701288,1.49675057,0.52191940
99.4800,0.49908152,2.86461000,0.59775368,0.49701289,1.49675084,0.52191938
99.4900,0.49908145,2.86461037,0.59775405,0.49701291,1.49675110,0.52191936
99.5000,0.49908138,2.86461074,0.59775442,0.49701293,1.49675136,0.52191934
99.5100,0.49908131,2.86461111,0.59775479,0.49701294,1.49675162,0.52191931
99.5200,0.49908124,2.86461148,0.59775517,0.49701296,1.49675188,0.52191929
99.5300,0.49908117,2.86461185,0.59775554,0.49701297,1.49675214,0.52191927
99.5400,0.49908110,2.86461222,0.59775591,0.49701299,1.49675240,0.52191925
99.5500,0.49908103,2.86461259,0.59775628,0.49701301,1.49675266,0.52191922
99.5600,0.49908096,2.86461296,0.59775665,0.49701302,1.49675292,0.52191920
99.5700,0.49908089,2.86461332,0.59775702,0.49701304,1.49675318,0.52191918
99.5800,0.49908082,2.86461369,0.59775740,0.49701305,1.49675344,0.52191916
99.5900,0.49908075,2.86461406,0.59775777,0.49701307,1.49675370,0.52191914
99.6000,0.49908068,2.86461443,0.59775814,0.49701309,1.49675396,0.52191911
99.6100,0.49908061,2.86461479,0.59775851,0.49701310,1.49675422,0.52191909
99.6200,0.49908054,2.86461516,0.59775888,0.49701312,1.49675448,0.52191907
99.6300,0.49908047,2.86461552,0.59775924,0.49701313,1.49675474,0.52191905
99.6400,0.49908040,2.86461589,0.59775961,0.49701315,1.49675500,0.52191902
99.6500,0.49908033,2.86461626,0.59775998,0.49701317,1.49675526,0.52191900
99.6600,0.49908026,2.86461662,0.59776035,0.49701318,1.49675551,0.52191898
99.6700,0.49908019,2.86461699,0.59776072,0.49701320,1.49675577,0.52191896
99.6800,0.49908012,2.86461735,0.59776109,0.49701321,1.49675603,0.52191894
99.6900,0.49908005,2.86461771,0.59776145,0.49701323,1.49675628,0.52191891
99.7000,0.49907998,2.86461808,0.59776182,0.49701325,1.49675654,0.52191889
99.7100,0.49907991,2.86461844,0.59776219,0.49701326,1.49675680,0.52191887
99.7200,0.49907984,2.86461881,0.59776256,0.49701328,1.49675705,0.52191885
99.7300,0.49907978,2.86461917,0.59776292,0.49701329,1.49675731,0.52191883
99.7400,0.49907971,2.86461953,0.59776329,0.49701331,1.49675757,0.52191881
99.7500,0.49907964,2.86461989,0.59776365,0.49701332,1.49675782,0.52191878
99.7600,0.49907957,2.86462026,0.59776402,0.49701334,1.49675808,0.52191876
99.7700,0.49907950,2.86462062,0.59776438,0.49701336,1.49675833,0.52191874
99.7800,0.49907943,2.86462098,0.59776475,0.49701337,1.49675859,0.52191872
99.7900,0.49907936,2.86462134,0.59776511,0.49701339,1.49675884,0.52191870
99.8000,0.49907929,2.86462170,0.59776548,0.49701340,1.49675910,0.52191868
99.8100,0.49907922,2.86462206,0.59776584,0.49701342,1.49675935,0.52191865
99.8200,0.49907916,2.86462242,0.59776621,0.49701343,1.49675960,0.52191863
99.8300,0.49907909,2.86462278,0.59776657,0.49701345,1.49675986,0.52191861
99.8400,0.49907902,2.86462314,0.59776693,0.49701347,1.49676011,0.52191859
99.8500,0.49907895,2.86462350,0.59776730,0.49701348,1.49676037,0.52191857
99.8600,0.49907888,2.86462386,0.59776766,0.49701350,1.49676062,0.52191855
99.8700,0.49907881,2.86462422,0.59776802,0.49701351,1.49676087,0.52191852
99.8800,0.49907874,2.86462458,0.59776838,0.49701353,1.49676112,0.52191850
99.8900,0.49907868,2.86462494,0.59776875,0.49701354,1.49676138,0.52191848
99.9000,0.49907861,2.86462530,0.59776911,0.49701356,1.49676163,0.52191846
99.9100,0.49907854,2.86462566,0.59776947,0.49701357,1.49676188,0.52191844
99.9200,0.49907847,2.86462601,0.59776983,0.49701359,1.49676213,0.52191842
99.9300,0.49907840,2.86462637,0.59777019,0.49701360,1.49676238,0.52191840
99.9400,0.49907834,2.86462673,0.59777055,0.49701362,1.49676263,0.52191838
99.9500,0.49907827,2.86462709,0.59777091,0.49701364,1.49676288,0.52191835
99.9600,0.49907820,2.86462744,0.59777127,0.49701365,1.49676314,0.52191833
99.9700,0.49907813,2.86462780,0.59777163,0.49701367,1.49676339,0.52191831
99.9800,0.49907806,2.86462815,0.59777199,0.49701368,1.49676364,0.52191829
99.9900,0.49907800,2.86462851,0.59777235,0.49701370,1.49676389,0.52191827
100.0000,0.49907793,2.86462887,0.59777271,0.49701371,1.49676414,0.52191825
