time,y_hif,y_o2,y_p300,y_p53,y_casp,y_kp
0.0000,1.00000000,0.00000000,0.00000000,0.00000000,0.00000000,0.00000000
0.0100,1.01511611,0.01790115,0.00059939,0.00049975,0.00099925,0.00001793
0.0200,1.03006234,0.03560289,0.00119756,0.00099900,0.00199700,0.00007145
0.0300,1.04483568,0.05310278,0.00179445,0.00149775,0.00299326,0.00016013
0.0400,1.05943332,0.07039856,0.00239004,0.00199601,0.00398802,0.00028355
0.0500,1.07385261,0.08748817,0.00298431,0.00249376,0.00498129,0.00044128
0.0600,1.08809113,0.10436974,0.00357722,0.00299102,0.00597307,0.00063288
0.0700,1.10214661,0.12104158,0.00416873,0.00348778,0.00696336,0.00085793
0.0800,1.11601698,0.13750218,0.00475883,0.00398404,0.00795217,0.00111596
0.0900,1.12970033,0.15375022,0.00534748,0.00447981,0.00893949,0.00140654
0.1000,1.14319497,0.16978454,0.00593465,0.00497508,0.00992533,0.00172923
0.1100,1.15649934,0.18560418,0.00652033,0.00546986,0.01090969,0.00208356
0.1200,1.16961210,0.20120833,0.00710448,0.00596414,0.01189257,0.00246909
0.1300,1.18253203,0.21659636,0.00768708,0.00645793,0.01287398,0.00288536
0.1400,1.19525813,0.23176779,0.00826811,0.00695123,0.01385391,0.00333192
0.1500,1.20778952,0.24672234,0.00884755,0.00744403,0.01483237,0.00380830
0.1600,1.22012551,0.26145983,0.00942536,0.00793634,0.01580936,0.00431406
0.1700,1.23226555,0.27598027,0.01000154,0.00842815,0.01678488,0.00484872
0.1800,1.24420925,0.29028382,0.01057605,0.00891948,0.01775893,0.00541184
0.1900,1.25595636,0.30437077,0.01114889,0.00941031,0.01873152,0.00600295
0.2000,1.26750679,0.31824154,0.01172004,0.00990066,0.01970265,0.00662159
0.2100,1.27886057,0.33189671,0.01228946,0.01039051,0.02067232,0.00726731
0.2200,1.29001788,0.34533698,0.01285716,0.01087987,0.02164053,0.00793966
0.2300,1.30097902,0.35856317,0.01342311,0.01136875,0.02260728,0.00863816
0.2400,1.31174443,0.37157622,0.01398730,0.01185713,0.02357257,0.00936239
0.2500,1.32231465,0.38437719,0.01454971,0.01234503,0.02453642,0.01011187
0.2600,1.33269036,0.39696726,0.01511034,0.01283244,0.02549881,0.01088616
0.2700,1.34287233,0.40934769,0.01566916,0.01331936,0.02645976,0.01168481
0.2800,1.35286147,0.42151988,0.01622616,0.01380580,0.02741925,0.01250739
0.2900,1.36265875,0.43348529,0.01678134,0.01429174,0.02837731,0.01335344
0.3000,1.37226527,0.44524548,0.01733468,0.01477721,0.02933392,0.01422253
0.3100,1.38168220,0.45680211,0.01788618,0.01526219,0.03028908,0.01511421
0.3200,1.39091083,0.46815692,0.01843582,0.01574668,0.03124281,0.01602807
0.3300,1.39995250,0.47931171,0.01898360,0.01623069,0.03219511,0.01696366
0.3400,1.40880866,0.49026837,0.01952951,0.01671421,0.03314596,0.01792056
0.3500,1.41748081,0.50102885,0.02007354,0.01719725,0.03409539,0.01889836
0.3600,1.42597053,0.51159517,0.02061569,0.01767981,0.03504338,0.01989662
0.3700,1.43427947,0.52196941,0.02115594,0.01816188,0.03598994,0.02091494
0.3800,1.44240935,0.53215369,0.02169430,0.01864348,0.03693507,0.02195291
0.3900,1.45036192,0.54215020,0.02223076,0.01912459,0.03787878,0.02301012
0.4000,1.45813902,0.55196116,0.02276532,0.01960522,0.03882107,0.02408616
0.4100,1.46574250,0.56158884,0.02329797,0.02008537,0.03976193,0.02518065
0.4200,1.47317430,0.57103557,0.02382872,0.02056504,0.04070137,0.02629319
0.4300,1.48043638,0.58030368,0.02435755,0.02104423,0.04163940,0.02742339
0.4400,1.48753072,0.58939554,0.02488447,0.02152294,0.04257601,0.02857087
0.4500,1.49445938,0.59831357,0.02540947,0.02200117,0.04351120,0.02973525
0.4600,1.50122441,0.60706020,0.02593256,0.02247893,0.04444498,0.03091615
0.4700,1.50782791,0.61563787,0.02645374,0.02295620,0.04537735,0.03211321
0.4800,1.51427201,0.62404906,0.02697300,0.02343300,0.04630832,0.03332607
0.4900,1.52055884,0.63229624,0.02749035,0.02390933,0.04723787,0.03455436
0.5000,1.52669056,0.64038192,0.02800578,0.02438517,0.04816602,0.03579773
0.5100,1.53266937,0.64830861,0.02851931,0.02486054,0.04909277,0.03705583
0.5200,1.53849744,0.65607880,0.02903093,0.02533544,0.05001812,0.03832833
0.5300,1.54417699,0.66369503,0.02954064,0.02580986,0.05094206,0.03961487
0.5400,1.54971022,0.67115980,0.03004845,0.02628380,0.05186461,0.04091513
0.5500,1.55509936,0.67847563,0.03055436,0.02675727,0.05278577,0.04222877
0.5600,1.56034661,0.68564505,0.03105837,0.02723027,0.05370553,0.04355549
0.5700,1.56545422,0.69267054,0.03156050,0.02770280,0.05462389,0.04489495
0.5800,1.57042439,0.69955463,0.03206073,0.02817485,0.05554087,0.04624684
0.5900,1.57525935,0.70629979,0.03255908,0.02864643,0.05645646,0.04761086
0.6000,1.57996132,0.71290851,0.03305556,0.02911754,0.05737067,0.04898670
0.6100,1.58453249,0.71938326,0.03355016,0.02958817,0.05828349,0.05037406
0.6200,1.58897509,0.72572649,0.03404290,0.03005834,0.05919492,0.05177265
0.6300,1.59329128,0.73194064,0.03453377,0.03052804,0.06010498,0.05318219
0.6400,1.59748326,0.73802812,0.03502279,0.03099726,0.06101366,0.05460239
0.6500,1.60155318,0.74399134,0.03550996,0.03146602,0.06192096,0.05603297
0.6600,1.60550321,0.74983268,0.03599528,0.03193431,0.06282688,0.05747366
0.6700,1.60933548,0.75555449,0.03647877,0.03240213,0.06373143,0.05892418
0.6800,1.61305212,0.76115913,0.03696044,0.03286948,0.06463461,0.06038429
0.6900,1.61665522,0.76664889,0.03744028,0.03333637,0.06553643,0.06185371
0.7000,1.62014686,0.77202608,0.03791830,0.03380278,0.06643687,0.06333220
0.7100,1.62352913,0.77729295,0.03839452,0.03426874,0.06733595,0.06481949
0.7200,1.62680406,0.78245175,0.03886894,0.03473422,0.06823366,0.06631536
0.7300,1.62997367,0.78750468,0.03934157,0.03519924,0.06913001,0.06781956
0.7400,1.63303997,0.79245394,0.03981241,0.03566380,0.07002500,0.06933185
0.7500,1.63600494,0.79730168,0.04028148,0.03612788,0.07091863,0.07085200
0.7600,1.63887053,0.80205003,0.04074878,0.03659151,0.07181091,0.07237978
0.7700,1.64163868,0.80670109,0.04121432,0.03705467,0.07270182,0.07391497
0.7800,1.64431129,0.81125694,0.04167812,0.03751737,0.07359139,0.07545736
0.7900,1.64689025,0.81571961,0.04214017,0.03797961,0.07447961,0.07700673
0.8000,1.64937741,0.82009112,0.04260049,0.03844138,0.07536647,0.07856287
0.8100,1.65177462,0.82437344,0.04305908,0.03890269,0.07625199,0.08012557
0.8200,1.65408367,0.82856854,0.04351596,0.03936354,0.07713616,0.08169464
0.8300,1.65630636,0.83267833,0.04397113,0.03982393,0.07801899,0.08326986
0.8400,1.65844442,0.83670470,0.04442461,0.04028386,0.07890047,0.08485106
0.8500,1.66049960,0.84064952,0.04487640,0.04074333,0.07978062,0.08643804
0.8600,1.66247359,0.84451461,0.04532651,0.04120234,0.08065942,0.08803062
0.8700,1.66436807,0.84830177,0.04577495,0.04166088,0.08153689,0.08962860
0.8800,1.66618468,0.85201278,0.04622173,0.04211898,0.08241303,0.09123182
0.8900,1.66792506,0.85564936,0.04666686,0.04257661,0.08328783,0.09284010
0.9000,1.66959080,0.85921323,0.04711034,0.04303378,0.08416130,0.09445327
0.9100,1.67118346,0.86270606,0.04755220,0.04349050,0.08503344,0.09607116
0.9200,1.67270458,0.86612950,0.04799243,0.04394676,0.08590425,0.09769360
0.9300,1.67415569,0.86948517,0.04843105,0.04440256,0.08677373,0.09932044
0.9400,1.67553827,0.87277465,0.04886807,0.04485791,0.08764189,0.10095151
0.9500,1.67685379,0.87599949,0.04930349,0.04531280,0.08850873,0.10258667
0.9600,1.67810367,0.87916124,0.04973733,0.04576724,0.08937425,0.10422575
0.9700,1.67928934,0.88226137,0.05016959,0.04622123,0.09023844,0.10586862
0.9800,1.68041217,0.88530137,0.05060029,0.04667475,0.09110132,0.10751513
0.9900,1.68147353,0.88828268,0.05102943,0.04712783,0.09196289,0.10916514
1.0000,1.68247474,0.89120670,0.05145702,0.04758045,0.09282314,0.11081851
1.0100,1.68341713,0.89407482,0.05188308,0.04803262,0.09368208,0.11247509
1.0200,1.68430196,0.89688839,0.05230761,0.04848434,0.09453971,0.11413477
1.0300,1.68513051,0.89964875,0.05273063,0.04893560,0.09539603,0.11579741
1.0400,1.68590400,0.90235720,0.05315213,0.04938641,0.09625104,0.11746287
1.0500,1.68662364,0.90501501,0.05357214,0.04983677,0.09710475,0.11913105
1.0600,1.68729063,0.90762342,0.05399066,0.05028669,0.09795716,0.12080181
1.0700,1.68790612,0.91018367,0.05440770,0.05073615,0.09880826,0.12247503
1.0800,1.68847125,0.91269694,0.05482327,0.05118516,0.09965806,0.12415061
1.0900,1.68898715,0.91516441,0.05523737,0.05163372,0.10050657,0.12582842
1.1000,1.68945489,0.91758722,0.05565003,0.05208183,0.10135378,0.12750835
1.1100,1.68987557,0.91996650,0.05606125,0.05252950,0.10219969,0.12919029
1.1200,1.69025022,0.92230335,0.05647103,0.05297672,0.10304432,0.13087414
1.1300,1.69057987,0.92459882,0.05687939,0.05342349,0.10388765,0.13255979
1.1400,1.69086553,0.92685399,0.05728634,0.05386981,0.10472969,0.13424715
1.1500,1.69110819,0.92906986,0.05769188,0.05431568,0.10557044,0.13593610
1.1600,1.69130881,0.93124745,0.05809602,0.05476111,0.10640991,0.13762654
1.1700,1.69146833,0.93338774,0.05849878,0.05520610,0.10724810,0.13931840
1.1800,1.69158768,0.93549169,0.05890017,0.05565064,0.10808500,0.14101156
1.1900,1.69166777,0.93756023,0.05930018,0.05609473,0.10892062,0.14270595
1.2000,1.69170947,0.93959429,0.05969884,0.05653838,0.10975496,0.14440146
1.2100,1.69171366,0.94159475,0.06009614,0.05698159,0.11058803,0.14609801
1.2200,1.69168118,0.94356250,0.06049211,0.05742435,0.11141982,0.14779552
1.2300,1.69161286,0.94549839,0.06088674,0.05786667,0.11225034,0.14949389
1.2400,1.69150952,0.94740326,0.06128006,0.05830855,0.11307958,0.15119306
1.2500,1.69137194,0.94927792,0.06167205,0.05874998,0.11390756,0.15289293
1.2600,1.69120090,0.95112318,0.06206274,0.05919097,0.11473426,0.15459343
1.2700,1.69099717,0.95293980,0.06245214,0.05963153,0.11555970,0.15629449
1.2800,1.69076147,0.95472856,0.06284025,0.06007164,0.11638387,0.15799601
1.2900,1.69049455,0.95649020,0.06322708,0.06051131,0.11720678,0.15969794
1.3000,1.69019711,0.95822543,0.06361263,0.06095054,0.11802843,0.16140021
1.3100,1.68986983,0.95993498,0.06399693,0.06138933,0.11884882,0.16310273
1.3200,1.68951341,0.96161953,0.06437997,0.06182768,0.11966795,0.16480544
1.3300,1.68912850,0.96327977,0.06476177,0.06226559,0.12048582,0.16650827
1.3400,1.68871576,0.96491634,0.06514233,0.06270307,0.12130244,0.16821116
1.3500,1.68827581,0.96652989,0.06552166,0.06314011,0.12211780,0.16991404
1.3600,1.68780927,0.96812106,0.06589978,0.06357671,0.12293191,0.17161685
1.3700,1.68731676,0.96969045,0.06627668,0.06401287,0.12374478,0.17331953
1.3800,1.68679886,0.97123866,0.06665237,0.06444860,0.12455639,0.17502201
1.3900,1.68625615,0.97276628,0.06702688,0.06488389,0.12536676,0.17672424
1.4000,1.68568920,0.97427389,0.06740019,0.06531874,0.12617588,0.17842616
1.4100,1.68509856,0.97576202,0.06777233,0.06575316,0.12698376,0.18012771
1.4200,1.68448476,0.97723123,0.06814329,0.06618715,0.12779040,0.18182883
1.4300,1.68384835,0.97868206,0.06851310,0.06662070,0.12859580,0.18352948
1.4400,1.68318982,0.98011500,0.06888174,0.06705381,0.12939996,0.18522960
1.4500,1.68250970,0.98153057,0.06924924,0.06748650,0.13020288,0.18692913
1.4600,1.68180846,0.98292927,0.06961560,0.06791875,0.13100457,0.18862803
1.4700,1.68108659,0.98431156,0.06998083,0.06835057,0.13180503,0.19032625
1.4800,1.68034456,0.98567792,0.07034493,0.06878195,0.13260425,0.19202373
1.4900,1.67958283,0.98702880,0.07070792,0.06921290,0.13340224,0.19372044
1.5000,1.67880185,0.98836465,0.07106980,0.06964343,0.13419901,0.19541631
1.5100,1.67800205,0.98968590,0.07143058,0.07007352,0.13499455,0.19711132
1.5200,1.67718387,0.99099298,0.07179026,0.07050318,0.13578886,0.19880541
1.5300,1.67634772,0.99228629,0.07214885,0.07093241,0.13658196,0.20049853
1.5400,1.67549401,0.99356625,0.07250637,0.07136121,0.13737383,0.20219066
1.5500,1.67462314,0.99483323,0.07286282,0.07178959,0.13816448,0.20388173
1.5600,1.67373550,0.99608764,0.07321820,0.07221753,0.13895391,0.20557172
1.5700,1.67283148,0.99732983,0.07357252,0.07264505,0.13974212,0.20726059
1.5800,1.67191144,0.99856017,0.07392580,0.07307213,0.14052912,0.20894829
1.5900,1.67097575,0.99977902,0.07427803,0.07349879,0.14131491,0.21063478
1.6000,1.67002477,1.00098672,0.07462922,0.07392503,0.14209948,0.21232003
1.6100,1.66905884,1.00218360,0.07497939,0.07435083,0.14288285,0.21400401
1.6200,1.66807830,1.00337001,0.07532853,0.07477621,0.14366500,0.21568667
1.6300,1.66708348,1.00454625,0.07567666,0.07520117,0.14444595,0.21736798
1.6400,1.66607471,1.00571264,0.07602378,0.07562570,0.14522570,0.21904790
1.6500,1.66505230,1.00686948,0.07636991,0.07604980,0.14600424,0.22072641
1.6600,1.66401657,1.00801707,0.07671503,0.07647348,0.14678158,0.22240347
1.6700,1.66296781,1.00915570,0.07705917,0.07689674,0.14755771,0.22407904
1.6800,1.66190632,1.01028565,0.07740233,0.07731957,0.14833265,0.22575309
1.6900,1.66083239,1.01140719,0.07774451,0.07774198,0.14910640,0.22742560
1.7000,1.65974630,1.01252059,0.07808573,0.07816397,0.14987894,0.22909654
1.7100,1.65864833,1.01362611,0.07842598,0.07858553,0.15065030,0.23076587
1.7200,1.65753874,1.01472401,0.07876528,0.07900667,0.15142046,0.23243356
1.7300,1.65641780,1.01581452,0.07910363,0.07942739,0.15218943,0.23409959
1.7400,1.65528576,1.01689790,0.07944104,0.07984769,0.15295721,0.23576392
1.7500,1.65414288,1.01797438,0.07977752,0.08026757,0.15372380,0.23742654
1.7600,1.65298940,1.01904418,0.08011306,0.08068703,0.15448921,0.23908741
1.7700,1.65182556,1.02010753,0.08044769,0.08110607,0.15525343,0.24074651
1.7800,1.65065160,1.02116465,0.08078139,0.08152468,0.15601648,0.24240381
1.7900,1.64946774,1.02221575,0.08111419,0.08194289,0.15677834,0.24405929
1.8000,1.64827421,1.02326102,0.08144608,0.08236067,0.15753902,0.24571292
1.8100,1.64707122,1.02430068,0.08177707,0.08277803,0.15829852,0.24736468
1.8200,1.64585900,1.02533492,0.08210718,0.08319498,0.15905685,0.24901455
1.8300,1.64463774,1.02636393,0.08243639,0.08361150,0.15981400,0.25066250
1.8400,1.64340766,1.02738790,0.08276473,0.08402761,0.16056998,0.25230850
1.8500,1.64216895,1.02840700,0.08309219,0.08444331,0.16132479,0.25395255
1.8600,1.64092181,1.02942141,0.08341878,0.08485859,0.16207843,0.25559461
1.8700,1.63966643,1.03043130,0.08374452,0.08527345,0.16283090,0.25723466
1.8800,1.63840300,1.03143685,0.08406939,0.08568790,0.16358220,0.25887269
1.8900,1.63713169,1.03243820,0.08439342,0.08610193,0.16433234,0.26050867
1.9000,1.63585269,1.03343553,0.08471660,0.08651555,0.16508131,0.26214259
1.9100,1.63456617,1.03442898,0.08503894,0.08692875,0.16582912,0.26377442
1.9200,1.63327230,1.03541870,0.08536044,0.08734154,0.16657578,0.26540414
1.9300,1.63197125,1.03640484,0.08568112,0.08775392,0.16732127,0.26703174
1.9400,1.63066318,1.03738755,0.08600098,0.08816589,0.16806561,0.26865720
1.9500,1.62934825,1.03836696,0.08632002,0.08857744,0.16880879,0.27028050
1.9600,1.62802661,1.03934320,0.08663824,0.08898858,0.16955081,0.27190163
1.9700,1.62669843,1.04031642,0.08695567,0.08939931,0.17029169,0.27352055
1.9800,1.62536384,1.04128672,0.08727229,0.08980962,0.17103141,0.27513727
1.9900,1.62402300,1.04225425,0.08758811,0.09021953,0.17176998,0.27675176
2.0000,1.62267604,1.04321912,0.08790315,0.09062903,0.17250741,0.27836400
2.0100,1.62132311,1.04418145,0.08821740,0.09103811,0.17324369,0.27997399
2.0200,1.61996434,1.04514135,0.08853088,0.09144679,0.17397882,0.28158170
2.0300,1.61859987,1.04609893,0.08884358,0.09185506,0.17471282,0.28318712
2.0400,1.61722982,1.04705432,0.08915551,0.09226292,0.17544567,0.28479023
2.0500,1.61585433,1.04800760,0.08946667,0.09267037,0.17617738,0.28639103
2.0600,1.61447352,1.04895888,0.08977708,0.09307741,0.17690795,0.28798949
2.0700,1.61308751,1.04990827,0.09008674,0.09348405,0.17763738,0.28958560
2.0800,1.61169643,1.05085586,0.09039564,0.09389027,0.17836568,0.29117935
2.0900,1.61030038,1.05180175,0.09070381,0.09429610,0.17909284,0.29277073
2.1000,1.60889949,1.05274603,0.09101123,0.09470151,0.17981888,0.29435972
2.1100,1.60749387,1.05368878,0.09131793,0.09510652,0.18054378,0.29594631
2.1200,1.60608362,1.05463010,0.09162389,0.09551112,0.18126755,0.29753049
2.1300,1.60466886,1.05557008,0.09192913,0.09591532,0.18199020,0.29911224
2.1400,1.60324969,1.05650879,0.09223365,0.09631912,0.18271171,0.30069155
2.1500,1.60182622,1.05744631,0.09253746,0.09672251,0.18343211,0.30226842
2.1600,1.60039854,1.05838273,0.09284056,0.09712549,0.18415138,0.30384283
2.1700,1.59896675,1.05931812,0.09314295,0.09752808,0.18486953,0.30541476
2.1800,1.59753096,1.06025255,0.09344465,0.09793026,0.18558656,0.30698421
2.1900,1.59609126,1.06118610,0.09374565,0.09833203,0.18630247,0.30855117
2.2000,1.59464773,1.06211884,0.09404596,0.09873341,0.18701726,0.31011563
2.2100,1.59320048,1.06305083,0.09434558,0.09913438,0.18773094,0.31167757
2.2200,1.59174959,1.06398215,0.09464453,0.09953495,0.18844350,0.31323699
2.2300,1.59029514,1.06491285,0.09494280,0.09993512,0.18915495,0.31479388
2.2400,1.58883724,1.06584300,0.09524039,0.10033489,0.18986529,0.31634822
2.2500,1.58737595,1.06677266,0.09553732,0.10073426,0.19057452,0.31790001
2.2600,1.58591136,1.06770190,0.09583359,0.10113323,0.19128264,0.31944924
2.2700,1.58444355,1.06863076,0.09612919,0.10153180,0.19198966,0.32099589
2.2800,1.58297261,1.06955931,0.09642415,0.10192997,0.19269557,0.32253997
2.2900,1.58149860,1.07048759,0.09671845,0.10232775,0.19340038,0.32408146
2.3000,1.58002161,1.07141567,0.09701211,0.10272512,0.19410408,0.32562035
2.3100,1.57854171,1.07234359,0.09730513,0.10312210,0.19480669,0.32715664
2.3200,1.57705898,1.07327141,0.09759751,0.10351867,0.19550819,0.32869031
2.3300,1.57557348,1.07419917,0.09788926,0.10391486,0.19620860,0.33022137
2.3400,1.57408528,1.07512692,0.09818038,0.10431064,0.19690791,0.33174979
2.3500,1.57259446,1.07605471,0.09847088,0.10470603,0.19760613,0.33327559
2.3600,1.57110108,1.07698258,0.09876076,0.10510102,0.19830325,0.33479873
2.3700,1.56960522,1.07791057,0.09905002,0.10549562,0.19899929,0.33631923
2.3800,1.56810692,1.07883873,0.09933867,0.10588982,0.19969423,0.33783707
2.3900,1.56660627,1.07976710,0.09962672,0.10628363,0.20038808,0.33935225
2.4000,1.56510332,1.08069572,0.09991416,0.10667704,0.20108085,0.34086476
2.4100,1.56359813,1.08162463,0.10020100,0.10707006,0.20177253,0.34237459
2.4200,1.56209077,1.08255386,0.10048725,0.10746269,0.20246313,0.34388173
2.4300,1.56058129,1.08348345,0.10077291,0.10785492,0.20315264,0.34538619
2.4400,1.55906975,1.08441344,0.10105798,0.10824676,0.20384108,0.34688795
2.4500,1.55755621,1.08534387,0.10134246,0.10863821,0.20452843,0.34838701
2.4600,1.55604072,1.08627475,0.10162637,0.10902927,0.20521471,0.34988337
2.4700,1.55452335,1.08720614,0.10190970,0.10941993,0.20589991,0.35137701
2.4800,1.55300414,1.08813805,0.10219246,0.10981020,0.20658403,0.35286794
2.4900,1.55148316,1.08907052,0.10247466,0.11020009,0.20726708,0.35435614
2.5000,1.54996044,1.09000359,0.10275629,0.11058958,0.20794906,0.35584161
2.5100,1.54843604,1.09093727,0.10303736,0.11097868,0.20862996,0.35732435
2.5200,1.54691002,1.09187159,0.10331787,0.11136739,0.20930980,0.35880435
2.5300,1.54538242,1.09280660,0.10359784,0.11175571,0.20998857,0.36028161
2.5400,1.54385330,1.09374230,0.10387725,0.11214365,0.21066627,0.36175613
2.5500,1.54232269,1.09467872,0.10415612,0.11253119,0.21134291,0.36322789
2.5600,1.54079065,1.09561590,0.10443445,0.11291835,0.21201848,0.36469689
2.5700,1.53925722,1.09655385,0.10471224,0.11330512,0.21269299,0.36616314
2.5800,1.53772246,1.09749259,0.10498950,0.11369150,0.21336644,0.36762662
2.5900,1.53618639,1.09843216,0.10526622,0.11407750,0.21403883,0.36908733
2.6000,1.53464908,1.09937257,0.10554242,0.11446311,0.21471016,0.37054527
2.6100,1.53311056,1.10031384,0.10581810,0.11484833,0.21538044,0.37200044
2.6200,1.53157087,1.10125599,0.10609326,0.11523317,0.21604966,0.37345282
2.6300,1.53003006,1.10219905,0.10636790,0.11561762,0.21671783,0.37490243
2.6400,1.52848816,1.10314303,0.10664203,0.11600169,0.21738495,0.37634924
2.6500,1.52694522,1.10408795,0.10691565,0.11638537,0.21805101,0.37779327
2.6600,1.52540129,1.10503383,0.10718876,0.11676867,0.21871603,0.37923451
2.6700,1.52385639,1.10598068,0.10746138,0.11715158,0.21937999,0.38067295
2.6800,1.52231056,1.10692853,0.10773349,0.11753411,0.22004292,0.38210859
2.6900,1.52076385,1.10787739,0.10800511,0.11791626,0.22070479,0.38354143
2.7000,1.51921630,1.10882727,0.10827624,0.11829803,0.22136563,0.38497146
2.7100,1.51766793,1.10977819,0.10854687,0.11867941,0.22202542,0.38639869
2.7200,1.51611879,1.11073017,0.10881703,0.11906041,0.22268417,0.38782311
2.7300,1.51456891,1.11168321,0.10908670,0.11944103,0.22334188,0.38924472
2.7400,1.51301832,1.11263734,0.10935589,0.11982127,0.22399855,0.39066351
2.7500,1.51146707,1.11359257,0.10962461,0.12020113,0.22465419,0.39207949
2.7600,1.50991519,1.11454890,0.10989285,0.12058060,0.22530879,0.39349265
2.7700,1.50836270,1.11550635,0.11016063,0.12095970,0.22596236,0.39490299
2.7800,1.50680965,1.11646494,0.11042794,0.12133842,0.22661489,0.39631051
2.7900,1.50525606,1.11742467,0.11069478,0.12171676,0.22726640,0.39771520
2.8000,1.50370197,1.11838556,0.11096117,0.12209471,0.22791688,0.39911707
2.8100,1.50214741,1.11934761,0.11122710,0.12247230,0.22856632,0.40051611
2.8200,1.50059241,1.12031084,0.11149258,0.12284950,0.22921474,0.40191232
2.8300,1.49903700,1.12127525,0.11175761,0.12322632,0.22986214,0.40330570
2.8400,1.49748122,1.12224086,0.11202219,0.12360277,0.23050851,0.40469625
2.8500,1.49592508,1.12320767,0.11228633,0.12397884,0.23115386,0.40608396
2.8600,1.49436863,1.12417570,0.11255003,0.12435453,0.23179819,0.40746885
2.8700,1.49281189,1.12514494,0.11281329,0.12472985,0.23244150,0.40885089
2.8800,1.49125490,1.12611542,0.11307611,0.12510479,0.23308379,0.41023010
2.8900,1.48969767,1.12708713,0.11333850,0.12547936,0.23372507,0.41160647
2.9000,1.48814023,1.12806009,0.11360047,0.12585355,0.23436533,0.41298000
2.9100,1.48658263,1.12903430,0.11386201,0.12622737,0.23500457,0.41435070
2.9200,1.48502487,1.13000977,0.11412312,0.12660081,0.23564280,0.41571855
2.9300,1.48346699,1.13098650,0.11438381,0.12697388,0.23628002,0.41708356
2.9400,1.48190902,1.13196450,0.11464409,0.12734657,0.23691624,0.41844573
2.9500,1.48035097,1.13294378,0.11490396,0.12771889,0.23755144,0.41980506
2.9600,1.47879289,1.13392434,0.11516341,0.12809084,0.23818563,0.42116155
2.9700,1.47723479,1.13490619,0.11542245,0.12846241,0.23881882,0.42251519
2.9800,1.47567669,1.13588933,0.11568109,0.12883362,0.23945101,0.42386599
2.9900,1.47411863,1.13687377,0.11593932,0.12920445,0.24008219,0.42521395
3.0000,1.47256063,1.13785951,0.11619716,0.12957491,0.24071237,0.42655907
3.0100,1.47100271,1.13884655,0.11645459,0.12994500,0.24134156,0.42790134
3.0200,1.46944489,1.13983491,0.11671163,0.13031472,0.24196974,0.42924076
3.0300,1.46788720,1.14082458,0.11696828,0.13068406,0.24259692,0.43057735
3.0400,1.46632967,1.14181556,0.11722454,0.13105304,0.24322311,0.43191109
3.0500,1.46477231,1.14280787,0.11748042,0.13142165,0.24384830,0.43324199
3.0600,1.46321515,1.14380150,0.11773591,0.13178989,0.24447250,0.43457005
3.0700,1.46165821,1.14479646,0.11799102,0.13215776,0.24509571,0.43589526
3.0800,1.46010151,1.14579274,0.11824575,0.13252526,0.24571793,0.43721763
3.0900,1.45854508,1.14679036,0.11850010,0.13289240,0.24633916,0.43853716
3.1000,1.45698894,1.14778932,0.11875408,0.13325916,0.24695940,0.43985385
3.1100,1.45543310,1.14878961,0.11900769,0.13362556,0.24757865,0.44116770
3.1200,1.45387759,1.14979123,0.11926093,0.13399159,0.24819692,0.44247871
3.1300,1.45232244,1.15079420,0.11951381,0.13435726,0.24881420,0.44378688
3.1400,1.45076765,1.15179851,0.11976632,0.13472256,0.24943051,0.44509222
3.1500,1.44921326,1.15280417,0.12001848,0.13508749,0.25004583,0.44639471
3.1600,1.44765928,1.15381116,0.12027027,0.13545206,0.25066017,0.44769437
3.1700,1.44610573,1.15481950,0.12052171,0.13581626,0.25127353,0.44899119
3.1800,1.44455263,1.15582919,0.12077279,0.13618010,0.25188592,0.45028518
3.1900,1.44300000,1.15684023,0.12102353,0.13654357,0.25249732,0.45157634
3.2000,1.44144787,1.15785261,0.12127392,0.13690668,0.25310776,0.45286466
3.2100,1.43989624,1.15886634,0.12152396,0.13726943,0.25371722,0.45415015
3.2200,1.43834514,1.15988142,0.12177366,0.13763181,0.25432571,0.45543282
3.2300,1.43679459,1.16089785,0.12202301,0.13799383,0.25493323,0.45671265
3.2400,1.43524461,1.16191563,0.12227203,0.13835549,0.25553978,0.45798966
3.2500,1.43369521,1.16293475,0.12252072,0.13871678,0.25614536,0.45926384
3.2600,1.43214641,1.16395523,0.12276906,0.13907771,0.25674998,0.46053520
3.2700,1.43059823,1.16497705,0.12301708,0.13943828,0.25735363,0.46180373
3.2800,1.42905068,1.16600022,0.12326477,0.13979849,0.25795632,0.46306945
3.2900,1.42750380,1.16702473,0.12351213,0.14015834,0.25855804,0.46433234
3.3000,1.42595758,1.16805059,0.12375917,0.14051783,0.25915880,0.46559242
3.3100,1.42441206,1.16907780,0.12400588,0.14087696,0.25975861,0.46684968
3.3200,1.42286724,1.17010635,0.12425228,0.14123573,0.26035745,0.46810413
3.3300,1.42132314,1.17113624,0.12449835,0.14159414,0.26095534,0.46935576
3.3400,1.41977978,1.17216748,0.12474412,0.14195219,0.26155227,0.47060458
3.3500,1.41823718,1.17320006,0.12498956,0.14230988,0.26214825,0.47185060
3.3600,1.41669535,1.17423397,0.12523470,0.14266721,0.26274327,0.47309381
3.3700,1.41515431,1.17526922,0.12547953,0.14302419,0.26333734,0.47433421
3.3800,1.41361408,1.17630581,0.12572405,0.14338080,0.26393046,0.47557181
3.3900,1.41207466,1.17734374,0.12596827,0.14373706,0.26452263,0.47680661
3.4000,1.41053608,1.17838299,0.12621218,0.14409297,0.26511385,0.47803861
3.4100,1.40899835,1.17942358,0.12645580,0.14444851,0.26570413,0.47926782
3.4200,1.40746149,1.18046550,0.12669912,0.14480371,0.26629346,0.48049423
3.4300,1.40592551,1.18150874,0.12694214,0.14515854,0.26688185,0.48171785
3.4400,1.40439042,1.18255331,0.12718486,0.14551302,0.26746929,0.48293869
3.4500,1.40285625,1.18359920,0.12742730,0.14586714,0.26805579,0.48415673
3.4600,1.40132300,1.18464641,0.12766944,0.14622091,0.26864136,0.48537199
3.4700,1.39979069,1.18569493,0.12791130,0.14657433,0.26922598,0.48658447
3.4800,1.39825933,1.18674478,0.12815287,0.14692739,0.26980966,0.48779417
3.4900,1.39672895,1.18779593,0.12839416,0.14728010,0.27039241,0.48900110
3.5000,1.39519954,1.18884840,0.12863517,0.14763245,0.27097423,0.49020525
3.5100,1.39367114,1.18990217,0.12887589,0.14798445,0.27155510,0.49140662
3.5200,1.39214374,1.19095725,0.12911634,0.14833610,0.27213505,0.49260523
3.5300,1.39061737,1.19201363,0.12935652,0.14868740,0.27271407,0.49380108
3.5400,1.38909203,1.19307131,0.12959642,0.14903834,0.27329215,0.49499416
3.5500,1.38756775,1.19413028,0.12983605,0.14938894,0.27386931,0.49618448
3.5600,1.38604453,1.19519055,0.13007541,0.14973918,0.27444554,0.49737204
3.5700,1.38452239,1.19625211,0.13031450,0.15008907,0.27502084,0.49855685
3.5800,1.38300134,1.19731496,0.13055332,0.15043861,0.27559522,0.49973890
3.5900,1.38148139,1.19837908,0.13079188,0.15078780,0.27616868,0.50091821
3.6000,1.37996256,1.19944449,0.13103018,0.15113664,0.27674121,0.50209477
3.6100,1.37844485,1.20051118,0.13126822,0.15148513,0.27731282,0.50326859
3.6200,1.37692829,1.20157914,0.13150600,0.15183327,0.27788351,0.50443967
3.6300,1.37541288,1.20264837,0.13174352,0.15218106,0.27845329,0.50560801
3.6400,1.37389864,1.20371887,0.13198079,0.15252851,0.27902214,0.50677362
3.6500,1.37238557,1.20479063,0.13221781,0.15287560,0.27959008,0.50793650
3.6600,1.37087369,1.20586365,0.13245458,0.15322235,0.28015711,0.50909665
3.6700,1.36936302,1.20693792,0.13269109,0.15356875,0.28072322,0.51025408
3.6800,1.36785356,1.20801345,0.13292736,0.15391481,0.28128842,0.51140879
3.6900,1.36634532,1.20909023,0.13316338,0.15426051,0.28185270,0.51256078
3.7000,1.36483832,1.21016825,0.13339916,0.15460588,0.28241608,0.51371005
3.7100,1.36333257,1.21124752,0.13363470,0.15495089,0.28297855,0.51485662
3.7200,1.36182808,1.21232802,0.13386999,0.15529556,0.28354012,0.51600048
3.7300,1.36032486,1.21340975,0.13410505,0.15563988,0.28410077,0.51714164
3.7400,1.35882292,1.21449272,0.13433987,0.15598386,0.28466053,0.51828010
3.7500,1.35732228,1.21557691,0.13457445,0.15632750,0.28521937,0.51941586
3.7600,1.35582294,1.21666232,0.13480881,0.15667079,0.28577732,0.52054892
3.7700,1.35432491,1.21774895,0.13504293,0.15701373,0.28633437,0.52167930
3.7800,1.35282820,1.21883679,0.13527681,0.15735634,0.28689051,0.52280700
3.7900,1.35133284,1.21992584,0.13551048,0.15769859,0.28744576,0.52393201
3.8000,1.34983882,1.22101610,0.13574391,0.15804051,0.28800011,0.52505434
3.8100,1.34834615,1.22210756,0.13597712,0.15838208,0.28855356,0.52617400
3.8200,1.34685486,1.22320021,0.13621010,0.15872332,0.28910612,0.52729099
3.8300,1.34536494,1.22429406,0.13644286,0.15906421,0.28965779,0.52840531
3.8400,1.34387641,1.22538909,0.13667541,0.15940475,0.29020856,0.52951696
3.8500,1.34238927,1.22648531,0.13690773,0.15974496,0.29075844,0.53062596
3.8600,1.34090354,1.22758271,0.13713984,0.16008483,0.29130744,0.53173231
3.8700,1.33941923,1.22868129,0.13737173,0.16042435,0.29185554,0.53283600
3.8800,1.33793635,1.22978103,0.13760340,0.16076354,0.29240276,0.53393704
3.8900,1.33645490,1.23088194,0.13783487,0.16110238,0.29294909,0.53503544
3.9000,1.33497490,1.23198401,0.13806612,0.16144089,0.29349453,0.53613120
3.9100,1.33349635,1.23308724,0.13829716,0.16177905,0.29403909,0.53722432
3.9200,1.33201927,1.23419163,0.13852800,0.16211688,0.29458277,0.53831482
3.9300,1.33054366,1.23529716,0.13875862,0.16245437,0.29512557,0.53940268
3.9400,1.32906954,1.23640383,0.13898905,0.16279152,0.29566749,0.54048792
3.9500,1.32759690,1.23751165,0.13921927,0.16312834,0.29620853,0.54157054
3.9600,1.32612577,1.23862059,0.13944929,0.16346481,0.29674869,0.54265055
3.9700,1.32465615,1.23973067,0.13967910,0.16380095,0.29728797,0.54372794
3.9800,1.32318804,1.24084187,0.13990872,0.16413675,0.29782638,0.54480273
3.9900,1.32172147,1.24195419,0.14013814,0.16447222,0.29836392,0.54587492
4.0000,1.32025643,1.24306763,0.14036737,0.16480735,0.29890058,0.54694451
4.0100,1.31879293,1.24418218,0.14059640,0.16514214,0.29943637,0.54801150
4.0200,1.31733099,1.24529784,0.14082523,0.16547660,0.29997129,0.54907590
4.0300,1.31587060,1.24641459,0.14105388,0.16581072,0.30050534,0.55013772
4.0400,1.31441179,1.24753245,0.14128233,0.16614451,0.30103853,0.55119695
4.0500,1.31295456,1.24865139,0.14151060,0.16647796,0.30157085,0.55225361
4.0600,1.31149891,1.24977142,0.14173867,0.16681108,0.30210230,0.55330769
4.0700,1.31004486,1.25089253,0.14196656,0.16714387,0.30263288,0.55435921
4.0800,1.30859240,1.25201472,0.14219427,0.16747632,0.30316261,0.55540816
4.0900,1.30714156,1.25313799,0.14242179,0.16780844,0.30369147,0.55645456
4.1000,1.30569233,1.25426231,0.14264913,0.16814023,0.30421947,0.55749840
4.1100,1.30424474,1.25538771,0.14287629,0.16847168,0.30474661,0.55853968
4.1200,1.30279877,1.25651415,0.14310327,0.16880280,0.30527289,0.55957843
4.1300,1.30135444,1.25764165,0.14333007,0.16913359,0.30579832,0.56061463
4.1400,1.29991176,1.25877020,0.14355669,0.16946405,0.30632289,0.56164829
4.1500,1.29847074,1.25989979,0.14378313,0.16979418,0.30684661,0.56267942
4.1600,1.29703138,1.26103042,0.14400941,0.17012397,0.30736947,0.56370802
4.1700,1.29559369,1.26216208,0.14423551,0.17045344,0.30789148,0.56473410
4.1800,1.29415768,1.26329477,0.14446143,0.17078257,0.30841263,0.56575766
4.1900,1.29272335,1.26442848,0.14468719,0.17111138,0.30893294,0.56677871
4.2000,1.29129071,1.26556320,0.14491278,0.17143986,0.30945240,0.56779725
4.2100,1.28985977,1.26669894,0.14513820,0.17176800,0.30997101,0.56881328
4.2200,1.28843053,1.26783568,0.14536345,0.17209582,0.31048877,0.56982681
4.2300,1.28700301,1.26897343,0.14558853,0.17242331,0.31100569,0.57083785
4.2400,1.28557721,1.27011217,0.14581345,0.17275047,0.31152177,0.57184640
4.2500,1.28415313,1.27125191,0.14603821,0.17307731,0.31203700,0.57285246
4.2600,1.28273078,1.27239263,0.14626281,0.17340381,0.31255139,0.57385604
4.2700,1.28131017,1.27353433,0.14648724,0.17372999,0.31306493,0.57485714
4.2800,1.27989131,1.27467700,0.14671152,0.17405584,0.31357764,0.57585577
4.2900,1.27847420,1.27582065,0.14693563,0.17438137,0.31408951,0.57685194
4.3000,1.27705884,1.27696527,0.14715959,0.17470657,0.31460055,0.57784564
4.3100,1.27564525,1.27811084,0.14738339,0.17503144,0.31511075,0.57883689
4.3200,1.27423343,1.27925737,0.14760704,0.17535599,0.31562011,0.57982568
4.3300,1.27282338,1.28040485,0.14783053,0.17568021,0.31612864,0.58081203
4.3400,1.27141511,1.28155327,0.14805387,0.17600411,0.31663633,0.58179593
4.3500,1.27000864,1.28270263,0.14827706,0.17632768,0.31714320,0.58277740
4.3600,1.26860395,1.28385293,0.14850010,0.17665093,0.31764923,0.58375643
4.3700,1.26720107,1.28500415,0.14872298,0.17697386,0.31815444,0.58473304
4.3800,1.26579999,1.28615630,0.14894572,0.17729646,0.31865881,0.58570722
4.3900,1.26440073,1.28730937,0.14916831,0.17761874,0.31916236,0.58667899
4.4000,1.26300327,1.28846335,0.14939076,0.17794069,0.31966509,0.58764834
4.4100,1.26160765,1.28961824,0.14961306,0.17826232,0.32016699,0.58861528
4.4200,1.26021384,1.29077403,0.14983521,0.17858363,0.32066806,0.58957983
4.4300,1.25882188,1.29193071,0.15005723,0.17890462,0.32116832,0.59054197
4.4400,1.25743175,1.29308829,0.15027910,0.17922529,0.32166775,0.59150172
4.4500,1.25604346,1.29424676,0.15050082,0.17954563,0.32216636,0.59245908
4.4600,1.25465702,1.29540610,0.15072241,0.17986566,0.32266416,0.59341407
4.4700,1.25327244,1.29656632,0.15094386,0.18018536,0.32316114,0.59436667
4.4800,1.25188972,1.29772741,0.15116517,0.18050474,0.32365730,0.59531690
4.4900,1.25050886,1.29888937,0.15138635,0.18082380,0.32415264,0.59626476
4.5000,1.24912987,1.30005219,0.15160739,0.18114255,0.32464717,0.59721026
4.5100,1.24775275,1.30121586,0.15182829,0.18146097,0.32514089,0.59815340
4.5200,1.24637751,1.30238038,0.15204906,0.18177907,0.32563379,0.59909420
4.5300,1.24500416,1.30354574,0.15226970,0.18209686,0.32612589,0.60003264
4.5400,1.24363269,1.30471194,0.15249020,0.18241433,0.32661717,0.60096874
4.5500,1.24226312,1.30587897,0.15271057,0.18273147,0.32710765,0.60190251
4.5600,1.24089544,1.30704683,0.15293082,0.18304830,0.32759732,0.60283394
4.5700,1.23952967,1.30821552,0.15315093,0.18336482,0.32808618,0.60376305
4.5800,1.23816580,1.30938502,0.15337091,0.18368101,0.32857423,0.60468983
4.5900,1.23680385,1.31055533,0.15359077,0.18399689,0.32906149,0.60561430
4.6000,1.23544381,1.31172644,0.15381050,0.18431245,0.32954794,0.60653646
4.6100,1.23408569,1.31289836,0.15403011,0.18462770,0.33003358,0.60745631
4.6200,1.23272949,1.31407107,0.15424959,0.18494263,0.33051843,0.60837387
4.6300,1.23137522,1.31524457,0.15446895,0.18525724,0.33100248,0.60928912
4.6400,1.23002288,1.31641885,0.15468818,0.18557154,0.33148572,0.61020209
4.6500,1.22867249,1.31759392,0.15490729,0.18588553,0.33196818,0.61111277
4.6600,1.22732403,1.31876975,0.15512628,0.18619920,0.33244983,0.61202117
4.6700,1.22597751,1.31994636,0.15534515,0.18651255,0.33293069,0.61292730
4.6800,1.22463294,1.32112372,0.15556390,0.18682559,0.33341075,0.61383116
4.6900,1.22329033,1.32230184,0.15578254,0.18713832,0.33389003,0.61473276
4.7000,1.22194967,1.32348072,0.15600105,0.18745073,0.33436851,0.61563209
4.7100,1.22061097,1.32466034,0.15621945,0.18776283,0.33484620,0.61652918
4.7200,1.21927423,1.32584070,0.15643773,0.18807462,0.33532309,0.61742401
4.7300,1.21793946,1.32702179,0.15665590,0.18838610,0.33579921,0.61831661
4.7400,1.21660667,1.32820362,0.15687395,0.18869726,0.33627453,0.61920696
4.7500,1.21527584,1.32938617,0.15709189,0.18900811,0.33674907,0.62009509
4.7600,1.21394699,1.33056944,0.15730972,0.18931865,0.33722282,0.62098098
4.7700,1.21262013,1.33175342,0.15752744,0.18962888,0.33769579,0.62186466
4.7800,1.21129524,1.33293811,0.15774504,0.18993879,0.33816797,0.62274612
4.7900,1.20997235,1.33412350,0.15796253,0.19024840,0.33863937,0.62362537
4.8000,1.20865144,1.33530959,0.15817992,0.19055770,0.33910999,0.62450241
4.8100,1.20733253,1.33649637,0.15839719,0.19086668,0.33957983,0.62537726
4.8200,1.20601562,1.33768383,0.15861436,0.19117536,0.34004890,0.62624991
4.8300,1.20470070,1.33887198,0.15883142,0.19148372,0.34051718,0.62712037
4.8400,1.20338779,1.34006080,0.15904838,0.19179178,0.34098469,0.62798864
4.8500,1.20207689,1.34125029,0.15926522,0.19209953,0.34145142,0.62885474
4.8600,1.20076799,1.34244045,0.15948197,0.19240697,0.34191738,0.62971866
4.8700,1.19946111,1.34363126,0.15969861,0.19271410,0.34238257,0.63058042
4.8800,1.19815624,1.34482273,0.15991514,0.19302093,0.34284698,0.63144001
4.8900,1.19685339,1.34601484,0.16013158,0.19332744,0.34331062,0.63229745
4.9000,1.19555256,1.34720760,0.16034791,0.19363365,0.34377349,0.63315273
4.9100,1.19425375,1.34840099,0.16056414,0.19393956,0.34423559,0.63400587
4.9200,1.19295697,1.34959502,0.16078027,0.19424515,0.34469693,0.63485687
4.9300,1.19166221,1.35078967,0.16099630,0.19455044,0.34515749,0.63570573
4.9400,1.19036949,1.35198494,0.16121223,0.19485542,0.34561730,0.63655247
4.9500,1.18907879,1.35318082,0.16142806,0.19516010,0.34607633,0.63739707
4.9600,1.18779014,1.35437732,0.16164380,0.19546447,0.34653461,0.63823956
4.9700,1.18650352,1.35557442,0.16185944,0.19576854,0.34699212,0.63907993
4.9800,1.18521894,1.35677212,0.16207498,0.19607230,0.34744886,0.63991820
4.9900,1.18393641,1.35797041,0.16229042,0.19637576,0.34790485,0.64075436
5.0000,1.18265592,1.35916929,0.16250577,0.19667891,0.34836008,0.64158843
5.0100,1.18137747,1.36036875,0.16272103,0.19698176,0.34881455,0.64242040
5.0200,1.18010108,1.36156879,0.16293619,0.19728431,0.34926827,0.64325029
5.0300,1.17882673,1.36276940,0.16315126,0.19758655,0.34972122,0.64407809
5.0400,1.17755444,1.36397058,0.16336624,0.19788849,0.35017342,0.64490382
5.0500,1.17628421,1.36517232,0.16358113,0.19819013,0.35062487,0.64572748
5.0600,1.17501603,1.36637461,0.16379592,0.19849146,0.35107557,0.64654907
5.0700,1.17374991,1.36757745,0.16401062,0.19879250,0.35152551,0.64736860
5.0800,1.17248585,1.36878084,0.16422524,0.19909323,0.35197470,0.64818608
5.0900,1.17122386,1.36998476,0.16443976,0.19939366,0.35242314,0.64900151
5.1000,1.16996393,1.37118922,0.16465420,0.19969378,0.35287083,0.64981489
5.1100,1.16870606,1.37239421,0.16486855,0.19999361,0.35331778,0.65062624
5.1200,1.16745027,1.37359971,0.16508281,0.20029314,0.35376398,0.65143556
5.1300,1.16619654,1.37480574,0.16529698,0.20059236,0.35420943,0.65224285
5.1400,1.16494488,1.37601228,0.16551107,0.20089129,0.35465414,0.65304811
5.1500,1.16369530,1.37721932,0.16572507,0.20118992,0.35509810,0.65385136
5.1600,1.16244779,1.37842687,0.16593899,0.20148824,0.35554132,0.65465260
5.1700,1.16120236,1.37963491,0.16615282,0.20178627,0.35598380,0.65545183
5.1800,1.15995900,1.38084344,0.16636657,0.20208400,0.35642554,0.65624907
5.1900,1.15871772,1.38205245,0.16658024,0.20238143,0.35686654,0.65704430
5.2000,1.15747853,1.38326195,0.16679382,0.20267856,0.35730680,0.65783755
5.2100,1.15624141,1.38447192,0.16700732,0.20297540,0.35774633,0.65862882
5.2200,1.15500638,1.38568235,0.16722074,0.20327193,0.35818511,0.65941811
5.2300,1.15377343,1.38689325,0.16743408,0.20356817,0.35862316,0.66020542
5.2400,1.15254256,1.38810461,0.16764733,0.20386412,0.35906048,0.66099077
5.2500,1.15131378,1.38931642,0.16786051,0.20415976,0.35949707,0.66177415
5.2600,1.15008709,1.39052868,0.16807361,0.20445511,0.35993292,0.66255558
5.2700,1.14886248,1.39174138,0.16828663,0.20475017,0.36036804,0.66333505
5.2800,1.14763997,1.39295452,0.16849957,0.20504492,0.36080243,0.66411258
5.2900,1.14641954,1.39416808,0.16871243,0.20533938,0.36123609,0.66488817
5.3000,1.14520121,1.39538208,0.16892521,0.20563355,0.36166903,0.66566183
5.3100,1.14398497,1.39659649,0.16913792,0.20592742,0.36210123,0.66643355
5.3200,1.14277082,1.39781132,0.16935055,0.20622100,0.36253271,0.66720335
5.3300,1.14155876,1.39902655,0.16956311,0.20651428,0.36296347,0.66797123
5.3400,1.14034880,1.40024219,0.16977559,0.20680727,0.36339350,0.66873720
5.3500,1.13914093,1.40145823,0.16998799,0.20709997,0.36382280,0.66950126
5.3600,1.13793516,1.40267467,0.17020032,0.20739237,0.36425139,0.67026342
5.3700,1.13673149,1.40389149,0.17041258,0.20768447,0.36467925,0.67102367
5.3800,1.13552991,1.40510870,0.17062476,0.20797629,0.36510640,0.67178204
5.3900,1.13433043,1.40632628,0.17083687,0.20826781,0.36553282,0.67253852
5.4000,1.13313305,1.40754423,0.17104891,0.20855904,0.36595853,0.67329312
5.4100,1.13193777,1.40876256,0.17126087,0.20884998,0.36638352,0.67404584
5.4200,1.13074458,1.40998124,0.17147276,0.20914063,0.36680780,0.67479670
5.4300,1.12955350,1.41120028,0.17168459,0.20943098,0.36723136,0.67554569
5.4400,1.12836451,1.41241967,0.17189634,0.20972105,0.36765420,0.67629281
5.4500,1.12717763,1.41363941,0.17210802,0.21001082,0.36807633,0.67703809
5.4600,1.12599285,1.41485949,0.17231963,0.21030030,0.36849775,0.67778151
5.4700,1.12481016,1.41607991,0.17253117,0.21058949,0.36891846,0.67852309
5.4800,1.12362958,1.41730065,0.17274264,0.21087840,0.36933846,0.67926283
5.4900,1.12245110,1.41852172,0.17295405,0.21116701,0.36975775,0.68000074
5.5000,1.12127473,1.41974311,0.17316538,0.21145533,0.37017634,0.68073682
5.5100,1.12010045,1.42096481,0.17337665,0.21174337,0.37059421,0.68147108
5.5200,1.11892828,1.42218682,0.17358785,0.21203111,0.37101138,0.68220352
5.5300,1.11775820,1.42340914,0.17379899,0.21231857,0.37142785,0.68293415
5.5400,1.11659023,1.42463176,0.17401005,0.21260574,0.37184361,0.68366298
5.5500,1.11542436,1.42585467,0.17422106,0.21289262,0.37225866,0.68439000
5.5600,1.11426060,1.42707786,0.17443199,0.21317921,0.37267302,0.68511523
5.5700,1.11309893,1.42830134,0.17464286,0.21346551,0.37308667,0.68583866
5.5800,1.11193937,1.42952510,0.17485367,0.21375153,0.37349963,0.68656031
5.5900,1.11078191,1.43074913,0.17506441,0.21403726,0.37391188,0.68728018
5.6000,1.10962655,1.43197343,0.17527508,0.21432271,0.37432344,0.68799828
5.6100,1.10847329,1.43319800,0.17548570,0.21460787,0.37473430,0.68871461
5.6200,1.10732214,1.43442281,0.17569625,0.21489274,0.37514446,0.68942917
5.6300,1.10617308,1.43564789,0.17590673,0.21517733,0.37555393,0.69014197
5.6400,1.10502612,1.43687320,0.17611716,0.21546163,0.37596271,0.69085302
5.6500,1.10388127,1.43809876,0.17632752,0.21574565,0.37637079,0.69156233
5.6600,1.10273851,1.43932456,0.17653782,0.21602938,0.37677818,0.69226988
5.6700,1.10159786,1.44055059,0.17674805,0.21631282,0.37718487,0.69297570
5.6800,1.10045930,1.44177684,0.17695823,0.21659599,0.37759088,0.69367979
5.6900,1.09932285,1.44300332,0.17716835,0.21687887,0.37799620,0.69438215
5.7000,1.09818849,1.44423001,0.17737840,0.21716146,0.37840083,0.69508279
5.7100,1.09705622,1.44545692,0.17758840,0.21744377,0.37880477,0.69578171
5.7200,1.09592606,1.44668402,0.17779833,0.21772580,0.37920803,0.69647892
5.7300,1.09479799,1.44791134,0.17800821,0.21800755,0.37961060,0.69717443
5.7400,1.09367202,1.44913884,0.17821802,0.21828901,0.38001249,0.69786823
5.7500,1.09254815,1.45036654,0.17842778,0.21857019,0.38041369,0.69856034
5.7600,1.09142636,1.45159442,0.17863748,0.21885109,0.38081421,0.69925075
5.7700,1.09030668,1.45282249,0.17884712,0.21913171,0.38121405,0.69993948
5.7800,1.08918908,1.45405073,0.17905670,0.21941204,0.38161321,0.70062653
5.7900,1.08807358,1.45527914,0.17926623,0.21969210,0.38201168,0.70131190
5.8000,1.08696017,1.45650771,0.17947570,0.21997187,0.38240948,0.70199560
5.8100,1.08584886,1.45773645,0.17968511,0.22025136,0.38280661,0.70267764
5.8200,1.08473963,1.45896534,0.17989446,0.22053058,0.38320305,0.70335802
5.8300,1.08363249,1.46019439,0.18010376,0.22080951,0.38359882,0.70403674
5.8400,1.08252744,1.46142358,0.18031300,0.22108816,0.38399392,0.70471381
5.8500,1.08142448,1.46265291,0.18052219,0.22136654,0.38438834,0.70538924
5.8600,1.08032360,1.46388237,0.18073132,0.22164463,0.38478208,0.70606303
5.8700,1.07922481,1.46511197,0.18094039,0.22192245,0.38517516,0.70673518
5.8800,1.07812811,1.46634169,0.18114941,0.22219998,0.38556756,0.70740571
5.8900,1.07703349,1.46757153,0.18135838,0.22247724,0.38595930,0.70807461
5.9000,1.07594095,1.46880149,0.18156729,0.22275422,0.38635036,0.70874189
5.9100,1.07485049,1.47003156,0.18177615,0.22303092,0.38674076,0.70940756
5.9200,1.07376212,1.47126174,0.18198495,0.22330735,0.38713049,0.71007161
5.9300,1.07267582,1.47249202,0.18219370,0.22358350,0.38751956,0.71073407
5.9400,1.07159160,1.47372239,0.18240240,0.22385937,0.38790795,0.71139492
5.9500,1.07050946,1.47495285,0.18261104,0.22413496,0.38829569,0.71205418
5.9600,1.06942940,1.47618341,0.18281963,0.22441028,0.38868276,0.71271186
5.9700,1.06835141,1.47741404,0.18302817,0.22468532,0.38906916,0.71336794
5.9800,1.06727549,1.47864475,0.18323665,0.22496008,0.38945491,0.71402245
5.9900,1.06620165,1.47987553,0.18344509,0.22523457,0.38984000,0.71467539
6.0000,1.06512987,1.48110638,0.18365347,0.22550879,0.39022442,0.71532676
6.0100,1.06406017,1.48233729,0.18386180,0.22578273,0.39060819,0.71597656
6.0200,1.06299253,1.48356826,0.18407008,0.22605639,0.39099130,0.71662480
6.0300,1.06192696,1.48479928,0.18427831,0.22632978,0.39137375,0.71727149
6.0400,1.06086346,1.48603035,0.18448649,0.22660290,0.39175555,0.71791663
6.0500,1.05980202,1.48726146,0.18469461,0.22687574,0.39213669,0.71856023
6.0600,1.05874265,1.48849261,0.18490269,0.22714831,0.39251717,0.71920229
6.0700,1.05768533,1.48972380,0.18511071,0.22742061,0.39289701,0.71984281
6.0800,1.05663007,1.49095501,0.18531869,0.22769263,0.39327619,0.72048180
6.0900,1.05557688,1.49218625,0.18552662,0.22796438,0.39365472,0.72111927
6.1000,1.05452574,1.49341750,0.18573450,0.22823585,0.39403260,0.72175522
6.1100,1.05347665,1.49464877,0.18594232,0.22850706,0.39440982,0.72238966
6.1200,1.05242962,1.49588005,0.18615010,0.22877799,0.39478641,0.72302258
6.1300,1.05138464,1.49711134,0.18635783,0.22904865,0.39516234,0.72365400
6.1400,1.05034171,1.49834262,0.18656551,0.22931904,0.39553763,0.72428392
6.1500,1.04930083,1.49957391,0.18677315,0.22958916,0.39591227,0.72491235
6.1600,1.04826200,1.50080518,0.18698073,0.22985900,0.39628626,0.72553929
6.1700,1.04722521,1.50203644,0.18718827,0.23012858,0.39665961,0.72616474
6.1800,1.04619047,1.50326768,0.18739576,0.23039788,0.39703232,0.72678870
6.1900,1.04515777,1.50449889,0.18760320,0.23066692,0.39740439,0.72741120
6.2000,1.04412710,1.50573008,0.18781059,0.23093568,0.39777581,0.72803222
6.2100,1.04309848,1.50696124,0.18801794,0.23120418,0.39814660,0.72865178
6.2200,1.04207189,1.50819236,0.18822524,0.23147241,0.39851674,0.72926987
6.2300,1.04104734,1.50942344,0.18843249,0.23174036,0.39888625,0.72988651
6.2400,1.04002483,1.51065447,0.18863969,0.23200805,0.39925511,0.73050170
6.2500,1.03900434,1.51188545,0.18884685,0.23227547,0.39962335,0.73111544
6.2600,1.03798588,1.51311638,0.18905397,0.23254262,0.39999094,0.73172773
6.2700,1.03696945,1.51434724,0.18926103,0.23280951,0.40035790,0.73233859
6.2800,1.03595505,1.51557804,0.18946805,0.23307612,0.40072423,0.73294802
6.2900,1.03494267,1.51680878,0.18967503,0.23334247,0.40108992,0.73355602
6.3000,1.03393231,1.51803944,0.18988196,0.23360855,0.40145498,0.73416259
6.3100,1.03292397,1.51927002,0.19008884,0.23387437,0.40181941,0.73476775
6.3200,1.03191765,1.52050052,0.19029568,0.23413992,0.40218321,0.73537149
6.3300,1.03091334,1.52173093,0.19050247,0.23440520,0.40254638,0.73597383
6.3400,1.02991105,1.52296125,0.19070922,0.23467021,0.40290892,0.73657475
6.3500,1.02891077,1.52419147,0.19091592,0.23493496,0.40327084,0.73717428
6.3600,1.02791250,1.52542160,0.19112258,0.23519945,0.40363212,0.73777241
6.3700,1.02691624,1.52665162,0.19132919,0.23546367,0.40399278,0.73836916
6.3800,1.02592199,1.52788153,0.19153576,0.23572762,0.40435282,0.73896451
6.3900,1.02492973,1.52911132,0.19174229,0.23599131,0.40471223,0.73955849
6.4000,1.02393948,1.53034100,0.19194877,0.23625473,0.40507102,0.74015108
6.4100,1.02295123,1.53157055,0.19215521,0.23651789,0.40542918,0.74074231
6.4200,1.02196498,1.53279998,0.19236160,0.23678079,0.40578673,0.74133217
6.4300,1.02098072,1.53402928,0.19256795,0.23704342,0.40614365,0.74192066
6.4400,1.01999845,1.53525844,0.19277425,0.23730579,0.40649995,0.74250779
6.4500,1.01901818,1.53648746,0.19298052,0.23756789,0.40685564,0.74309358
6.4600,1.01803989,1.53771633,0.19318673,0.23782973,0.40721070,0.74367801
6.4700,1.01706359,1.53894506,0.19339291,0.23809131,0.40756515,0.74426109
6.4800,1.01608927,1.54017363,0.19359904,0.23835263,0.40791898,0.74484284
6.4900,1.01511694,1.54140205,0.19380513,0.23861369,0.40827220,0.74542325
6.5000,1.01414658,1.54263030,0.19401118,0.23887448,0.40862480,0.74600233
6.5100,1.01317820,1.54385839,0.19421718,0.23913501,0.40897679,0.74658008
6.5200,1.01221180,1.54508631,0.19442314,0.23939528,0.40932817,0.74715651
6.5300,1.01124737,1.54631405,0.19462906,0.23965529,0.40967893,0.74773162
6.5400,1.01028490,1.54754161,0.19483494,0.23991504,0.41002908,0.74830541
6.5500,1.00932441,1.54876900,0.19504077,0.24017452,0.41037863,0.74887790
6.5600,1.00836588,1.54999619,0.19524656,0.24043375,0.41072756,0.74944909
6.5700,1.00740932,1.55122319,0.19545231,0.24069272,0.41107589,0.75001897
6.5800,1.00645472,1.55245000,0.19565802,0.24095142,0.41142360,0.75058755
6.5900,1.00550207,1.55367660,0.19586369,0.24120987,0.41177071,0.75115485
6.6000,1.00455138,1.55490300,0.19606931,0.24146806,0.41211722,0.75172086
6.6100,1.00360264,1.55612920,0.19627489,0.24172599,0.41246312,0.75228558
6.6200,1.00265586,1.55735518,0.19648043,0.24198366,0.41280841,0.75284903
6.6300,1.00171102,1.55858094,0.19668593,0.24224107,0.41315311,0.75341120
6.6400,1.00076813,1.55980648,0.19689139,0.24249822,0.41349720,0.75397211
6.6500,0.99982718,1.56103180,0.19709681,0.24275512,0.41384068,0.75453174
6.6600,0.99888818,1.56225689,0.19730218,0.24301176,0.41418357,0.75509012
6.6700,0.99795111,1.56348174,0.19750752,0.24326814,0.41452586,0.75564724
6.6800,0.99701598,1.56470636,0.19771281,0.24352426,0.41486755,0.75620311
6.6900,0.99608278,1.56593074,0.19791806,0.24378013,0.41520864,0.75675772
6.7000,0.99515152,1.56715487,0.19812327,0.24403573,0.41554913,0.75731110
6.7100,0.99422218,1.56837875,0.19832844,0.24429109,0.41588903,0.75786323
6.7200,0.99329477,1.56960238,0.19853357,0.24454618,0.41622833,0.75841413
6.7300,0.99236928,1.57082575,0.19873866,0.24480102,0.41656704,0.75896380
6.7400,0.99144571,1.57204886,0.19894371,0.24505561,0.41690515,0.75951224
6.7500,0.99052406,1.57327170,0.19914872,0.24530994,0.41724267,0.76005946
6.7600,0.98960432,1.57449427,0.19935369,0.24556401,0.41757960,0.76060546
6.7700,0.98868650,1.57571657,0.19955862,0.24581783,0.41791594,0.76115025
6.7800,0.98777059,1.57693859,0.19976350,0.24607139,0.41825168,0.76169383
6.7900,0.98685658,1.57816033,0.19996835,0.24632470,0.41858684,0.76223620
6.8000,0.98594449,1.57938179,0.20017316,0.24657776,0.41892141,0.76277736
6.8100,0.98503429,1.58060295,0.20037793,0.24683056,0.41925539,0.76331733
6.8200,0.98412599,1.58182383,0.20058265,0.24708311,0.41958878,0.76385611
6.8300,0.98321959,1.58304440,0.20078734,0.24733540,0.41992158,0.76439370
6.8400,0.98231508,1.58426467,0.20099199,0.24758745,0.42025380,0.76493010
6.8500,0.98141247,1.58548464,0.20119660,0.24783923,0.42058544,0.76546532
6.8600,0.98051174,1.58670430,0.20140116,0.24809077,0.42091649,0.76599937
6.8700,0.97961290,1.58792365,0.20160569,0.24834205,0.42124696,0.76653224
6.8800,0.97871594,1.58914268,0.20181018,0.24859309,0.42157685,0.76706394
6.8900,0.97782086,1.59036139,0.20201463,0.24884386,0.42190616,0.76759447
6.9000,0.97692766,1.59157978,0.20221904,0.24909439,0.42223488,0.76812385
6.9100,0.97603634,1.59279783,0.20242341,0.24934467,0.42256303,0.76865207
6.9200,0.97514689,1.59401556,0.20262774,0.24959469,0.42289059,0.76917914
6.9300,0.97425930,1.59523295,0.20283203,0.24984447,0.42321758,0.76970505
6.9400,0.97337358,1.59645000,0.20303628,0.25009399,0.42354399,0.77022983
6.9500,0.97248973,1.59766671,0.20324049,0.25034326,0.42386983,0.77075346
6.9600,0.97160774,1.59888307,0.20344467,0.25059229,0.42419509,0.77127595
6.9700,0.97072760,1.60009908,0.20364880,0.25084106,0.42451978,0.77179732
6.9800,0.96984932,1.60131474,0.20385289,0.25108958,0.42484389,0.77231755
6.9900,0.96897290,1.60253003,0.20405695,0.25133786,0.42516743,0.77283666
7.0000,0.96809832,1.60374497,0.20426097,0.25158588,0.42549039,0.77335464
7.0100,0.96722559,1.60495954,0.20446494,0.25183366,0.42581279,0.77387151
7.0200,0.96635470,1.60617374,0.20466888,0.25208118,0.42613461,0.77438727
7.0300,0.96548566,1.60738757,0.20487278,0.25232846,0.42645587,0.77490192
7.0400,0.96461845,1.60860102,0.20507664,0.25257549,0.42677655,0.77541546
7.0500,0.96375307,1.60981410,0.20528046,0.25282228,0.42709667,0.77592790
7.0600,0.96288953,1.61102679,0.20548424,0.25306881,0.42741622,0.77643924
7.0700,0.96202782,1.61223909,0.20568799,0.25331510,0.42773521,0.77694949
7.0800,0.96116794,1.61345100,0.20589169,0.25356114,0.42805363,0.77745865
7.0900,0.96030987,1.61466252,0.20609536,0.25380693,0.42837148,0.77796672
7.1000,0.95945363,1.61587364,0.20629898,0.25405248,0.42868877,0.77847371
7.1100,0.95859921,1.61708435,0.20650257,0.25429778,0.42900550,0.77897962
7.1200,0.95774660,1.61829467,0.20670612,0.25454283,0.42932166,0.77948446
7.1300,0.95689580,1.61950457,0.20690963,0.25478764,0.42963726,0.77998822
7.1400,0.95604681,1.62071406,0.20711310,0.25503220,0.42995230,0.78049092
7.1500,0.95519963,1.62192314,0.20731654,0.25527652,0.43026679,0.78099256
7.1600,0.95435425,1.62313180,0.20751993,0.25552059,0.43058071,0.78149313
7.1700,0.95351067,1.62434003,0.20772328,0.25576442,0.43089407,0.78199265
7.1800,0.95266889,1.62554784,0.20792660,0.25600800,0.43120688,0.78249112
7.1900,0.95182890,1.62675522,0.20812988,0.25625134,0.43151913,0.78298853
7.2000,0.95099070,1.62796217,0.20833312,0.25649443,0.43183082,0.78348491
7.2100,0.95015429,1.62916868,0.20853632,0.25673728,0.43214196,0.78398024
7.2200,0.94931966,1.63037475,0.20873948,0.25697989,0.43245254,0.78447453
7.2300,0.94848682,1.63158038,0.20894260,0.25722225,0.43276257,0.78496779
7.2400,0.94765575,1.63278556,0.20914569,0.25746437,0.43307205,0.78546002
7.2500,0.94682646,1.63399029,0.20934873,0.25770624,0.43338098,0.78595122
7.2600,0.94599894,1.63519457,0.20955174,0.25794788,0.43368935,0.78644140
7.2700,0.94517320,1.63639839,0.20975471,0.25818927,0.43399718,0.78693056
7.2800,0.94434922,1.63760176,0.20995764,0.25843041,0.43430445,0.78741871
7.2900,0.94352700,1.63880465,0.21016053,0.25867132,0.43461118,0.78790584
7.3000,0.94270654,1.64000709,0.21036339,0.25891198,0.43491735,0.78839196
7.3100,0.94188785,1.64120905,0.21056620,0.25915241,0.43522298,0.78887708
7.3200,0.94107090,1.64241054,0.21076897,0.25939259,0.43552807,0.78936120
7.3300,0.94025571,1.64361156,0.21097171,0.25963253,0.43583260,0.78984432
7.3400,0.93944227,1.64481209,0.21117441,0.25987223,0.43613660,0.79032644
7.3500,0.93863057,1.64601214,0.21137707,0.26011169,0.43644005,0.79080758
7.3600,0.93782061,1.64721171,0.21157969,0.26035091,0.43674295,0.79128773
7.3700,0.93701239,1.64841079,0.21178227,0.26058988,0.43704532,0.79176689
7.3800,0.93620591,1.64960937,0.21198482,0.26082862,0.43734714,0.79224507
7.3900,0.93540116,1.65080746,0.21218732,0.26106712,0.43764842,0.79272228
7.4000,0.93459814,1.65200505,0.21238979,0.26130538,0.43794916,0.79319851
7.4100,0.93379685,1.65320214,0.21259221,0.26154340,0.43824936,0.79367377
7.4200,0.93299728,1.65439873,0.21279460,0.26178118,0.43854902,0.79414807
7.4300,0.93219944,1.65559480,0.21299695,0.26201872,0.43884814,0.79462140
7.4400,0.93140331,1.65679037,0.21319926,0.26225603,0.43914673,0.79509377
7.4500,0.93060889,1.65798542,0.21340154,0.26249309,0.43944478,0.79556519
7.4600,0.92981619,1.65917995,0.21360377,0.26272992,0.43974230,0.79603565
7.4700,0.92902519,1.66037396,0.21380597,0.26296651,0.44003928,0.79650517
7.4800,0.92823590,1.66156745,0.21400812,0.26320286,0.44033572,0.79697373
7.4900,0.92744831,1.66276041,0.21421024,0.26343898,0.44063163,0.79744136
7.5000,0.92666242,1.66395285,0.21441232,0.26367486,0.44092701,0.79790804
7.5100,0.92587823,1.66514475,0.21461436,0.26391050,0.44122186,0.79837379
7.5200,0.92509572,1.66633611,0.21481636,0.26414590,0.44151618,0.79883861
7.5300,0.92431491,1.66752694,0.21501832,0.26438107,0.44180997,0.79930250
7.5400,0.92353579,1.66871722,0.21522024,0.26461600,0.44210323,0.79976546
7.5500,0.92275834,1.66990696,0.21542213,0.26485070,0.44239596,0.80022750
7.5600,0.92198258,1.67109615,0.21562397,0.26508516,0.44268816,0.80068862
7.5700,0.92120849,1.67228479,0.21582578,0.26531939,0.44297983,0.80114882
7.5800,0.92043608,1.67347288,0.21602754,0.26555338,0.44327098,0.80160811
7.5900,0.91966534,1.67466041,0.21622927,0.26578713,0.44356160,0.80206649
7.6000,0.91889626,1.67584738,0.21643096,0.26602065,0.44385170,0.80252396
7.6100,0.91812885,1.67703379,0.21663261,0.26625394,0.44414127,0.80298053
7.6200,0.91736310,1.67821964,0.21683422,0.26648699,0.44443032,0.80343620
7.6300,0.91659901,1.67940491,0.21703579,0.26671981,0.44471885,0.80389098
7.6400,0.91583658,1.68058962,0.21723732,0.26695240,0.44500686,0.80434486
7.6500,0.91507579,1.68177375,0.21743882,0.26718475,0.44529434,0.80479785
7.6600,0.91431666,1.68295731,0.21764027,0.26741686,0.44558131,0.80524995
7.6700,0.91355916,1.68414028,0.21784168,0.26764875,0.44586775,0.80570117
7.6800,0.91280332,1.68532268,0.21804306,0.26788040,0.44615368,0.80615150
7.6900,0.91204911,1.68650449,0.21824439,0.26811182,0.44643908,0.80660096
7.7000,0.91129653,1.68768571,0.21844569,0.26834301,0.44672397,0.80704955
7.7100,0.91054559,1.68886634,0.21864695,0.26857396,0.44700835,0.80749726
7.7200,0.90979628,1.69004638,0.21884816,0.26880468,0.44729221,0.80794410
7.7300,0.90904859,1.69122582,0.21904934,0.26903518,0.44757555,0.80839008
7.7400,0.90830253,1.69240466,0.21925048,0.26926544,0.44785838,0.80883520
7.7500,0.90755809,1.69358291,0.21945158,0.26949546,0.44814069,0.80927946
7.7600,0.90681526,1.69476054,0.21965263,0.26972526,0.44842250,0.80972286
7.7700,0.90607405,1.69593758,0.21985365,0.26995483,0.44870379,0.81016541
7.7800,0.90533445,1.69711400,0.22005463,0.27018417,0.44898456,0.81060710
7.7900,0.90459646,1.69828981,0.22025557,0.27041327,0.44926483,0.81104795
7.8000,0.90386007,1.69946500,0.22045647,0.27064215,0.44954459,0.81148796
7.8100,0.90312528,1.70063958,0.22065733,0.27087079,0.44982384,0.81192713
7.8200,0.90239208,1.70181354,0.22085815,0.27109921,0.45010258,0.81236546
7.8300,0.90166049,1.70298687,0.22105893,0.27132740,0.45038081,0.81280295
7.8400,0.90093048,1.70415958,0.22125967,0.27155536,0.45065854,0.81323961
7.8500,0.90020207,1.70533166,0.22146037,0.27178309,0.45093576,0.81367544
7.8600,0.89947523,1.70650312,0.22166103,0.27201059,0.45121247,0.81411045
7.8700,0.89874998,1.70767393,0.22186165,0.27223786,0.45148868,0.81454463
7.8800,0.89802631,1.70884412,0.22206223,0.27246490,0.45176439,0.81497799
7.8900,0.89730422,1.71001366,0.22226277,0.27269172,0.45203959,0.81541054
7.9000,0.89658369,1.71118257,0.22246327,0.27291831,0.45231429,0.81584227
7.9100,0.89586474,1.71235083,0.22266373,0.27314467,0.45258849,0.81627318
7.9200,0.89514735,1.71351844,0.22286415,0.27337080,0.45286219,0.81670329
7.9300,0.89443153,1.71468541,0.22306452,0.27359671,0.45313538,0.81713260
7.9400,0.89371726,1.71585173,0.22326486,0.27382239,0.45340808,0.81756110
7.9500,0.89300455,1.71701739,0.22346516,0.27404784,0.45368028,0.81798880
7.9600,0.89229340,1.71818240,0.22366542,0.27427307,0.45395198,0.81841571
7.9700,0.89158379,1.71934675,0.22386563,0.27449807,0.45422318,0.81884182
7.9800,0.89087573,1.72051044,0.22406581,0.27472284,0.45449389,0.81926714
7.9900,0.89016922,1.72167347,0.22426594,0.27494739,0.45476410,0.81969167
8.0000,0.88946425,1.72283583,0.22446603,0.27517171,0.45503381,0.82011541
8.0100,0.88876081,1.72399753,0.22466609,0.27539581,0.45530303,0.82053837
8.0200,0.88805891,1.72515855,0.22486610,0.27561969,0.45557176,0.82096055
8.0300,0.88735854,1.72631891,0.22506607,0.27584333,0.45583999,0.82138196
8.0400,0.88665969,1.72747859,0.22526600,0.27606676,0.45610773,0.82180259
8.0500,0.88596237,1.72863759,0.22546589,0.27628996,0.45637498,0.82222244
8.0600,0.88526658,1.72979591,0.22566574,0.27651293,0.45664173,0.82264153
8.0700,0.88457230,1.73095355,0.22586554,0.27673568,0.45690800,0.82305985
8.0800,0.88387954,1.73211051,0.22606531,0.27695821,0.45717378,0.82347741
8.0900,0.88318829,1.73326678,0.22626503,0.27718051,0.45743907,0.82389420
8.1000,0.88249854,1.73442236,0.22646472,0.27740259,0.45770387,0.82431024
8.1100,0.88181031,1.73557726,0.22666436,0.27762445,0.45796818,0.82472552
8.1200,0.88112358,1.73673146,0.22686396,0.27784609,0.45823201,0.82514005
8.1300,0.88043834,1.73788496,0.22706352,0.27806750,0.45849535,0.82555383
8.1400,0.87975460,1.73903777,0.22726303,0.27828869,0.45875820,0.82596686
8.1500,0.87907236,1.74018987,0.22746251,0.27850966,0.45902057,0.82637915
8.1600,0.87839161,1.74134128,0.22766194,0.27873040,0.45928246,0.82679070
8.1700,0.87771234,1.74249198,0.22786134,0.27895093,0.45954386,0.82720150
8.1800,0.87703456,1.74364198,0.22806069,0.27917123,0.45980479,0.82761157
8.1900,0.87635825,1.74479126,0.22825999,0.27939131,0.46006522,0.82802090
8.2000,0.87568343,1.74593984,0.22845926,0.27961117,0.46032518,0.82842950
8.2100,0.87501008,1.74708771,0.22865848,0.27983081,0.46058466,0.82883737
8.2200,0.87433820,1.74823485,0.22885767,0.28005023,0.46084366,0.82924452
8.2300,0.87366779,1.74938129,0.22905681,0.28026943,0.46110218,0.82965094
8.2400,0.87299884,1.75052700,0.22925590,0.28048841,0.46136022,0.83005664
8.2500,0.87233136,1.75167199,0.22945496,0.28070717,0.46161778,0.83046162
8.2600,0.87166533,1.75281626,0.22965397,0.28092571,0.46187487,0.83086589
8.2700,0.87100076,1.75395981,0.22985294,0.28114403,0.46213148,0.83126944
8.2800,0.87033764,1.75510263,0.23005187,0.28136213,0.46238761,0.83167228
8.2900,0.86967597,1.75624472,0.23025076,0.28158001,0.46264327,0.83207441
8.3000,0.86901575,1.75738607,0.23044960,0.28179767,0.46289846,0.83247583
8.3100,0.86835697,1.75852670,0.23064840,0.28201511,0.46315317,0.83287655
8.3200,0.86769963,1.75966659,0.23084716,0.28223234,0.46340741,0.83327657
8.3300,0.86704373,1.76080574,0.23104587,0.28244934,0.46366117,0.83367589
8.3400,0.86638926,1.76194415,0.23124455,0.28266613,0.46391447,0.83407451
8.3500,0.86573622,1.76308182,0.23144318,0.28288271,0.46416729,0.83447244
8.3600,0.86508461,1.76421875,0.23164176,0.28309906,0.46441965,0.83486968
8.3700,0.86443442,1.76535493,0.23184031,0.28331520,0.46467153,0.83526623
8.3800,0.86378566,1.76649037,0.23203881,0.28353112,0.46492295,0.83566209
8.3900,0.86313831,1.76762505,0.23223726,0.28374682,0.46517390,0.83605727
8.4000,0.86249238,1.76875899,0.23243568,0.28396230,0.46542438,0.83645177
8.4100,0.86184786,1.76989217,0.23263405,0.28417757,0.46567440,0.83684559
8.4200,0.86120475,1.77102460,0.23283237,0.28439263,0.46592395,0.83723873
8.4300,0.86056304,1.77215627,0.23303066,0.28460746,0.46617303,0.83763119
8.4400,0.85992274,1.77328719,0.23322890,0.28482209,0.46642165,0.83802299
8.4500,0.85928384,1.77441734,0.23342709,0.28503649,0.46666981,0.83841411
8.4600,0.85864633,1.77554673,0.23362525,0.28525068,0.46691750,0.83880457
8.4700,0.85801022,1.77667536,0.23382335,0.28546466,0.46716473,0.83919436
8.4800,0.85737549,1.77780322,0.23402142,0.28567842,0.46741150,0.83958349
8.4900,0.85674216,1.77893031,0.23421944,0.28589196,0.46765780,0.83997195
8.5000,0.85611021,1.78005664,0.23441742,0.28610529,0.46790365,0.84035976
8.5100,0.85547964,1.78118219,0.23461535,0.28631841,0.46814904,0.84074692
8.5200,0.85485045,1.78230697,0.23481324,0.28653131,0.46839397,0.84113342
8.5300,0.85422263,1.78343098,0.23501108,0.28674400,0.46863844,0.84151927
8.5400,0.85359619,1.78455420,0.23520888,0.28695648,0.46888245,0.84190447
8.5500,0.85297111,1.78567666,0.23540664,0.28716874,0.46912600,0.84228902
8.5600,0.85234740,1.78679833,0.23560435,0.28738079,0.46936910,0.84267293
8.5700,0.85172505,1.78791922,0.23580202,0.28759262,0.46961174,0.84305620
8.5800,0.85110407,1.78903932,0.23599964,0.28780425,0.46985393,0.84343883
8.5900,0.85048444,1.79015864,0.23619722,0.28801566,0.47009566,0.84382082
8.6000,0.84986616,1.79127718,0.23639475,0.28822686,0.47033694,0.84420217
8.6100,0.84924924,1.79239492,0.23659224,0.28843784,0.47057776,0.84458289
8.6200,0.84863366,1.79351188,0.23678968,0.28864862,0.47081814,0.84496298
8.6300,0.84801943,1.79462805,0.23698708,0.28885918,0.47105806,0.84534244
8.6400,0.84740653,1.79574342,0.23718444,0.28906953,0.47129753,0.84572128
8.6500,0.84679498,1.79685799,0.23738175,0.28927967,0.47153655,0.84609948
8.6600,0.84618476,1.79797177,0.23757901,0.28948960,0.47177512,0.84647707
8.6700,0.84557588,1.79908475,0.23777623,0.28969931,0.47201324,0.84685404
8.6800,0.84496833,1.80019694,0.23797340,0.28990882,0.47225091,0.84723039
8.6900,0.84436210,1.80130832,0.23817053,0.29011812,0.47248814,0.84760612
8.7000,0.84375719,1.80241890,0.23836761,0.29032720,0.47272491,0.84798124
8.7100,0.84315361,1.80352867,0.23856465,0.29053608,0.47296124,0.84835575
8.7200,0.84255134,1.80463764,0.23876164,0.29074474,0.47319713,0.84872965
8.7300,0.84195039,1.80574580,0.23895858,0.29095320,0.47343257,0.84910294
8.7400,0.84135075,1.80685315,0.23915548,0.29116145,0.47366756,0.84947563
8.7500,0.84075242,1.80795969,0.23935233,0.29136948,0.47390211,0.84984772
8.7600,0.84015540,1.80906541,0.23954914,0.29157731,0.47413622,0.85021920
8.7700,0.83955967,1.81017033,0.23974590,0.29178493,0.47436989,0.85059008
8.7800,0.83896525,1.81127443,0.23994262,0.29199234,0.47460311,0.85096037
8.7900,0.83837212,1.81237771,0.24013929,0.29219955,0.47483589,0.85133006
8.8000,0.83778029,1.81348018,0.24033591,0.29240654,0.47506823,0.85169916
8.8100,0.83718975,1.81458182,0.24053249,0.29261333,0.47530014,0.85206767
8.8200,0.83660050,1.81568265,0.24072902,0.29281991,0.47553160,0.85243559
8.8300,0.83601253,1.81678265,0.24092550,0.29302628,0.47576262,0.85280293
8.8400,0.83542584,1.81788183,0.24112194,0.29323244,0.47599321,0.85316968
8.8500,0.83484044,1.81898018,0.24131833,0.29343840,0.47622335,0.85353584
8.8600,0.83425631,1.82007771,0.24151467,0.29364415,0.47645306,0.85390143
8.8700,0.83367345,1.82117441,0.24171097,0.29384969,0.47668234,0.85426644
8.8800,0.83309186,1.82227028,0.24190722,0.29405503,0.47691118,0.85463087
8.8900,0.83251154,1.82336531,0.24210342,0.29426016,0.47713958,0.85499473
8.9000,0.83193249,1.82445952,0.24229958,0.29446508,0.47736755,0.85535801
8.9100,0.83135470,1.82555290,0.24249569,0.29466980,0.47759509,0.85572072
8.9200,0.83077816,1.82664543,0.24269175,0.29487432,0.47782219,0.85608287
8.9300,0.83020288,1.82773714,0.24288777,0.29507862,0.47804886,0.85644445
8.9400,0.82962886,1.82882800,0.24308373,0.29528272,0.47827510,0.85680546
8.9500,0.82905608,1.82991803,0.24327965,0.29548662,0.47850091,0.85716591
8.9600,0.82848455,1.83100722,0.24347553,0.29569031,0.47872629,0.85752580
8.9700,0.82791427,1.83209556,0.24367135,0.29589380,0.47895124,0.85788514
8.9800,0.82734522,1.83318306,0.24386713,0.29609708,0.47917576,0.85824391
8.9900,0.82677742,1.83426972,0.24406286,0.29630016,0.47939985,0.85860213
9.0000,0.82621085,1.83535554,0.24425854,0.29650304,0.47962351,0.85895980
9.0100,0.82564551,1.83644050,0.24445417,0.29670571,0.47984675,0.85931691
9.0200,0.82508141,1.83752462,0.24464976,0.29690818,0.48006956,0.85967347
9.0300,0.82451853,1.83860790,0.24484530,0.29711044,0.48029194,0.86002949
9.0400,0.82395687,1.83969032,0.24504079,0.29731250,0.48051390,0.86038496
9.0500,0.82339644,1.84077189,0.24523623,0.29751436,0.48073543,0.86073989
9.0600,0.82283722,1.84185261,0.24543162,0.29771601,0.48095654,0.86109428
9.0700,0.82227922,1.84293247,0.24562696,0.29791746,0.48117722,0.86144812
9.0800,0.82172244,1.84401148,0.24582226,0.29811871,0.48139749,0.86180143
9.0900,0.82116686,1.84508963,0.24601751,0.29831976,0.48161733,0.86215420
9.1000,0.82061249,1.84616693,0.24621271,0.29852061,0.48183675,0.86250644
9.1100,0.82005932,1.84724337,0.24640786,0.29872125,0.48205574,0.86285814
9.1200,0.81950736,1.84831895,0.24660296,0.29892169,0.48227432,0.86320931
9.1300,0.81895659,1.84939367,0.24679801,0.29912193,0.48249248,0.86355996
9.1400,0.81840702,1.85046752,0.24699301,0.29932197,0.48271022,0.86391007
9.1500,0.81785865,1.85154052,0.24718797,0.29952181,0.48292754,0.86425966
9.1600,0.81731146,1.85261265,0.24738287,0.29972145,0.48314444,0.86460873
9.1700,0.81676546,1.85368392,0.24757773,0.29992088,0.48336092,0.86495727
9.1800,0.81622065,1.85475432,0.24777254,0.30012012,0.48357699,0.86530530
9.1900,0.81567702,1.85582385,0.24796729,0.30031916,0.48379264,0.86565280
9.2000,0.81513456,1.85689251,0.24816200,0.30051799,0.48400788,0.86599979
9.2100,0.81459329,1.85796031,0.24835666,0.30071663,0.48422270,0.86634626
9.2200,0.81405318,1.85902723,0.24855127,0.30091507,0.48443711,0.86669222
9.2300,0.81351425,1.86009329,0.24874583,0.30111330,0.48465110,0.86703767
9.2400,0.81297649,1.86115847,0.24894034,0.30131134,0.48486469,0.86738261
9.2500,0.81243989,1.86222278,0.24913480,0.30150918,0.48507785,0.86772704
9.2600,0.81190445,1.86328621,0.24932921,0.30170682,0.48529061,0.86807096
9.2700,0.81137017,1.86434877,0.24952357,0.30190426,0.48550296,0.86841438
9.2800,0.81083705,1.86541046,0.24971788,0.30210151,0.48571489,0.86875729
9.2900,0.81030509,1.86647126,0.24991214,0.30229855,0.48592642,0.86909971
9.3000,0.80977428,1.86753119,0.25010635,0.30249540,0.48613753,0.86944162
9.3100,0.80924461,1.86859024,0.25030051,0.30269205,0.48634824,0.86978303
9.3200,0.80871609,1.86964841,0.25049461,0.30288850,0.48655854,0.87012395
9.3300,0.80818872,1.87070570,0.25068867,0.30308475,0.48676843,0.87046438
9.3400,0.80766248,1.87176210,0.25088268,0.30328081,0.48697792,0.87080431
9.3500,0.80713739,1.87281763,0.25107664,0.30347667,0.48718700,0.87114375
9.3600,0.80661342,1.87387226,0.25127054,0.30367233,0.48739567,0.87148270
9.3700,0.80609060,1.87492602,0.25146440,0.30386780,0.48760394,0.87182116
9.3800,0.80556890,1.87597889,0.25165820,0.30406307,0.48781180,0.87215913
9.3900,0.80504833,1.87703087,0.25185196,0.30425814,0.48801926,0.87249662
9.4000,0.80452888,1.87808197,0.25204566,0.30445302,0.48822631,0.87283363
9.4100,0.80401055,1.87913217,0.25223931,0.30464770,0.48843297,0.87317015
9.4200,0.80349335,1.88018149,0.25243291,0.30484219,0.48863922,0.87350619
9.4300,0.80297726,1.88122992,0.25262646,0.30503648,0.48884507,0.87384176
9.4400,0.80246228,1.88227746,0.25281995,0.30523057,0.48905052,0.87417685
9.4500,0.80194842,1.88332410,0.25301340,0.30542447,0.48925557,0.87451146
9.4600,0.80143567,1.88436986,0.25320679,0.30561818,0.48946021,0.87484560
9.4700,0.80092402,1.88541472,0.25340014,0.30581169,0.48966446,0.87517927
9.4800,0.80041347,1.88645869,0.25359343,0.30600501,0.48986832,0.87551246
9.4900,0.79990402,1.88750176,0.25378667,0.30619813,0.49007177,0.87584519
9.5000,0.79939568,1.88854393,0.25397985,0.30639106,0.49027482,0.87617745
9.5100,0.79888842,1.88958521,0.25417299,0.30658379,0.49047748,0.87650924
9.5200,0.79838227,1.89062560,0.25436607,0.30677633,0.49067975,0.87684056
9.5300,0.79787720,1.89166508,0.25455910,0.30696868,0.49088161,0.87717143
9.5400,0.79737322,1.89270367,0.25475208,0.30716083,0.49108309,0.87750183
9.5500,0.79687032,1.89374135,0.25494501,0.30735279,0.49128416,0.87783177
9.5600,0.79636850,1.89477814,0.25513788,0.30754456,0.49148485,0.87816126
9.5700,0.79586777,1.89581403,0.25533070,0.30773613,0.49168514,0.87849028
9.5800,0.79536811,1.89684901,0.25552347,0.30792751,0.49188504,0.87881886
9.5900,0.79486953,1.89788309,0.25571619,0.30811870,0.49208454,0.87914697
9.6000,0.79437202,1.89891627,0.25590885,0.30830970,0.49228366,0.87947464
9.6100,0.79387558,1.89994855,0.25610146,0.30850051,0.49248238,0.87980185
9.6200,0.79338020,1.90097992,0.25629402,0.30869112,0.49268071,0.88012861
9.6300,0.79288589,1.90201039,0.25648653,0.30888154,0.49287866,0.88045493
9.6400,0.79239265,1.90303995,0.25667898,0.30907177,0.49307621,0.88078080
9.6500,0.79190046,1.90406860,0.25687138,0.30926181,0.49327338,0.88110622
9.6600,0.79140932,1.90509635,0.25706372,0.30945166,0.49347015,0.88143120
9.6700,0.79091925,1.90612319,0.25725601,0.30964132,0.49366654,0.88175573
9.6800,0.79043022,1.90714912,0.25744825,0.30983078,0.49386255,0.88207983
9.6900,0.78994224,1.90817414,0.25764044,0.31002006,0.49405817,0.88240348
9.7000,0.78945531,1.90919825,0.25783257,0.31020915,0.49425340,0.88272670
9.7100,0.78896942,1.91022146,0.25802465,0.31039804,0.49444824,0.88304948
9.7200,0.78848458,1.91124375,0.25821668,0.31058675,0.49464270,0.88337183
9.7300,0.78800077,1.91226513,0.25840865,0.31077526,0.49483678,0.88369374
9.7400,0.78751800,1.91328560,0.25860057,0.31096359,0.49503048,0.88401521
9.7500,0.78703627,1.91430515,0.25879243,0.31115173,0.49522379,0.88433626
9.7600,0.78655556,1.91532380,0.25898424,0.31133968,0.49541672,0.88465688
9.7700,0.78607588,1.91634152,0.25917599,0.31152744,0.49560927,0.88497707
9.7800,0.78559724,1.91735834,0.25936770,0.31171501,0.49580143,0.88529683
9.7900,0.78511961,1.91837424,0.25955934,0.31190239,0.49599322,0.88561616
9.8000,0.78464301,1.91938923,0.25975094,0.31208958,0.49618462,0.88593507
9.8100,0.78416742,1.92040329,0.25994247,0.31227659,0.49637565,0.88625356
9.8200,0.78369285,1.92141645,0.26013396,0.31246341,0.49656630,0.88657163
9.8300,0.78321930,1.92242868,0.26032539,0.31265004,0.49675657,0.88688928
9.8400,0.78274676,1.92344000,0.26051676,0.31283648,0.49694646,0.88720650
9.8500,0.78227522,1.92445040,0.26070808,0.31302273,0.49713597,0.88752331
9.8600,0.78180470,1.92545988,0.26089935,0.31320880,0.49732511,0.88783970
9.8700,0.78133518,1.92646845,0.26109056,0.31339468,0.49751387,0.88815568
9.8800,0.78086666,1.92747609,0.26128172,0.31358038,0.49770226,0.88847125
9.8900,0.78039914,1.92848281,0.26147282,0.31376588,0.49789027,0.88878640
9.9000,0.77993261,1.92948862,0.26166386,0.31395120,0.49807791,0.88910114
9.9100,0.77946708,1.93049350,0.26185485,0.31413634,0.49826517,0.88941547
9.9200,0.77900255,1.93149746,0.26204579,0.31432129,0.49845206,0.88972939
9.9300,0.77853900,1.93250050,0.26223667,0.31450605,0.49863858,0.89004291
9.9400,0.77807644,1.93350262,0.26242749,0.31469062,0.49882472,0.89035601
9.9500,0.77761487,1.93450382,0.26261826,0.31487502,0.49901050,0.89066872
9.9600,0.77715427,1.93550409,0.26280898,0.31505922,0.49919590,0.89098102
9.9700,0.77669466,1.93650344,0.26299963,0.31524324,0.49938093,0.89129292
9.9800,0.77623603,1.93750186,0.26319024,0.31542708,0.49956559,0.89160441
9.9900,0.77577837,1.93849936,0.26338078,0.31561073,0.49974989,0.89191551
10.0000,0.77532169,1.93949594,0.26357127,0.31579419,0.49993381,0.89222621
10.0100,0.77486597,1.94049159,0.26376171,0.31597747,0.50011737,0.89253651
10.0200,0.77441123,1.94148632,0.26395209,0.31616057,0.50030055,0.89284642
10.0300,0.77395745,1.94248012,0.26414241,0.31634348,0.50048337,0.89315593
10.0400,0.77350463,1.94347299,0.26433267,0.31652621,0.50066583,0.89346505
10.0500,0.77305278,1.94446494,0.26452288,0.31670876,0.50084792,0.89377377
10.0600,0.77260188,1.94545596,0.26471304,0.31689112,0.50102964,0.89408211
10.0700,0.77215194,1.94644605,0.26490314,0.31707330,0.50121100,0.89439005
10.0800,0.77170296,1.94743522,0.26509318,0.31725529,0.50139199,0.89469761
10.0900,0.77125493,1.94842346,0.26528316,0.31743710,0.50157262,0.89500478
10.1000,0.77080784,1.94941077,0.26547309,0.31761873,0.50175289,0.89531156
10.1100,0.77036171,1.95039715,0.26566296,0.31780018,0.50193279,0.89561796
10.1200,0.76991652,1.95138260,0.26585277,0.31798145,0.50211233,0.89592397
10.1300,0.76947227,1.95236712,0.26604253,0.31816253,0.50229151,0.89622960
10.1400,0.76902896,1.95335072,0.26623223,0.31834343,0.50247033,0.89653485
10.1500,0.76858660,1.95433338,0.26642188,0.31852415,0.50264879,0.89683972
10.1600,0.76814516,1.95531512,0.26661146,0.31870468,0.50282689,0.89714421
10.1700,0.76770466,1.95629592,0.26680099,0.31888504,0.50300462,0.89744832
10.1800,0.76726510,1.95727580,0.26699046,0.31906521,0.50318200,0.89775206
10.1900,0.76682646,1.95825474,0.26717988,0.31924520,0.50335902,0.89805541
10.2000,0.76638875,1.95923275,0.26736923,0.31942501,0.50353569,0.89835840
10.2100,0.76595196,1.96020983,0.26755853,0.31960464,0.50371199,0.89866101
10.2200,0.76551609,1.96118598,0.26774778,0.31978409,0.50388794,0.89896325
10.2300,0.76508115,1.96216120,0.26793696,0.31996336,0.50406353,0.89926512
10.2400,0.76464712,1.96313549,0.26812609,0.32014245,0.50423877,0.89956662
10.2500,0.76421401,1.96410884,0.26831516,0.32032136,0.50441365,0.89986774
10.2600,0.76378181,1.96508126,0.26850417,0.32050009,0.50458818,0.90016851
10.2700,0.76335053,1.96605275,0.26869312,0.32067864,0.50476235,0.90046890
10.2800,0.76292015,1.96702330,0.26888202,0.32085701,0.50493617,0.90076893
10.2900,0.76249068,1.96799293,0.26907085,0.32103520,0.50510964,0.90106859
10.3000,0.76206211,1.96896162,0.26925963,0.32121321,0.50528275,0.90136789
10.3100,0.76163444,1.96992937,0.26944835,0.32139105,0.50545551,0.90166683
10.3200,0.76120768,1.97089619,0.26963702,0.32156870,0.50562792,0.90196541
10.3300,0.76078181,1.97186208,0.26982562,0.32174617,0.50579998,0.90226363
10.3400,0.76035684,1.97282704,0.27001417,0.32192347,0.50597169,0.90256149
10.3500,0.75993276,1.97379106,0.27020265,0.32210059,0.50614305,0.90285899
10.3600,0.75950958,1.97475414,0.27039108,0.32227753,0.50631406,0.90315613
10.3700,0.75908728,1.97571629,0.27057945,0.32245429,0.50648472,0.90345292
10.3800,0.75866587,1.97667751,0.27076776,0.32263088,0.50665503,0.90374935
10.3900,0.75824534,1.97763779,0.27095602,0.32280728,0.50682500,0.90404543
10.4000,0.75782570,1.97859714,0.27114421,0.32298351,0.50699461,0.90434116
10.4100,0.75740694,1.97955555,0.27133234,0.32315956,0.50716388,0.90463653
10.4200,0.75698905,1.98051303,0.27152042,0.32333544,0.50733281,0.90493156
10.4300,0.75657205,1.98146957,0.27170844,0.32351114,0.50750139,0.90522623
10.4400,0.75615591,1.98242518,0.27189639,0.32368666,0.50766962,0.90552056
10.4500,0.75574065,1.98337985,0.27208429,0.32386200,0.50783751,0.90581454
10.4600,0.75532626,1.98433359,0.27227213,0.32403717,0.50800505,0.90610817
10.4700,0.75491273,1.98528639,0.27245991,0.32421216,0.50817225,0.90640146
10.4800,0.75450007,1.98623825,0.27264763,0.32438698,0.50833911,0.90669441
10.4900,0.75408828,1.98718918,0.27283529,0.32456162,0.50850562,0.90698701
10.5000,0.75367734,1.98813917,0.27302289,0.32473609,0.50867180,0.90727926
10.5100,0.75326727,1.98908823,0.27321043,0.32491038,0.50883763,0.90757118
10.5200,0.75285805,1.99003635,0.27339791,0.32508449,0.50900312,0.90786276
10.5300,0.75244968,1.99098354,0.27358534,0.32525843,0.50916827,0.90815399
10.5400,0.75204217,1.99192979,0.27377270,0.32543219,0.50933308,0.90844489
10.5500,0.75163551,1.99287510,0.27396000,0.32560578,0.50949755,0.90873545
10.5600,0.75122970,1.99381947,0.27414724,0.32577920,0.50966168,0.90902568
10.5700,0.75082474,1.99476291,0.27433442,0.32595244,0.50982547,0.90931557
10.5800,0.75042062,1.99570542,0.27452154,0.32612551,0.50998893,0.90960512
10.5900,0.75001734,1.99664699,0.27470861,0.32629840,0.51015204,0.90989435
10.6000,0.74961490,1.99758762,0.27489561,0.32647112,0.51031483,0.91018324
10.6100,0.74921330,1.99852731,0.27508255,0.32664366,0.51047727,0.91047179
10.6200,0.74881254,1.99946607,0.27526943,0.32681603,0.51063938,0.91076002
10.6300,0.74841261,2.00040390,0.27545625,0.32698823,0.51080115,0.91104792
10.6400,0.74801351,2.00134078,0.27564301,0.32716025,0.51096259,0.91133549
10.6500,0.74761525,2.00227673,0.27582970,0.32733211,0.51112369,0.91162273
10.6600,0.74721781,2.00321175,0.27601634,0.32750378,0.51128446,0.91190965
10.6700,0.74682120,2.00414582,0.27620292,0.32767529,0.51144490,0.91219623
10.6800,0.74642541,2.00507896,0.27638944,0.32784662,0.51160500,0.91248250
10.6900,0.74603044,2.00601117,0.27657589,0.32801778,0.51176477,0.91276844
10.7000,0.74563630,2.00694244,0.27676228,0.32818877,0.51192421,0.91305406
10.7100,0.74524297,2.00787277,0.27694862,0.32835959,0.51208332,0.91333935
10.7200,0.74485046,2.00880217,0.27713489,0.32853024,0.51224209,0.91362433
10.7300,0.74445876,2.00973063,0.27732110,0.32870071,0.51240054,0.91390898
10.7400,0.74406788,2.01065815,0.27750725,0.32887101,0.51255866,0.91419332
10.7500,0.74367780,2.01158474,0.27769334,0.32904114,0.51271644,0.91447733
10.7600,0.74328853,2.01251040,0.27787937,0.32921110,0.51287390,0.91476103
10.7700,0.74290007,2.01343511,0.27806533,0.32938089,0.51303103,0.91504442
10.7800,0.74251241,2.01435890,0.27825123,0.32955051,0.51318783,0.91532748
10.7900,0.74212556,2.01528174,0.27843708,0.32971996,0.51334431,0.91561024
10.8000,0.74173950,2.01620365,0.27862286,0.32988923,0.51350045,0.91589267
10.8100,0.74135425,2.01712463,0.27880858,0.33005834,0.51365628,0.91617480
10.8200,0.74096979,2.01804467,0.27899423,0.33022728,0.51381177,0.91645661
10.8300,0.74058612,2.01896377,0.27917983,0.33039604,0.51396694,0.91673811
10.8400,0.74020325,2.01988194,0.27936536,0.33056464,0.51412179,0.91701931
10.8500,0.73982116,2.02079918,0.27955083,0.33073307,0.51427631,0.91730019
10.8600,0.73943987,2.02171547,0.27973624,0.33090132,0.51443050,0.91758076
10.8700,0.73905936,2.02263084,0.27992159,0.33106941,0.51458438,0.91786103
10.8800,0.73867964,2.02354527,0.28010687,0.33123733,0.51473793,0.91814099
10.8900,0.73830070,2.02445877,0.28029210,0.33140508,0.51489115,0.91842064
10.9000,0.73792254,2.02537133,0.28047726,0.33157266,0.51504406,0.91869999
10.9100,0.73754516,2.02628295,0.28066235,0.33174008,0.51519664,0.91897903
10.9200,0.73716855,2.02719365,0.28084739,0.33190732,0.51534891,0.91925777
10.9300,0.73679273,2.02810340,0.28103236,0.33207440,0.51550085,0.91953621
10.9400,0.73641767,2.02901223,0.28121727,0.33224131,0.51565247,0.91981435
10.9500,0.73604339,2.02992012,0.28140212,0.33240805,0.51580378,0.92009218
10.9600,0.73566987,2.03082708,0.28158691,0.33257462,0.51595476,0.92036972
10.9700,0.73529712,2.03173310,0.28177163,0.33274102,0.51610543,0.92064695
10.9800,0.73492514,2.03263819,0.28195629,0.33290726,0.51625578,0.92092389
10.9900,0.73455393,2.03354235,0.28214088,0.33307333,0.51640581,0.92120053
11.0000,0.73418347,2.03444558,0.28232542,0.33323924,0.51655552,0.92147687
11.0100,0.73381377,2.03534787,0.28250989,0.33340497,0.51670492,0.92175292
11.0200,0.73344484,2.03624923,0.28269429,0.33357054,0.51685400,0.92202867
11.0300,0.73307666,2.03714966,0.28287864,0.33373594,0.51700276,0.92230413
11.0400,0.73270923,2.03804916,0.28306292,0.33390118,0.51715121,0.92257930
11.0500,0.73234256,2.03894772,0.28324714,0.33406625,0.51729935,0.92285417
11.0600,0.73197663,2.03984536,0.28343129,0.33423116,0.51744717,0.92312875
11.0700,0.73161146,2.04074206,0.28361538,0.33439590,0.51759467,0.92340303
11.0800,0.73124703,2.04163783,0.28379941,0.33456047,0.51774187,0.92367703
11.0900,0.73088335,2.04253267,0.28398337,0.33472488,0.51788875,0.92395074
11.1000,0.73052041,2.04342658,0.28416727,0.33488912,0.51803532,0.92422416
11.1100,0.73015822,2.04431955,0.28435111,0.33505319,0.51818157,0.92449729
11.1200,0.72979676,2.04521160,0.28453488,0.33521711,0.51832752,0.92477014
11.1300,0.72943604,2.04610272,0.28471859,0.33538085,0.51847315,0.92504270
11.1400,0.72907606,2.04699291,0.28490224,0.33554443,0.51861848,0.92531497
11.1500,0.72871681,2.04788217,0.28508582,0.33570785,0.51876349,0.92558696
11.1600,0.72835830,2.04877050,0.28526933,0.33587110,0.51890820,0.92585866
11.1700,0.72800051,2.04965790,0.28545279,0.33603419,0.51905259,0.92613008
11.1800,0.72764346,2.05054437,0.28563618,0.33619712,0.51919668,0.92640122
11.1900,0.72728713,2.05142991,0.28581950,0.33635988,0.51934046,0.92667208
11.2000,0.72693153,2.05231452,0.28600276,0.33652248,0.51948393,0.92694265
11.2100,0.72657665,2.05319821,0.28618596,0.33668491,0.51962710,0.92721295
11.2200,0.72622250,2.05408097,0.28636909,0.33684718,0.51976996,0.92748296
11.2300,0.72586906,2.05496280,0.28655216,0.33700929,0.51991251,0.92775270
11.2400,0.72551634,2.05584371,0.28673516,0.33717123,0.52005475,0.92802216
11.2500,0.72516434,2.05672368,0.28691810,0.33733301,0.52019670,0.92829134
11.2600,0.72481306,2.05760273,0.28710098,0.33749463,0.52033833,0.92856024
11.2700,0.72446248,2.05848086,0.28728379,0.33765608,0.52047966,0.92882887
11.2800,0.72411262,2.05935806,0.28746653,0.33781737,0.52062069,0.92909723
11.2900,0.72376347,2.06023433,0.28764921,0.33797851,0.52076142,0.92936531
11.3000,0.72341503,2.06110968,0.28783183,0.33813947,0.52090184,0.92963311
11.3100,0.72306729,2.06198410,0.28801438,0.33830028,0.52104196,0.92990065
11.3200,0.72272026,2.06285760,0.28819686,0.33846092,0.52118178,0.93016791
11.3300,0.72237393,2.06373017,0.28837928,0.33862141,0.52132129,0.93043490
11.3400,0.72202830,2.06460182,0.28856164,0.33878173,0.52146051,0.93070162
11.3500,0.72168338,2.06547255,0.28874393,0.33894189,0.52159942,0.93096806
11.3600,0.72133914,2.06634235,0.28892615,0.33910189,0.52173804,0.93123424
11.3700,0.72099561,2.06721123,0.28910831,0.33926173,0.52187635,0.93150016
11.3800,0.72065277,2.06807918,0.28929041,0.33942140,0.52201437,0.93176580
11.3900,0.72031062,2.06894621,0.28947244,0.33958092,0.52215209,0.93203118
11.4000,0.71996917,2.06981233,0.28965440,0.33974027,0.52228951,0.93229628
11.4100,0.71962840,2.07067752,0.28983630,0.33989947,0.52242663,0.93256113
11.4200,0.71928832,2.07154178,0.29001814,0.34005851,0.52256345,0.93282571
11.4300,0.71894893,2.07240513,0.29019990,0.34021738,0.52269998,0.93309002
11.4400,0.71861022,2.07326756,0.29038161,0.34037610,0.52283621,0.93335407
11.4500,0.71827219,2.07412906,0.29056324,0.34053465,0.52297214,0.93361786
11.4600,0.71793484,2.07498965,0.29074481,0.34069305,0.52310778,0.93388138
11.4700,0.71759818,2.07584932,0.29092632,0.34085128,0.52324312,0.93414465
11.4800,0.71726219,2.07670806,0.29110776,0.34100936,0.52337817,0.93440765
11.4900,0.71692688,2.07756589,0.29128913,0.34116728,0.52351293,0.93467039
11.5000,0.71659224,2.07842280,0.29147044,0.34132504,0.52364739,0.93493288
11.5100,0.71625827,2.07927879,0.29165168,0.34148264,0.52378156,0.93519510
11.5200,0.71592498,2.08013387,0.29183285,0.34164008,0.52391543,0.93545706
11.5300,0.71559235,2.08098802,0.29201396,0.34179737,0.52404901,0.93571877
11.5400,0.71526039,2.08184126,0.29219500,0.34195449,0.52418231,0.93598022
11.5500,0.71492910,2.08269358,0.29237598,0.34211146,0.52431530,0.93624142
11.5600,0.71459848,2.08354499,0.29255689,0.34226827,0.52444801,0.93650236
11.5700,0.71426851,2.08439548,0.29273774,0.34242492,0.52458043,0.93676304
11.5800,0.71393921,2.08524506,0.29291851,0.34258141,0.52471256,0.93702347
11.5900,0.71361057,2.08609372,0.29309923,0.34273775,0.52484440,0.93728365
11.6000,0.71328258,2.08694146,0.29327987,0.34289393,0.52497594,0.93754357
11.6100,0.71295526,2.08778830,0.29346045,0.34304995,0.52510720,0.93780324
11.6200,0.71262858,2.08863421,0.29364096,0.34320582,0.52523818,0.93806266
11.6300,0.71230256,2.08947922,0.29382140,0.34336152,0.52536886,0.93832182
11.6400,0.71197720,2.09032331,0.29400178,0.34351708,0.52549926,0.93858074
11.6500,0.71165248,2.09116649,0.29418209,0.34367247,0.52562936,0.93883941
11.6600,0.71132841,2.09200876,0.29436234,0.34382771,0.52575919,0.93909783
11.6700,0.71100499,2.09285011,0.29454252,0.34398279,0.52588872,0.93935600
11.6800,0.71068221,2.09369056,0.29472263,0.34413772,0.52601797,0.93961392
11.6900,0.71036008,2.09453009,0.29490267,0.34429249,0.52614694,0.93987159
11.7000,0.71003859,2.09536872,0.29508265,0.34444710,0.52627562,0.94012902
11.7100,0.70971774,2.09620643,0.29526256,0.34460156,0.52640402,0.94038620
11.7200,0.70939753,2.09704324,0.29544240,0.34475586,0.52653213,0.94064313
11.7300,0.70907796,2.09787913,0.29562218,0.34491001,0.52665996,0.94089983
11.7400,0.70875902,2.09871412,0.29580189,0.34506400,0.52678750,0.94115627
11.7500,0.70844072,2.09954820,0.29598153,0.34521784,0.52691477,0.94141247
11.7600,0.70812306,2.10038137,0.29616110,0.34537152,0.52704175,0.94166843
11.7700,0.70780602,2.10121363,0.29634061,0.34552505,0.52716845,0.94192415
11.7800,0.70748961,2.10204499,0.29652005,0.34567843,0.52729487,0.94217963
11.7900,0.70717383,2.10287544,0.29669942,0.34583165,0.52742100,0.94243486
11.8000,0.70685868,2.10370499,0.29687872,0.34598471,0.52754686,0.94268986
11.8100,0.70654416,2.10453363,0.29705796,0.34613762,0.52767244,0.94294461
11.8200,0.70623026,2.10536137,0.29723713,0.34629038,0.52779773,0.94319912
11.8300,0.70591698,2.10618820,0.29741623,0.34644298,0.52792275,0.94345340
11.8400,0.70560432,2.10701413,0.29759526,0.34659543,0.52804749,0.94370744
11.8500,0.70529228,2.10783915,0.29777423,0.34674773,0.52817195,0.94396124
11.8600,0.70498086,2.10866327,0.29795313,0.34689987,0.52829613,0.94421480
11.8700,0.70467006,2.10948649,0.29813196,0.34705186,0.52842004,0.94446812
11.8800,0.70435987,2.11030881,0.29831072,0.34720370,0.52854367,0.94472121
11.8900,0.70405029,2.11113023,0.29848941,0.34735538,0.52866702,0.94497407
11.9000,0.70374133,2.11195074,0.29866804,0.34750692,0.52879010,0.94522669
11.9100,0.70343297,2.11277036,0.29884660,0.34765829,0.52891290,0.94547907
11.9200,0.70312523,2.11358907,0.29902509,0.34780952,0.52903542,0.94573122
11.9300,0.70281809,2.11440689,0.29920351,0.34796059,0.52915767,0.94598314
11.9400,0.70251156,2.11522381,0.29938186,0.34811152,0.52927965,0.94623483
11.9500,0.70220564,2.11603983,0.29956015,0.34826229,0.52940135,0.94648628
11.9600,0.70190032,2.11685495,0.29973836,0.34841291,0.52952278,0.94673751
11.9700,0.70159560,2.11766917,0.29991651,0.34856337,0.52964393,0.94698850
11.9800,0.70129148,2.11848250,0.30009459,0.34871369,0.52976482,0.94723926
11.9900,0.70098795,2.11929493,0.30027260,0.34886385,0.52988543,0.94748979
12.0000,0.70068503,2.12010647,0.30045055,0.34901387,0.53000576,0.94774010
12.0100,0.70038270,2.12091711,0.30062842,0.34916373,0.53012583,0.94799017
12.0200,0.70008097,2.12172685,0.30080623,0.34931344,0.53024563,0.94824002
12.0300,0.69977983,2.12253570,0.30098396,0.34946300,0.53036515,0.94848964
12.0400,0.69947928,2.12334366,0.30116163,0.34961241,0.53048441,0.94873903
12.0500,0.69917932,2.12415073,0.30133923,0.34976167,0.53060339,0.94898820
12.0600,0.69887995,2.12495690,0.30151676,0.34991078,0.53072211,0.94923714
12.0700,0.69858117,2.12576218,0.30169423,0.35005974,0.53084055,0.94948585
12.0800,0.69828297,2.12656657,0.30187162,0.35020855,0.53095873,0.94973434
12.0900,0.69798536,2.12737007,0.30204895,0.35035721,0.53107664,0.94998261
12.1000,0.69768834,2.12817267,0.30222620,0.35050572,0.53119428,0.95023065
12.1100,0.69739189,2.12897439,0.30240339,0.35065408,0.53131166,0.95047847
12.1200,0.69709602,2.12977522,0.30258051,0.35080229,0.53142877,0.95072606
12.1300,0.69680074,2.13057516,0.30275755,0.35095035,0.53154561,0.95097344
12.1400,0.69650603,2.13137421,0.30293453,0.35109826,0.53166218,0.95122059
12.1500,0.69621189,2.13217238,0.30311144,0.35124602,0.53177849,0.95146752
12.1600,0.69591834,2.13296965,0.30328829,0.35139364,0.53189454,0.95171423
12.1700,0.69562535,2.13376605,0.30346506,0.35154111,0.53201032,0.95196072
12.1800,0.69533294,2.13456155,0.30364176,0.35168842,0.53212584,0.95220700
12.1900,0.69504110,2.13535617,0.30381839,0.35183559,0.53224109,0.95245305
12.2000,0.69474983,2.13614991,0.30399496,0.35198262,0.53235608,0.95269888
12.2100,0.69445912,2.13694276,0.30417145,0.35212949,0.53247080,0.95294450
12.2200,0.69416898,2.13773472,0.30434788,0.35227621,0.53258526,0.95318990
12.2300,0.69387941,2.13852581,0.30452423,0.35242279,0.53269946,0.95343508
12.2400,0.69359040,2.13931601,0.30470052,0.35256922,0.53281340,0.95368005
12.2500,0.69330196,2.14010533,0.30487673,0.35271550,0.53292708,0.95392479
12.2600,0.69301407,2.14089377,0.30505288,0.35286164,0.53304049,0.95416933
12.2700,0.69272675,2.14168133,0.30522896,0.35300763,0.53315365,0.95441365
12.2800,0.69243998,2.14246801,0.30540496,0.35315347,0.53326654,0.95465775
12.2900,0.69215378,2.14325381,0.30558090,0.35329916,0.53337918,0.95490164
12.3000,0.69186812,2.14403873,0.30575677,0.35344471,0.53349155,0.95514532
12.3100,0.69158303,2.14482277,0.30593257,0.35359011,0.53360367,0.95538879
12.3200,0.69129848,2.14560593,0.30610829,0.35373537,0.53371553,0.95563204
12.3300,0.69101449,2.14638822,0.30628395,0.35388048,0.53382713,0.95587508
12.3400,0.69073105,2.14716963,0.30645954,0.35402544,0.53393847,0.95611791
12.3500,0.69044815,2.14795016,0.30663506,0.35417026,0.53404955,0.95636053
12.3600,0.69016581,2.14872982,0.30681051,0.35431493,0.53416038,0.95660293
12.3700,0.68988401,2.14950861,0.30698588,0.35445945,0.53427095,0.95684513
12.3800,0.68960276,2.15028652,0.30716119,0.35460383,0.53438126,0.95708712
12.3900,0.68932205,2.15106356,0.30733643,0.35474807,0.53449132,0.95732890
12.4000,0.68904188,2.15183972,0.30751160,0.35489216,0.53460113,0.95757047
12.4100,0.68876226,2.15261501,0.30768669,0.35503610,0.53471067,0.95781183
12.4200,0.68848317,2.15338943,0.30786172,0.35517990,0.53481997,0.95805299
12.4300,0.68820463,2.15416298,0.30803667,0.35532355,0.53492901,0.95829393
12.4400,0.68792662,2.15493566,0.30821156,0.35546706,0.53503779,0.95853468
12.4500,0.68764915,2.15570747,0.30838638,0.35561043,0.53514632,0.95877521
12.4600,0.68737221,2.15647841,0.30856112,0.35575365,0.53525460,0.95901554
12.4700,0.68709581,2.15724848,0.30873579,0.35589673,0.53536263,0.95925566
12.4800,0.68681994,2.15801769,0.30891040,0.35603966,0.53547040,0.95949558
12.4900,0.68654460,2.15878602,0.30908493,0.35618245,0.53557792,0.95973530
12.5000,0.68626980,2.15955349,0.30925939,0.35632509,0.53568519,0.95997481
12.5100,0.68599552,2.16032010,0.30943379,0.35646759,0.53579221,0.96021412
12.5200,0.68572176,2.16108583,0.30960811,0.35660995,0.53589898,0.96045322
12.5300,0.68544854,2.16185071,0.30978236,0.35675216,0.53600550,0.96069213
12.5400,0.68517584,2.16261472,0.30995654,0.35689424,0.53611177,0.96093083
12.5500,0.68490366,2.16337786,0.31013065,0.35703616,0.53621779,0.96116933
12.5600,0.68463201,2.16414015,0.31030468,0.35717795,0.53632356,0.96140762
12.5700,0.68436087,2.16490157,0.31047865,0.35731959,0.53642908,0.96164572
12.5800,0.68409026,2.16566213,0.31065255,0.35746109,0.53653435,0.96188362
12.5900,0.68382016,2.16642183,0.31082637,0.35760245,0.53663937,0.96212132
12.6000,0.68355059,2.16718067,0.31100013,0.35774366,0.53674415,0.96235881
12.6100,0.68328153,2.16793865,0.31117381,0.35788474,0.53684868,0.96259611
12.6200,0.68301298,2.16869577,0.31134742,0.35802567,0.53695296,0.96283321
12.6300,0.68274495,2.16945203,0.31152096,0.35816645,0.53705700,0.96307012
12.6400,0.68247743,2.17020743,0.31169443,0.35830710,0.53716079,0.96330682
12.6500,0.68221042,2.17096198,0.31186783,0.35844761,0.53726434,0.96354333
12.6600,0.68194393,2.17171567,0.31204116,0.35858797,0.53736764,0.96377964
12.6700,0.68167794,2.17246851,0.31221442,0.35872819,0.53747069,0.96401576
12.6800,0.68141246,2.17322049,0.31238760,0.35886827,0.53757350,0.96425168
12.6900,0.68114749,2.17397161,0.31256072,0.35900821,0.53767607,0.96448740
12.7000,0.68088302,2.17472188,0.31273376,0.35914801,0.53777839,0.96472293
12.7100,0.68061905,2.17547130,0.31290673,0.35928767,0.53788047,0.96495827
12.7200,0.68035559,2.17621987,0.31307963,0.35942719,0.53798231,0.96519341
12.7300,0.68009264,2.17696759,0.31325246,0.35956657,0.53808390,0.96542836
12.7400,0.67983018,2.17771445,0.31342521,0.35970580,0.53818526,0.96566311
12.7500,0.67956822,2.17846046,0.31359790,0.35984490,0.53828637,0.96589767
12.7600,0.67930676,2.17920563,0.31377051,0.35998386,0.53838723,0.96613204
12.7700,0.67904580,2.17994994,0.31394305,0.36012267,0.53848786,0.96636622
12.7800,0.67878533,2.18069341,0.31411552,0.36026135,0.53858825,0.96660020
12.7900,0.67852536,2.18143603,0.31428792,0.36039989,0.53868840,0.96683400
12.8000,0.67826588,2.18217780,0.31446025,0.36053829,0.53878830,0.96706760
12.8100,0.67800689,2.18291873,0.31463250,0.36067654,0.53888797,0.96730102
12.8200,0.67774840,2.18365881,0.31480469,0.36081466,0.53898740,0.96753424
12.8300,0.67749040,2.18439804,0.31497680,0.36095264,0.53908659,0.96776727
12.8400,0.67723288,2.18513643,0.31514884,0.36109048,0.53918554,0.96800012
12.8500,0.67697585,2.18587398,0.31532081,0.36122819,0.53928425,0.96823278
12.8600,0.67671931,2.18661069,0.31549270,0.36136575,0.53938273,0.96846525
12.8700,0.67646326,2.18734655,0.31566453,0.36150317,0.53948097,0.96869753
12.8800,0.67620769,2.18808157,0.31583628,0.36164046,0.53957897,0.96892962
12.8900,0.67595260,2.18881575,0.31600796,0.36177761,0.53967674,0.96916153
12.9000,0.67569800,2.18954909,0.31617957,0.36191462,0.53977426,0.96939325
12.9100,0.67544387,2.19028159,0.31635110,0.36205149,0.53987156,0.96962478
12.9200,0.67519023,2.19101325,0.31652256,0.36218823,0.53996862,0.96985613
12.9300,0.67493706,2.19174408,0.31669396,0.36232482,0.54006544,0.97008729
12.9400,0.67468438,2.19247406,0.31686528,0.36246128,0.54016203,0.97031827
12.9500,0.67443217,2.19320321,0.31703652,0.36259760,0.54025838,0.97054906
12.9600,0.67418043,2.19393153,0.31720770,0.36273379,0.54035450,0.97077967
12.9700,0.67392917,2.19465900,0.31737880,0.36286983,0.54045039,0.97101010
12.9800,0.67367838,2.19538565,0.31754983,0.36300574,0.54054604,0.97124034
12.9900,0.67342807,2.19611146,0.31772079,0.36314152,0.54064146,0.97147040
13.0000,0.67317822,2.19683644,0.31789168,0.36327715,0.54073665,0.97170027
13.0100,0.67292885,2.19756058,0.31806249,0.36341265,0.54083161,0.97192997
13.0200,0.67267994,2.19828389,0.31823323,0.36354802,0.54092633,0.97215948
13.0300,0.67243150,2.19900637,0.31840390,0.36368324,0.54102083,0.97238881
13.0400,0.67218353,2.19972803,0.31857449,0.36381833,0.54111509,0.97261796
13.0500,0.67193603,2.20044885,0.31874502,0.36395329,0.54120912,0.97284693
13.0600,0.67168898,2.20116884,0.31891547,0.36408811,0.54130292,0.97307572
13.0700,0.67144241,2.20188801,0.31908585,0.36422279,0.54139649,0.97330433
13.0800,0.67119629,2.20260634,0.31925615,0.36435734,0.54148984,0.97353276
13.0900,0.67095064,2.20332385,0.31942639,0.36449175,0.54158295,0.97376101
13.1000,0.67070544,2.20404054,0.31959655,0.36462603,0.54167583,0.97398908
13.1100,0.67046071,2.20475640,0.31976664,0.36476017,0.54176849,0.97421697
13.1200,0.67021643,2.20547143,0.31993665,0.36489417,0.54186092,0.97444469
13.1300,0.66997261,2.20618564,0.32010659,0.36502804,0.54195312,0.97467222
13.1400,0.66972924,2.20689903,0.32027646,0.36516178,0.54204509,0.97489958
13.1500,0.66948633,2.20761159,0.32044626,0.36529538,0.54213684,0.97512677
13.1600,0.66924388,2.20832333,0.32061599,0.36542885,0.54222836,0.97535377
13.1700,0.66900187,2.20903426,0.32078564,0.36556218,0.54231965,0.97558060
13.1800,0.66876032,2.20974436,0.32095522,0.36569538,0.54241072,0.97580726
13.1900,0.66851922,2.21045364,0.32112472,0.36582844,0.54250156,0.97603374
13.2000,0.66827857,2.21116210,0.32129415,0.36596137,0.54259218,0.97626004
13.2100,0.66803837,2.21186975,0.32146351,0.36609417,0.54268257,0.97648617
13.2200,0.66779861,2.21257657,0.32163280,0.36622683,0.54277274,0.97671213
13.2300,0.66755930,2.21328258,0.32180201,0.36635936,0.54286268,0.97693791
13.2400,0.66732044,2.21398778,0.32197115,0.36649175,0.54295240,0.97716351
13.2500,0.66708202,2.21469216,0.32214022,0.36662401,0.54304190,0.97738895
13.2600,0.66684404,2.21539572,0.32230922,0.36675614,0.54313117,0.97761421
13.2700,0.66660651,2.21609847,0.32247814,0.36688814,0.54322022,0.97783930
13.2800,0.66636942,2.21680041,0.32264699,0.36702000,0.54330905,0.97806422
13.2900,0.66613276,2.21750154,0.32281576,0.36715173,0.54339766,0.97828896
13.3000,0.66589655,2.21820185,0.32298446,0.36728333,0.54348604,0.97851353
13.3100,0.66566077,2.21890135,0.32315309,0.36741479,0.54357421,0.97873794
13.3200,0.66542544,2.21960005,0.32332165,0.36754612,0.54366215,0.97896217
13.3300,0.66519054,2.22029793,0.32349013,0.36767732,0.54374987,0.97918623
13.3400,0.66495607,2.22099500,0.32365854,0.36780839,0.54383737,0.97941012
13.3500,0.66472204,2.22169127,0.32382687,0.36793932,0.54392466,0.97963384
13.3600,0.66448844,2.22238673,0.32399514,0.36807013,0.54401172,0.97985739
13.3700,0.66425527,2.22308138,0.32416332,0.36820080,0.54409856,0.98008078
13.3800,0.66402253,2.22377523,0.32433144,0.36833134,0.54418519,0.98030399
13.3900,0.66379023,2.22446827,0.32449948,0.36846175,0.54427160,0.98052704
13.4000,0.66355835,2.22516051,0.32466745,0.36859202,0.54435779,0.98074991
13.4100,0.66332690,2.22585194,0.32483534,0.36872217,0.54444376,0.98097262
13.4200,0.66309588,2.22654258,0.32500317,0.36885218,0.54452951,0.98119517
13.4300,0.66286529,2.22723240,0.32517091,0.36898207,0.54461505,0.98141754
13.4400,0.66263512,2.22792143,0.32533859,0.36911182,0.54470037,0.98163975
13.4500,0.66240537,2.22860966,0.32550619,0.36924144,0.54478547,0.98186180
13.4600,0.66217605,2.22929709,0.32567372,0.36937093,0.54487036,0.98208367
13.4700,0.66194715,2.22998372,0.32584117,0.36950029,0.54495503,0.98230539
13.4800,0.66171867,2.23066955,0.32600855,0.36962953,0.54503949,0.98252693
13.4900,0.66149061,2.23135458,0.32617586,0.36975863,0.54512373,0.98274831
13.5000,0.66126297,2.23203882,0.32634309,0.36988760,0.54520776,0.98296953
13.5100,0.66103575,2.23272226,0.32651025,0.37001644,0.54529157,0.98319058
13.5200,0.66080895,2.23340490,0.32667733,0.37014515,0.54537517,0.98341147
13.5300,0.66058256,2.23408675,0.32684434,0.37027373,0.54545855,0.98363220
13.5400,0.66035659,2.23476781,0.32701128,0.37040218,0.54554173,0.98385276
13.5500,0.66013104,2.23544807,0.32717815,0.37053050,0.54562469,0.98407316
13.5600,0.65990589,2.23612754,0.32734494,0.37065869,0.54570743,0.98429339
13.5700,0.65968116,2.23680622,0.32751165,0.37078676,0.54578997,0.98451347
13.5800,0.65945684,2.23748411,0.32767829,0.37091469,0.54587229,0.98473338
13.5900,0.65923294,2.23816121,0.32784486,0.37104250,0.54595440,0.98495313
13.6000,0.65900944,2.23883752,0.32801136,0.37117017,0.54603630,0.98517272
13.6100,0.65878635,2.23951304,0.32817778,0.37129772,0.54611799,0.98539214
13.6200,0.65856367,2.24018777,0.32834412,0.37142514,0.54619947,0.98561141
13.6300,0.65834139,2.24086172,0.32851040,0.37155243,0.54628074,0.98583052
13.6400,0.65811953,2.24153488,0.32867659,0.37167960,0.54636180,0.98604946
13.6500,0.65789806,2.24220725,0.32884272,0.37180663,0.54644265,0.98626825
13.6600,0.65767701,2.24287884,0.32900877,0.37193354,0.54652329,0.98648688
13.6700,0.65745635,2.24354964,0.32917474,0.37206032,0.54660372,0.98670535
13.6800,0.65723610,2.24421966,0.32934065,0.37218697,0.54668394,0.98692366
13.6900,0.65701625,2.24488890,0.32950647,0.37231349,0.54676396,0.98714181
13.7000,0.65679680,2.24555736,0.32967223,0.37243989,0.54684376,0.98735980
13.7100,0.65657775,2.24622504,0.32983791,0.37256615,0.54692336,0.98757764
13.7200,0.65635909,2.24689193,0.33000351,0.37269230,0.54700275,0.98779531
13.7300,0.65614084,2.24755805,0.33016905,0.37281831,0.54708194,0.98801283
13.7400,0.65592298,2.24822339,0.33033450,0.37294420,0.54716092,0.98823020
13.7500,0.65570552,2.24888795,0.33049989,0.37306996,0.54723969,0.98844740
13.7600,0.65548845,2.24955173,0.33066519,0.37319559,0.54731826,0.98866445
13.7700,0.65527178,2.25021474,0.33083043,0.37332110,0.54739662,0.98888135
13.7800,0.65505550,2.25087697,0.33099559,0.37344648,0.54747478,0.98909809
13.7900,0.65483962,2.25153842,0.33116067,0.37357173,0.54755273,0.98931467
13.8000,0.65462412,2.25219910,0.33132569,0.37369686,0.54763047,0.98953110
13.8100,0.65440902,2.25285901,0.33149062,0.37382186,0.54770802,0.98974737
13.8200,0.65419430,2.25351815,0.33165549,0.37394674,0.54778536,0.98996349
13.8300,0.65397998,2.25417651,0.33182027,0.37407149,0.54786249,0.99017946
13.8400,0.65376604,2.25483410,0.33198499,0.37419611,0.54793942,0.99039527
13.8500,0.65355249,2.25549093,0.33214963,0.37432061,0.54801615,0.99061093
13.8600,0.65333933,2.25614698,0.33231419,0.37444499,0.54809268,0.99082643
13.8700,0.65312655,2.25680226,0.33247868,0.37456923,0.54816901,0.99104178
13.8800,0.65291415,2.25745678,0.33264310,0.37469336,0.54824513,0.99125698
13.8900,0.65270214,2.25811053,0.33280744,0.37481736,0.54832105,0.99147203
13.9000,0.65249052,2.25876351,0.33297171,0.37494123,0.54839677,0.99168692
13.9100,0.65227927,2.25941572,0.33313590,0.37506498,0.54847229,0.99190166
13.9200,0.65206840,2.26006717,0.33330002,0.37518860,0.54854761,0.99211625
13.9300,0.65185792,2.26071786,0.33346406,0.37531210,0.54862273,0.99233069
13.9400,0.65164781,2.26136778,0.33362803,0.37543547,0.54869765,0.99254498
13.9500,0.65143809,2.26201695,0.33379192,0.37555872,0.54877237,0.99275912
13.9600,0.65122874,2.26266534,0.33395574,0.37568185,0.54884689,0.99297311
13.9700,0.65101976,2.26331298,0.33411949,0.37580485,0.54892121,0.99318695
13.9800,0.65081117,2.26395986,0.33428316,0.37592773,0.54899533,0.99340063
13.9900,0.65060295,2.26460598,0.33444675,0.37605048,0.54906925,0.99361417
14.0000,0.65039510,2.26525134,0.33461028,0.37617311,0.54914298,0.99382756
14.0100,0.65018762,2.26589594,0.33477372,0.37629562,0.54921651,0.99404080
14.0200,0.64998052,2.26653978,0.33493709,0.37641800,0.54928984,0.99425389
14.0300,0.64977379,2.26718287,0.33510039,0.37654026,0.54936297,0.99446684
14.0400,0.64956743,2.26782520,0.33526361,0.37666240,0.54943591,0.99467963
14.0500,0.64936144,2.26846678,0.33542676,0.37678441,0.54950865,0.99489228
14.0600,0.64915582,2.26910760,0.33558983,0.37690630,0.54958119,0.99510478
14.0700,0.64895057,2.26974767,0.33575283,0.37702807,0.54965354,0.99531714
14.0800,0.64874568,2.27038698,0.33591575,0.37714971,0.54972570,0.99552934
14.0900,0.64854117,2.27102555,0.33607860,0.37727123,0.54979766,0.99574140
14.1000,0.64833701,2.27166336,0.33624137,0.37739263,0.54986942,0.99595331
14.1100,0.64813323,2.27230042,0.33640407,0.37751391,0.54994099,0.99616508
14.1200,0.64792980,2.27293674,0.33656669,0.37763506,0.55001236,0.99637670
14.1300,0.64772674,2.27357230,0.33672924,0.37775610,0.55008355,0.99658818
14.1400,0.64752405,2.27420712,0.33689172,0.37787701,0.55015453,0.99679951
14.1500,0.64732171,2.27484119,0.33705411,0.37799780,0.55022533,0.99701069
14.1600,0.64711974,2.27547451,0.33721644,0.37811847,0.55029593,0.99722174
14.1700,0.64691812,2.27610709,0.33737869,0.37823901,0.55036634,0.99743263
14.1800,0.64671687,2.27673892,0.33754086,0.37835943,0.55043656,0.99764338
14.1900,0.64651597,2.27737001,0.33770296,0.37847974,0.55050658,0.99785399
14.2000,0.64631543,2.27800035,0.33786498,0.37859992,0.55057641,0.99806446
14.2100,0.64611525,2.27862995,0.33802693,0.37871998,0.55064606,0.99827478
14.2200,0.64591542,2.27925881,0.33818880,0.37883992,0.55071551,0.99848496
14.2300,0.64571595,2.27988693,0.33835060,0.37895974,0.55078477,0.99869499
14.2400,0.64551683,2.28051431,0.33851233,0.37907944,0.55085384,0.99890489
14.2500,0.64531807,2.28114095,0.33867398,0.37919901,0.55092272,0.99911464
14.2600,0.64511966,2.28176685,0.33883555,0.37931847,0.55099141,0.99932425
14.2700,0.64492160,2.28239201,0.33899705,0.37943780,0.55105991,0.99953371
14.2800,0.64472390,2.28301644,0.33915847,0.37955702,0.55112822,0.99974304
14.2900,0.64452654,2.28364013,0.33931982,0.37967612,0.55119634,0.99995222
14.3000,0.64432954,2.28426308,0.33948109,0.37979509,0.55126427,1.00016127
14.3100,0.64413288,2.28488530,0.33964229,0.37991395,0.55133202,1.00037017
14.3200,0.64393657,2.28550678,0.33980341,0.38003268,0.55139958,1.00057893
14.3300,0.64374061,2.28612753,0.33996446,0.38015130,0.55146695,1.00078756
14.3400,0.64354500,2.28674755,0.34012543,0.38026980,0.55153413,1.00099604
14.3500,0.64334973,2.28736684,0.34028633,0.38038817,0.55160113,1.00120438
14.3600,0.64315480,2.28798539,0.34044715,0.38050643,0.55166794,1.00141259
14.3700,0.64296022,2.28860322,0.34060790,0.38062457,0.55173456,1.00162065
14.3800,0.64276599,2.28922031,0.34076857,0.38074259,0.55180100,1.00182858
14.3900,0.64257210,2.28983668,0.34092916,0.38086049,0.55186725,1.00203636
14.4000,0.64237854,2.29045232,0.34108968,0.38097827,0.55193331,1.00224401
14.4100,0.64218533,2.29106723,0.34125013,0.38109593,0.55199919,1.00245152
14.4200,0.64199247,2.29168142,0.34141050,0.38121348,0.55206489,1.00265890
14.4300,0.64179994,2.29229488,0.34157079,0.38133090,0.55213040,1.00286613
14.4400,0.64160775,2.29290762,0.34173101,0.38144821,0.55219572,1.00307323
14.4500,0.64141589,2.29351963,0.34189116,0.38156540,0.55226087,1.00328019
14.4600,0.64122438,2.29413092,0.34205123,0.38168247,0.55232583,1.00348701
14.4700,0.64103320,2.29474148,0.34221122,0.38179942,0.55239060,1.00369370
14.4800,0.64084236,2.29535133,0.34237114,0.38191626,0.55245519,1.00390025
14.4900,0.64065185,2.29596045,0.34253098,0.38203298,0.55251960,1.00410667
14.5000,0.64046168,2.29656886,0.34269075,0.38214958,0.55258383,1.00431295
14.5100,0.64027184,2.29717654,0.34285044,0.38226606,0.55264787,1.00451909
14.5200,0.64008234,2.29778351,0.34301006,0.38238242,0.55271174,1.00472510
14.5300,0.63989317,2.29838975,0.34316960,0.38249867,0.55277542,1.00493097
14.5400,0.63970432,2.29899528,0.34332907,0.38261480,0.55283892,1.00513671
14.5500,0.63951581,2.29960010,0.34348846,0.38273081,0.55290224,1.00534232
14.5600,0.63932763,2.30020420,0.34364777,0.38284671,0.55296538,1.00554779
14.5700,0.63913978,2.30080758,0.34380701,0.38296249,0.55302834,1.00575312
14.5800,0.63895226,2.30141025,0.34396618,0.38307815,0.55309111,1.00595832
14.5900,0.63876507,2.30201221,0.34412526,0.38319370,0.55315371,1.00616339
14.6000,0.63857820,2.30261345,0.34428428,0.38330913,0.55321613,1.00636833
14.6100,0.63839166,2.30321399,0.34444321,0.38342444,0.55327837,1.00657313
14.6200,0.63820544,2.30381381,0.34460208,0.38353964,0.55334043,1.00677780
14.6300,0.63801956,2.30441292,0.34476086,0.38365472,0.55340231,1.00698233
14.6400,0.63783399,2.30501133,0.34491957,0.38376968,0.55346402,1.00718674
14.6500,0.63764875,2.30560902,0.34507821,0.38388453,0.55352554,1.00739101
14.6600,0.63746383,2.30620601,0.34523677,0.38399926,0.55358689,1.00759515
14.6700,0.63727923,2.30680229,0.34539526,0.38411388,0.55364806,1.00779916
14.6800,0.63709496,2.30739786,0.34555366,0.38422838,0.55370906,1.00800303
14.6900,0.63691100,2.30799273,0.34571200,0.38434277,0.55376987,1.00820678
14.7000,0.63672737,2.30858690,0.34587026,0.38445704,0.55383051,1.00841040
14.7100,0.63654405,2.30918036,0.34602844,0.38457119,0.55389098,1.00861388
14.7200,0.63636106,2.30977311,0.34618654,0.38468524,0.55395127,1.00881723
14.7300,0.63617838,2.31036517,0.34634458,0.38479916,0.55401138,1.00902046
14.7400,0.63599602,2.31095652,0.34650253,0.38491297,0.55407131,1.00922355
14.7500,0.63581397,2.31154718,0.34666041,0.38502667,0.55413108,1.00942651
14.7600,0.63563225,2.31213713,0.34681822,0.38514025,0.55419066,1.00962935
14.7700,0.63545083,2.31272638,0.34697594,0.38525372,0.55425008,1.00983205
14.7800,0.63526973,2.31331494,0.34713360,0.38536707,0.55430931,1.01003463
14.7900,0.63508895,2.31390280,0.34729118,0.38548031,0.55436838,1.01023708
14.8000,0.63490848,2.31448996,0.34744868,0.38559343,0.55442727,1.01043939
14.8100,0.63472832,2.31507642,0.34760610,0.38570644,0.55448599,1.01064158
14.8200,0.63454847,2.31566219,0.34776345,0.38581934,0.55454453,1.01084365
14.8300,0.63436893,2.31624727,0.34792073,0.38593212,0.55460290,1.01104558
14.8400,0.63418971,2.31683165,0.34807793,0.38604479,0.55466110,1.01124739
14.8500,0.63401079,2.31741534,0.34823505,0.38615734,0.55471913,1.01144907
14.8600,0.63383218,2.31799833,0.34839210,0.38626978,0.55477698,1.01165062
14.8700,0.63365388,2.31858064,0.34854907,0.38638211,0.55483466,1.01185204
14.8800,0.63347589,2.31916225,0.34870597,0.38649432,0.55489218,1.01205334
14.8900,0.63329821,2.31974317,0.34886279,0.38660643,0.55494952,1.01225451
14.9000,0.63312083,2.32032341,0.34901953,0.38671841,0.55500669,1.01245556
14.9100,0.63294376,2.32090296,0.34917620,0.38683029,0.55506369,1.01265647
14.9200,0.63276699,2.32148181,0.34933280,0.38694205,0.55512051,1.01285727
14.9300,0.63259053,2.32205999,0.34948932,0.38705370,0.55517717,1.01305793
14.9400,0.63241437,2.32263747,0.34964576,0.38716524,0.55523366,1.01325848
14.9500,0.63223851,2.32321427,0.34980212,0.38727666,0.55528998,1.01345889
14.9600,0.63206296,2.32379039,0.34995841,0.38738798,0.55534613,1.01365918
14.9700,0.63188770,2.32436582,0.35011463,0.38749918,0.55540212,1.01385935
14.9800,0.63171275,2.32494057,0.35027077,0.38761026,0.55545793,1.01405939
14.9900,0.63153810,2.32551464,0.35042683,0.38772124,0.55551357,1.01425931
15.0000,0.63136375,2.32608803,0.35058282,0.38783211,0.55556905,1.01445911
15.0100,0.63118970,2.32666073,0.35073873,0.38794286,0.55562436,1.01465878
15.0200,0.63101594,2.32723276,0.35089457,0.38805350,0.55567950,1.01485832
15.0300,0.63084249,2.32780410,0.35105033,0.38816403,0.55573448,1.01505774
15.0400,0.63066933,2.32837477,0.35120601,0.38827444,0.55578928,1.01525704
15.0500,0.63049647,2.32894476,0.35136162,0.38838475,0.55584393,1.01545622
15.0600,0.63032390,2.32951407,0.35151715,0.38849495,0.55589840,1.01565527
15.0700,0.63015163,2.33008271,0.35167261,0.38860503,0.55595271,1.01585421
15.0800,0.62997965,2.33065067,0.35182799,0.38871500,0.55600685,1.01605301
15.0900,0.62980797,2.33121796,0.35198330,0.38882486,0.55606083,1.01625170
15.1000,0.62963658,2.33178458,0.35213853,0.38893462,0.55611464,1.01645027
15.1100,0.62946549,2.33235052,0.35229368,0.38904426,0.55616829,1.01664871
15.1200,0.62929468,2.33291579,0.35244876,0.38915379,0.55622177,1.01684703
15.1300,0.62912417,2.33348038,0.35260376,0.38926321,0.55627509,1.01704523
15.1400,0.62895395,2.33404431,0.35275869,0.38937251,0.55632825,1.01724331
15.1500,0.62878402,2.33460757,0.35291354,0.38948171,0.55638124,1.01744127
15.1600,0.62861437,2.33517016,0.35306831,0.38959080,0.55643406,1.01763911
15.1700,0.62844502,2.33573208,0.35322301,0.38969978,0.55648673,1.01783682
15.1800,0.62827595,2.33629333,0.35337764,0.38980865,0.55653923,1.01803442
15.1900,0.62810718,2.33685391,0.35353218,0.38991741,0.55659157,1.01823190
15.2000,0.62793869,2.33741383,0.35368665,0.39002606,0.55664374,1.01842925
15.2100,0.62777048,2.33797309,0.35384105,0.39013460,0.55669575,1.01862649
15.2200,0.62760256,2.33853168,0.35399537,0.39024303,0.55674761,1.01882361
15.2300,0.62743493,2.33908960,0.35414961,0.39035135,0.55679930,1.01902061
15.2400,0.62726758,2.33964686,0.35430378,0.39045956,0.55685082,1.01921749
15.2500,0.62710052,2.34020346,0.35445787,0.39056766,0.55690219,1.01941425
15.2600,0.62693373,2.34075940,0.35461189,0.39067566,0.55695340,1.01961089
15.2700,0.62676724,2.34131468,0.35476583,0.39078354,0.55700444,1.01980741
15.2800,0.62660102,2.34186930,0.35491969,0.39089132,0.55705533,1.02000382
15.2900,0.62643508,2.34242326,0.35507348,0.39099898,0.55710605,1.02020011
15.3000,0.62626943,2.34297656,0.35522720,0.39110654,0.55715662,1.02039628
15.3100,0.62610406,2.34352920,0.35538083,0.39121399,0.55720702,1.02059233
15.3200,0.62593896,2.34408119,0.35553439,0.39132133,0.55725727,1.02078827
15.3300,0.62577415,2.34463252,0.35568788,0.39142857,0.55730736,1.02098408
15.3400,0.62560961,2.34518319,0.35584129,0.39153569,0.55735729,1.02117978
15.3500,0.62544535,2.34573321,0.35599462,0.39164271,0.55740706,1.02137537
15.3600,0.62528137,2.34628257,0.35614788,0.39174962,0.55745667,1.02157084
15.3700,0.62511767,2.34683129,0.35630106,0.39185642,0.55750612,1.02176619
15.3800,0.62495424,2.34737935,0.35645417,0.39196311,0.55755542,1.02196142
15.3900,0.62479109,2.34792676,0.35660720,0.39206970,0.55760456,1.02215654
15.4000,0.62462821,2.34847351,0.35676015,0.39217618,0.55765354,1.02235155
15.4100,0.62446561,2.34901962,0.35691303,0.39228255,0.55770237,1.02254643
15.4200,0.62430328,2.34956508,0.35706583,0.39238881,0.55775104,1.02274121
15.4300,0.62414122,2.35010989,0.35721856,0.39249497,0.55779955,1.02293586
15.4400,0.62397944,2.35065405,0.35737121,0.39260102,0.55784791,1.02313041
15.4500,0.62381793,2.35119757,0.35752378,0.39270696,0.55789611,1.02332483
15.4600,0.62365669,2.35174044,0.35767628,0.39281280,0.55794415,1.02351915
15.4700,0.62349572,2.35228266,0.35782870,0.39291852,0.55799204,1.02371334
15.4800,0.62333502,2.35282424,0.35798105,0.39302415,0.55803978,1.02390743
15.4900,0.62317459,2.35336517,0.35813332,0.39312966,0.55808736,1.02410140
15.5000,0.62301443,2.35390546,0.35828551,0.39323507,0.55813478,1.02429526
15.5100,0.62285454,2.35444511,0.35843763,0.39334037,0.55818205,1.02448900
15.5200,0.62269491,2.35498412,0.35858968,0.39344557,0.55822917,1.02468263
15.5300,0.62253556,2.35552248,0.35874164,0.39355066,0.55827613,1.02487614
15.5400,0.62237647,2.35606021,0.35889354,0.39365565,0.55832294,1.02506955
15.5500,0.62221765,2.35659729,0.35904535,0.39376052,0.55836960,1.02526284
15.5600,0.62205909,2.35713374,0.35919709,0.39386530,0.55841610,1.02545601
15.5700,0.62190080,2.35766955,0.35934875,0.39396996,0.55846245,1.02564908
15.5800,0.62174277,2.35820472,0.35950034,0.39407453,0.55850865,1.02584203
15.5900,0.62158501,2.35873926,0.35965185,0.39417898,0.55855470,1.02603487
15.6000,0.62142751,2.35927316,0.35980329,0.39428333,0.55860059,1.02622760
15.6100,0.62127027,2.35980642,0.35995465,0.39438758,0.55864634,1.02642022
15.6200,0.62111330,2.36033905,0.36010593,0.39449172,0.55869193,1.02661273
15.6300,0.62095658,2.36087105,0.36025714,0.39459575,0.55873737,1.02680512
15.6400,0.62080013,2.36140241,0.36040828,0.39469968,0.55878266,1.02699740
15.6500,0.62064394,2.36193314,0.36055933,0.39480351,0.55882780,1.02718958
15.6600,0.62048801,2.36246324,0.36071031,0.39490723,0.55887279,1.02738164
15.6700,0.62033234,2.36299271,0.36086122,0.39501085,0.55891763,1.02757359
15.6800,0.62017693,2.36352155,0.36101205,0.39511436,0.55896231,1.02776543
15.6900,0.62002178,2.36404977,0.36116280,0.39521776,0.55900685,1.02795716
15.7000,0.61986688,2.36457735,0.36131348,0.39532107,0.55905124,1.02814878
15.7100,0.61971224,2.36510430,0.36146408,0.39542427,0.55909548,1.02834029
15.7200,0.61955786,2.36563063,0.36161460,0.39552736,0.55913957,1.02853169
15.7300,0.61940374,2.36615634,0.36176505,0.39563035,0.55918352,1.02872298
15.7400,0.61924987,2.36668141,0.36191543,0.39573324,0.55922731,1.02891416
15.7500,0.61909626,2.36720587,0.36206572,0.39583602,0.55927096,1.02910524
15.7600,0.61894290,2.36772969,0.36221594,0.39593870,0.55931446,1.02929620
15.7700,0.61878979,2.36825290,0.36236609,0.39604127,0.55935781,1.02948706
15.7800,0.61863694,2.36877548,0.36251616,0.39614375,0.55940101,1.02967780
15.7900,0.61848435,2.36929745,0.36266615,0.39624611,0.55944407,1.02986844
15.8000,0.61833200,2.36981879,0.36281607,0.39634838,0.55948698,1.03005897
15.8100,0.61817991,2.37033951,0.36296592,0.39645054,0.55952974,1.03024939
15.8200,0.61802807,2.37085961,0.36311568,0.39655260,0.55957236,1.03043971
15.8300,0.61787648,2.37137909,0.36326537,0.39665456,0.55961483,1.03062991
15.8400,0.61772514,2.37189796,0.36341499,0.39675641,0.55965715,1.03082001
15.8500,0.61757405,2.37241621,0.36356453,0.39685816,0.55969933,1.03101000
15.8600,0.61742321,2.37293384,0.36371399,0.39695981,0.55974137,1.03119989
15.8700,0.61727261,2.37345085,0.36386338,0.39706135,0.55978326,1.03138967
15.8800,0.61712227,2.37396725,0.36401269,0.39716280,0.55982500,1.03157934
15.8900,0.61697218,2.37448304,0.36416192,0.39726414,0.55986660,1.03176890
15.9000,0.61682233,2.37499821,0.36431108,0.39736537,0.55990806,1.03195836
15.9100,0.61667273,2.37551277,0.36446017,0.39746651,0.55994937,1.03214771
15.9200,0.61652337,2.37602672,0.36460918,0.39756754,0.55999053,1.03233696
15.9300,0.61637426,2.37654006,0.36475811,0.39766848,0.56003156,1.03252610
15.9400,0.61622540,2.37705279,0.36490697,0.39776931,0.56007244,1.03271513
15.9500,0.61607678,2.37756490,0.36505575,0.39787003,0.56011317,1.03290406
15.9600,0.61592840,2.37807641,0.36520445,0.39797066,0.56015377,1.03309288
15.9700,0.61578027,2.37858731,0.36535308,0.39807119,0.56019422,1.03328160
15.9800,0.61563239,2.37909760,0.36550163,0.39817161,0.56023453,1.03347021
15.9900,0.61548474,2.37960729,0.36565011,0.39827193,0.56027469,1.03365872
16.0000,0.61533734,2.38011637,0.36579851,0.39837215,0.56031472,1.03384712
16.0100,0.61519018,2.38062484,0.36594684,0.39847227,0.56035460,1.03403542
16.0200,0.61504326,2.38113271,0.36609509,0.39857229,0.56039434,1.03422362
16.0300,0.61489658,2.38163997,0.36624326,0.39867221,0.56043395,1.03441171
16.0400,0.61475014,2.38214663,0.36639136,0.39877203,0.56047340,1.03459969
16.0500,0.61460394,2.38265269,0.36653938,0.39887174,0.56051272,1.03478757
16.0600,0.61445798,2.38315815,0.36668733,0.39897136,0.56055190,1.03497535
16.0700,0.61431226,2.38366301,0.36683520,0.39907088,0.56059094,1.03516303
16.0800,0.61416677,2.38416726,0.36698300,0.39917029,0.56062984,1.03535060
16.0900,0.61402153,2.38467092,0.36713072,0.39926961,0.56066860,1.03553807
16.1000,0.61387652,2.38517398,0.36727836,0.39936882,0.56070722,1.03572543
16.1100,0.61373175,2.38567644,0.36742593,0.39946793,0.56074570,1.03591270
16.1200,0.61358721,2.38617830,0.36757342,0.39956695,0.56078404,1.03609986
16.1300,0.61344291,2.38667956,0.36772084,0.39966586,0.56082224,1.03628691
16.1400,0.61329885,2.38718023,0.36786818,0.39976468,0.56086030,1.03647387
16.1500,0.61315502,2.38768031,0.36801545,0.39986339,0.56089823,1.03666072
16.1600,0.61301142,2.38817979,0.36816264,0.39996201,0.56093601,1.03684747
16.1700,0.61286806,2.38867867,0.36830975,0.40006052,0.56097366,1.03703412
16.1800,0.61272493,2.38917697,0.36845679,0.40015894,0.56101117,1.03722067
16.1900,0.61258204,2.38967467,0.36860375,0.40025726,0.56104855,1.03740712
16.2000,0.61243938,2.39017178,0.36875064,0.40035547,0.56108578,1.03759346
16.2100,0.61229695,2.39066829,0.36889745,0.40045359,0.56112288,1.03777971
16.2200,0.61215475,2.39116422,0.36904418,0.40055161,0.56115985,1.03796585
16.2300,0.61201278,2.39165956,0.36919084,0.40064953,0.56119667,1.03815189
16.2400,0.61187104,2.39215431,0.36933743,0.40074736,0.56123336,1.03833783
16.2500,0.61172953,2.39264847,0.36948393,0.40084508,0.56126992,1.03852367
16.2600,0.61158825,2.39314205,0.36963037,0.40094270,0.56130634,1.03870941
16.2700,0.61144720,2.39363504,0.36977672,0.40104023,0.56134262,1.03889505
16.2800,0.61130638,2.39412744,0.36992301,0.40113766,0.56137877,1.03908059
16.2900,0.61116579,2.39461925,0.37006921,0.40123499,0.56141478,1.03926603
16.3000,0.61102542,2.39511049,0.37021534,0.40133222,0.56145066,1.03945137
16.3100,0.61088528,2.39560114,0.37036140,0.40142935,0.56148641,1.03963661
16.3200,0.61074537,2.39609120,0.37050737,0.40152639,0.56152202,1.03982176
16.3300,0.61060569,2.39658068,0.37065328,0.40162332,0.56155749,1.04000680
16.3400,0.61046623,2.39706959,0.37079911,0.40172016,0.56159283,1.04019174
16.3500,0.61032699,2.39755791,0.37094486,0.40181690,0.56162804,1.04037658
16.3600,0.61018798,2.39804565,0.37109053,0.40191355,0.56166311,1.04056133
16.3700,0.61004920,2.39853281,0.37123613,0.40201009,0.56169806,1.04074598
16.3800,0.60991064,2.39901939,0.37138166,0.40210654,0.56173286,1.04093053
16.3900,0.60977230,2.39950540,0.37152711,0.40220289,0.56176754,1.04111498
16.4000,0.60963418,2.39999082,0.37167248,0.40229915,0.56180208,1.04129933
16.4100,0.60949629,2.40047567,0.37181778,0.40239530,0.56183649,1.04148358
16.4200,0.60935862,2.40095995,0.37196300,0.40249136,0.56187077,1.04166774
16.4300,0.60922117,2.40144365,0.37210815,0.40258733,0.56190492,1.04185180
16.4400,0.60908394,2.40192677,0.37225322,0.40268319,0.56193894,1.04203576
16.4500,0.60894694,2.40240932,0.37239822,0.40277896,0.56197282,1.04221962
16.4600,0.60881015,2.40289130,0.37254314,0.40287464,0.56200657,1.04240339
16.4700,0.60867358,2.40337271,0.37268799,0.40297021,0.56204020,1.04258706
16.4800,0.60853724,2.40385354,0.37283276,0.40306569,0.56207369,1.04277063
16.4900,0.60840111,2.40433381,0.37297745,0.40316108,0.56210705,1.04295411
16.5000,0.60826520,2.40481350,0.37312207,0.40325636,0.56214028,1.04313749
16.5100,0.60812950,2.40529262,0.37326661,0.40335155,0.56217338,1.04332077
16.5200,0.60799403,2.40577118,0.37341108,0.40344665,0.56220635,1.04350396
16.5300,0.60785877,2.40624916,0.37355547,0.40354165,0.56223919,1.04368705
16.5400,0.60772373,2.40672658,0.37369979,0.40363655,0.56227191,1.04387004
16.5500,0.60758891,2.40720344,0.37384403,0.40373136,0.56230449,1.04405294
16.5600,0.60745430,2.40767972,0.37398820,0.40382607,0.56233694,1.04423574
16.5700,0.60731990,2.40815544,0.37413229,0.40392068,0.56236927,1.04441845
16.5800,0.60718573,2.40863060,0.37427630,0.40401520,0.56240147,1.04460106
16.5900,0.60705176,2.40910519,0.37442024,0.40410963,0.56243354,1.04478358
16.6000,0.60691801,2.40957922,0.37456411,0.40420396,0.56246548,1.04496600
16.6100,0.60678447,2.41005269,0.37470790,0.40429819,0.56249729,1.04514833
16.6200,0.60665115,2.41052559,0.37485161,0.40439233,0.56252898,1.04533056
16.6300,0.60651804,2.41099794,0.37499525,0.40448638,0.56256054,1.04551270
16.6400,0.60638514,2.41146972,0.37513881,0.40458033,0.56259197,1.04569474
16.6500,0.60625246,2.41194094,0.37528230,0.40467418,0.56262327,1.04587669
16.6600,0.60611998,2.41241161,0.37542571,0.40476794,0.56265445,1.04605854
16.6700,0.60598772,2.41288171,0.37556905,0.40486161,0.56268550,1.04624030
16.6800,0.60585566,2.41335126,0.37571231,0.40495518,0.56271643,1.04642197
16.6900,0.60572382,2.41382025,0.37585549,0.40504865,0.56274723,1.04660354
16.7000,0.60559219,2.41428869,0.37599860,0.40514203,0.56277790,1.04678502
16.7100,0.60546076,2.41475657,0.37614164,0.40523532,0.56280845,1.04696641
16.7200,0.60532955,2.41522389,0.37628460,0.40532852,0.56283888,1.04714770
16.7300,0.60519854,2.41569066,0.37642748,0.40542161,0.56286917,1.04732890
16.7400,0.60506774,2.41615688,0.37657029,0.40551462,0.56289935,1.04751001
16.7500,0.60493715,2.41662254,0.37671303,0.40560753,0.56292940,1.04769102
16.7600,0.60480676,2.41708765,0.37685569,0.40570035,0.56295932,1.04787194
16.7700,0.60467659,2.41755221,0.37699827,0.40579307,0.56298912,1.04805277
16.7800,0.60454662,2.41801622,0.37714078,0.40588570,0.56301880,1.04823350
16.7900,0.60441685,2.41847968,0.37728321,0.40597824,0.56304835,1.04841415
16.8000,0.60428729,2.41894259,0.37742557,0.40607068,0.56307778,1.04859470
16.8100,0.60415794,2.41940495,0.37756785,0.40616303,0.56310708,1.04877516
16.8200,0.60402879,2.41986676,0.37771006,0.40625529,0.56313626,1.04895553
16.8300,0.60389984,2.42032803,0.37785219,0.40634745,0.56316532,1.04913580
16.8400,0.60377110,2.42078875,0.37799425,0.40643952,0.56319426,1.04931599
16.8500,0.60364256,2.42124892,0.37813623,0.40653150,0.56322307,1.04949608
16.8600,0.60351423,2.42170855,0.37827814,0.40662339,0.56325176,1.04967608
16.8700,0.60338610,2.42216763,0.37841997,0.40671518,0.56328033,1.04985599
16.8800,0.60325817,2.42262617,0.37856173,0.40680688,0.56330878,1.05003581
16.8900,0.60313044,2.42308417,0.37870341,0.40689849,0.56333711,1.05021554
16.9000,0.60300291,2.42354162,0.37884502,0.40699000,0.56336531,1.05039517
16.9100,0.60287559,2.42399853,0.37898655,0.40708142,0.56339340,1.05057472
16.9200,0.60274846,2.42445490,0.37912800,0.40717275,0.56342136,1.05075418
16.9300,0.60262153,2.42491073,0.37926938,0.40726399,0.56344920,1.05093354
16.9400,0.60249481,2.42536602,0.37941069,0.40735513,0.56347692,1.05111282
16.9500,0.60236828,2.42582077,0.37955192,0.40744619,0.56350452,1.05129201
16.9600,0.60224196,2.42627498,0.37969308,0.40753715,0.56353200,1.05147110
16.9700,0.60211583,2.42672866,0.37983416,0.40762802,0.56355937,1.05165011
16.9800,0.60198990,2.42718180,0.37997516,0.40771880,0.56358661,1.05182902
16.9900,0.60186417,2.42763440,0.38011610,0.40780948,0.56361373,1.05200785
17.0000,0.60173863,2.42808646,0.38025695,0.40790008,0.56364073,1.05218659
17.0100,0.60161329,2.42853799,0.38039773,0.40799058,0.56366761,1.05236524
17.0200,0.60148815,2.42898898,0.38053844,0.40808099,0.56369438,1.05254380
17.0300,0.60136321,2.42943945,0.38067907,0.40817131,0.56372102,1.05272227
17.0400,0.60123846,2.42988937,0.38081962,0.40826154,0.56374755,1.05290065
17.0500,0.60111391,2.43033877,0.38096011,0.40835168,0.56377396,1.05307894
17.0600,0.60098955,2.43078763,0.38110051,0.40844173,0.56380025,1.05325715
17.0700,0.60086538,2.43123597,0.38124084,0.40853168,0.56382643,1.05343526
17.0800,0.60074142,2.43168377,0.38138110,0.40862155,0.56385248,1.05361329
17.0900,0.60061764,2.43213104,0.38152128,0.40871132,0.56387842,1.05379123
17.1000,0.60049406,2.43257778,0.38166139,0.40880101,0.56390424,1.05396908
17.1100,0.60037067,2.43302400,0.38180142,0.40889060,0.56392995,1.05414685
17.1200,0.60024747,2.43346968,0.38194137,0.40898010,0.56395553,1.05432452
17.1300,0.60012447,2.43391484,0.38208126,0.40906952,0.56398100,1.05450211
17.1400,0.60000166,2.43435948,0.38222106,0.40915884,0.56400636,1.05467961
17.1500,0.59987904,2.43480358,0.38236080,0.40924807,0.56403160,1.05485702
17.1600,0.59975661,2.43524717,0.38250045,0.40933721,0.56405672,1.05503435
17.1700,0.59963437,2.43569022,0.38264004,0.40942627,0.56408172,1.05521159
17.1800,0.59951232,2.43613276,0.38277954,0.40951523,0.56410662,1.05538874
17.1900,0.59939046,2.43657477,0.38291898,0.40960410,0.56413139,1.05556581
17.2000,0.59926880,2.43701626,0.38305833,0.40969288,0.56415605,1.05574279
17.2100,0.59914732,2.43745722,0.38319762,0.40978158,0.56418060,1.05591968
17.2200,0.59902603,2.43789767,0.38333683,0.40987018,0.56420503,1.05609648
17.2300,0.59890493,2.43833759,0.38347596,0.40995869,0.56422934,1.05627320
17.2400,0.59878402,2.43877700,0.38361502,0.41004712,0.56425355,1.05644984
17.2500,0.59866329,2.43921588,0.38375400,0.41013545,0.56427763,1.05662638
17.2600,0.59854275,2.43965425,0.38389291,0.41022370,0.56430161,1.05680284
17.2700,0.59842240,2.44009210,0.38403175,0.41031186,0.56432547,1.05697922
17.2800,0.59830224,2.44052943,0.38417051,0.41039992,0.56434921,1.05715551
17.2900,0.59818226,2.44096624,0.38430920,0.41048790,0.56437285,1.05733171
17.3000,0.59806247,2.44140254,0.38444781,0.41057579,0.56439637,1.05750783
17.3100,0.59794286,2.44183833,0.38458634,0.41066359,0.56441978,1.05768387
17.3200,0.59782344,2.44227360,0.38472481,0.41075131,0.56444307,1.05785981
17.3300,0.59770421,2.44270835,0.38486319,0.41083893,0.56446625,1.05803568
17.3400,0.59758516,2.44314259,0.38500151,0.41092647,0.56448932,1.05821146
17.3500,0.59746629,2.44357632,0.38513974,0.41101391,0.56451228,1.05838715
17.3600,0.59734761,2.44400954,0.38527791,0.41110127,0.56453513,1.05856276
17.3700,0.59722911,2.44444225,0.38541600,0.41118854,0.56455786,1.05873828
17.3800,0.59711079,2.44487444,0.38555401,0.41127573,0.56458048,1.05891372
17.3900,0.59699266,2.44530613,0.38569195,0.41136282,0.56460300,1.05908908
17.4000,0.59687470,2.44573730,0.38582982,0.41144983,0.56462540,1.05926435
17.4100,0.59675693,2.44616797,0.38596761,0.41153675,0.56464768,1.05943954
17.4200,0.59663935,2.44659813,0.38610533,0.41162358,0.56466986,1.05961464
17.4300,0.59652194,2.44702778,0.38624297,0.41171032,0.56469193,1.05978966
17.4400,0.59640471,2.44745692,0.38638054,0.41179698,0.56471389,1.05996460
17.4500,0.59628767,2.44788556,0.38651803,0.41188354,0.56473574,1.06013945
17.4600,0.59617080,2.44831369,0.38665545,0.41197003,0.56475748,1.06031422
17.4700,0.59605412,2.44874132,0.38679279,0.41205642,0.56477910,1.06048891
17.4800,0.59593761,2.44916844,0.38693006,0.41214272,0.56480062,1.06066351
17.4900,0.59582129,2.44959506,0.38706726,0.41222894,0.56482203,1.06083803
17.5000,0.59570514,2.45002118,0.38720438,0.41231508,0.56484333,1.06101246
17.5100,0.59558917,2.45044679,0.38734143,0.41240112,0.56486452,1.06118682
17.5200,0.59547338,2.45087190,0.38747840,0.41248708,0.56488561,1.06136109
17.5300,0.59535776,2.45129652,0.38761530,0.41257295,0.56490658,1.06153528
17.5400,0.59524233,2.45172063,0.38775212,0.41265873,0.56492744,1.06170938
17.5500,0.59512707,2.45214424,0.38788887,0.41274443,0.56494820,1.06188341
17.5600,0.59501199,2.45256735,0.38802555,0.41283004,0.56496885,1.06205735
17.5700,0.59489708,2.45298996,0.38816215,0.41291557,0.56498939,1.06223121
17.5800,0.59478235,2.45341208,0.38829868,0.41300101,0.56500983,1.06240499
17.5900,0.59466780,2.45383370,0.38843513,0.41308636,0.56503015,1.06257868
17.6000,0.59455342,2.45425482,0.38857151,0.41317163,0.56505037,1.06275230
17.6100,0.59443921,2.45467544,0.38870781,0.41325681,0.56507049,1.06292583
17.6200,0.59432518,2.45509557,0.38884404,0.41334190,0.56509049,1.06309928
17.6300,0.59421133,2.45551521,0.38898020,0.41342691,0.56511039,1.06327265
17.6400,0.59409765,2.45593435,0.38911628,0.41351183,0.56513018,1.06344594
17.6500,0.59398414,2.45635300,0.38925229,0.41359667,0.56514987,1.06361915
17.6600,0.59387080,2.45677115,0.38938822,0.41368142,0.56516945,1.06379227
17.6700,0.59375764,2.45718881,0.38952408,0.41376608,0.56518893,1.06396532
17.6800,0.59364465,2.45760598,0.38965987,0.41385066,0.56520830,1.06413828
17.6900,0.59353184,2.45802266,0.38979558,0.41393515,0.56522756,1.06431117
17.7000,0.59341919,2.45843885,0.38993121,0.41401956,0.56524672,1.06448397
17.7100,0.59330672,2.45885455,0.39006678,0.41410389,0.56526577,1.06465669
17.7200,0.59319442,2.45926976,0.39020227,0.41418812,0.56528472,1.06482934
17.7300,0.59308229,2.45968448,0.39033768,0.41427228,0.56530356,1.06500190
17.7400,0.59297033,2.46009872,0.39047302,0.41435635,0.56532230,1.06517438
17.7500,0.59285854,2.46051247,0.39060829,0.41444033,0.56534094,1.06534678
17.7600,0.59274692,2.46092573,0.39074348,0.41452423,0.56535947,1.06551911
17.7700,0.59263547,2.46133850,0.39087860,0.41460804,0.56537790,1.06569135
17.7800,0.59252419,2.46175079,0.39101365,0.41469177,0.56539622,1.06586351
17.7900,0.59241308,2.46216259,0.39114862,0.41477541,0.56541444,1.06603560
17.8000,0.59230213,2.46257391,0.39128352,0.41485897,0.56543255,1.06620760
17.8100,0.59219136,2.46298475,0.39141834,0.41494245,0.56545057,1.06637953
17.8200,0.59208075,2.46339510,0.39155309,0.41502584,0.56546848,1.06655137
17.8300,0.59197031,2.46380498,0.39168777,0.41510915,0.56548628,1.06672314
17.8400,0.59186004,2.46421437,0.39182237,0.41519237,0.56550399,1.06689483
17.8500,0.59174993,2.46462327,0.39195690,0.41527551,0.56552159,1.06706644
17.8600,0.59164000,2.46503170,0.39209135,0.41535857,0.56553909,1.06723797
17.8700,0.59153022,2.46543965,0.39222573,0.41544154,0.56555649,1.06740942
17.8800,0.59142062,2.46584712,0.39236004,0.41552442,0.56557378,1.06758079
17.8900,0.59131118,2.46625411,0.39249427,0.41560723,0.56559098,1.06775209
17.9000,0.59120190,2.46666062,0.39262843,0.41568995,0.56560807,1.06792330
17.9100,0.59109279,2.46706666,0.39276252,0.41577258,0.56562506,1.06809444
17.9200,0.59098385,2.46747222,0.39289653,0.41585514,0.56564195,1.06826550
17.9300,0.59087507,2.46787730,0.39303047,0.41593760,0.56565874,1.06843648
17.9400,0.59076645,2.46828191,0.39316433,0.41601999,0.56567543,1.06860739
17.9500,0.59065800,2.46868604,0.39329812,0.41610229,0.56569202,1.06877821
17.9600,0.59054971,2.46908970,0.39343184,0.41618451,0.56570851,1.06894896
17.9700,0.59044158,2.46949288,0.39356548,0.41626665,0.56572489,1.06911963
17.9800,0.59033362,2.46989559,0.39369905,0.41634870,0.56574118,1.06929023
17.9900,0.59022582,2.47029783,0.39383255,0.41643067,0.56575737,1.06946075
18.0000,0.59011818,2.47069960,0.39396597,0.41651256,0.56577346,1.06963118
18.0100,0.59001071,2.47110089,0.39409932,0.41659437,0.56578945,1.06980155
18.0200,0.58990339,2.47150172,0.39423260,0.41667609,0.56580533,1.06997183
18.0300,0.58979624,2.47190207,0.39436580,0.41675773,0.56582112,1.07014204
18.0400,0.58968924,2.47230196,0.39449893,0.41683929,0.56583681,1.07031217
18.0500,0.58958241,2.47270137,0.39463199,0.41692076,0.56585241,1.07048223
18.0600,0.58947574,2.47310032,0.39476497,0.41700215,0.56586790,1.07065221
18.0700,0.58936923,2.47349880,0.39489788,0.41708347,0.56588330,1.07082211
18.0800,0.58926288,2.47389682,0.39503071,0.41716469,0.56589859,1.07099194
18.0900,0.58915669,2.47429436,0.39516347,0.41724584,0.56591379,1.07116169
18.1000,0.58905065,2.47469145,0.39529616,0.41732690,0.56592889,1.07133136
18.1100,0.58894478,2.47508806,0.39542877,0.41740789,0.56594390,1.07150096
18.1200,0.58883907,2.47548421,0.39556132,0.41748879,0.56595880,1.07167048
18.1300,0.58873351,2.47587990,0.39569378,0.41756961,0.56597361,1.07183992
18.1400,0.58862811,2.47627512,0.39582618,0.41765034,0.56598832,1.07200929
18.1500,0.58852287,2.47666988,0.39595850,0.41773100,0.56600294,1.07217859
18.1600,0.58841778,2.47706418,0.39609075,0.41781157,0.56601745,1.07234781
18.1700,0.58831286,2.47745802,0.39622292,0.41789207,0.56603187,1.07251695
18.1800,0.58820809,2.47785140,0.39635502,0.41797248,0.56604620,1.07268602
18.1900,0.58810347,2.47824431,0.39648705,0.41805281,0.56606043,1.07285501
18.2000,0.58799901,2.47863677,0.39661901,0.41813306,0.56607456,1.07302393
18.2100,0.58789471,2.47902876,0.39675089,0.41821323,0.56608860,1.07319278
18.2200,0.58779057,2.47942030,0.39688270,0.41829331,0.56610254,1.07336154
18.2300,0.58768658,2.47981138,0.39701443,0.41837332,0.56611638,1.07353024
18.2400,0.58758274,2.48020200,0.39714610,0.41845324,0.56613013,1.07369886
18.2500,0.58747906,2.48059217,0.39727768,0.41853309,0.56614379,1.07386740
18.2600,0.58737553,2.48098188,0.39740920,0.41861285,0.56615735,1.07403587
18.2700,0.58727216,2.48137113,0.39754064,0.41869254,0.56617081,1.07420427
18.2800,0.58716894,2.48175993,0.39767201,0.41877214,0.56618418,1.07437259
18.2900,0.58706587,2.48214827,0.39780331,0.41885166,0.56619746,1.07454083
18.3000,0.58696296,2.48253616,0.39793453,0.41893110,0.56621064,1.07470901
18.3100,0.58686020,2.48292360,0.39806569,0.41901046,0.56622372,1.07487711
18.3200,0.58675759,2.48331058,0.39819676,0.41908975,0.56623672,1.07504513
18.3300,0.58665514,2.48369711,0.39832777,0.41916895,0.56624962,1.07521308
18.3400,0.58655284,2.48408319,0.39845870,0.41924807,0.56626242,1.07538096
18.3500,0.58645069,2.48446882,0.39858956,0.41932711,0.56627513,1.07554877
18.3600,0.58634869,2.48485399,0.39872034,0.41940607,0.56628775,1.07571650
18.3700,0.58624684,2.48523872,0.39885106,0.41948495,0.56630028,1.07588415
18.3800,0.58614514,2.48562300,0.39898170,0.41956376,0.56631271,1.07605174
18.3900,0.58604360,2.48600683,0.39911226,0.41964248,0.56632505,1.07621925
18.4000,0.58594220,2.48639021,0.39924276,0.41972112,0.56633730,1.07638669
18.4100,0.58584095,2.48677314,0.39937318,0.41979968,0.56634945,1.07655405
18.4200,0.58573986,2.48715563,0.39950353,0.41987817,0.56636152,1.07672135
18.4300,0.58563891,2.48753767,0.39963380,0.41995657,0.56637349,1.07688856
18.4400,0.58553811,2.48791926,0.39976401,0.42003490,0.56638537,1.07705571
18.4500,0.58543746,2.48830041,0.39989414,0.42011314,0.56639715,1.07722279
18.4600,0.58533696,2.48868112,0.40002420,0.42019131,0.56640885,1.07738979
18.4700,0.58523661,2.48906138,0.40015418,0.42026940,0.56642045,1.07755672
18.4800,0.58513641,2.48944120,0.40028409,0.42034741,0.56643197,1.07772357
18.4900,0.58503635,2.48982057,0.40041393,0.42042534,0.56644339,1.07789036
18.5000,0.58493644,2.49019950,0.40054370,0.42050319,0.56645472,1.07805707
18.5100,0.58483668,2.49057799,0.40067339,0.42058097,0.56646596,1.07822371
18.5200,0.58473707,2.49095604,0.40080302,0.42065866,0.56647711,1.07839028
18.5300,0.58463760,2.49133365,0.40093256,0.42073628,0.56648817,1.07855678
18.5400,0.58453828,2.49171081,0.40106204,0.42081381,0.56649914,1.07872320
18.5500,0.58443911,2.49208754,0.40119144,0.42089127,0.56651002,1.07888956
18.5600,0.58434008,2.49246383,0.40132078,0.42096865,0.56652081,1.07905584
18.5700,0.58424119,2.49283968,0.40145003,0.42104596,0.56653151,1.07922205
18.5800,0.58414245,2.49321509,0.40157922,0.42112318,0.56654212,1.07938819
18.5900,0.58404386,2.49359007,0.40170833,0.42120033,0.56655264,1.07955426
18.6000,0.58394541,2.49396461,0.40183738,0.42127740,0.56656307,1.07972026
18.6100,0.58384711,2.49433871,0.40196634,0.42135439,0.56657341,1.07988618
18.6200,0.58374895,2.49471237,0.40209524,0.42143130,0.56658366,1.08005204
18.6300,0.58365093,2.49508561,0.40222406,0.42150814,0.56659383,1.08021782
18.6400,0.58355306,2.49545840,0.40235282,0.42158489,0.56660391,1.08038354
18.6500,0.58345533,2.49583077,0.40248149,0.42166157,0.56661389,1.08054918
18.6600,0.58335775,2.49620270,0.40261010,0.42173818,0.56662379,1.08071475
18.6700,0.58326031,2.49657419,0.40273864,0.42181470,0.56663360,1.08088025
18.6800,0.58316301,2.49694526,0.40286710,0.42189115,0.56664333,1.08104569
18.6900,0.58306585,2.49731589,0.40299549,0.42196752,0.56665296,1.08121105
18.7000,0.58296883,2.49768609,0.40312381,0.42204381,0.56666251,1.08137634
18.7100,0.58287196,2.49805586,0.40325205,0.42212003,0.56667197,1.08154156
18.7200,0.58277523,2.49842521,0.40338022,0.42219617,0.56668135,1.08170671
18.7300,0.58267864,2.49879412,0.40350832,0.42227223,0.56669064,1.08187179
18.7400,0.58258219,2.49916260,0.40363635,0.42234822,0.56669984,1.08203680
18.7500,0.58248588,2.49953066,0.40376431,0.42242413,0.56670895,1.08220174
18.7600,0.58238971,2.49989828,0.40389219,0.42249996,0.56671798,1.08236662
18.7700,0.58229368,2.50026548,0.40402001,0.42257571,0.56672692,1.08253142
18.7800,0.58219780,2.50063226,0.40414775,0.42265139,0.56673577,1.08269615
18.7900,0.58210205,2.50099860,0.40427541,0.42272699,0.56674454,1.08286081
18.8000,0.58200644,2.50136453,0.40440301,0.42280252,0.56675322,1.08302541
18.8100,0.58191097,2.50173002,0.40453053,0.42287797,0.56676182,1.08318993
18.8200,0.58181564,2.50209509,0.40465799,0.42295334,0.56677033,1.08335439
18.8300,0.58172045,2.50245974,0.40478537,0.42302864,0.56677875,1.08351877
18.8400,0.58162539,2.50282397,0.40491267,0.42310386,0.56678710,1.08368309
18.8500,0.58153048,2.50318777,0.40503991,0.42317901,0.56679535,1.08384734
18.8600,0.58143570,2.50355115,0.40516707,0.42325407,0.56680352,1.08401152
18.8700,0.58134106,2.50391411,0.40529416,0.42332907,0.56681161,1.08417563
18.8800,0.58124656,2.50427664,0.40542118,0.42340398,0.56681961,1.08433968
18.8900,0.58115219,2.50463876,0.40554813,0.42347883,0.56682752,1.08450365
18.9000,0.58105796,2.50500046,0.40567501,0.42355359,0.56683536,1.08466756
18.9100,0.58096387,2.50536173,0.40580181,0.42362828,0.56684310,1.08483139
18.9200,0.58086992,2.50572259,0.40592855,0.42370290,0.56685077,1.08499516
18.9300,0.58077610,2.50608303,0.40605521,0.42377744,0.56685835,1.08515886
18.9400,0.58068242,2.50644305,0.40618180,0.42385190,0.56686584,1.08532250
18.9500,0.58058887,2.50680265,0.40630831,0.42392629,0.56687326,1.08548606
18.9600,0.58049546,2.50716184,0.40643476,0.42400060,0.56688059,1.08564956
18.9700,0.58040218,2.50752061,0.40656113,0.42407484,0.56688783,1.08581299
18.9800,0.58030904,2.50787897,0.40668743,0.42414901,0.56689500,1.08597635
18.9900,0.58021603,2.50823691,0.40681367,0.42422309,0.56690208,1.08613964
19.0000,0.58012316,2.50859443,0.40693982,0.42429711,0.56690908,1.08630287
19.0100,0.58003042,2.50895154,0.40706591,0.42437105,0.56691599,1.08646603
19.0200,0.57993781,2.50930824,0.40719193,0.42444491,0.56692282,1.08662912
19.0300,0.57984534,2.50966453,0.40731787,0.42451870,0.56692958,1.08679215
19.0400,0.57975300,2.51002040,0.40744374,0.42459242,0.56693624,1.08695510
19.0500,0.57966080,2.51037586,0.40756954,0.42466606,0.56694283,1.08711799
19.0600,0.57956873,2.51073091,0.40769527,0.42473962,0.56694934,1.08728082
19.0700,0.57947679,2.51108554,0.40782093,0.42481311,0.56695576,1.08744357
19.0800,0.57938498,2.51143977,0.40794652,0.42488653,0.56696210,1.08760626
19.0900,0.57929331,2.51179359,0.40807203,0.42495987,0.56696836,1.08776888
19.1000,0.57920176,2.51214700,0.40819748,0.42503314,0.56697454,1.08793144
19.1100,0.57911035,2.51250000,0.40832285,0.42510634,0.56698064,1.08809393
19.1200,0.57901907,2.51285259,0.40844815,0.42517946,0.56698666,1.08825635
19.1300,0.57892792,2.51320477,0.40857338,0.42525251,0.56699259,1.08841871
19.1400,0.57883691,2.51355655,0.40869853,0.42532548,0.56699845,1.08858100
19.1500,0.57874602,2.51390792,0.40882362,0.42539838,0.56700423,1.08874322
19.1600,0.57865526,2.51425888,0.40894864,0.42547120,0.56700992,1.08890538
19.1700,0.57856464,2.51460944,0.40907358,0.42554396,0.56701554,1.08906747
19.1800,0.57847414,2.51495959,0.40919845,0.42561663,0.56702107,1.08922949
19.1900,0.57838378,2.51530934,0.40932325,0.42568924,0.56702653,1.08939145
19.2000,0.57829354,2.51565868,0.40944798,0.42576177,0.56703191,1.08955334
19.2100,0.57820343,2.51600762,0.40957264,0.42583423,0.56703720,1.08971517
19.2200,0.57811346,2.51635616,0.40969723,0.42590661,0.56704242,1.08987693
19.2300,0.57802361,2.51670430,0.40982175,0.42597893,0.56704756,1.09003863
19.2400,0.57793389,2.51705203,0.40994619,0.42605116,0.56705262,1.09020026
19.2500,0.57784429,2.51739936,0.41007057,0.42612333,0.56705760,1.09036182
19.2600,0.57775483,2.51774629,0.41019487,0.42619542,0.56706250,1.09052332
19.2700,0.57766549,2.51809282,0.41031910,0.42626744,0.56706733,1.09068476
19.2800,0.57757628,2.51843895,0.41044326,0.42633939,0.56707207,1.09084613
19.2900,0.57748720,2.51878469,0.41056735,0.42641126,0.56707674,1.09100743
19.3000,0.57739825,2.51913002,0.41069137,0.42648307,0.56708133,1.09116867
19.3100,0.57730942,2.51947495,0.41081532,0.42655480,0.56708584,1.09132984
19.3200,0.57722072,2.51981949,0.41093920,0.42662645,0.56709027,1.09149095
19.3300,0.57713215,2.52016363,0.41106300,0.42669804,0.56709463,1.09165199
19.3400,0.57704370,2.52050737,0.41118674,0.42676955,0.56709891,1.09181297
19.3500,0.57695538,2.52085072,0.41131040,0.42684099,0.56710311,1.09197389
19.3600,0.57686718,2.52119367,0.41143400,0.42691235,0.56710723,1.09213474
19.3700,0.57677911,2.52153623,0.41155752,0.42698365,0.56711128,1.09229552
19.3800,0.57669117,2.52187839,0.41168097,0.42705487,0.56711525,1.09245624
19.3900,0.57660335,2.52222015,0.41180435,0.42712602,0.56711914,1.09261690
19.4000,0.57651566,2.52256153,0.41192766,0.42719710,0.56712296,1.09277749
19.4100,0.57642809,2.52290251,0.41205090,0.42726811,0.56712670,1.09293802
19.4200,0.57634064,2.52324309,0.41217407,0.42733905,0.56713036,1.09309848
19.4300,0.57625332,2.52358329,0.41229717,0.42740991,0.56713395,1.09325888
19.4400,0.57616612,2.52392309,0.41242019,0.42748070,0.56713746,1.09341922
19.4500,0.57607905,2.52426251,0.41254315,0.42755142,0.56714089,1.09357949
19.4600,0.57599210,2.52460153,0.41266604,0.42762207,0.56714425,1.09373970
19.4700,0.57590527,2.52494016,0.41278885,0.42769265,0.56714754,1.09389984
19.4800,0.57581857,2.52527840,0.41291160,0.42776315,0.56715075,1.09405992
19.4900,0.57573199,2.52561625,0.41303427,0.42783359,0.56715388,1.09421994
19.5000,0.57564553,2.52595372,0.41315687,0.42790395,0.56715694,1.09437989
19.5100,0.57555920,2.52629080,0.41327941,0.42797425,0.56715992,1.09453978
19.5200,0.57547298,2.52662749,0.41340187,0.42804447,0.56716283,1.09469961
19.5300,0.57538689,2.52696379,0.41352426,0.42811462,0.56716567,1.09485937
19.5400,0.57530092,2.52729970,0.41364658,0.42818470,0.56716843,1.09501907
19.5500,0.57521507,2.52763523,0.41376883,0.42825471,0.56717111,1.09517871
19.5600,0.57512935,2.52797038,0.41389102,0.42832464,0.56717372,1.09533828
19.5700,0.57504374,2.52830514,0.41401313,0.42839451,0.56717626,1.09549779
19.5800,0.57495826,2.52863951,0.41413517,0.42846431,0.56717872,1.09565724
19.5900,0.57487289,2.52897350,0.41425714,0.42853403,0.56718111,1.09581662
19.6000,0.57478765,2.52930711,0.41437903,0.42860369,0.56718343,1.09597594
19.6100,0.57470253,2.52964033,0.41450086,0.42867327,0.56718567,1.09613520
19.6200,0.57461753,2.52997317,0.41462262,0.42874279,0.56718784,1.09629440
19.6300,0.57453264,2.53030563,0.41474431,0.42881223,0.56718993,1.09645353
19.6400,0.57444788,2.53063771,0.41486593,0.42888161,0.56719195,1.09661261
19.6500,0.57436323,2.53096941,0.41498748,0.42895091,0.56719390,1.09677161
19.6600,0.57427871,2.53130072,0.41510895,0.42902015,0.56719578,1.09693056
19.6700,0.57419430,2.53163166,0.41523036,0.42908931,0.56719758,1.09708945
19.6800,0.57411002,2.53196221,0.41535170,0.42915840,0.56719932,1.09724827
19.6900,0.57402585,2.53229239,0.41547297,0.42922743,0.56720097,1.09740703
19.7000,0.57394180,2.53262219,0.41559416,0.42929638,0.56720256,1.09756573
19.7100,0.57385787,2.53295161,0.41571529,0.42936527,0.56720408,1.09772436
19.7200,0.57377405,2.53328065,0.41583635,0.42943408,0.56720552,1.09788294
19.7300,0.57369035,2.53360932,0.41595733,0.42950283,0.56720689,1.09804145
19.7400,0.57360678,2.53393761,0.41607825,0.42957150,0.56720819,1.09819990
19.7500,0.57352331,2.53426552,0.41619910,0.42964011,0.56720942,1.09835829
19.7600,0.57343997,2.53459306,0.41631988,0.42970865,0.56721057,1.09851661
19.7700,0.57335674,2.53492022,0.41644058,0.42977711,0.56721166,1.09867488
19.7800,0.57327363,2.53524701,0.41656122,0.42984551,0.56721267,1.09883308
19.7900,0.57319063,2.53557343,0.41668179,0.42991384,0.56721362,1.09899123
19.8000,0.57310776,2.53589947,0.41680229,0.42998210,0.56721449,1.09914931
19.8100,0.57302499,2.53622513,0.41692271,0.43005029,0.56721529,1.09930733
19.8200,0.57294235,2.53655043,0.41704307,0.43011842,0.56721602,1.09946528
19.8300,0.57285981,2.53687535,0.41716336,0.43018647,0.56721668,1.09962318
19.8400,0.57277740,2.53719990,0.41728358,0.43025445,0.56721727,1.09978102
19.8500,0.57269510,2.53752408,0.41740373,0.43032237,0.56721779,1.09993879
19.8600,0.57261291,2.53784789,0.41752380,0.43039022,0.56721824,1.10009651
19.8700,0.57253084,2.53817132,0.41764381,0.43045800,0.56721862,1.10025416
19.8800,0.57244889,2.53849439,0.41776375,0.43052571,0.56721893,1.10041175
19.8900,0.57236704,2.53881709,0.41788362,0.43059335,0.56721917,1.10056929
19.9000,0.57228532,2.53913942,0.41800342,0.43066092,0.56721935,1.10072676
19.9100,0.57220370,2.53946138,0.41812315,0.43072842,0.56721945,1.10088417
19.9200,0.57212220,2.53978298,0.41824281,0.43079586,0.56721948,1.10104152
19.9300,0.57204082,2.54010420,0.41836241,0.43086323,0.56721944,1.10119881
19.9400,0.57195954,2.54042506,0.41848193,0.43093053,0.56721934,1.10135604
19.9500,0.57187838,2.54074556,0.41860138,0.43099776,0.56721917,1.10151321
19.9600,0.57179734,2.54106568,0.41872076,0.43106493,0.56721892,1.10167031
19.9700,0.57171640,2.54138544,0.41884008,0.43113202,0.56721861,1.10182736
19.9800,0.57163558,2.54170484,0.41895932,0.43119905,0.56721824,1.10198435
19.9900,0.57155487,2.54202387,0.41907850,0.43126601,0.56721779,1.10214128
20.0000,0.57147427,2.54234254,0.41919760,0.43133290,0.56721727,1.10229815
20.0100,0.57139379,2.54266085,0.41931664,0.43139973,0.56721669,1.10245496
20.0200,0.57131341,2.54297879,0.41943560,0.43146649,0.56721604,1.10261170
20.0300,0.57123315,2.54329636,0.41955450,0.43153318,0.56721532,1.10276839
20.0400,0.57115300,2.54361358,0.41967333,0.43159980,0.56721453,1.10292502
20.0500,0.57107296,2.54393044,0.41979209,0.43166635,0.56721368,1.10308159
20.0600,0.57099303,2.54424693,0.41991078,0.43173284,0.56721276,1.10323810
20.0700,0.57091322,2.54456306,0.42002940,0.43179926,0.56721177,1.10339455
20.0800,0.57083351,2.54487883,0.42014795,0.43186562,0.56721072,1.10355094
20.0900,0.57075391,2.54519425,0.42026643,0.43193190,0.56720960,1.10370727
20.1000,0.57067443,2.54550930,0.42038484,0.43199812,0.56720841,1.10386354
20.1100,0.57059505,2.54582399,0.42050319,0.43206427,0.56720715,1.10401975
20.1200,0.57051578,2.54613833,0.42062146,0.43213036,0.56720583,1.10417591
20.1300,0.57043663,2.54645231,0.42073967,0.43219638,0.56720444,1.10433200
20.1400,0.57035758,2.54676593,0.42085780,0.43226233,0.56720299,1.10448804
20.1500,0.57027864,2.54707919,0.42097587,0.43232822,0.56720147,1.10464401
20.1600,0.57019981,2.54739210,0.42109387,0.43239403,0.56719989,1.10479993
20.1700,0.57012109,2.54770465,0.42121180,0.43245979,0.56719823,1.10495579
20.1800,0.57004248,2.54801684,0.42132966,0.43252547,0.56719652,1.10511159
20.1900,0.56996398,2.54832868,0.42144745,0.43259109,0.56719473,1.10526733
20.2000,0.56988558,2.54864017,0.42156517,0.43265664,0.56719289,1.10542301
20.2100,0.56980730,2.54895130,0.42168283,0.43272213,0.56719097,1.10557863
20.2200,0.56972912,2.54926208,0.42180041,0.43278755,0.56718899,1.10573420
20.2300,0.56965105,2.54957250,0.42191793,0.43285290,0.56718695,1.10588970
20.2400,0.56957308,2.54988257,0.42203537,0.43291819,0.56718484,1.10604515
20.2500,0.56949523,2.55019229,0.42215275,0.43298341,0.56718267,1.10620054
20.2600,0.56941748,2.55050166,0.42227006,0.43304857,0.56718043,1.10635587
20.2700,0.56933983,2.55081067,0.42238730,0.43311366,0.56717813,1.10651114
20.2800,0.56926230,2.55111934,0.42250448,0.43317868,0.56717576,1.10666636
20.2900,0.56918487,2.55142765,0.42262158,0.43324364,0.56717333,1.10682151
20.3000,0.56910755,2.55173561,0.42273862,0.43330853,0.56717084,1.10697661
20.3100,0.56903033,2.55204323,0.42285558,0.43337336,0.56716828,1.10713165
20.3200,0.56895322,2.55235049,0.42297248,0.43343812,0.56716566,1.10728663
20.3300,0.56887621,2.55265741,0.42308931,0.43350282,0.56716297,1.10744156
20.3400,0.56879932,2.55296397,0.42320607,0.43356745,0.56716022,1.10759642
20.3500,0.56872252,2.55327019,0.42332276,0.43363201,0.56715741,1.10775123
20.3600,0.56864583,2.55357606,0.42343939,0.43369651,0.56715453,1.10790598
20.3700,0.56856925,2.55388159,0.42355594,0.43376095,0.56715159,1.10806068
20.3800,0.56849277,2.55418677,0.42367243,0.43382532,0.56714859,1.10821531
20.3900,0.56841640,2.55449160,0.42378885,0.43388962,0.56714552,1.10836989
20.4000,0.56834013,2.55479609,0.42390520,0.43395386,0.56714239,1.10852441
20.4100,0.56826397,2.55510023,0.42402148,0.43401803,0.56713920,1.10867887
20.4200,0.56818791,2.55540403,0.42413769,0.43408214,0.56713595,1.10883328
20.4300,0.56811195,2.55570748,0.42425384,0.43414619,0.56713263,1.10898763
20.4400,0.56803610,2.55601059,0.42436991,0.43421017,0.56712925,1.10914192
20.4500,0.56796035,2.55631335,0.42448592,0.43427408,0.56712581,1.10929615
20.4600,0.56788470,2.55661578,0.42460186,0.43433793,0.56712231,1.10945033
20.4700,0.56780916,2.55691786,0.42471773,0.43440172,0.56711875,1.10960445
20.4800,0.56773372,2.55721959,0.42483354,0.43446544,0.56711512,1.10975851
20.4900,0.56765839,2.55752099,0.42494927,0.43452909,0.56711143,1.10991252
20.5000,0.56758315,2.55782205,0.42506494,0.43459269,0.56710768,1.11006646
20.5100,0.56750802,2.55812276,0.42518054,0.43465621,0.56710387,1.11022036
20.5200,0.56743299,2.55842313,0.42529607,0.43471968,0.56710000,1.11037419
20.5300,0.56735807,2.55872317,0.42541153,0.43478308,0.56709607,1.11052797
20.5400,0.56728324,2.55902286,0.42552693,0.43484641,0.56709207,1.11068169
20.5500,0.56720852,2.55932222,0.42564226,0.43490968,0.56708802,1.11083536
20.5600,0.56713390,2.55962124,0.42575751,0.43497289,0.56708390,1.11098896
20.5700,0.56705938,2.55991992,0.42587271,0.43503603,0.56707973,1.11114252
20.5800,0.56698496,2.56021826,0.42598783,0.43509911,0.56707549,1.11129601
20.5900,0.56691065,2.56051627,0.42610288,0.43516213,0.56707119,1.11144945
20.6000,0.56683643,2.56081393,0.42621787,0.43522508,0.56706683,1.11160283
20.6100,0.56676231,2.56111127,0.42633279,0.43528797,0.56706242,1.11175616
20.6200,0.56668830,2.56140826,0.42644764,0.43535079,0.56705794,1.11190943
20.6300,0.56661439,2.56170492,0.42656243,0.43541355,0.56705340,1.11206265
20.6400,0.56654057,2.56200125,0.42667714,0.43547625,0.56704880,1.11221580
20.6500,0.56646686,2.56229724,0.42679179,0.43553889,0.56704415,1.11236891
20.6600,0.56639325,2.56259290,0.42690637,0.43560146,0.56703943,1.11252195
20.6700,0.56631973,2.56288822,0.42702088,0.43566396,0.56703465,1.11267494
20.6800,0.56624632,2.56318321,0.42713533,0.43572641,0.56702982,1.11282788
20.6900,0.56617300,2.56347787,0.42724971,0.43578879,0.56702492,1.11298076
20.7000,0.56609979,2.56377219,0.42736402,0.43585111,0.56701997,1.11313358
20.7100,0.56602667,2.56406619,0.42747826,0.43591336,0.56701496,1.11328634
20.7200,0.56595365,2.56435985,0.42759243,0.43597555,0.56700988,1.11343906
20.7300,0.56588074,2.56465318,0.42770654,0.43603768,0.56700475,1.11359171
20.7400,0.56580791,2.56494618,0.42782058,0.43609975,0.56699957,1.11374431
20.7500,0.56573519,2.56523885,0.42793455,0.43616175,0.56699432,1.11389686
20.7600,0.56566257,2.56553119,0.42804846,0.43622369,0.56698901,1.11404935
20.7700,0.56559004,2.56582320,0.42816229,0.43628557,0.56698365,1.11420178
20.7800,0.56551762,2.56611488,0.42827606,0.43634738,0.56697823,1.11435416
20.7900,0.56544529,2.56640623,0.42838976,0.43640914,0.56697275,1.11450648
20.8000,0.56537305,2.56669726,0.42850340,0.43647083,0.56696721,1.11465875
20.8100,0.56530092,2.56698795,0.42861697,0.43653245,0.56696162,1.11481096
20.8200,0.56522888,2.56727832,0.42873047,0.43659402,0.56695596,1.11496312
20.8300,0.56515694,2.56756837,0.42884390,0.43665552,0.56695025,1.11511522
20.8400,0.56508510,2.56785808,0.42895726,0.43671696,0.56694449,1.11526727
20.8500,0.56501335,2.56814747,0.42907056,0.43677834,0.56693866,1.11541926
20.8600,0.56494170,2.56843654,0.42918379,0.43683966,0.56693278,1.11557120
20.8700,0.56487014,2.56872528,0.42929696,0.43690091,0.56692684,1.11572308
20.8800,0.56479869,2.56901369,0.42941005,0.43696211,0.56692085,1.11587491
20.8900,0.56472732,2.56930179,0.42952308,0.43702324,0.56691479,1.11602668
20.9000,0.56465606,2.56958955,0.42963605,0.43708430,0.56690869,1.11617840
20.9100,0.56458489,2.56987700,0.42974894,0.43714531,0.56690252,1.11633007
20.9200,0.56451381,2.57016412,0.42986177,0.43720626,0.56689630,1.11648168
20.9300,0.56444283,2.57045091,0.42997453,0.43726714,0.56689002,1.11663323
20.9400,0.56437195,2.57073739,0.43008723,0.43732796,0.56688369,1.11678473
20.9500,0.56430116,2.57102354,0.43019985,0.43738872,0.56687730,1.11693618
20.9600,0.56423047,2.57130938,0.43031241,0.43744942,0.56687085,1.11708757
20.9700,0.56415987,2.57159489,0.43042491,0.43751006,0.56686435,1.11723891
20.9800,0.56408936,2.57188008,0.43053733,0.43757063,0.56685779,1.11739019
20.9900,0.56401895,2.57216495,0.43064969,0.43763115,0.56685118,1.11754142
21.0000,0.56394864,2.57244950,0.43076199,0.43769160,0.56684451,1.11769259
21.0100,0.56387842,2.57273373,0.43087421,0.43775200,0.56683778,1.11784371
21.0200,0.56380829,2.57301765,0.43098637,0.43781233,0.56683100,1.11799478
21.0300,0.56373825,2.57330124,0.43109846,0.43787260,0.56682417,1.11814579
21.0400,0.56366831,2.57358452,0.43121049,0.43793281,0.56681728,1.11829675
21.0500,0.56359847,2.57386748,0.43132245,0.43799295,0.56681034,1.11844765
21.0600,0.56352871,2.57415012,0.43143434,0.43805304,0.56680334,1.11859850
21.0700,0.56345905,2.57443245,0.43154617,0.43811307,0.56679628,1.11874930
21.0800,0.56338948,2.57471445,0.43165792,0.43817303,0.56678917,1.11890004
21.0900,0.56332001,2.57499615,0.43176962,0.43823294,0.56678201,1.11905073
21.1000,0.56325063,2.57527752,0.43188124,0.43829278,0.56677479,1.11920137
21.1100,0.56318134,2.57555859,0.43199280,0.43835257,0.56676752,1.11935195
21.1200,0.56311214,2.57583933,0.43210429,0.43841229,0.56676020,1.11950248
21.1300,0.56304304,2.57611977,0.43221572,0.43847196,0.56675282,1.11965295
21.1400,0.56297402,2.57639989,0.43232708,0.43853156,0.56674539,1.11980337
21.1500,0.56290510,2.57667969,0.43243837,0.43859110,0.56673790,1.11995374
21.1600,0.56283627,2.57695918,0.43254960,0.43865058,0.56673036,1.12010405
21.1700,0.56276754,2.57723836,0.43266076,0.43871000,0.56672277,1.12025432
21.1800,0.56269889,2.57751723,0.43277185,0.43876937,0.56671512,1.12040452
21.1900,0.56263033,2.57779579,0.43288288,0.43882867,0.56670742,1.12055468
21.2000,0.56256187,2.57807403,0.43299384,0.43888791,0.56669966,1.12070478
21.2100,0.56249350,2.57835196,0.43310474,0.43894709,0.56669186,1.12085483
21.2200,0.56242522,2.57862958,0.43321557,0.43900621,0.56668400,1.12100482
21.2300,0.56235703,2.57890690,0.43332633,0.43906528,0.56667609,1.12115476
21.2400,0.56228892,2.57918390,0.43343702,0.43912428,0.56666812,1.12130465
21.2500,0.56222091,2.57946059,0.43354765,0.43918322,0.56666010,1.12145449
21.2600,0.56215299,2.57973697,0.43365822,0.43924210,0.56665203,1.12160427
21.2700,0.56208516,2.58001305,0.43376871,0.43930093,0.56664391,1.12175400
21.2800,0.56201742,2.58028881,0.43387915,0.43935969,0.56663574,1.12190368
21.2900,0.56194977,2.58056427,0.43398951,0.43941839,0.56662751,1.12205330
21.3000,0.56188221,2.58083942,0.43409981,0.43947704,0.56661923,1.12220287
21.3100,0.56181474,2.58111427,0.43421004,0.43953562,0.56661090,1.12235239
21.3200,0.56174736,2.58138880,0.43432021,0.43959415,0.56660252,1.12250186
21.3300,0.56168007,2.58166304,0.43443031,0.43965262,0.56659408,1.12265127
21.3400,0.56161286,2.58193696,0.43454035,0.43971103,0.56658560,1.12280063
21.3500,0.56154575,2.58221058,0.43465032,0.43976937,0.56657706,1.12294994
21.3600,0.56147872,2.58248389,0.43476022,0.43982766,0.56656847,1.12309920
21.3700,0.56141178,2.58275690,0.43487006,0.43988590,0.56655983,1.12324840
21.3800,0.56134493,2.58302961,0.43497983,0.43994407,0.56655114,1.12339755
21.3900,0.56127817,2.58330201,0.43508954,0.44000218,0.56654240,1.12354665
21.4000,0.56121150,2.58357411,0.43519918,0.44006023,0.56653360,1.12369570
21.4100,0.56114491,2.58384590,0.43530875,0.44011823,0.56652476,1.12384469
21.4200,0.56107842,2.58411739,0.43541826,0.44017617,0.56651586,1.12399364
21.4300,0.56101201,2.58438858,0.43552770,0.44023404,0.56650692,1.12414253
21.4400,0.56094568,2.58465947,0.43563708,0.44029186,0.56649792,1.12429137
21.4500,0.56087945,2.58493005,0.43574639,0.44034962,0.56648888,1.12444015
21.4600,0.56081330,2.58520034,0.43585564,0.44040733,0.56647978,1.12458889
21.4700,0.56074724,2.58547032,0.43596482,0.44046497,0.56647064,1.12473757
21.4800,0.56068127,2.58574001,0.43607393,0.44052256,0.56646144,1.12488620
21.4900,0.56061538,2.58600939,0.43618298,0.44058008,0.56645219,1.12503478
21.5000,0.56054958,2.58627847,0.43629197,0.44063755,0.56644290,1.12518330
21.5100,0.56048387,2.58654726,0.43640088,0.44069496,0.56643355,1.12533178
21.5200,0.56041824,2.58681574,0.43650974,0.44075232,0.56642415,1.12548020
21.5300,0.56035270,2.58708393,0.43661852,0.44080961,0.56641471,1.12562857
21.5400,0.56028724,2.58735182,0.43672725,0.44086685,0.56640521,1.12577689
21.5500,0.56022188,2.58761941,0.43683590,0.44092403,0.56639567,1.12592516
21.5600,0.56015659,2.58788670,0.43694449,0.44098115,0.56638608,1.12607338
21.5700,0.56009140,2.58815370,0.43705302,0.44103821,0.56637644,1.12622154
21.5800,0.56002628,2.58842040,0.43716148,0.44109522,0.56636674,1.12636966
21.5900,0.55996126,2.58868680,0.43726988,0.44115216,0.56635700,1.12651772
21.6000,0.55989632,2.58895291,0.43737821,0.44120905,0.56634722,1.12666573
21.6100,0.55983146,2.58921872,0.43748647,0.44126589,0.56633738,1.12681369
21.6200,0.55976669,2.58948424,0.43759467,0.44132266,0.56632749,1.12696160
21.6300,0.55970200,2.58974946,0.43770280,0.44137938,0.56631756,1.12710945
21.6400,0.55963740,2.59001439,0.43781087,0.44143604,0.56630758,1.12725726
21.6500,0.55957288,2.59027903,0.43791888,0.44149264,0.56629754,1.12740501
21.6600,0.55950845,2.59054337,0.43802682,0.44154919,0.56628747,1.12755272
21.6700,0.55944410,2.59080742,0.43813469,0.44160567,0.56627734,1.12770037
21.6800,0.55937983,2.59107117,0.43824250,0.44166210,0.56626716,1.12784797
21.6900,0.55931565,2.59133463,0.43835024,0.44171848,0.56625694,1.12799552
21.7000,0.55925156,2.59159781,0.43845792,0.44177479,0.56624667,1.12814302
21.7100,0.55918754,2.59186069,0.43856554,0.44183105,0.56623635,1.12829047
21.7200,0.55912361,2.59212327,0.43867309,0.44188726,0.56622599,1.12843786
21.7300,0.55905977,2.59238557,0.43878057,0.44194340,0.56621557,1.12858521
21.7400,0.55899600,2.59264758,0.43888799,0.44199949,0.56620511,1.12873250
21.7500,0.55893232,2.59290929,0.43899534,0.44205552,0.56619461,1.12887975
21.7600,0.55886873,2.59317072,0.43910263,0.44211150,0.56618405,1.12902694
21.7700,0.55880521,2.59343186,0.43920986,0.44216742,0.56617345,1.12917409
21.7800,0.55874178,2.59369271,0.43931702,0.44222328,0.56616280,1.12932118
21.7900,0.55867843,2.59395326,0.43942411,0.44227909,0.56615211,1.12946822
21.8000,0.55861516,2.59421354,0.43953114,0.44233484,0.56614137,1.12961521
21.8100,0.55855198,2.59447352,0.43963811,0.44239053,0.56613058,1.12976215
21.8200,0.55848888,2.59473322,0.43974501,0.44244617,0.56611974,1.12990904
21.8300,0.55842586,2.59499262,0.43985185,0.44250175,0.56610886,1.13005588
21.8400,0.55836292,2.59525175,0.43995862,0.44255727,0.56609793,1.13020267
21.8500,0.55830006,2.59551058,0.44006533,0.44261274,0.56608696,1.13034941
21.8600,0.55823729,2.59576913,0.44017197,0.44266815,0.56607594,1.13049610
21.8700,0.55817460,2.59602739,0.44027855,0.44272350,0.56606488,1.13064274
21.8800,0.55811198,2.59628537,0.44038506,0.44277880,0.56605376,1.13078933
21.8900,0.55804945,2.59654307,0.44049151,0.44283405,0.56604261,1.13093587
21.9000,0.55798700,2.59680047,0.44059790,0.44288923,0.56603140,1.13108235
21.9100,0.55792464,2.59705760,0.44070422,0.44294436,0.56602016,1.13122879
21.9200,0.55786235,2.59731444,0.44081047,0.44299944,0.56600886,1.13137518
21.9300,0.55780014,2.59757100,0.44091667,0.44305446,0.56599752,1.13152152
21.9400,0.55773801,2.59782727,0.44102279,0.44310942,0.56598614,1.13166780
21.9500,0.55767597,2.59808326,0.44112886,0.44316433,0.56597471,1.13181404
21.9600,0.55761400,2.59833897,0.44123486,0.44321919,0.56596324,1.13196023
21.9700,0.55755212,2.59859440,0.44134079,0.44327398,0.56595172,1.13210637
21.9800,0.55749031,2.59884954,0.44144666,0.44332873,0.56594015,1.13225246
21.9900,0.55742858,2.59910441,0.44155247,0.44338341,0.56592854,1.13239849
22.0000,0.55736694,2.59935899,0.44165821,0.44343804,0.56591689,1.13254448
22.0100,0.55730537,2.59961329,0.44176389,0.44349262,0.56590519,1.13269042
22.0200,0.55724389,2.59986731,0.44186950,0.44354714,0.56589345,1.13283631
22.0300,0.55718248,2.60012106,0.44197505,0.44360160,0.56588166,1.13298215
22.0400,0.55712115,2.60037452,0.44208054,0.44365601,0.56586983,1.13312794
22.0500,0.55705990,2.60062770,0.44218596,0.44371037,0.56585796,1.13327368
22.0600,0.55699873,2.60088061,0.44229132,0.44376467,0.56584604,1.13341937
22.0700,0.55693764,2.60113323,0.44239661,0.44381892,0.56583408,1.13356501
22.0800,0.55687663,2.60138558,0.44250184,0.44387311,0.56582207,1.13371060
22.0900,0.55681569,2.60163765,0.44260701,0.44392724,0.56581002,1.13385614
22.1000,0.55675484,2.60188945,0.44271211,0.44398132,0.56579792,1.13400163
22.1100,0.55669406,2.60214096,0.44281715,0.44403535,0.56578579,1.13414708
22.1200,0.55663336,2.60239220,0.44292212,0.44408932,0.56577361,1.13429247
22.1300,0.55657274,2.60264316,0.44302703,0.44414323,0.56576138,1.13443782
22.1400,0.55651220,2.60289385,0.44313188,0.44419710,0.56574911,1.13458311
22.1500,0.55645173,2.60314426,0.44323666,0.44425090,0.56573680,1.13472836
22.1600,0.55639135,2.60339440,0.44334138,0.44430466,0.56572445,1.13487355
22.1700,0.55633104,2.60364426,0.44344604,0.44435835,0.56571205,1.13501870
22.1800,0.55627080,2.60389385,0.44355063,0.44441200,0.56569961,1.13516380
22.1900,0.55621065,2.60414316,0.44365516,0.44446559,0.56568713,1.13530885
22.2000,0.55615057,2.60439220,0.44375962,0.44451912,0.56567460,1.13545385
22.2100,0.55609057,2.60464096,0.44386402,0.44457260,0.56566204,1.13559880
22.2200,0.55603065,2.60488946,0.44396836,0.44462603,0.56564943,1.13574370
22.2300,0.55597080,2.60513768,0.44407264,0.44467940,0.56563677,1.13588855
22.2400,0.55591103,2.60538562,0.44417685,0.44473272,0.56562408,1.13603336
22.2500,0.55585134,2.60563330,0.44428099,0.44478599,0.56561134,1.13617811
22.2600,0.55579172,2.60588070,0.44438508,0.44483920,0.56559856,1.13632282
22.2700,0.55573218,2.60612783,0.44448910,0.44489236,0.56558574,1.13646748
22.2800,0.55567271,2.60637469,0.44459306,0.44494546,0.56557288,1.13661209
22.2900,0.55561332,2.60662128,0.44469695,0.44499851,0.56555998,1.13675665
22.3000,0.55555401,2.60686760,0.44480078,0.44505151,0.56554703,1.13690116
22.3100,0.55549478,2.60711365,0.44490455,0.44510445,0.56553404,1.13704562
22.3200,0.55543561,2.60735943,0.44500825,0.44515734,0.56552101,1.13719004
22.3300,0.55537653,2.60760494,0.44511189,0.44521017,0.56550794,1.13733440
22.3400,0.55531752,2.60785019,0.44521547,0.44526295,0.56549483,1.13747872
22.3500,0.55525858,2.60809516,0.44531898,0.44531568,0.56548168,1.13762299
22.3600,0.55519973,2.60833986,0.44542243,0.44536835,0.56546848,1.13776721
22.3700,0.55514094,2.60858430,0.44552582,0.44542098,0.56545525,1.13791138
22.3800,0.55508223,2.60882847,0.44562915,0.44547354,0.56544197,1.13805550
22.3900,0.55502360,2.60907237,0.44573241,0.44552606,0.56542865,1.13819958
22.4000,0.55496504,2.60931601,0.44583561,0.44557852,0.56541529,1.13834360
22.4100,0.55490655,2.60955938,0.44593874,0.44563093,0.56540190,1.13848758
22.4200,0.55484814,2.60980248,0.44604181,0.44568328,0.56538846,1.13863151
22.4300,0.55478981,2.61004532,0.44614482,0.44573559,0.56537498,1.13877539
22.4400,0.55473154,2.61028789,0.44624777,0.44578784,0.56536146,1.13891922
22.4500,0.55467336,2.61053019,0.44635065,0.44584003,0.56534790,1.13906301
22.4600,0.55461524,2.61077223,0.44645348,0.44589218,0.56533430,1.13920674
22.4700,0.55455720,2.61101401,0.44655623,0.44594427,0.56532066,1.13935043
22.4800,0.55449924,2.61125552,0.44665893,0.44599630,0.56530698,1.13949407
22.4900,0.55444135,2.61149677,0.44676156,0.44604829,0.56529326,1.13963767
22.5000,0.55438353,2.61173776,0.44686413,0.44610022,0.56527950,1.13978121
22.5100,0.55432578,2.61197848,0.44696664,0.44615210,0.56526570,1.13992471
22.5200,0.55426811,2.61221894,0.44706908,0.44620393,0.56525186,1.14006815
22.5300,0.55421051,2.61245913,0.44717146,0.44625570,0.56523798,1.14021156
22.5400,0.55415298,2.61269907,0.44727378,0.44630743,0.56522406,1.14035491
22.5500,0.55409553,2.61293874,0.44737604,0.44635910,0.56521010,1.14049821
22.5600,0.55403815,2.61317815,0.44747823,0.44641071,0.56519610,1.14064147
22.5700,0.55398084,2.61341730,0.44758036,0.44646228,0.56518207,1.14078468
22.5800,0.55392361,2.61365619,0.44768243,0.44651379,0.56516799,1.14092784
22.5900,0.55386645,2.61389482,0.44778444,0.44656525,0.56515388,1.14107095
22.6000,0.55380936,2.61413318,0.44788638,0.44661666,0.56513972,1.14121402
22.6100,0.55375234,2.61437129,0.44798826,0.44666802,0.56512553,1.14135704
22.6200,0.55369540,2.61460914,0.44809008,0.44671933,0.56511130,1.14150001
22.6300,0.55363852,2.61484673,0.44819184,0.44677058,0.56509703,1.14164293
22.6400,0.55358172,2.61508406,0.44829353,0.44682178,0.56508272,1.14178580
22.6500,0.55352499,2.61532113,0.44839516,0.44687293,0.56506838,1.14192863
22.6600,0.55346833,2.61555795,0.44849673,0.44692403,0.56505399,1.14207141
22.6700,0.55341175,2.61579450,0.44859824,0.44697507,0.56503957,1.14221414
22.6800,0.55335523,2.61603080,0.44869968,0.44702607,0.56502511,1.14235683
22.6900,0.55329879,2.61626684,0.44880107,0.44707701,0.56501061,1.14249947
22.7000,0.55324242,2.61650263,0.44890239,0.44712790,0.56499607,1.14264206
22.7100,0.55318612,2.61673816,0.44900364,0.44717874,0.56498150,1.14278460
22.7200,0.55312989,2.61697343,0.44910484,0.44722953,0.56496689,1.14292709
22.7300,0.55307373,2.61720845,0.44920597,0.44728026,0.56495224,1.14306954
22.7400,0.55301764,2.61744321,0.44930705,0.44733095,0.56493755,1.14321194
22.7500,0.55296162,2.61767771,0.44940806,0.44738158,0.56492282,1.14335430
22.7600,0.55290567,2.61791196,0.44950900,0.44743216,0.56490806,1.14349660
22.7700,0.55284980,2.61814596,0.44960989,0.44748269,0.56489326,1.14363886
22.7800,0.55279399,2.61837970,0.44971071,0.44753317,0.56487842,1.14378107
22.7900,0.55273825,2.61861319,0.44981147,0.44758360,0.56486355,1.14392324
22.8000,0.55268259,2.61884642,0.44991217,0.44763398,0.56484863,1.14406535
22.8100,0.55262699,2.61907940,0.45001281,0.44768431,0.56483369,1.14420742
22.8200,0.55257146,2.61931213,0.45011339,0.44773458,0.56481870,1.14434945
22.8300,0.55251601,2.61954460,0.45021390,0.44778481,0.56480368,1.14449142
22.8400,0.55246062,2.61977682,0.45031435,0.44783498,0.56478862,1.14463335
22.8500,0.55240530,2.62000879,0.45041475,0.44788510,0.56477352,1.14477524
22.8600,0.55235006,2.62024051,0.45051507,0.44793518,0.56475839,1.14491707
22.8700,0.55229488,2.62047198,0.45061534,0.44798520,0.56474322,1.14505886
22.8800,0.55223977,2.62070320,0.45071555,0.44803517,0.56472801,1.14520060
22.8900,0.55218473,2.62093416,0.45081569,0.44808509,0.56471277,1.14534230
22.9000,0.55212976,2.62116488,0.45091577,0.44813496,0.56469749,1.14548394
22.9100,0.55207486,2.62139534,0.45101579,0.44818478,0.56468218,1.14562554
22.9200,0.55202002,2.62162556,0.45111575,0.44823455,0.56466683,1.14576710
22.9300,0.55196526,2.62185552,0.45121565,0.44828426,0.56465144,1.14590861
22.9400,0.55191056,2.62208524,0.45131548,0.44833393,0.56463602,1.14605007
22.9500,0.55185593,2.62231471,0.45141526,0.44838355,0.56462056,1.14619148
22.9600,0.55180137,2.62254393,0.45151497,0.44843312,0.56460507,1.14633285
22.9700,0.55174688,2.62277290,0.45161462,0.44848263,0.56458954,1.14647417
22.9800,0.55169246,2.62300162,0.45171421,0.44853210,0.56457398,1.14661544
22.9900,0.55163810,2.62323010,0.45181374,0.44858152,0.56455838,1.14675667
23.0000,0.55158382,2.62345833,0.45191321,0.44863088,0.56454274,1.14689785
23.0100,0.55152960,2.62368631,0.45201261,0.44868020,0.56452707,1.14703899
23.0200,0.55147545,2.62391404,0.45211196,0.44872947,0.56451137,1.14718007
23.0300,0.55142136,2.62414153,0.45221124,0.44877868,0.56449562,1.14732112
23.0400,0.55136735,2.62436877,0.45231046,0.44882785,0.56447985,1.14746211
23.0500,0.55131340,2.62459577,0.45240963,0.44887697,0.56446404,1.14760306
23.0600,0.55125951,2.62482252,0.45250873,0.44892604,0.56444819,1.14774396
23.0700,0.55120570,2.62504903,0.45260776,0.44897505,0.56443231,1.14788482
23.0800,0.55115195,2.62527529,0.45270674,0.44902402,0.56441640,1.14802563
23.0900,0.55109827,2.62550131,0.45280566,0.44907294,0.56440045,1.14816639
23.1000,0.55104466,2.62572708,0.45290451,0.44912181,0.56438446,1.14830711
23.1100,0.55099111,2.62595261,0.45300331,0.44917063,0.56436844,1.14844778
23.1200,0.55093763,2.62617790,0.45310204,0.44921940,0.56435239,1.14858840
23.1300,0.55088422,2.62640294,0.45320071,0.44926812,0.56433630,1.14872898
23.1400,0.55083087,2.62662774,0.45329932,0.44931679,0.56432018,1.14886951
23.1500,0.55077759,2.62685230,0.45339787,0.44936541,0.56430403,1.14901000
23.1600,0.55072437,2.62707661,0.45349636,0.44941398,0.56428784,1.14915044
23.1700,0.55067122,2.62730068,0.45359479,0.44946251,0.56427161,1.14929083
23.1800,0.55061814,2.62752451,0.45369316,0.44951098,0.56425536,1.14943118
23.1900,0.55056513,2.62774810,0.45379147,0.44955941,0.56423907,1.14957148
23.2000,0.55051217,2.62797145,0.45388971,0.44960778,0.56422274,1.14971174
23.2100,0.55045929,2.62819456,0.45398790,0.44965611,0.56420638,1.14985195
23.2200,0.55040647,2.62841743,0.45408602,0.44970439,0.56418999,1.14999211
23.2300,0.55035372,2.62864006,0.45418409,0.44975262,0.56417357,1.15013223
23.2400,0.55030103,2.62886244,0.45428209,0.44980080,0.56415711,1.15027230
23.2500,0.55024840,2.62908459,0.45438003,0.44984893,0.56414062,1.15041232
23.2600,0.55019585,2.62930650,0.45447791,0.44989701,0.56412409,1.15055230
23.2700,0.55014335,2.62952817,0.45457573,0.44994504,0.56410753,1.15069224
23.2800,0.55009092,2.62974960,0.45467350,0.44999303,0.56409094,1.15083213
23.2900,0.55003856,2.62997079,0.45477120,0.45004097,0.56407432,1.15097197
23.3000,0.54998626,2.63019175,0.45486884,0.45008885,0.56405766,1.15111176
23.3100,0.54993403,2.63041246,0.45496641,0.45013669,0.56404097,1.15125152
23.3200,0.54988186,2.63063294,0.45506393,0.45018449,0.56402425,1.15139122
23.3300,0.54982976,2.63085319,0.45516139,0.45023223,0.56400750,1.15153088
23.3400,0.54977772,2.63107319,0.45525879,0.45027992,0.56399071,1.15167049
23.3500,0.54972574,2.63129296,0.45535613,0.45032757,0.56397389,1.15181006
23.3600,0.54967383,2.63151249,0.45545340,0.45037517,0.56395704,1.15194958
23.3700,0.54962198,2.63173179,0.45555062,0.45042272,0.56394015,1.15208906
23.3800,0.54957020,2.63195085,0.45564778,0.45047022,0.56392324,1.15222849
23.3900,0.54951848,2.63216968,0.45574487,0.45051767,0.56390629,1.15236788
23.4000,0.54946682,2.63238827,0.45584191,0.45056507,0.56388931,1.15250722
23.4100,0.54941523,2.63260662,0.45593889,0.45061243,0.56387230,1.15264651
23.4200,0.54936370,2.63282475,0.45603580,0.45065974,0.56385525,1.15278576
23.4300,0.54931223,2.63304263,0.45613266,0.45070700,0.56383817,1.15292497
23.4400,0.54926083,2.63326029,0.45622945,0.45075422,0.56382107,1.15306412
23.4500,0.54920949,2.63347771,0.45632619,0.45080138,0.56380393,1.15320324
23.4600,0.54915822,2.63369489,0.45642286,0.45084850,0.56378676,1.15334230
23.4700,0.54910701,2.63391185,0.45651948,0.45089557,0.56376955,1.15348133
23.4800,0.54905586,2.63412857,0.45661604,0.45094259,0.56375232,1.15362030
23.4900,0.54900477,2.63434506,0.45671253,0.45098956,0.56373505,1.15375924
23.5000,0.54895375,2.63456131,0.45680897,0.45103649,0.56371776,1.15389812
23.5100,0.54890279,2.63477734,0.45690534,0.45108337,0.56370043,1.15403696
23.5200,0.54885189,2.63499313,0.45700166,0.45113020,0.56368307,1.15417576
23.5300,0.54880105,2.63520869,0.45709791,0.45117699,0.56366568,1.15431451
23.5400,0.54875028,2.63542402,0.45719411,0.45122372,0.56364826,1.15445321
23.5500,0.54869957,2.63563912,0.45729025,0.45127041,0.56363081,1.15459187
23.5600,0.54864892,2.63585399,0.45738632,0.45131706,0.56361333,1.15473049
23.5700,0.54859834,2.63606863,0.45748234,0.45136365,0.56359581,1.15486906
23.5800,0.54854781,2.63628304,0.45757830,0.45141020,0.56357827,1.15500758
23.5900,0.54849735,2.63649723,0.45767420,0.45145670,0.56356070,1.15514606
23.6000,0.54844695,2.63671118,0.45777003,0.45150315,0.56354309,1.15528450
23.6100,0.54839661,2.63692490,0.45786581,0.45154956,0.56352546,1.15542289
23.6200,0.54834633,2.63713839,0.45796153,0.45159592,0.56350779,1.15556123
23.6300,0.54829612,2.63735166,0.45805719,0.45164223,0.56349010,1.15569953
23.6400,0.54824596,2.63756470,0.45815279,0.45168850,0.56347237,1.15583778
23.6500,0.54819587,2.63777751,0.45824833,0.45173472,0.56345462,1.15597599
23.6600,0.54814584,2.63799009,0.45834381,0.45178089,0.56343683,1.15611416
23.6700,0.54809587,2.63820244,0.45843923,0.45182701,0.56341901,1.15625228
23.6800,0.54804596,2.63841457,0.45853459,0.45187309,0.56340117,1.15639035
23.6900,0.54799611,2.63862647,0.45862989,0.45191912,0.56338329,1.15652838
23.7000,0.54794632,2.63883815,0.45872514,0.45196511,0.56336539,1.15666637
23.7100,0.54789660,2.63904960,0.45882032,0.45201105,0.56334745,1.15680431
23.7200,0.54784693,2.63926082,0.45891544,0.45205694,0.56332949,1.15694220
23.7300,0.54779733,2.63947182,0.45901051,0.45210278,0.56331150,1.15708005
23.7400,0.54774778,2.63968259,0.45910552,0.45214858,0.56329348,1.15721786
23.7500,0.54769830,2.63989314,0.45920046,0.45219433,0.56327542,1.15735562
23.7600,0.54764887,2.64010346,0.45929535,0.45224004,0.56325734,1.15749334
23.7700,0.54759951,2.64031356,0.45939018,0.45228570,0.56323923,1.15763101
23.7800,0.54755021,2.64052344,0.45948495,0.45233131,0.56322109,1.15776863
23.7900,0.54750096,2.64073309,0.45957966,0.45237688,0.56320292,1.15790622
23.8000,0.54745178,2.64094252,0.45967431,0.45242240,0.56318473,1.15804375
23.8100,0.54740266,2.64115172,0.45976890,0.45246788,0.56316650,1.15818125
23.8200,0.54735359,2.64136070,0.45986343,0.45251331,0.56314825,1.15831870
23.8300,0.54730459,2.64156946,0.45995791,0.45255869,0.56312996,1.15845610
23.8400,0.54725565,2.64177800,0.46005232,0.45260402,0.56311165,1.15859346
23.8500,0.54720676,2.64198631,0.46014668,0.45264932,0.56309331,1.15873077
23.8600,0.54715794,2.64219440,0.46024097,0.45269456,0.56307494,1.15886804
23.8700,0.54710917,2.64240227,0.46033521,0.45273976,0.56305654,1.15900527
23.8800,0.54706046,2.64260992,0.46042939,0.45278491,0.56303812,1.15914245
23.8900,0.54701182,2.64281735,0.46052351,0.45283002,0.56301966,1.15927959
23.9000,0.54696323,2.64302456,0.46061757,0.45287508,0.56300118,1.15941668
23.9100,0.54691470,2.64323155,0.46071157,0.45292010,0.56298267,1.15955373
23.9200,0.54686623,2.64343831,0.46080552,0.45296507,0.56296413,1.15969073
23.9300,0.54681781,2.64364486,0.46089940,0.45300999,0.56294556,1.15982769
23.9400,0.54676946,2.64385119,0.46099323,0.45305487,0.56292697,1.15996460
23.9500,0.54672117,2.64405730,0.46108700,0.45309971,0.56290835,1.16010148
23.9600,0.54667293,2.64426319,0.46118071,0.45314449,0.56288970,1.16023830
23.9700,0.54662475,2.64446886,0.46127436,0.45318924,0.56287102,1.16037508
23.9800,0.54657663,2.64467431,0.46136795,0.45323394,0.56285232,1.16051182
23.9900,0.54652857,2.64487954,0.46146149,0.45327859,0.56283358,1.16064851
24.0000,0.54648057,2.64508456,0.46155496,0.45332319,0.56281482,1.16078516
24.0100,0.54643263,2.64528936,0.46164838,0.45336776,0.56279604,1.16092177
24.0200,0.54638474,2.64549394,0.46174174,0.45341227,0.56277722,1.16105833
24.0300,0.54633691,2.64569830,0.46183504,0.45345674,0.56275838,1.16119484
24.0400,0.54628914,2.64590245,0.46192828,0.45350117,0.56273951,1.16133132
24.0500,0.54624143,2.64610637,0.46202146,0.45354555,0.56272061,1.16146774
24.0600,0.54619377,2.64631009,0.46211459,0.45358989,0.56270169,1.16160413
24.0700,0.54614617,2.64651359,0.46220765,0.45363418,0.56268274,1.16174047
24.0800,0.54609863,2.64671687,0.46230066,0.45367843,0.56266376,1.16187676
24.0900,0.54605115,2.64691993,0.46239361,0.45372263,0.56264476,1.16201302
24.1000,0.54600372,2.64712278,0.46248650,0.45376679,0.56262573,1.16214922
24.1100,0.54595635,2.64732542,0.46257934,0.45381090,0.56260667,1.16228539
24.1200,0.54590904,2.64752784,0.46267211,0.45385497,0.56258759,1.16242151
24.1300,0.54586179,2.64773005,0.46276483,0.45389899,0.56256848,1.16255758
24.1400,0.54581459,2.64793204,0.46285749,0.45394297,0.56254934,1.16269361
24.1500,0.54576745,2.64813382,0.46295009,0.45398690,0.56253018,1.16282960
24.1600,0.54572037,2.64833538,0.46304263,0.45403079,0.56251099,1.16296554
24.1700,0.54567334,2.64853673,0.46313512,0.45407463,0.56249178,1.16310144
24.1800,0.54562637,2.64873787,0.46322754,0.45411843,0.56247253,1.16323730
24.1900,0.54557945,2.64893880,0.46331991,0.45416219,0.56245327,1.16337311
24.2000,0.54553260,2.64913951,0.46341222,0.45420590,0.56243397,1.16350888
24.2100,0.54548580,2.64934001,0.46350448,0.45424957,0.56241465,1.16364460
24.2200,0.54543905,2.64954030,0.46359667,0.45429319,0.56239531,1.16378028
24.2300,0.54539236,2.64974037,0.46368881,0.45433677,0.56237594,1.16391592
24.2400,0.54534573,2.64994024,0.46378089,0.45438030,0.56235654,1.16405151
24.2500,0.54529915,2.65013989,0.46387291,0.45442380,0.56233712,1.16418706
24.2600,0.54525263,2.65033933,0.46396488,0.45446724,0.56231767,1.16432257
24.2700,0.54520617,2.65053857,0.46405678,0.45451064,0.56229820,1.16445803
24.2800,0.54515976,2.65073759,0.46414863,0.45455400,0.56227870,1.16459345
24.2900,0.54511340,2.65093640,0.46424042,0.45459732,0.56225917,1.16472882
24.3000,0.54506711,2.65113500,0.46433216,0.45464059,0.56223962,1.16486415
24.3100,0.54502086,2.65133339,0.46442383,0.45468381,0.56222005,1.16499944
24.3200,0.54497468,2.65153157,0.46451545,0.45472700,0.56220045,1.16513468
24.3300,0.54492855,2.65172954,0.46460701,0.45477013,0.56218082,1.16526988
24.3400,0.54488247,2.65192731,0.46469851,0.45481323,0.56216117,1.16540504
24.3500,0.54483645,2.65212486,0.46478996,0.45485628,0.56214150,1.16554015
24.3600,0.54479048,2.65232221,0.46488135,0.45489929,0.56212180,1.16567522
24.3700,0.54474457,2.65251935,0.46497268,0.45494225,0.56210208,1.16581024
24.3800,0.54469871,2.65271628,0.46506395,0.45498517,0.56208233,1.16594522
24.3900,0.54465291,2.65291300,0.46515517,0.45502805,0.56206255,1.16608016
24.4000,0.54460717,2.65310952,0.46524633,0.45507088,0.56204275,1.16621505
24.4100,0.54456148,2.65330582,0.46533743,0.45511367,0.56202293,1.16634991
24.4200,0.54451584,2.65350193,0.46542847,0.45515642,0.56200308,1.16648471
24.4300,0.54447026,2.65369782,0.46551946,0.45519912,0.56198321,1.16661948
24.4400,0.54442473,2.65389351,0.46561039,0.45524178,0.56196331,1.16675420
24.4500,0.54437925,2.65408899,0.46570126,0.45528440,0.56194339,1.16688887
24.4600,0.54433383,2.65428427,0.46579207,0.45532698,0.56192345,1.16702351
24.4700,0.54428847,2.65447934,0.46588283,0.45536951,0.56190348,1.16715810
24.4800,0.54424316,2.65467420,0.46597353,0.45541199,0.56188349,1.16729264
24.4900,0.54419790,2.65486886,0.46606418,0.45545444,0.56186347,1.16742715
24.5000,0.54415270,2.65506332,0.46615476,0.45549684,0.56184343,1.16756161
24.5100,0.54410755,2.65525757,0.46624529,0.45553920,0.56182336,1.16769602
24.5200,0.54406245,2.65545162,0.46633576,0.45558151,0.56180327,1.16783040
24.5300,0.54401741,2.65564546,0.46642618,0.45562379,0.56178316,1.16796473
24.5400,0.54397242,2.65583910,0.46651654,0.45566602,0.56176302,1.16809901
24.5500,0.54392749,2.65603254,0.46660684,0.45570820,0.56174287,1.16823326
24.5600,0.54388260,2.65622577,0.46669708,0.45575035,0.56172268,1.16836746
24.5700,0.54383778,2.65641880,0.46678727,0.45579245,0.56170248,1.16850161
24.5800,0.54379300,2.65661162,0.46687740,0.45583451,0.56168225,1.16863573
24.5900,0.54374828,2.65680425,0.46696748,0.45587652,0.56166199,1.16876980
24.6000,0.54370361,2.65699667,0.46705749,0.45591850,0.56164172,1.16890382
24.6100,0.54365900,2.65718889,0.46714745,0.45596043,0.56162142,1.16903781
24.6200,0.54361444,2.65738090,0.46723736,0.45600231,0.56160109,1.16917175
24.6300,0.54356993,2.65757272,0.46732721,0.45604416,0.56158075,1.16930564
24.6400,0.54352547,2.65776433,0.46741700,0.45608596,0.56156038,1.16943950
24.6500,0.54348107,2.65795575,0.46750673,0.45612772,0.56153999,1.16957331
24.6600,0.54343672,2.65814696,0.46759641,0.45616944,0.56151957,1.16970708
24.6700,0.54339242,2.65833797,0.46768603,0.45621112,0.56149913,1.16984080
24.6800,0.54334817,2.65852878,0.46777559,0.45625275,0.56147867,1.16997448
24.6900,0.54330398,2.65871940,0.46786510,0.45629435,0.56145819,1.17010812
24.7000,0.54325984,2.65890981,0.46795455,0.45633590,0.56143768,1.17024172
24.7100,0.54321575,2.65910002,0.46804394,0.45637740,0.56141716,1.17037527
24.7200,0.54317171,2.65929003,0.46813328,0.45641887,0.56139660,1.17050878
24.7300,0.54312773,2.65947985,0.46822256,0.45646029,0.56137603,1.17064225
24.7400,0.54308380,2.65966946,0.46831179,0.45650167,0.56135544,1.17077567
24.7500,0.54303992,2.65985888,0.46840096,0.45654301,0.56133482,1.17090905
24.7600,0.54299609,2.66004810,0.46849007,0.45658431,0.56131418,1.17104239
24.7700,0.54295231,2.66023712,0.46857913,0.45662557,0.56129352,1.17117568
24.7800,0.54290859,2.66042594,0.46866813,0.45666678,0.56127283,1.17130894
24.7900,0.54286491,2.66061456,0.46875707,0.45670795,0.56125213,1.17144214
24.8000,0.54282129,2.66080299,0.46884596,0.45674908,0.56123140,1.17157531
24.8100,0.54277772,2.66099122,0.46893479,0.45679017,0.56121065,1.17170843
24.8200,0.54273420,2.66117925,0.46902356,0.45683122,0.56118988,1.17184151
24.8300,0.54269074,2.66136709,0.46911228,0.45687222,0.56116908,1.17197455
24.8400,0.54264732,2.66155473,0.46920095,0.45691319,0.56114827,1.17210754
24.8500,0.54260396,2.66174217,0.46928955,0.45695411,0.56112743,1.17224050
24.8600,0.54256064,2.66192942,0.46937810,0.45699499,0.56110657,1.17237340
24.8700,0.54251738,2.66211647,0.46946660,0.45703583,0.56108569,1.17250627
24.8800,0.54247417,2.66230333,0.46955504,0.45707663,0.56106479,1.17263909
24.8900,0.54243101,2.66248999,0.46964342,0.45711738,0.56104387,1.17277187
24.9000,0.54238790,2.66267646,0.46973175,0.45715810,0.56102292,1.17290461
24.9100,0.54234484,2.66286273,0.46982002,0.45719877,0.56100196,1.17303731
24.9200,0.54230183,2.66304881,0.46990823,0.45723941,0.56098097,1.17316996
24.9300,0.54225887,2.66323469,0.46999639,0.45728000,0.56095996,1.17330257
24.9400,0.54221597,2.66342038,0.47008450,0.45732055,0.56093893,1.17343513
24.9500,0.54217311,2.66360588,0.47017254,0.45736106,0.56091788,1.17356766
24.9600,0.54213030,2.66379118,0.47026054,0.45740152,0.56089681,1.17370014
24.9700,0.54208755,2.66397629,0.47034847,0.45744195,0.56087572,1.17383258
24.9800,0.54204484,2.66416120,0.47043635,0.45748234,0.56085461,1.17396497
24.9900,0.54200219,2.66434593,0.47052418,0.45752268,0.56083348,1.17409732
25.0000,0.54195958,2.66453046,0.47061195,0.45756299,0.56081232,1.17422963
25.0100,0.54191703,2.66471479,0.47069966,0.45760325,0.56079115,1.17436190
25.0200,0.54187452,2.66489894,0.47078732,0.45764347,0.56076995,1.17449413
25.0300,0.54183207,2.66508289,0.47087492,0.45768365,0.56074874,1.17462631
25.0400,0.54178966,2.66526666,0.47096247,0.45772379,0.56072750,1.17475845
25.0500,0.54174731,2.66545023,0.47104996,0.45776389,0.56070624,1.17489055
25.0600,0.54170500,2.66563361,0.47113739,0.45780395,0.56068497,1.17502260
25.0700,0.54166274,2.66581680,0.47122477,0.45784397,0.56066367,1.17515461
25.0800,0.54162054,2.66599979,0.47131210,0.45788395,0.56064235,1.17528658
25.0900,0.54157838,2.66618260,0.47139937,0.45792389,0.56062101,1.17541851
25.1000,0.54153627,2.66636522,0.47148658,0.45796379,0.56059966,1.17555039
25.1100,0.54149421,2.66654765,0.47157374,0.45800364,0.56057828,1.17568224
25.1200,0.54145220,2.66672988,0.47166085,0.45804346,0.56055688,1.17581404
25.1300,0.54141024,2.66691193,0.47174789,0.45808324,0.56053546,1.17594579
25.1400,0.54136833,2.66709379,0.47183489,0.45812297,0.56051403,1.17607751
25.1500,0.54132647,2.66727546,0.47192183,0.45816267,0.56049257,1.17620918
25.1600,0.54128466,2.66745694,0.47200871,0.45820232,0.56047109,1.17634081
25.1700,0.54124289,2.66763823,0.47209554,0.45824194,0.56044960,1.17647240
25.1800,0.54120117,2.66781934,0.47218231,0.45828151,0.56042808,1.17660394
25.1900,0.54115951,2.66800025,0.47226903,0.45832105,0.56040654,1.17673544
25.2000,0.54111789,2.66818098,0.47235569,0.45836054,0.56038499,1.17686690
25.2100,0.54107632,2.66836152,0.47244229,0.45839999,0.56036342,1.17699832
25.2200,0.54103480,2.66854188,0.47252885,0.45843941,0.56034182,1.17712970
25.2300,0.54099333,2.66872204,0.47261534,0.45847878,0.56032021,1.17726103
25.2400,0.54095190,2.66890202,0.47270179,0.45851812,0.56029858,1.17739232
25.2500,0.54091053,2.66908181,0.47278817,0.45855741,0.56027692,1.17752357
25.2600,0.54086920,2.66926142,0.47287451,0.45859667,0.56025525,1.17765477
25.2700,0.54082792,2.66944084,0.47296078,0.45863588,0.56023356,1.17778594
25.2800,0.54078669,2.66962007,0.47304701,0.45867506,0.56021185,1.17791706
25.2900,0.54074550,2.66979912,0.47313317,0.45871419,0.56019013,1.17804814
25.3000,0.54070437,2.66997798,0.47321929,0.45875329,0.56016838,1.17817917
25.3100,0.54066328,2.67015665,0.47330535,0.45879234,0.56014661,1.17831017
25.3200,0.54062224,2.67033514,0.47339135,0.45883136,0.56012483,1.17844112
25.3300,0.54058125,2.67051345,0.47347730,0.45887034,0.56010303,1.17857203
25.3400,0.54054030,2.67069157,0.47356319,0.45890927,0.56008121,1.17870290
25.3500,0.54049941,2.67086951,0.47364903,0.45894817,0.56005937,1.17883372
25.3600,0.54045856,2.67104726,0.47373482,0.45898703,0.56003751,1.17896450
25.3700,0.54041776,2.67122483,0.47382055,0.45902585,0.56001563,1.17909524
25.3800,0.54037700,2.67140221,0.47390622,0.45906463,0.55999373,1.17922594
25.3900,0.54033629,2.67157941,0.47399184,0.45910337,0.55997182,1.17935660
25.4000,0.54029563,2.67175643,0.47407741,0.45914207,0.55994989,1.17948721
25.4100,0.54025502,2.67193327,0.47416292,0.45918073,0.55992794,1.17961779
25.4200,0.54021446,2.67210992,0.47424838,0.45921935,0.55990597,1.17974832
25.4300,0.54017394,2.67228639,0.47433378,0.45925794,0.55988398,1.17987880
25.4400,0.54013347,2.67246267,0.47441913,0.45929648,0.55986198,1.18000925
25.4500,0.54009304,2.67263878,0.47450443,0.45933499,0.55983995,1.18013965
25.4600,0.54005267,2.67281470,0.47458967,0.45937345,0.55981791,1.18027001
25.4700,0.54001233,2.67299044,0.47467485,0.45941188,0.55979585,1.18040033
25.4800,0.53997205,2.67316600,0.47475998,0.45945027,0.55977378,1.18053061
25.4900,0.53993181,2.67334138,0.47484506,0.45948861,0.55975168,1.18066085
25.5000,0.53989162,2.67351657,0.47493008,0.45952693,0.55972957,1.18079104
25.5100,0.53985148,2.67369159,0.47501505,0.45956520,0.55970744,1.18092119
25.5200,0.53981138,2.67386642,0.47509997,0.45960343,0.55968529,1.18105130
25.5300,0.53977133,2.67404108,0.47518483,0.45964162,0.55966313,1.18118137
25.5400,0.53973132,2.67421555,0.47526964,0.45967978,0.55964095,1.18131139
25.5500,0.53969136,2.67438984,0.47535439,0.45971789,0.55961875,1.18144137
25.5600,0.53965145,2.67456396,0.47543909,0.45975597,0.55959653,1.18157131
25.5700,0.53961159,2.67473789,0.47552373,0.45979401,0.55957429,1.18170121
25.5800,0.53957177,2.67491165,0.47560832,0.45983201,0.55955204,1.18183107
25.5900,0.53953199,2.67508522,0.47569286,0.45986997,0.55952977,1.18196088
25.6000,0.53949226,2.67525862,0.47577734,0.45990789,0.55950749,1.18209066
25.6100,0.53945258,2.67543184,0.47586177,0.45994578,0.55948518,1.18222039
25.6200,0.53941294,2.67560488,0.47594614,0.45998363,0.55946286,1.18235008
25.6300,0.53937335,2.67577774,0.47603046,0.46002143,0.55944053,1.18247972
25.6400,0.53933381,2.67595042,0.47611473,0.46005920,0.55941817,1.18260933
25.6500,0.53929431,2.67612292,0.47619894,0.46009693,0.55939580,1.18273889
25.6600,0.53925485,2.67629525,0.47628310,0.46013463,0.55937341,1.18286841
25.6700,0.53921544,2.67646740,0.47636721,0.46017228,0.55935101,1.18299789
25.6800,0.53917608,2.67663937,0.47645126,0.46020990,0.55932859,1.18312733
25.6900,0.53913676,2.67681117,0.47653526,0.46024748,0.55930615,1.18325673
25.7000,0.53909749,2.67698279,0.47661920,0.46028502,0.55928369,1.18338608
25.7100,0.53905826,2.67715423,0.47670309,0.46032252,0.55926122,1.18351539
25.7200,0.53901908,2.67732550,0.47678693,0.46035998,0.55923873,1.18364466
25.7300,0.53897994,2.67749659,0.47687072,0.46039741,0.55921623,1.18377389
25.7400,0.53894085,2.67766750,0.47695445,0.46043480,0.55919371,1.18390308
25.7500,0.53890180,2.67783824,0.47703812,0.46047215,0.55917117,1.18403222
25.7600,0.53886280,2.67800880,0.47712175,0.46050946,0.55914862,1.18416132
25.7700,0.53882384,2.67817919,0.47720532,0.46054673,0.55912605,1.18429038
25.7800,0.53878493,2.67834940,0.47728883,0.46058397,0.55910346,1.18441940
25.7900,0.53874606,2.67851944,0.47737229,0.46062117,0.55908086,1.18454838
25.8000,0.53870724,2.67868930,0.47745570,0.46065833,0.55905824,1.18467732
25.8100,0.53866846,2.67885899,0.47753906,0.46069545,0.55903561,1.18480621
25.8200,0.53862972,2.67902850,0.47762236,0.46073254,0.55901296,1.18493506
25.8300,0.53859103,2.67919784,0.47770561,0.46076959,0.55899029,1.18506387
25.8400,0.53855239,2.67936701,0.47778881,0.46080660,0.55896761,1.18519264
25.8500,0.53851379,2.67953600,0.47787195,0.46084357,0.55894491,1.18532137
25.8600,0.53847523,2.67970482,0.47795504,0.46088051,0.55892220,1.18545005
25.8700,0.53843672,2.67987346,0.47803808,0.46091741,0.55889947,1.18557870
25.8800,0.53839825,2.68004194,0.47812106,0.46095427,0.55887673,1.18570730
25.8900,0.53835982,2.68021024,0.47820399,0.46099109,0.55885397,1.18583586
25.9000,0.53832144,2.68037836,0.47828687,0.46102787,0.55883119,1.18596437
25.9100,0.53828310,2.68054632,0.47836969,0.46106462,0.55880840,1.18609285
25.9200,0.53824481,2.68071410,0.47845247,0.46110133,0.55878560,1.18622129
25.9300,0.53820656,2.68088171,0.47853518,0.46113801,0.55876277,1.18634968
25.9400,0.53816836,2.68104915,0.47861785,0.46117464,0.55873994,1.18647803
25.9500,0.53813020,2.68121642,0.47870046,0.46121124,0.55871708,1.18660634
25.9600,0.53809208,2.68138352,0.47878302,0.46124781,0.55869422,1.18673461
25.9700,0.53805400,2.68155044,0.47886553,0.46128433,0.55867133,1.18686284
25.9800,0.53801597,2.68171720,0.47894798,0.46132082,0.55864844,1.18699102
25.9900,0.53797798,2.68188378,0.47903038,0.46135727,0.55862552,1.18711916
26.0000,0.53794004,2.68205019,0.47911273,0.46139369,0.55860260,1.18724727
26.0100,0.53790214,2.68221643,0.47919502,0.46143006,0.55857965,1.18737533
26.0200,0.53786428,2.68238251,0.47927727,0.46146640,0.55855669,1.18750334
26.0300,0.53782647,2.68254841,0.47935946,0.46150271,0.55853372,1.18763132
26.0400,0.53778870,2.68271414,0.47944159,0.46153897,0.55851073,1.18775926
26.0500,0.53775097,2.68287971,0.47952368,0.46157520,0.55848773,1.18788715
26.0600,0.53771328,2.68304510,0.47960571,0.46161140,0.55846472,1.18801500
26.0700,0.53767564,2.68321033,0.47968769,0.46164755,0.55844168,1.18814281
26.0800,0.53763804,2.68337538,0.47976962,0.46168367,0.55841864,1.18827058
26.0900,0.53760048,2.68354027,0.47985149,0.46171976,0.55839558,1.18839831
26.1000,0.53756297,2.68370499,0.47993331,0.46175580,0.55837250,1.18852600
26.1100,0.53752550,2.68386954,0.48001508,0.46179181,0.55834941,1.18865364
26.1200,0.53748807,2.68403392,0.48009680,0.46182778,0.55832631,1.18878124
26.1300,0.53745069,2.68419814,0.48017846,0.46186372,0.55830319,1.18890881
26.1400,0.53741334,2.68436218,0.48026007,0.46189962,0.55828006,1.18903633
26.1500,0.53737604,2.68452606,0.48034163,0.46193549,0.55825691,1.18916380
26.1600,0.53733878,2.68468978,0.48042314,0.46197131,0.55823375,1.18929124
26.1700,0.53730157,2.68485332,0.48050459,0.46200710,0.55821058,1.18941864
26.1800,0.53726439,2.68501670,0.48058599,0.46204286,0.55818739,1.18954599
26.1900,0.53722726,2.68517991,0.48066734,0.46207858,0.55816419,1.18967330
26.2000,0.53719017,2.68534296,0.48074864,0.46211426,0.55814097,1.18980057
26.2100,0.53715313,2.68550584,0.48082989,0.46214991,0.55811774,1.18992780
26.2200,0.53711612,2.68566855,0.48091108,0.46218552,0.55809449,1.19005499
26.2300,0.53707916,2.68583110,0.48099222,0.46222109,0.55807124,1.19018214
26.2400,0.53704224,2.68599348,0.48107331,0.46225663,0.55804796,1.19030925
26.2500,0.53700536,2.68615570,0.48115435,0.46229213,0.55802468,1.19043631
26.2600,0.53696852,2.68631775,0.48123533,0.46232759,0.55800138,1.19056333
26.2700,0.53693172,2.68647963,0.48131626,0.46236302,0.55797806,1.19069031
26.2800,0.53689497,2.68664135,0.48139714,0.46239842,0.55795474,1.19081725
26.2900,0.53685826,2.68680291,0.48147797,0.46243377,0.55793140,1.19094415
26.3000,0.53682159,2.68696430,0.48155875,0.46246910,0.55790804,1.19107101
26.3100,0.53678496,2.68712553,0.48163947,0.46250438,0.55788468,1.19119782
26.3200,0.53674837,2.68728659,0.48172015,0.46253963,0.55786130,1.19132460
26.3300,0.53671182,2.68744749,0.48180077,0.46257485,0.55783790,1.19145133
26.3400,0.53667532,2.68760823,0.48188134,0.46261003,0.55781449,1.19157802
26.3500,0.53663886,2.68776880,0.48196185,0.46264517,0.55779107,1.19170467
26.3600,0.53660243,2.68792921,0.48204232,0.46268028,0.55776764,1.19183128
26.3700,0.53656605,2.68808946,0.48212273,0.46271535,0.55774419,1.19195785
26.3800,0.53652971,2.68824954,0.48220310,0.46275038,0.55772073,1.19208438
26.3900,0.53649341,2.68840946,0.48228341,0.46278538,0.55769726,1.19221086
26.4000,0.53645715,2.68856922,0.48236366,0.46282035,0.55767378,1.19233731
26.4100,0.53642094,2.68872881,0.48244387,0.46285528,0.55765028,1.19246371
26.4200,0.53638476,2.68888825,0.48252403,0.46289017,0.55762677,1.19259007
26.4300,0.53634863,2.68904752,0.48260413,0.46292503,0.55760324,1.19271639
26.4400,0.53631253,2.68920663,0.48268418,0.46295985,0.55757970,1.19284267
26.4500,0.53627648,2.68936558,0.48276418,0.46299464,0.55755615,1.19296890
26.4600,0.53624046,2.68952436,0.48284413,0.46302939,0.55753259,1.19309510
26.4700,0.53620449,2.68968299,0.48292403,0.46306411,0.55750902,1.19322126
26.4800,0.53616856,2.68984145,0.48300387,0.46309879,0.55748543,1.19334737
26.4900,0.53613267,2.68999976,0.48308367,0.46313344,0.55746183,1.19347344
26.5000,0.53609682,2.69015790,0.48316341,0.46316805,0.55743822,1.19359947
26.5100,0.53606101,2.69031588,0.48324310,0.46320263,0.55741459,1.19372546
26.5200,0.53602523,2.69047371,0.48332274,0.46323717,0.55739095,1.19385141
26.5300,0.53598950,2.69063137,0.48340233,0.46327168,0.55736730,1.19397732
26.5400,0.53595381,2.69078887,0.48348187,0.46330615,0.55734364,1.19410318
26.5500,0.53591817,2.69094622,0.48356136,0.46334058,0.55731997,1.19422901
26.5600,0.53588256,2.69110340,0.48364079,0.46337499,0.55729628,1.19435479
26.5700,0.53584699,2.69126042,0.48372018,0.46340935,0.55727258,1.19448053
26.5800,0.53581146,2.69141729,0.48379951,0.46344368,0.55724887,1.19460624
26.5900,0.53577597,2.69157400,0.48387879,0.46347798,0.55722515,1.19473190
26.6000,0.53574052,2.69173054,0.48395802,0.46351224,0.55720141,1.19485751
26.6100,0.53570511,2.69188693,0.48403720,0.46354647,0.55717767,1.19498309
26.6200,0.53566974,2.69204317,0.48411633,0.46358066,0.55715391,1.19510863
26.6300,0.53563441,2.69219924,0.48419541,0.46361482,0.55713014,1.19523412
26.6400,0.53559912,2.69235515,0.48427443,0.46364894,0.55710635,1.19535958
26.6500,0.53556386,2.69251091,0.48435341,0.46368303,0.55708256,1.19548499
26.6600,0.53552865,2.69266651,0.48443233,0.46371708,0.55705875,1.19561036
26.6700,0.53549348,2.69282195,0.48451121,0.46375110,0.55703494,1.19573569
26.6800,0.53545835,2.69297724,0.48459003,0.46378509,0.55701111,1.19586098
26.6900,0.53542325,2.69313237,0.48466880,0.46381904,0.55698727,1.19598623
26.7000,0.53538820,2.69328734,0.48474752,0.46385295,0.55696341,1.19611144
26.7100,0.53535319,2.69344215,0.48482619,0.46388684,0.55693955,1.19623661
26.7200,0.53531821,2.69359681,0.48490481,0.46392068,0.55691567,1.19636173
26.7300,0.53528327,2.69375131,0.48498338,0.46395450,0.55689179,1.19648681
26.7400,0.53524838,2.69390566,0.48506190,0.46398827,0.55686789,1.19661186
26.7500,0.53521352,2.69405985,0.48514036,0.46402202,0.55684398,1.19673686
26.7600,0.53517870,2.69421389,0.48521878,0.46405573,0.55682006,1.19686182
26.7700,0.53514392,2.69436776,0.48529714,0.46408940,0.55679613,1.19698674
26.7800,0.53510918,2.69452149,0.48537546,0.46412304,0.55677218,1.19711162
26.7900,0.53507448,2.69467506,0.48545372,0.46415665,0.55674823,1.19723646
26.8000,0.53503981,2.69482847,0.48553194,0.46419022,0.55672426,1.19736125
26.8100,0.53500519,2.69498173,0.48561010,0.46422376,0.55670029,1.19748601
26.8200,0.53497060,2.69513483,0.48568821,0.46425727,0.55667630,1.19761072
26.8300,0.53493605,2.69528778,0.48576627,0.46429074,0.55665230,1.19773540
26.8400,0.53490154,2.69544058,0.48584429,0.46432418,0.55662829,1.19786003
26.8500,0.53486707,2.69559322,0.48592225,0.46435758,0.55660427,1.19798462
26.8600,0.53483264,2.69574571,0.48600016,0.46439095,0.55658024,1.19810917
26.8700,0.53479825,2.69589804,0.48607802,0.46442428,0.55655620,1.19823368
26.8800,0.53476389,2.69605022,0.48615583,0.46445758,0.55653215,1.19835815
26.8900,0.53472958,2.69620225,0.48623359,0.46449085,0.55650808,1.19848257
26.9000,0.53469530,2.69635412,0.48631130,0.46452409,0.55648401,1.19860696
26.9100,0.53466106,2.69650585,0.48638896,0.46455729,0.55645993,1.19873130
26.9200,0.53462685,2.69665741,0.48646657,0.46459045,0.55643583,1.19885561
26.9300,0.53459269,2.69680883,0.48654412,0.46462358,0.55641173,1.19897987
26.9400,0.53455856,2.69696009,0.48662163,0.46465668,0.55638761,1.19910409
26.9500,0.53452448,2.69711120,0.48669909,0.46468975,0.55636348,1.19922827
26.9600,0.53449043,2.69726216,0.48677650,0.46472278,0.55633935,1.19935241
26.9700,0.53445641,2.69741297,0.48685386,0.46475578,0.55631520,1.19947651
26.9800,0.53442244,2.69756363,0.48693116,0.46478874,0.55629104,1.19960057
26.9900,0.53438850,2.69771413,0.48700842,0.46482168,0.55626688,1.19972459
27.0000,0.53435460,2.69786448,0.48708563,0.46485457,0.55624270,1.19984856
27.0100,0.53432074,2.69801469,0.48716279,0.46488744,0.55621851,1.19997250
27.0200,0.53428692,2.69816474,0.48723990,0.46492027,0.55619431,1.20009639
27.0300,0.53425313,2.69831464,0.48731695,0.46495307,0.55617011,1.20022025
27.0400,0.53421939,2.69846438,0.48739396,0.46498583,0.55614589,1.20034406
27.0500,0.53418568,2.69861398,0.48747092,0.46501856,0.55612166,1.20046783
27.0600,0.53415200,2.69876343,0.48754783,0.46505126,0.55609742,1.20059156
27.0700,0.53411837,2.69891273,0.48762469,0.46508393,0.55607317,1.20071525
27.0800,0.53408477,2.69906188,0.48770150,0.46511656,0.55604892,1.20083890
27.0900,0.53405121,2.69921088,0.48777825,0.46514916,0.55602465,1.20096251
27.1000,0.53401768,2.69935973,0.48785496,0.46518172,0.55600037,1.20108607
27.1100,0.53398419,2.69950843,0.48793162,0.46521425,0.55597609,1.20120960
27.1200,0.53395074,2.69965698,0.48800823,0.46524675,0.55595179,1.20133308
27.1300,0.53391733,2.69980538,0.48808479,0.46527922,0.55592748,1.20145653
27.1400,0.53388396,2.69995363,0.48816130,0.46531165,0.55590317,1.20157993
27.1500,0.53385062,2.70010174,0.48823776,0.46534405,0.55587884,1.20170329
27.1600,0.53381732,2.70024969,0.48831418,0.46537642,0.55585451,1.20182661
27.1700,0.53378405,2.70039750,0.48839054,0.46540875,0.55583016,1.20194990
27.1800,0.53375082,2.70054516,0.48846685,0.46544106,0.55580581,1.20207313
27.1900,0.53371763,2.70069267,0.48854311,0.46547333,0.55578145,1.20219633
27.2000,0.53368448,2.70084003,0.48861932,0.46550556,0.55575708,1.20231949
27.2100,0.53365136,2.70098725,0.48869549,0.46553777,0.55573269,1.20244261
27.2200,0.53361828,2.70113432,0.48877160,0.46556994,0.55570830,1.20256568
27.2300,0.53358523,2.70128124,0.48884767,0.46560207,0.55568390,1.20268872
27.2400,0.53355222,2.70142801,0.48892368,0.46563418,0.55565950,1.20281171
27.2500,0.53351925,2.70157464,0.48899965,0.46566625,0.55563508,1.20293467
27.2600,0.53348632,2.70172112,0.48907557,0.46569829,0.55561065,1.20305758
27.2700,0.53345342,2.70186745,0.48915143,0.46573030,0.55558621,1.20318045
27.2800,0.53342055,2.70201364,0.48922725,0.46576228,0.55556177,1.20330328
27.2900,0.53338773,2.70215968,0.48930302,0.46579422,0.55553731,1.20342607
27.3000,0.53335494,2.70230557,0.48937874,0.46582613,0.55551285,1.20354882
27.3100,0.53332218,2.70245132,0.48945441,0.46585801,0.55548838,1.20367153
27.3200,0.53328947,2.70259693,0.48953003,0.46588985,0.55546390,1.20379420
27.3300,0.53325678,2.70274238,0.48960560,0.46592167,0.55543941,1.20391683
27.3400,0.53322414,2.70288770,0.48968113,0.46595345,0.55541491,1.20403941
27.3500,0.53319153,2.70303286,0.48975660,0.46598520,0.55539040,1.20416196
27.3600,0.53315896,2.70317788,0.48983203,0.46601691,0.55536589,1.20428446
27.3700,0.53312642,2.70332276,0.48990740,0.46604860,0.55534137,1.20440692
27.3800,0.53309392,2.70346749,0.48998273,0.46608025,0.55531683,1.20452935
27.3900,0.53306145,2.70361208,0.49005801,0.46611187,0.55529229,1.20465173
27.4000,0.53302902,2.70375652,0.49013324,0.46614346,0.55526774,1.20477407
27.4100,0.53299662,2.70390082,0.49020842,0.46617501,0.55524318,1.20489637
27.4200,0.53296427,2.70404498,0.49028355,0.46620654,0.55521862,1.20501863
27.4300,0.53293194,2.70418899,0.49035863,0.46623803,0.55519404,1.20514085
27.4400,0.53289965,2.70433286,0.49043367,0.46626949,0.55516946,1.20526303
27.4500,0.53286740,2.70447658,0.49050865,0.46630092,0.55514487,1.20538516
27.4600,0.53283518,2.70462016,0.49058359,0.46633231,0.55512027,1.20550726
27.4700,0.53280300,2.70476360,0.49065847,0.46636368,0.55509566,1.20562932
27.4800,0.53277086,2.70490689,0.49073331,0.46639501,0.55507104,1.20575133
27.4900,0.53273875,2.70505005,0.49080810,0.46642631,0.55504642,1.20587331
27.5000,0.53270667,2.70519305,0.49088285,0.46645758,0.55502179,1.20599524
27.5100,0.53267463,2.70533592,0.49095754,0.46648881,0.55499715,1.20611713
27.5200,0.53264262,2.70547865,0.49103218,0.46652002,0.55497250,1.20623898
27.5300,0.53261065,2.70562123,0.49110678,0.46655119,0.55494784,1.20636079
27.5400,0.53257872,2.70576367,0.49118132,0.46658233,0.55492318,1.20648257
27.5500,0.53254682,2.70590596,0.49125582,0.46661344,0.55489851,1.20660429
27.5600,0.53251495,2.70604812,0.49133027,0.46664452,0.55487383,1.20672598
27.5700,0.53248312,2.70619014,0.49140467,0.46667557,0.55484914,1.20684763
27.5800,0.53245133,2.70633201,0.49147903,0.46670658,0.55482444,1.20696924
27.5900,0.53241957,2.70647374,0.49155333,0.46673757,0.55479974,1.20709081
27.6000,0.53238784,2.70661533,0.49162759,0.46676852,0.55477503,1.20721233
27.6100,0.53235615,2.70675678,0.49170180,0.46679944,0.55475031,1.20733382
27.6200,0.53232450,2.70689809,0.49177596,0.46683033,0.55472558,1.20745526
27.6300,0.53229287,2.70703926,0.49185007,0.46686119,0.55470085,1.20757667
27.6400,0.53226129,2.70718029,0.49192413,0.46689202,0.55467611,1.20769803
27.6500,0.53222974,2.70732118,0.49199815,0.46692281,0.55465136,1.20781935
27.6600,0.53219822,2.70746193,0.49207211,0.46695358,0.55462660,1.20794063
27.6700,0.53216673,2.70760253,0.49214603,0.46698431,0.55460184,1.20806188
27.6800,0.53213529,2.70774300,0.49221990,0.46701501,0.55457707,1.20818308
27.6900,0.53210387,2.70788333,0.49229372,0.46704568,0.55455229,1.20830424
27.7000,0.53207249,2.70802352,0.49236750,0.46707632,0.55452751,1.20842535
27.7100,0.53204114,2.70816357,0.49244122,0.46710693,0.55450271,1.20854643
27.7200,0.53200983,2.70830348,0.49251490,0.46713751,0.55447791,1.20866747
27.7300,0.53197856,2.70844325,0.49258853,0.46716805,0.55445311,1.20878847
27.7400,0.53194731,2.70858289,0.49266211,0.46719857,0.55442829,1.20890942
27.7500,0.53191610,2.70872238,0.49273565,0.46722905,0.55440347,1.20903034
27.7600,0.53188493,2.70886174,0.49280913,0.46725951,0.55437864,1.20915121
27.7700,0.53185379,2.70900096,0.49288257,0.46728993,0.55435381,1.20927205
27.7800,0.53182268,2.70914004,0.49295596,0.46732032,0.55432896,1.20939284
27.7900,0.53179161,2.70927898,0.49302930,0.46735068,0.55430411,1.20951360
27.8000,0.53176057,2.70941779,0.49310260,0.46738101,0.55427926,1.20963431
27.8100,0.53172956,2.70955645,0.49317584,0.46741131,0.55425439,1.20975498
27.8200,0.53169859,2.70969498,0.49324904,0.46744158,0.55422952,1.20987561
27.8300,0.53166765,2.70983337,0.49332219,0.46747181,0.55420465,1.20999620
27.8400,0.53163675,2.70997163,0.49339529,0.46750202,0.55417976,1.21011675
27.8500,0.53160588,2.71010975,0.49346835,0.46753220,0.55415487,1.21023726
27.8600,0.53157504,2.71024773,0.49354136,0.46756234,0.55412998,1.21035773
27.8700,0.53154424,2.71038557,0.49361432,0.46759246,0.55410507,1.21047816
27.8800,0.53151347,2.71052328,0.49368723,0.46762254,0.55408016,1.21059854
27.8900,0.53148273,2.71066085,0.49376009,0.46765260,0.55405525,1.21071889
27.9000,0.53145203,2.71079829,0.49383291,0.46768262,0.55403032,1.21083919
27.9100,0.53142136,2.71093559,0.49390568,0.46771261,0.55400539,1.21095946
27.9200,0.53139072,2.71107275,0.49397840,0.46774257,0.55398046,1.21107968
27.9300,0.53136012,2.71120978,0.49405108,0.46777250,0.55395551,1.21119987
27.9400,0.53132955,2.71134667,0.49412371,0.46780241,0.55393057,1.21132001
27.9500,0.53129901,2.71148343,0.49419629,0.46783228,0.55390561,1.21144011
27.9600,0.53126851,2.71162005,0.49426882,0.46786212,0.55388065,1.21156018
27.9700,0.53123804,2.71175653,0.49434130,0.46789193,0.55385568,1.21168020
27.9800,0.53120760,2.71189288,0.49441374,0.46792171,0.55383071,1.21180018
27.9900,0.53117720,2.71202910,0.49448613,0.46795146,0.55380573,1.21192012
28.0000,0.53114683,2.71216518,0.49455847,0.46798118,0.55378074,1.21204002
28.0100,0.53111649,2.71230113,0.49463077,0.46801087,0.55375575,1.21215988
28.0200,0.53108618,2.71243694,0.49470302,0.46804053,0.55373075,1.21227970
28.0300,0.53105591,2.71257262,0.49477522,0.46807015,0.55370574,1.21239948
28.0400,0.53102567,2.71270817,0.49484737,0.46809975,0.55368073,1.21251921
28.0500,0.53099546,2.71284358,0.49491948,0.46812932,0.55365572,1.21263891
28.0600,0.53096529,2.71297885,0.49499154,0.46815886,0.55363069,1.21275857
28.0700,0.53093515,2.71311400,0.49506355,0.46818837,0.55360567,1.21287818
28.0800,0.53090504,2.71324901,0.49513552,0.46821785,0.55358063,1.21299776
28.0900,0.53087496,2.71338389,0.49520743,0.46824730,0.55355559,1.21311729
28.1000,0.53084492,2.71351863,0.49527931,0.46827672,0.55353055,1.21323678
28.1100,0.53081491,2.71365324,0.49535113,0.46830611,0.55350549,1.21335624
28.1200,0.53078493,2.71378772,0.49542291,0.46833546,0.55348044,1.21347565
28.1300,0.53075498,2.71392207,0.49549464,0.46836479,0.55345537,1.21359502
28.1400,0.53072507,2.71405628,0.49556632,0.46839409,0.55343030,1.21371435
28.1500,0.53069519,2.71419036,0.49563796,0.46842336,0.55340523,1.21383364
28.1600,0.53066534,2.71432431,0.49570955,0.46845260,0.55338015,1.21395290
28.1700,0.53063552,2.71445812,0.49578109,0.46848181,0.55335506,1.21407210
28.1800,0.53060574,2.71459181,0.49585258,0.46851099,0.55332997,1.21419127
28.1900,0.53057598,2.71472536,0.49592403,0.46854015,0.55330488,1.21431040
28.2000,0.53054626,2.71485878,0.49599544,0.46856927,0.55327978,1.21442949
28.2100,0.53051657,2.71499207,0.49606679,0.46859836,0.55325467,1.21454854
28.2200,0.53048692,2.71512523,0.49613810,0.46862742,0.55322956,1.21466755
28.2300,0.53045729,2.71525826,0.49620936,0.46865645,0.55320444,1.21478651
28.2400,0.53042770,2.71539116,0.49628058,0.46868546,0.55317931,1.21490544
28.2500,0.53039814,2.71552392,0.49635175,0.46871443,0.55315419,1.21502432
28.2600,0.53036861,2.71565656,0.49642287,0.46874338,0.55312905,1.21514317
28.2700,0.53033912,2.71578906,0.49649394,0.46877229,0.55310391,1.21526197
28.2800,0.53030965,2.71592144,0.49656497,0.46880118,0.55307877,1.21538074
28.2900,0.53028022,2.71605368,0.49663596,0.46883003,0.55305362,1.21549946
28.3000,0.53025082,2.71618580,0.49670689,0.46885886,0.55302847,1.21561814
28.3100,0.53022145,2.71631778,0.49677778,0.46888766,0.55300331,1.21573678
28.3200,0.53019211,2.71644964,0.49684862,0.46891643,0.55297814,1.21585539
28.3300,0.53016280,2.71658136,0.49691942,0.46894516,0.55295297,1.21597395
28.3400,0.53013353,2.71671296,0.49699017,0.46897387,0.55292780,1.21609247
28.3500,0.53010428,2.71684442,0.49706087,0.46900256,0.55290262,1.21621095
28.3600,0.53007507,2.71697576,0.49713153,0.46903121,0.55287744,1.21632939
28.3700,0.53004589,2.71710697,0.49720214,0.46905983,0.55285225,1.21644779
28.3800,0.53001674,2.71723805,0.49727271,0.46908842,0.55282705,1.21656615
28.3900,0.52998762,2.71736900,0.49734323,0.46911699,0.55280185,1.21668446
28.4000,0.52995854,2.71749982,0.49741370,0.46914552,0.55277665,1.21680274
28.4100,0.52992948,2.71763051,0.49748412,0.46917403,0.55275144,1.21692098
28.4200,0.52990046,2.71776108,0.49755450,0.46920251,0.55272623,1.21703917
28.4300,0.52987146,2.71789151,0.49762484,0.46923095,0.55270101,1.21715733
28.4400,0.52984250,2.71802182,0.49769513,0.46925937,0.55267579,1.21727545
28.4500,0.52981357,2.71815200,0.49776537,0.46928777,0.55265057,1.21739352
28.4600,0.52978467,2.71828206,0.49783556,0.46931613,0.55262534,1.21751156
28.4700,0.52975580,2.71841198,0.49790571,0.46934446,0.55260010,1.21762955
28.4800,0.52972696,2.71854178,0.49797581,0.46937276,0.55257486,1.21774750
28.4900,0.52969816,2.71867145,0.49804587,0.46940104,0.55254962,1.21786542
28.5000,0.52966938,2.71880100,0.49811588,0.46942929,0.55252437,1.21798329
28.5100,0.52964064,2.71893042,0.49818585,0.46945750,0.55249911,1.21810112
28.5200,0.52961192,2.71905971,0.49825577,0.46948569,0.55247386,1.21821891
28.5300,0.52958324,2.71918887,0.49832564,0.46951385,0.55244860,1.21833666
28.5400,0.52955459,2.71931791,0.49839547,0.46954199,0.55242333,1.21845437
28.5500,0.52952596,2.71944682,0.49846525,0.46957009,0.55239806,1.21857204
28.5600,0.52949737,2.71957560,0.49853499,0.46959817,0.55237279,1.21868967
28.5700,0.52946881,2.71970426,0.49860468,0.46962621,0.55234751,1.21880726
28.5800,0.52944028,2.71983279,0.49867432,0.46965423,0.55232223,1.21892481
28.5900,0.52941178,2.71996120,0.49874392,0.46968222,0.55229694,1.21904232
28.6000,0.52938331,2.72008948,0.49881347,0.46971018,0.55227165,1.21915979
28.6100,0.52935487,2.72021764,0.49888298,0.46973811,0.55224635,1.21927721
28.6200,0.52932647,2.72034567,0.49895244,0.46976602,0.55222105,1.21939460
28.6300,0.52929809,2.72047357,0.49902186,0.46979389,0.55219575,1.21951195
28.6400,0.52926974,2.72060135,0.49909123,0.46982174,0.55217045,1.21962925
28.6500,0.52924142,2.72072901,0.49916055,0.46984956,0.55214513,1.21974652
28.6600,0.52921314,2.72085654,0.49922983,0.46987735,0.55211982,1.21986374
28.6700,0.52918488,2.72098394,0.49929906,0.46990511,0.55209450,1.21998093
28.6800,0.52915665,2.72111122,0.49936825,0.46993285,0.55206918,1.22009807
28.6900,0.52912846,2.72123838,0.49943739,0.46996055,0.55204385,1.22021517
28.7000,0.52910029,2.72136541,0.49950649,0.46998823,0.55201852,1.22033224
28.7100,0.52907215,2.72149232,0.49957554,0.47001588,0.55199319,1.22044926
28.7200,0.52904405,2.72161910,0.49964455,0.47004351,0.55196785,1.22056624
28.7300,0.52901597,2.72174576,0.49971351,0.47007110,0.55194251,1.22068318
28.7400,0.52898792,2.72187230,0.49978243,0.47009866,0.55191717,1.22080008
28.7500,0.52895991,2.72199871,0.49985130,0.47012620,0.55189182,1.22091694
28.7600,0.52893192,2.72212500,0.49992012,0.47015371,0.55186647,1.22103376
28.7700,0.52890396,2.72225117,0.49998890,0.47018119,0.55184112,1.22115054
28.7800,0.52887604,2.72237721,0.50005763,0.47020865,0.55181576,1.22126728
28.7900,0.52884814,2.72250313,0.50012632,0.47023607,0.55179040,1.22138398
28.8000,0.52882027,2.72262893,0.50019497,0.47026347,0.55176503,1.22150064
28.8100,0.52879243,2.72275461,0.50026357,0.47029084,0.55173966,1.22161726
28.8200,0.52876462,2.72288016,0.50033212,0.47031819,0.55171429,1.22173384
28.8300,0.52873685,2.72300559,0.50040063,0.47034550,0.55168892,1.22185037
28.8400,0.52870910,2.72313090,0.50046909,0.47037279,0.55166354,1.22196687
28.8500,0.52868138,2.72325608,0.50053751,0.47040005,0.55163816,1.22208333
28.8600,0.52865369,2.72338115,0.50060588,0.47042728,0.55161277,1.22219974
28.8700,0.52862603,2.72350609,0.50067421,0.47045448,0.55158738,1.22231612
28.8800,0.52859839,2.72363091,0.50074249,0.47048166,0.55156199,1.22243245
28.8900,0.52857079,2.72375561,0.50081073,0.47050881,0.55153660,1.22254875
28.9000,0.52854322,2.72388018,0.50087893,0.47053593,0.55151120,1.22266500
28.9100,0.52851568,2.72400464,0.50094707,0.47056302,0.55148580,1.22278121
28.9200,0.52848816,2.72412897,0.50101518,0.47059009,0.55146040,1.22289739
28.9300,0.52846068,2.72425319,0.50108324,0.47061713,0.55143499,1.22301352
28.9400,0.52843322,2.72437728,0.50115125,0.47064414,0.55140958,1.22312961
28.9500,0.52840580,2.72450125,0.50121922,0.47067112,0.55138417,1.22324566
28.9600,0.52837840,2.72462510,0.50128714,0.47069808,0.55135875,1.22336168
28.9700,0.52835103,2.72474883,0.50135502,0.47072501,0.55133333,1.22347765
28.9800,0.52832369,2.72487244,0.50142286,0.47075191,0.55130791,1.22359358
28.9900,0.52829638,2.72499593,0.50149065,0.47077878,0.55128249,1.22370947
29.0000,0.52826910,2.72511930,0.50155839,0.47080563,0.55125706,1.22382532
29.0100,0.52824185,2.72524255,0.50162609,0.47083245,0.55123163,1.22394113
29.0200,0.52821462,2.72536568,0.50169375,0.47085924,0.55120620,1.22405689
29.0300,0.52818743,2.72548870,0.50176136,0.47088600,0.55118076,1.22417262
29.0400,0.52816026,2.72561159,0.50182893,0.47091274,0.55115533,1.22428831
29.0500,0.52813312,2.72573436,0.50189645,0.47093945,0.55112989,1.22440396
29.0600,0.52810602,2.72585701,0.50196393,0.47096614,0.55110444,1.22451957
29.0700,0.52807894,2.72597954,0.50203136,0.47099279,0.55107900,1.22463513
29.0800,0.52805189,2.72610196,0.50209875,0.47101942,0.55105355,1.22475066
29.0900,0.52802486,2.72622425,0.50216609,0.47104602,0.55102810,1.22486615
29.1000,0.52799787,2.72634643,0.50223339,0.47107260,0.55100265,1.22498159
29.1100,0.52797090,2.72646849,0.50230065,0.47109915,0.55097719,1.22509700
29.1200,0.52794397,2.72659043,0.50236786,0.47112567,0.55095173,1.22521236
29.1300,0.52791706,2.72671225,0.50243503,0.47115216,0.55092627,1.22532769
29.1400,0.52789018,2.72683395,0.50250215,0.47117863,0.55090081,1.22544297
29.1500,0.52786333,2.72695554,0.50256923,0.47120507,0.55087534,1.22555821
29.1600,0.52783650,2.72707701,0.50263626,0.47123148,0.55084988,1.22567342
29.1700,0.52780971,2.72719836,0.50270325,0.47125787,0.55082441,1.22578858
29.1800,0.52778294,2.72731959,0.50277020,0.47128423,0.55079893,1.22590370
29.1900,0.52775620,2.72744070,0.50283710,0.47131056,0.55077346,1.22601878
29.2000,0.52772949,2.72756170,0.50290396,0.47133687,0.55074798,1.22613382
29.2100,0.52770281,2.72768258,0.50297077,0.47136315,0.55072251,1.22624883
29.2200,0.52767616,2.72780334,0.50303754,0.47138940,0.55069702,1.22636379
29.2300,0.52764953,2.72792399,0.50310426,0.47141562,0.55067154,1.22647871
29.2400,0.52762294,2.72804452,0.50317095,0.47144182,0.55064606,1.22659359
29.2500,0.52759637,2.72816493,0.50323758,0.47146800,0.55062057,1.22670843
29.2600,0.52756983,2.72828522,0.50330417,0.47149414,0.55059508,1.22682323
29.2700,0.52754331,2.72840540,0.50337072,0.47152026,0.55056959,1.22693798
29.2800,0.52751683,2.72852546,0.50343723,0.47154636,0.55054410,1.22705270
29.2900,0.52749037,2.72864541,0.50350369,0.47157242,0.55051860,1.22716738
29.3000,0.52746394,2.72876524,0.50357011,0.47159846,0.55049311,1.22728202
29.3100,0.52743754,2.72888496,0.50363648,0.47162448,0.55046761,1.22739662
29.3200,0.52741116,2.72900455,0.50370281,0.47165046,0.55044211,1.22751117
29.3300,0.52738482,2.72912404,0.50376909,0.47167642,0.55041661,1.22762569
29.3400,0.52735850,2.72924340,0.50383534,0.47170236,0.55039110,1.22774017
29.3500,0.52733221,2.72936266,0.50390153,0.47172827,0.55036560,1.22785460
29.3600,0.52730594,2.72948179,0.50396769,0.47175415,0.55034009,1.22796900
29.3700,0.52727971,2.72960081,0.50403380,0.47178000,0.55031458,1.22808335
29.3800,0.52725350,2.72971972,0.50409986,0.47180583,0.55028907,1.22819767
29.3900,0.52722732,2.72983851,0.50416589,0.47183163,0.55026356,1.22831194
29.4000,0.52720117,2.72995719,0.50423187,0.47185741,0.55023804,1.22842617
29.4100,0.52717504,2.73007575,0.50429780,0.47188316,0.55021253,1.22854037
29.4200,0.52714894,2.73019420,0.50436369,0.47190888,0.55018701,1.22865452
29.4300,0.52712287,2.73031253,0.50442954,0.47193458,0.55016149,1.22876863
29.4400,0.52709683,2.73043075,0.50449535,0.47196025,0.55013597,1.22888271
29.4500,0.52707081,2.73054885,0.50456111,0.47198590,0.55011045,1.22899674
29.4600,0.52704483,2.73066685,0.50462683,0.47201152,0.55008492,1.22911073
29.4700,0.52701886,2.73078472,0.50469250,0.47203711,0.55005940,1.22922468
29.4800,0.52699293,2.73090249,0.50475813,0.47206268,0.55003387,1.22933859
29.4900,0.52696702,2.73102013,0.50482372,0.47208822,0.55000835,1.22945246
29.5000,0.52694114,2.73113767,0.50488926,0.47211374,0.54998282,1.22956629
29.5100,0.52691529,2.73125509,0.50495477,0.47213923,0.54995729,1.22968008
29.5200,0.52688946,2.73137240,0.50502022,0.47216469,0.54993176,1.22979383
29.5300,0.52686367,2.73148960,0.50508564,0.47219013,0.54990622,1.22990754
29.5400,0.52683790,2.73160668,0.50515101,0.47221554,0.54988069,1.23002121
29.5500,0.52681215,2.73172365,0.50521634,0.47224093,0.54985516,1.23013484
29.5600,0.52678643,2.73184051,0.50528162,0.47226629,0.54982962,1.23024842
29.5700,0.52676074,2.73195726,0.50534686,0.47229162,0.54980408,1.23036197
29.5800,0.52673508,2.73207389,0.50541206,0.47231693,0.54977854,1.23047548
29.5900,0.52670944,2.73219041,0.50547721,0.47234221,0.54975300,1.23058895
29.6000,0.52668383,2.73230682,0.50554232,0.47236747,0.54972746,1.23070237
29.6100,0.52665825,2.73242311,0.50560739,0.47239270,0.54970192,1.23081576
29.6200,0.52663269,2.73253930,0.50567242,0.47241791,0.54967638,1.23092910
29.6300,0.52660716,2.73265537,0.50573740,0.47244309,0.54965084,1.23104241
29.6400,0.52658166,2.73277133,0.50580234,0.47246824,0.54962529,1.23115567
29.6500,0.52655618,2.73288718,0.50586724,0.47249337,0.54959975,1.23126890
29.6600,0.52653073,2.73300291,0.50593209,0.47251848,0.54957420,1.23138208
29.6700,0.52650531,2.73311854,0.50599690,0.47254355,0.54954865,1.23149523
29.6800,0.52647991,2.73323405,0.50606167,0.47256861,0.54952310,1.23160833
29.6900,0.52645454,2.73334946,0.50612639,0.47259363,0.54949756,1.23172139
29.7000,0.52642920,2.73346475,0.50619107,0.47261864,0.54947201,1.23183442
29.7100,0.52640388,2.73357993,0.50625571,0.47264361,0.54944645,1.23194740
29.7200,0.52637859,2.73369500,0.50632031,0.47266856,0.54942090,1.23206034
29.7300,0.52635333,2.73380996,0.50638486,0.47269349,0.54939535,1.23217324
29.7400,0.52632809,2.73392481,0.50644937,0.47271839,0.54936980,1.23228610
29.7500,0.52630288,2.73403955,0.50651384,0.47274326,0.54934425,1.23239892
29.7600,0.52627769,2.73415418,0.50657826,0.47276811,0.54931869,1.23251170
29.7700,0.52625254,2.73426870,0.50664265,0.47279294,0.54929314,1.23262444
29.7800,0.52622740,2.73438311,0.50670698,0.47281774,0.54926758,1.23273714
29.7900,0.52620230,2.73449741,0.50677128,0.47284251,0.54924203,1.23284980
29.8000,0.52617722,2.73461160,0.50683554,0.47286726,0.54921647,1.23296242
29.8100,0.52615216,2.73472568,0.50689975,0.47289198,0.54919091,1.23307500
29.8200,0.52612713,2.73483965,0.50696392,0.47291668,0.54916536,1.23318754
29.8300,0.52610213,2.73495351,0.50702804,0.47294135,0.54913980,1.23330004
29.8400,0.52607716,2.73506726,0.50709213,0.47296600,0.54911424,1.23341250
29.8500,0.52605221,2.73518090,0.50715617,0.47299063,0.54908868,1.23352491
29.8600,0.52602728,2.73529444,0.50722017,0.47301522,0.54906312,1.23363729
29.8700,0.52600238,2.73540786,0.50728412,0.47303980,0.54903757,1.23374963
29.8800,0.52597751,2.73552118,0.50734804,0.47306435,0.54901201,1.23386193
29.8900,0.52595266,2.73563438,0.50741191,0.47308887,0.54898645,1.23397418
29.9000,0.52592784,2.73574748,0.50747574,0.47311337,0.54896089,1.23408640
29.9100,0.52590305,2.73586047,0.50753952,0.47313784,0.54893533,1.23419857
29.9200,0.52587828,2.73597335,0.50760327,0.47316229,0.54890977,1.23431071
29.9300,0.52585354,2.73608613,0.50766697,0.47318671,0.54888421,1.23442280
29.9400,0.52582882,2.73619879,0.50773063,0.47321111,0.54885864,1.23453486
29.9500,0.52580413,2.73631135,0.50779425,0.47323548,0.54883308,1.23464687
29.9600,0.52577946,2.73642380,0.50785782,0.47325983,0.54880752,1.23475884
29.9700,0.52575482,2.73653614,0.50792135,0.47328416,0.54878196,1.23487078
29.9800,0.52573021,2.73664838,0.50798485,0.47330846,0.54875640,1.23498267
29.9900,0.52570562,2.73676050,0.50804829,0.47333273,0.54873084,1.23509452
30.0000,0.52568105,2.73687252,0.50811170,0.47335698,0.54870528,1.23520634
30.0100,0.52565651,2.73698444,0.50817506,0.47338121,0.54867972,1.23531811
30.0200,0.52563200,2.73709624,0.50823839,0.47340541,0.54865416,1.23542984
30.0300,0.52560751,2.73720794,0.50830167,0.47342958,0.54862859,1.23554153
30.0400,0.52558305,2.73731953,0.50836491,0.47345374,0.54860303,1.23565318
30.0500,0.52555861,2.73743102,0.50842810,0.47347786,0.54857747,1.23576479
30.0600,0.52553420,2.73754239,0.50849126,0.47350197,0.54855191,1.23587636
30.0700,0.52550982,2.73765367,0.50855437,0.47352604,0.54852635,1.23598789
30.0800,0.52548546,2.73776483,0.50861744,0.47355010,0.54850079,1.23609938
30.0900,0.52546112,2.73787589,0.50868047,0.47357413,0.54847523,1.23621083
30.1000,0.52543681,2.73798684,0.50874345,0.47359813,0.54844967,1.23632224
30.1100,0.52541252,2.73809769,0.50880640,0.47362211,0.54842411,1.23643361
30.1200,0.52538826,2.73820843,0.50886930,0.47364607,0.54839855,1.23654494
30.1300,0.52536403,2.73831907,0.50893216,0.47367000,0.54837299,1.23665623
30.1400,0.52533982,2.73842960,0.50899498,0.47369391,0.54834743,1.23676747
30.1500,0.52531563,2.73854002,0.50905776,0.47371779,0.54832187,1.23687868
30.1600,0.52529147,2.73865034,0.50912049,0.47374165,0.54829632,1.23698985
30.1700,0.52526734,2.73876055,0.50918319,0.47376548,0.54827076,1.23710098
30.1800,0.52524323,2.73887066,0.50924584,0.47378929,0.54824520,1.23721206
30.1900,0.52521914,2.73898066,0.50930845,0.47381308,0.54821965,1.23732311
30.2000,0.52519508,2.73909056,0.50937102,0.47383684,0.54819409,1.23743411
30.2100,0.52517105,2.73920035,0.50943355,0.47386058,0.54816853,1.23754508
30.2200,0.52514704,2.73931004,0.50949603,0.47388429,0.54814298,1.23765600
30.2300,0.52512305,2.73941962,0.50955848,0.47390798,0.54811742,1.23776689
30.2400,0.52509909,2.73952910,0.50962088,0.47393164,0.54809187,1.23787773
30.2500,0.52507515,2.73963848,0.50968324,0.47395529,0.54806632,1.23798854
30.2600,0.52505124,2.73974775,0.50974556,0.47397890,0.54804076,1.23809930
30.2700,0.52502736,2.73985691,0.50980784,0.47400250,0.54801521,1.23821003
30.2800,0.52500349,2.73996597,0.50987007,0.47402606,0.54798966,1.23832071
30.2900,0.52497966,2.74007493,0.50993227,0.47404961,0.54796411,1.23843135
30.3000,0.52495584,2.74018379,0.50999442,0.47407313,0.54793856,1.23854195
30.3100,0.52493205,2.74029254,0.51005654,0.47409663,0.54791301,1.23865252
30.3200,0.52490829,2.74040118,0.51011861,0.47412010,0.54788746,1.23876304
30.3300,0.52488455,2.74050973,0.51018064,0.47414355,0.54786191,1.23887352
30.3400,0.52486084,2.74061817,0.51024263,0.47416698,0.54783636,1.23898396
30.3500,0.52483715,2.74072650,0.51030457,0.47419038,0.54781082,1.23909436
30.3600,0.52481348,2.74083474,0.51036648,0.47421376,0.54778527,1.23920472
30.3700,0.52478984,2.74094287,0.51042834,0.47423711,0.54775973,1.23931504
30.3800,0.52476622,2.74105089,0.51049017,0.47426044,0.54773419,1.23942532
30.3900,0.52474263,2.74115882,0.51055195,0.47428375,0.54770864,1.23953556
30.4000,0.52471906,2.74126664,0.51061369,0.47430703,0.54768310,1.23964576
30.4100,0.52469551,2.74137436,0.51067539,0.47433029,0.54765756,1.23975592
30.4200,0.52467199,2.74148198,0.51073705,0.47435352,0.54763202,1.23986604
30.4300,0.52464850,2.74158949,0.51079867,0.47437674,0.54760648,1.23997612
30.4400,0.52462503,2.74169690,0.51086024,0.47439993,0.54758094,1.24008616
30.4500,0.52460158,2.74180421,0.51092178,0.47442309,0.54755541,1.24019615
30.4600,0.52457815,2.74191142,0.51098327,0.47444623,0.54752987,1.24030611
30.4700,0.52455475,2.74201853,0.51104473,0.47446935,0.54750434,1.24041603
30.4800,0.52453138,2.74212553,0.51110614,0.47449244,0.54747880,1.24052590
30.4900,0.52450803,2.74223243,0.51116751,0.47451551,0.54745327,1.24063574
30.5000,0.52448470,2.74233923,0.51122884,0.47453856,0.54742774,1.24074554
30.5100,0.52446140,2.74244593,0.51129013,0.47456158,0.54740221,1.24085529
30.5200,0.52443812,2.74255253,0.51135138,0.47458458,0.54737668,1.24096501
30.5300,0.52441486,2.74265903,0.51141259,0.47460756,0.54735116,1.24107468
30.5400,0.52439163,2.74276542,0.51147376,0.47463052,0.54732563,1.24118432
30.5500,0.52436842,2.74287172,0.51153489,0.47465345,0.54730011,1.24129391
30.5600,0.52434524,2.74297791,0.51159597,0.47467635,0.54727458,1.24140347
30.5700,0.52432208,2.74308401,0.51165702,0.47469924,0.54724906,1.24151298
30.5800,0.52429894,2.74319000,0.51171802,0.47472210,0.54722354,1.24162246
30.5900,0.52427583,2.74329589,0.51177899,0.47474493,0.54719802,1.24173189
30.6000,0.52425274,2.74340168,0.51183991,0.47476775,0.54717250,1.24184128
30.6100,0.52422967,2.74350737,0.51190079,0.47479054,0.54714699,1.24195063
30.6200,0.52420663,2.74361296,0.51196164,0.47481331,0.54712147,1.24205995
30.6300,0.52418361,2.74371845,0.51202244,0.47483605,0.54709596,1.24216922
30.6400,0.52416061,2.74382384,0.51208320,0.47485877,0.54707045,1.24227845
30.6500,0.52413764,2.74392913,0.51214392,0.47488147,0.54704494,1.24238764
30.6600,0.52411470,2.74403432,0.51220460,0.47490414,0.54701943,1.24249679
30.6700,0.52409177,2.74413942,0.51226524,0.47492680,0.54699392,1.24260590
30.6800,0.52406887,2.74424441,0.51232584,0.47494942,0.54696841,1.24271498
30.6900,0.52404599,2.74434930,0.51238639,0.47497203,0.54694291,1.24282401
30.7000,0.52402314,2.74445409,0.51244691,0.47499461,0.54691741,1.24293300
30.7100,0.52400031,2.74455878,0.51250739,0.47501717,0.54689191,1.24304195
30.7200,0.52397750,2.74466338,0.51256783,0.47503971,0.54686641,1.24315085
30.7300,0.52395472,2.74476787,0.51262822,0.47506222,0.54684091,1.24325972
30.7400,0.52393196,2.74487227,0.51268858,0.47508471,0.54681541,1.24336855
30.7500,0.52390922,2.74497657,0.51274890,0.47510718,0.54678992,1.24347734
30.7600,0.52388651,2.74508077,0.51280917,0.47512963,0.54676443,1.24358609
30.7700,0.52386381,2.74518487,0.51286941,0.47515205,0.54673894,1.24369480
30.7800,0.52384115,2.74528887,0.51292960,0.47517445,0.54671345,1.24380346
30.7900,0.52381850,2.74539277,0.51298976,0.47519683,0.54668796,1.24391209
30.8000,0.52379588,2.74549657,0.51304988,0.47521918,0.54666248,1.24402068
30.8100,0.52377328,2.74560028,0.51310995,0.47524151,0.54663699,1.24412923
30.8200,0.52375071,2.74570389,0.51316999,0.47526382,0.54661151,1.24423773
30.8300,0.52372815,2.74580740,0.51322998,0.47528611,0.54658603,1.24434620
30.8400,0.52370563,2.74591081,0.51328993,0.47530837,0.54656056,1.24445462
30.8500,0.52368312,2.74601413,0.51334985,0.47533061,0.54653508,1.24456301
30.8600,0.52366064,2.74611734,0.51340972,0.47535283,0.54650961,1.24467135
30.8700,0.52363818,2.74622046,0.51346956,0.47537502,0.54648414,1.24477966
30.8800,0.52361574,2.74632349,0.51352935,0.47539720,0.54645867,1.24488792
30.8900,0.52359332,2.74642641,0.51358911,0.47541935,0.54643320,1.24499615
30.9000,0.52357093,2.74652924,0.51364882,0.47544147,0.54640773,1.24510433
30.9100,0.52354856,2.74663197,0.51370850,0.47546358,0.54638227,1.24521248
30.9200,0.52352622,2.74673460,0.51376813,0.47548566,0.54635681,1.24532058
30.9300,0.52350389,2.74683714,0.51382773,0.47550772,0.54633135,1.24542864
30.9400,0.52348159,2.74693958,0.51388728,0.47552976,0.54630589,1.24553667
30.9500,0.52345931,2.74704192,0.51394680,0.47555178,0.54628044,1.24564465
30.9600,0.52343706,2.74714417,0.51400627,0.47557377,0.54625499,1.24575259
30.9700,0.52341483,2.74724632,0.51406571,0.47559574,0.54622954,1.24586049
30.9800,0.52339262,2.74734837,0.51412510,0.47561769,0.54620409,1.24596835
30.9900,0.52337043,2.74745033,0.51418446,0.47563961,0.54617864,1.24607617
31.0000,0.52334826,2.74755219,0.51424378,0.47566152,0.54615320,1.24618396
31.0100,0.52332612,2.74765395,0.51430305,0.47568340,0.54612776,1.24629170
31.0200,0.52330400,2.74775562,0.51436229,0.47570526,0.54610232,1.24639940
31.0300,0.52328190,2.74785719,0.51442149,0.47572709,0.54607688,1.24650706
31.0400,0.52325983,2.74795867,0.51448065,0.47574891,0.54605145,1.24661468
31.0500,0.52323778,2.74806005,0.51453977,0.47577070,0.54602602,1.24672226
31.0600,0.52321575,2.74816134,0.51459884,0.47579247,0.54600059,1.24682980
31.0700,0.52319374,2.74826253,0.51465788,0.47581422,0.54597516,1.24693730
31.0800,0.52317175,2.74836362,0.51471688,0.47583595,0.54594973,1.24704475
31.0900,0.52314979,2.74846462,0.51477584,0.47585765,0.54592431,1.24715217
31.1000,0.52312785,2.74856553,0.51483477,0.47587933,0.54589889,1.24725955
31.1100,0.52310593,2.74866634,0.51489365,0.47590099,0.54587347,1.24736689
31.1200,0.52308404,2.74876705,0.51495249,0.47592263,0.54584806,1.24747419
31.1300,0.52306216,2.74886767,0.51501129,0.47594424,0.54582265,1.24758144
31.1400,0.52304031,2.74896820,0.51507005,0.47596584,0.54579724,1.24768866
31.1500,0.52301848,2.74906863,0.51512878,0.47598741,0.54577183,1.24779584
31.1600,0.52299667,2.74916896,0.51518746,0.47600896,0.54574643,1.24790297
31.1700,0.52297489,2.74926921,0.51524611,0.47603049,0.54572102,1.24801007
31.1800,0.52295312,2.74936935,0.51530472,0.47605199,0.54569562,1.24811713
31.1900,0.52293138,2.74946941,0.51536328,0.47607348,0.54567023,1.24822414
31.2000,0.52290966,2.74956936,0.51542181,0.47609494,0.54564483,1.24833112
31.2100,0.52288797,2.74966923,0.51548030,0.47611638,0.54561944,1.24843805
31.2200,0.52286629,2.74976900,0.51553875,0.47613780,0.54559405,1.24854495
31.2300,0.52284464,2.74986868,0.51559716,0.47615919,0.54556867,1.24865180
31.2400,0.52282301,2.74996826,0.51565553,0.47618057,0.54554328,1.24875862
31.2500,0.52280140,2.75006775,0.51571386,0.47620192,0.54551790,1.24886539
31.2600,0.52277981,2.75016715,0.51577215,0.47622325,0.54549253,1.24897212
31.2700,0.52275825,2.75026645,0.51583041,0.47624456,0.54546715,1.24907882
31.2800,0.52273670,2.75036566,0.51588862,0.47626585,0.54544178,1.24918547
31.2900,0.52271518,2.75046478,0.51594680,0.47628712,0.54541641,1.24929208
31.3000,0.52269368,2.75056380,0.51600493,0.47630836,0.54539104,1.24939865
31.3100,0.52267220,2.75066273,0.51606303,0.47632958,0.54536568,1.24950519
31.3200,0.52265074,2.75076157,0.51612109,0.47635079,0.54534032,1.24961168
31.3300,0.52262931,2.75086031,0.51617911,0.47637197,0.54531496,1.24971813
31.3400,0.52260789,2.75095896,0.51623709,0.47639312,0.54528961,1.24982454
31.3500,0.52258650,2.75105752,0.51629503,0.47641426,0.54526426,1.24993091
31.3600,0.52256513,2.75115599,0.51635294,0.47643538,0.54523891,1.25003724
31.3700,0.52254378,2.75125436,0.51641080,0.47645647,0.54521356,1.25014353
31.3800,0.52252246,2.75135264,0.51646863,0.47647754,0.54518822,1.25024979
31.3900,0.52250115,2.75145083,0.51652641,0.47649859,0.54516288,1.25035600
31.4000,0.52247987,2.75154893,0.51658416,0.47651962,0.54513754,1.25046217
31.4100,0.52245860,2.75164694,0.51664187,0.47654063,0.54511221,1.25056829
31.4200,0.52243736,2.75174485,0.51669954,0.47656162,0.54508688,1.25067438
31.4300,0.52241614,2.75184267,0.51675717,0.47658258,0.54506155,1.25078043
31.4400,0.52239495,2.75194040,0.51681477,0.47660353,0.54503623,1.25088644
31.4500,0.52237377,2.75203804,0.51687232,0.47662445,0.54501091,1.25099241
31.4600,0.52235261,2.75213559,0.51692984,0.47664535,0.54498559,1.25109834
31.4700,0.52233148,2.75223304,0.51698731,0.47666623,0.54496027,1.25120423
31.4800,0.52231037,2.75233041,0.51704475,0.47668709,0.54493496,1.25131007
31.4900,0.52228927,2.75242768,0.51710215,0.47670793,0.54490965,1.25141588
31.5000,0.52226820,2.75252486,0.51715952,0.47672874,0.54488435,1.25152165
31.5100,0.52224716,2.75262195,0.51721684,0.47674954,0.54485905,1.25162738
31.5200,0.52222613,2.75271895,0.51727412,0.47677031,0.54483375,1.25173306
31.5300,0.52220512,2.75281586,0.51733137,0.47679107,0.54480845,1.25183871
31.5400,0.52218413,2.75291268,0.51738858,0.47681180,0.54478316,1.25194431
31.5500,0.52216317,2.75300941,0.51744575,0.47683251,0.54475787,1.25204988
31.5600,0.52214223,2.75310604,0.51750288,0.47685320,0.54473259,1.25215541
31.5700,0.52212130,2.75320259,0.51755997,0.47687387,0.54470730,1.25226089
31.5800,0.52210040,2.75329905,0.51761703,0.47689451,0.54468203,1.25236634
31.5900,0.52207952,2.75339541,0.51767404,0.47691514,0.54465675,1.25247174
31.6000,0.52205866,2.75349169,0.51773102,0.47693575,0.54463148,1.25257711
31.6100,0.52203783,2.75358787,0.51778796,0.47695633,0.54460621,1.25268243
31.6200,0.52201701,2.75368397,0.51784486,0.47697689,0.54458095,1.25278771
31.6300,0.52199621,2.75377998,0.51790173,0.47699744,0.54455568,1.25289296
31.6400,0.52197544,2.75387589,0.51795855,0.47701796,0.54453043,1.25299816
31.6500,0.52195468,2.75397172,0.51801534,0.47703846,0.54450517,1.25310332
31.6600,0.52193395,2.75406746,0.51807209,0.47705894,0.54447992,1.25320845
31.6700,0.52191324,2.75416310,0.51812880,0.47707940,0.54445467,1.25331353
31.6800,0.52189254,2.75425866,0.51818547,0.47709984,0.54442943,1.25341857
31.6900,0.52187187,2.75435413,0.51824210,0.47712025,0.54440419,1.25352357
31.7000,0.52185122,2.75444951,0.51829870,0.47714065,0.54437895,1.25362854
31.7100,0.52183059,2.75454480,0.51835526,0.47716103,0.54435372,1.25373346
31.7200,0.52180998,2.75464000,0.51841178,0.47718138,0.54432849,1.25383834
31.7300,0.52178939,2.75473511,0.51846826,0.47720172,0.54430327,1.25394318
31.7400,0.52176883,2.75483014,0.51852471,0.47722203,0.54427804,1.25404798
31.7500,0.52174828,2.75492507,0.51858111,0.47724232,0.54425283,1.25415274
31.7600,0.52172775,2.75501992,0.51863748,0.47726260,0.54422761,1.25425746
31.7700,0.52170725,2.75511468,0.51869381,0.47728285,0.54420240,1.25436214
31.7800,0.52168676,2.75520935,0.51875010,0.47730308,0.54417719,1.25446678
31.7900,0.52166630,2.75530393,0.51880636,0.47732329,0.54415199,1.25457138
31.8000,0.52164585,2.75539842,0.51886258,0.47734348,0.54412679,1.25467594
31.8100,0.52162543,2.75549283,0.51891876,0.47736365,0.54410159,1.25478046
31.8200,0.52160502,2.75558714,0.51897490,0.47738380,0.54407640,1.25488494
31.8300,0.52158464,2.75568137,0.51903100,0.47740393,0.54405121,1.25498938
31.8400,0.52156428,2.75577551,0.51908707,0.47742403,0.54402603,1.25509378
31.8500,0.52154394,2.75586957,0.51914310,0.47744412,0.54400085,1.25519814
31.8600,0.52152361,2.75596353,0.51919909,0.47746419,0.54397567,1.25530245
31.8700,0.52150331,2.75605741,0.51925504,0.47748424,0.54395050,1.25540673
31.8800,0.52148303,2.75615120,0.51931095,0.47750426,0.54392533,1.25551097
31.8900,0.52146277,2.75624490,0.51936683,0.47752427,0.54390017,1.25561517
31.9000,0.52144253,2.75633852,0.51942267,0.47754425,0.54387501,1.25571932
31.9100,0.52142231,2.75643205,0.51947847,0.47756422,0.54384985,1.25582344
31.9200,0.52140211,2.75652549,0.51953424,0.47758416,0.54382470,1.25592752
31.9300,0.52138193,2.75661884,0.51958997,0.47760409,0.54379955,1.25603155
31.9400,0.52136177,2.75671211,0.51964566,0.47762399,0.54377440,1.25613555
31.9500,0.52134163,2.75680529,0.51970131,0.47764388,0.54374926,1.25623950
31.9600,0.52132151,2.75689838,0.51975693,0.47766374,0.54372412,1.25634342
31.9700,0.52130141,2.75699139,0.51981250,0.47768358,0.54369899,1.25644730
31.9800,0.52128133,2.75708431,0.51986804,0.47770341,0.54367386,1.25655113
31.9900,0.52126127,2.75717714,0.51992355,0.47772321,0.54364874,1.25665493
32.0000,0.52124123,2.75726989,0.51997901,0.47774299,0.54362362,1.25675868
32.0100,0.52122121,2.75736255,0.52003444,0.47776275,0.54359850,1.25686239
32.0200,0.52120121,2.75745513,0.52008983,0.47778250,0.54357339,1.25696607
32.0300,0.52118124,2.75754762,0.52014518,0.47780222,0.54354828,1.25706970
32.0400,0.52116128,2.75764002,0.52020050,0.47782192,0.54352318,1.25717330
32.0500,0.52114134,2.75773234,0.52025578,0.47784160,0.54349808,1.25727685
32.0600,0.52112142,2.75782457,0.52031102,0.47786127,0.54347298,1.25738036
32.0700,0.52110152,2.75791671,0.52036623,0.47788091,0.54344789,1.25748384
32.0800,0.52108164,2.75800877,0.52042139,0.47790053,0.54342280,1.25758727
32.0900,0.52106178,2.75810075,0.52047652,0.47792013,0.54339772,1.25769066
32.1000,0.52104194,2.75819264,0.52053162,0.47793972,0.54337264,1.25779401
32.1100,0.52102212,2.75828444,0.52058667,0.47795928,0.54334757,1.25789733
32.1200,0.52100232,2.75837616,0.52064169,0.47797882,0.54332250,1.25800060
32.1300,0.52098254,2.75846779,0.52069667,0.47799834,0.54329743,1.25810383
32.1400,0.52096277,2.75855934,0.52075162,0.47801785,0.54327237,1.25820702
32.1500,0.52094303,2.75865080,0.52080653,0.47803733,0.54324732,1.25831017
32.1600,0.52092331,2.75874218,0.52086140,0.47805679,0.54322226,1.25841328
32.1700,0.52090361,2.75883347,0.52091623,0.47807624,0.54319722,1.25851635
32.1800,0.52088393,2.75892468,0.52097103,0.47809566,0.54317217,1.25861938
32.1900,0.52086426,2.75901580,0.52102579,0.47811506,0.54314713,1.25872238
32.2000,0.52084462,2.75910684,0.52108051,0.47813445,0.54312210,1.25882533
32.2100,0.52082499,2.75919780,0.52113520,0.47815381,0.54309707,1.25892824
32.2200,0.52080539,2.75928867,0.52118985,0.47817316,0.54307204,1.25903111
32.2300,0.52078580,2.75937945,0.52124446,0.47819248,0.54304702,1.25913393
32.2400,0.52076624,2.75947015,0.52129903,0.47821179,0.54302200,1.25923672
32.2500,0.52074669,2.75956077,0.52135357,0.47823107,0.54299699,1.25933947
32.2600,0.52072717,2.75965130,0.52140807,0.47825034,0.54297198,1.25944218
32.2700,0.52070766,2.75974175,0.52146254,0.47826958,0.54294698,1.25954485
32.2800,0.52068817,2.75983212,0.52151697,0.47828881,0.54292198,1.25964748
32.2900,0.52066870,2.75992240,0.52157136,0.47830802,0.54289699,1.25975007
32.3000,0.52064925,2.76001260,0.52162572,0.47832721,0.54287200,1.25985262
32.3100,0.52062982,2.76010271,0.52168003,0.47834637,0.54284701,1.25995512
32.3200,0.52061041,2.76019275,0.52173432,0.47836552,0.54282203,1.26005759
32.3300,0.52059102,2.76028269,0.52178856,0.47838465,0.54279706,1.26016002
32.3400,0.52057165,2.76037256,0.52184277,0.47840376,0.54277208,1.26026241
32.3500,0.52055230,2.76046234,0.52189694,0.47842285,0.54274712,1.26036475
32.3600,0.52053296,2.76055204,0.52195108,0.47844192,0.54272216,1.26046706
32.3700,0.52051365,2.76064165,0.52200518,0.47846097,0.54269720,1.26056933
32.3800,0.52049435,2.76073118,0.52205924,0.47848000,0.54267225,1.26067155
32.3900,0.52047508,2.76082063,0.52211327,0.47849902,0.54264730,1.26077374
32.4000,0.52045582,2.76091000,0.52216725,0.47851801,0.54262236,1.26087588
32.4100,0.52043658,2.76099928,0.52222121,0.47853698,0.54259742,1.26097799
32.4200,0.52041736,2.76108848,0.52227512,0.47855594,0.54257249,1.26108006
32.4300,0.52039816,2.76117760,0.52232901,0.47857487,0.54254756,1.26118208
32.4400,0.52037898,2.76126664,0.52238285,0.47859379,0.54252263,1.26128407
32.4500,0.52035982,2.76135559,0.52243666,0.47861268,0.54249771,1.26138601
32.4600,0.52034068,2.76144446,0.52249043,0.47863156,0.54247280,1.26148792
32.4700,0.52032156,2.76153325,0.52254416,0.47865042,0.54244789,1.26158978
32.4800,0.52030245,2.76162196,0.52259786,0.47866926,0.54242299,1.26169161
32.4900,0.52028336,2.76171058,0.52265152,0.47868808,0.54239809,1.26179339
32.5000,0.52026430,2.76179913,0.52270515,0.47870688,0.54237319,1.26189513
32.5100,0.52024525,2.76188759,0.52275874,0.47872566,0.54234830,1.26199684
32.5200,0.52022622,2.76197597,0.52281229,0.47874442,0.54232342,1.26209850
32.5300,0.52020721,2.76206426,0.52286581,0.47876316,0.54229854,1.26220013
32.5400,0.52018822,2.76215248,0.52291929,0.47878189,0.54227366,1.26230171
32.5500,0.52016924,2.76224061,0.52297274,0.47880059,0.54224879,1.26240325
32.5600,0.52015029,2.76232867,0.52302615,0.47881928,0.54222393,1.26250476
32.5700,0.52013135,2.76241664,0.52307952,0.47883795,0.54219907,1.26260622
32.5800,0.52011244,2.76250453,0.52313286,0.47885659,0.54217421,1.26270764
32.5900,0.52009354,2.76259234,0.52318616,0.47887522,0.54214936,1.26280902
32.6000,0.52007466,2.76268007,0.52323942,0.47889383,0.54212452,1.26291037
32.6100,0.52005580,2.76276772,0.52329265,0.47891242,0.54209968,1.26301167
32.6200,0.52003696,2.76285528,0.52334585,0.47893100,0.54207485,1.26311293
32.6300,0.52001813,2.76294277,0.52339900,0.47894955,0.54205002,1.26321415
32.6400,0.51999933,2.76303017,0.52345213,0.47896808,0.54202519,1.26331533
32.6500,0.51998054,2.76311750,0.52350521,0.47898660,0.54200037,1.26341647
32.6600,0.51996177,2.76320474,0.52355826,0.47900510,0.54197556,1.26351758
32.6700,0.51994303,2.76329190,0.52361127,0.47902357,0.54195075,1.26361864
32.6800,0.51992429,2.76337899,0.52366425,0.47904203,0.54192594,1.26371966
32.6900,0.51990558,2.76346599,0.52371719,0.47906047,0.54190115,1.26382064
32.7000,0.51988689,2.76355291,0.52377010,0.47907889,0.54187635,1.26392158
32.7100,0.51986821,2.76363975,0.52382297,0.47909730,0.54185156,1.26402248
32.7200,0.51984956,2.76372652,0.52387580,0.47911568,0.54182678,1.26412334
32.7300,0.51983092,2.76381320,0.52392860,0.47913404,0.54180200,1.26422416
32.7400,0.51981230,2.76389980,0.52398137,0.47915239,0.54177723,1.26432494
32.7500,0.51979370,2.76398632,0.52403409,0.47917072,0.54175246,1.26442568
32.7600,0.51977511,2.76407277,0.52408679,0.47918903,0.54172770,1.26452638
32.7700,0.51975655,2.76415913,0.52413944,0.47920732,0.54170294,1.26462704
32.7800,0.51973800,2.76424541,0.52419206,0.47922559,0.54167819,1.26472766
32.7900,0.51971947,2.76433162,0.52424465,0.47924384,0.54165344,1.26482824
32.8000,0.51970096,2.76441774,0.52429720,0.47926208,0.54162870,1.26492878
32.8100,0.51968247,2.76450379,0.52434971,0.47928029,0.54160397,1.26502928
32.8200,0.51966400,2.76458975,0.52440219,0.47929849,0.54157924,1.26512973
32.8300,0.51964554,2.76467564,0.52445463,0.47931667,0.54155451,1.26523015
32.8400,0.51962710,2.76476145,0.52450704,0.47933483,0.54152979,1.26533053
32.8500,0.51960868,2.76484718,0.52455941,0.47935297,0.54150508,1.26543087
32.8600,0.51959028,2.76493283,0.52461175,0.47937109,0.54148037,1.26553117
32.8700,0.51957190,2.76501840,0.52466405,0.47938920,0.54145567,1.26563143
32.8800,0.51955353,2.76510389,0.52471632,0.47940728,0.54143097,1.26573164
32.8900,0.51953519,2.76518931,0.52476855,0.47942535,0.54140628,1.26583182
32.9000,0.51951686,2.76527464,0.52482074,0.47944340,0.54138159,1.26593196
32.9100,0.51949855,2.76535990,0.52487290,0.47946143,0.54135691,1.26603206
32.9200,0.51948025,2.76544508,0.52492503,0.47947945,0.54133223,1.26613211
32.9300,0.51946198,2.76553018,0.52497711,0.47949744,0.54130756,1.26623213
32.9400,0.51944372,2.76561520,0.52502917,0.47951542,0.54128290,1.26633211
32.9500,0.51942548,2.76570014,0.52508119,0.47953337,0.54125824,1.26643205
32.9600,0.51940726,2.76578501,0.52513317,0.47955131,0.54123358,1.26653194
32.9700,0.51938906,2.76586979,0.52518512,0.47956924,0.54120893,1.26663180
32.9800,0.51937087,2.76595450,0.52523703,0.47958714,0.54118429,1.26673162
32.9900,0.51935270,2.76603914,0.52528891,0.47960502,0.54115965,1.26683139
33.0000,0.51933455,2.76612369,0.52534075,0.47962289,0.54113502,1.26693113
33.0100,0.51931642,2.76620817,0.52539256,0.47964074,0.54111040,1.26703082
33.0200,0.51929831,2.76629257,0.52544433,0.47965857,0.54108577,1.26713048
33.0300,0.51928021,2.76637689,0.52549607,0.47967638,0.54106116,1.26723010
33.0400,0.51926213,2.76646113,0.52554777,0.47969417,0.54103655,1.26732967
33.0500,0.51924407,2.76654530,0.52559944,0.47971195,0.54101195,1.26742921
33.0600,0.51922603,2.76662939,0.52565107,0.47972971,0.54098735,1.26752870
33.0700,0.51920800,2.76671340,0.52570267,0.47974745,0.54096276,1.26762816
33.0800,0.51918999,2.76679733,0.52575423,0.47976517,0.54093817,1.26772757
33.0900,0.51917200,2.76688119,0.52580576,0.47978287,0.54091359,1.26782695
33.1000,0.51915403,2.76696497,0.52585725,0.47980056,0.54088901,1.26792628
33.1100,0.51913608,2.76704868,0.52590871,0.47981822,0.54086444,1.26802558
33.1200,0.51911814,2.76713231,0.52596013,0.47983587,0.54083988,1.26812483
33.1300,0.51910022,2.76721586,0.52601152,0.47985351,0.54081532,1.26822405
33.1400,0.51908232,2.76729933,0.52606287,0.47987112,0.54079077,1.26832322
33.1500,0.51906443,2.76738273,0.52611419,0.47988871,0.54076622,1.26842236
33.1600,0.51904657,2.76746605,0.52616548,0.47990629,0.54074168,1.26852145
33.1700,0.51902872,2.76754929,0.52621672,0.47992385,0.54071715,1.26862051
33.1800,0.51901088,2.76763246,0.52626794,0.47994139,0.54069262,1.26871952
33.1900,0.51899307,2.76771555,0.52631912,0.47995892,0.54066810,1.26881849
33.2000,0.51897527,2.76779857,0.52637026,0.47997642,0.54064358,1.26891743
33.2100,0.51895749,2.76788151,0.52642137,0.47999391,0.54061907,1.26901632
33.2200,0.51893973,2.76796437,0.52647245,0.48001138,0.54059456,1.26911518
33.2300,0.51892198,2.76804716,0.52652349,0.48002883,0.54057006,1.26921399
33.2400,0.51890426,2.76812988,0.52657449,0.48004627,0.54054557,1.26931276
33.2500,0.51888654,2.76821251,0.52662546,0.48006369,0.54052108,1.26941150
33.2600,0.51886885,2.76829507,0.52667640,0.48008109,0.54049660,1.26951019
33.2700,0.51885118,2.76837756,0.52672730,0.48009847,0.54047212,1.26960884
33.2800,0.51883352,2.76845997,0.52677817,0.48011583,0.54044765,1.26970746
33.2900,0.51881588,2.76854230,0.52682901,0.48013318,0.54042319,1.26980603
33.3000,0.51879825,2.76862456,0.52687980,0.48015051,0.54039873,1.26990456
33.3100,0.51878064,2.76870674,0.52693057,0.48016782,0.54037428,1.27000306
33.3200,0.51876305,2.76878885,0.52698130,0.48018511,0.54034983,1.27010151
33.3300,0.51874548,2.76887089,0.52703199,0.48020239,0.54032539,1.27019992
33.3400,0.51872793,2.76895284,0.52708265,0.48021964,0.54030096,1.27029830
33.3500,0.51871039,2.76903473,0.52713328,0.48023688,0.54027653,1.27039663
33.3600,0.51869287,2.76911654,0.52718387,0.48025411,0.54025211,1.27049492
33.3700,0.51867536,2.76919827,0.52723443,0.48027131,0.54022769,1.27059317
33.3800,0.51865788,2.76927993,0.52728496,0.48028850,0.54020328,1.27069139
33.3900,0.51864041,2.76936151,0.52733544,0.48030567,0.54017888,1.27078956
33.4000,0.51862295,2.76944302,0.52738590,0.48032282,0.54015448,1.27088769
33.4100,0.51860552,2.76952446,0.52743632,0.48033996,0.54013009,1.27098578
33.4200,0.51858810,2.76960582,0.52748671,0.48035708,0.54010570,1.27108384
33.4300,0.51857070,2.76968710,0.52753706,0.48037418,0.54008132,1.27118185
33.4400,0.51855331,2.76976832,0.52758738,0.48039126,0.54005695,1.27127982
33.4500,0.51853594,2.76984945,0.52763766,0.48040833,0.54003258,1.27137775
33.4600,0.51851859,2.76993052,0.52768791,0.48042537,0.54000822,1.27147565
33.4700,0.51850126,2.77001151,0.52773813,0.48044240,0.53998387,1.27157350
33.4800,0.51848394,2.77009242,0.52778831,0.48045942,0.53995952,1.27167131
33.4900,0.51846664,2.77017327,0.52783846,0.48047641,0.53993518,1.27176908
33.5000,0.51844936,2.77025403,0.52788857,0.48049339,0.53991084,1.27186681
33.5100,0.51843209,2.77033473,0.52793865,0.48051035,0.53988651,1.27196451
33.5200,0.51841484,2.77041535,0.52798870,0.48052730,0.53986219,1.27206216
33.5300,0.51839761,2.77049590,0.52803871,0.48054423,0.53983787,1.27215977
33.5400,0.51838039,2.77057637,0.52808868,0.48056113,0.53981356,1.27225734
33.5500,0.51836319,2.77065677,0.52813863,0.48057803,0.53978925,1.27235487
33.5600,0.51834601,2.77073710,0.52818854,0.48059490,0.53976496,1.27245236
33.5700,0.51832884,2.77081735,0.52823841,0.48061176,0.53974066,1.27254982
33.5800,0.51831169,2.77089753,0.52828826,0.48062860,0.53971638,1.27264723
33.5900,0.51829456,2.77097764,0.52833806,0.48064543,0.53969210,1.27274460
33.6000,0.51827744,2.77105767,0.52838784,0.48066223,0.53966782,1.27284193
33.6100,0.51826034,2.77113763,0.52843758,0.48067902,0.53964356,1.27293922
33.6200,0.51824326,2.77121752,0.52848728,0.48069579,0.53961930,1.27303647
33.6300,0.51822619,2.77129733,0.52853696,0.48071255,0.53959504,1.27313368
33.6400,0.51820914,2.77137708,0.52858660,0.48072929,0.53957079,1.27323086
33.6500,0.51819211,2.77145675,0.52863620,0.48074601,0.53954655,1.27332799
33.6600,0.51817509,2.77153634,0.52868577,0.48076271,0.53952232,1.27342508
33.6700,0.51815809,2.77161587,0.52873531,0.48077940,0.53949809,1.27352213
33.6800,0.51814111,2.77169532,0.52878482,0.48079607,0.53947386,1.27361914
33.6900,0.51812414,2.77177470,0.52883429,0.48081272,0.53944965,1.27371611
33.7000,0.51810719,2.77185401,0.52888372,0.48082936,0.53942544,1.27381304
33.7100,0.51809026,2.77193324,0.52893313,0.48084598,0.53940124,1.27390994
33.7200,0.51807334,2.77201241,0.52898250,0.48086258,0.53937704,1.27400679
33.7300,0.51805644,2.77209150,0.52903183,0.48087916,0.53935285,1.27410360
33.7400,0.51803955,2.77217052,0.52908113,0.48089573,0.53932866,1.27420037
33.7500,0.51802269,2.77224946,0.52913040,0.48091228,0.53930449,1.27429710
33.7600,0.51800583,2.77232834,0.52917964,0.48092882,0.53928032,1.27439379
33.7700,0.51798900,2.77240714,0.52922884,0.48094534,0.53925615,1.27449044
33.7800,0.51797218,2.77248587,0.52927801,0.48096184,0.53923199,1.27458706
33.7900,0.51795537,2.77256453,0.52932714,0.48097832,0.53920784,1.27468363
33.8000,0.51793859,2.77264312,0.52937625,0.48099479,0.53918370,1.27478016
33.8100,0.51792182,2.77272164,0.52942531,0.48101124,0.53915956,1.27487665
33.8200,0.51790506,2.77280009,0.52947435,0.48102767,0.53913543,1.27497310
33.8300,0.51788832,2.77287846,0.52952335,0.48104409,0.53911130,1.27506951
33.8400,0.51787160,2.77295676,0.52957232,0.48106049,0.53908718,1.27516588
33.8500,0.51785490,2.77303499,0.52962125,0.48107687,0.53906307,1.27526222
33.8600,0.51783821,2.77311316,0.52967015,0.48109324,0.53903897,1.27535851
33.8700,0.51782153,2.77319125,0.52971902,0.48110959,0.53901487,1.27545476
33.8800,0.51780488,2.77326926,0.52976786,0.48112593,0.53899078,1.27555097
33.8900,0.51778823,2.77334721,0.52981666,0.48114224,0.53896669,1.27564714
33.9000,0.51777161,2.77342509,0.52986543,0.48115854,0.53894261,1.27574327
33.9100,0.51775500,2.77350289,0.52991416,0.48117483,0.53891854,1.27583937
33.9200,0.51773841,2.77358063,0.52996287,0.48119109,0.53889448,1.27593542
33.9300,0.51772183,2.77365829,0.53001154,0.48120734,0.53887042,1.27603143
33.9400,0.51770527,2.77373589,0.53006017,0.48122358,0.53884636,1.27612740
33.9500,0.51768872,2.77381341,0.53010877,0.48123980,0.53882232,1.27622333
33.9600,0.51767220,2.77389087,0.53015734,0.48125600,0.53879828,1.27631922
33.9700,0.51765568,2.77396825,0.53020588,0.48127218,0.53877425,1.27641508
33.9800,0.51763919,2.77404556,0.53025438,0.48128835,0.53875022,1.27651089
33.9900,0.51762270,2.77412280,0.53030285,0.48130450,0.53872621,1.27660666
34.0000,0.51760624,2.77419998,0.53035129,0.48132063,0.53870219,1.27670239
34.0100,0.51758979,2.77427708,0.53039970,0.48133675,0.53867819,1.27679808
34.0200,0.51757336,2.77435411,0.53044807,0.48135286,0.53865419,1.27689374
34.0300,0.51755694,2.77443107,0.53049641,0.48136894,0.53863020,1.27698935
34.0400,0.51754054,2.77450797,0.53054471,0.48138501,0.53860621,1.27708492
34.0500,0.51752415,2.77458479,0.53059299,0.48140106,0.53858224,1.27718045
34.0600,0.51750778,2.77466154,0.53064122,0.48141710,0.53855827,1.27727595
34.0700,0.51749143,2.77473823,0.53068943,0.48143312,0.53853430,1.27737140
34.0800,0.51747509,2.77481484,0.53073761,0.48144912,0.53851034,1.27746681
34.0900,0.51745877,2.77489138,0.53078575,0.48146511,0.53848639,1.27756218
34.1000,0.51744246,2.77496786,0.53083386,0.48148108,0.53846245,1.27765752
34.1100,0.51742617,2.77504427,0.53088193,0.48149704,0.53843851,1.27775281
34.1200,0.51740989,2.77512060,0.53092998,0.48151298,0.53841458,1.27784806
34.1300,0.51739363,2.77519687,0.53097799,0.48152890,0.53839066,1.27794327
34.1400,0.51737739,2.77527307,0.53102596,0.48154480,0.53836675,1.27803845
34.1500,0.51736116,2.77534920,0.53107391,0.48156069,0.53834284,1.27813358
34.1600,0.51734495,2.77542526,0.53112182,0.48157657,0.53831893,1.27822867
34.1700,0.51732875,2.77550125,0.53116970,0.48159243,0.53829504,1.27832373
34.1800,0.51731257,2.77557717,0.53121755,0.48160827,0.53827115,1.27841874
34.1900,0.51729640,2.77565302,0.53126536,0.48162409,0.53824727,1.27851371
34.2000,0.51728025,2.77572881,0.53131314,0.48163990,0.53822339,1.27860865
34.2100,0.51726412,2.77580453,0.53136089,0.48165569,0.53819953,1.27870354
34.2200,0.51724800,2.77588017,0.53140861,0.48167147,0.53817567,1.27879840
34.2300,0.51723190,2.77595575,0.53145629,0.48168723,0.53815181,1.27889321
34.2400,0.51721581,2.77603126,0.53150394,0.48170298,0.53812797,1.27898798
34.2500,0.51719973,2.77610671,0.53155156,0.48171871,0.53810413,1.27908272
34.2600,0.51718368,2.77618208,0.53159915,0.48173442,0.53808029,1.27917741
34.2700,0.51716764,2.77625739,0.53164670,0.48175011,0.53805647,1.27927207
34.2800,0.51715161,2.77633262,0.53169422,0.48176580,0.53803265,1.27936668
34.2900,0.51713560,2.77640779,0.53174171,0.48178146,0.53800884,1.27946126
34.3000,0.51711960,2.77648290,0.53178917,0.48179711,0.53798503,1.27955579
34.3100,0.51710362,2.77655793,0.53183660,0.48181274,0.53796124,1.27965029
34.3200,0.51708766,2.77663290,0.53188399,0.48182836,0.53793744,1.27974474
34.3300,0.51707171,2.77670779,0.53193135,0.48184396,0.53791366,1.27983916
34.3400,0.51705577,2.77678262,0.53197867,0.48185954,0.53788989,1.27993353
34.3500,0.51703985,2.77685739,0.53202597,0.48187511,0.53786612,1.28002787
34.3600,0.51702395,2.77693208,0.53207323,0.48189067,0.53784235,1.28012216
34.3700,0.51700806,2.77700671,0.53212046,0.48190620,0.53781860,1.28021642
34.3800,0.51699219,2.77708127,0.53216766,0.48192173,0.53779485,1.28031063
34.3900,0.51697633,2.77715576,0.53221483,0.48193723,0.53777111,1.28040481
34.4000,0.51696049,2.77723019,0.53226196,0.48195272,0.53774738,1.28049895
34.4100,0.51694466,2.77730455,0.53230906,0.48196820,0.53772365,1.28059304
34.4200,0.51692885,2.77737884,0.53235613,0.48198365,0.53769993,1.28068710
34.4300,0.51691305,2.77745306,0.53240317,0.48199910,0.53767622,1.28078112
34.4400,0.51689727,2.77752722,0.53245018,0.48201452,0.53765251,1.28087509
34.4500,0.51688150,2.77760131,0.53249715,0.48202993,0.53762882,1.28096903
34.4600,0.51686575,2.77767533,0.53254409,0.48204533,0.53760513,1.28106293
34.4700,0.51685002,2.77774929,0.53259100,0.48206071,0.53758144,1.28115678
34.4800,0.51683430,2.77782318,0.53263788,0.48207607,0.53755777,1.28125060
34.4900,0.51681859,2.77789700,0.53268472,0.48209142,0.53753410,1.28134438
34.5000,0.51680290,2.77797076,0.53273154,0.48210675,0.53751044,1.28143812
34.5100,0.51678722,2.77804445,0.53277832,0.48212207,0.53748678,1.28153181
34.5200,0.51677156,2.77811807,0.53282507,0.48213737,0.53746313,1.28162547
34.5300,0.51675592,2.77819163,0.53287178,0.48215266,0.53743949,1.28171909
34.5400,0.51674028,2.77826512,0.53291847,0.48216793,0.53741586,1.28181267
34.5500,0.51672467,2.77833854,0.53296512,0.48218318,0.53739224,1.28190621
34.5600,0.51670907,2.77841190,0.53301175,0.48219842,0.53736862,1.28199971
34.5700,0.51669348,2.77848519,0.53305834,0.48221365,0.53734501,1.28209317
34.5800,0.51667791,2.77855842,0.53310489,0.48222886,0.53732140,1.28218659
34.5900,0.51666235,2.77863157,0.53315142,0.48224405,0.53729781,1.28227997
34.6000,0.51664681,2.77870467,0.53319791,0.48225922,0.53727422,1.28237331
34.6100,0.51663128,2.77877770,0.53324438,0.48227439,0.53725064,1.28246661
34.6200,0.51661577,2.77885066,0.53329081,0.48228953,0.53722706,1.28255987
34.6300,0.51660028,2.77892355,0.53333721,0.48230466,0.53720350,1.28265309
34.6400,0.51658479,2.77899638,0.53338357,0.48231978,0.53717994,1.28274627
34.6500,0.51656933,2.77906915,0.53342991,0.48233488,0.53715638,1.28283941
34.6600,0.51655387,2.77914185,0.53347621,0.48234996,0.53713284,1.28293251
34.6700,0.51653844,2.77921448,0.53352249,0.48236503,0.53710930,1.28302557
34.6800,0.51652301,2.77928705,0.53356873,0.48238009,0.53708577,1.28311859
34.6900,0.51650761,2.77935955,0.53361494,0.48239512,0.53706225,1.28321157
34.7000,0.51649221,2.77943199,0.53366112,0.48241015,0.53703873,1.28330452
34.7100,0.51647683,2.77950436,0.53370726,0.48242516,0.53701523,1.28339742
34.7200,0.51646147,2.77957667,0.53375338,0.48244015,0.53699173,1.28349028
34.7300,0.51644612,2.77964891,0.53379946,0.48245513,0.53696823,1.28358310
34.7400,0.51643079,2.77972109,0.53384551,0.48247009,0.53694475,1.28367589
34.7500,0.51641547,2.77979320,0.53389153,0.48248503,0.53692127,1.28376863
34.7600,0.51640016,2.77986525,0.53393752,0.48249996,0.53689780,1.28386133
34.7700,0.51638487,2.77993723,0.53398348,0.48251488,0.53687434,1.28395400
34.7800,0.51636959,2.78000915,0.53402940,0.48252978,0.53685088,1.28404662
34.7900,0.51635433,2.78008100,0.53407530,0.48254467,0.53682743,1.28413920
34.8000,0.51633909,2.78015279,0.53412116,0.48255954,0.53680399,1.28423175
34.8100,0.51632385,2.78022451,0.53416699,0.48257439,0.53678056,1.28432425
34.8200,0.51630864,2.78029617,0.53421279,0.48258923,0.53675713,1.28441672
34.8300,0.51629343,2.78036776,0.53425856,0.48260406,0.53673371,1.28450914
34.8400,0.51627824,2.78043929,0.53430430,0.48261887,0.53671030,1.28460153
34.8500,0.51626307,2.78051076,0.53435000,0.48263366,0.53668690,1.28469387
34.8600,0.51624791,2.78058216,0.53439568,0.48264844,0.53666350,1.28478618
34.8700,0.51623276,2.78065350,0.53444132,0.48266321,0.53664012,1.28487845
34.8800,0.51621763,2.78072477,0.53448694,0.48267796,0.53661674,1.28497067
34.8900,0.51620252,2.78079598,0.53453252,0.48269269,0.53659336,1.28506286
34.9000,0.51618741,2.78086713,0.53457807,0.48270741,0.53657000,1.28515501
34.9100,0.51617233,2.78093821,0.53462359,0.48272212,0.53654664,1.28524712
34.9200,0.51615725,2.78100922,0.53466907,0.48273681,0.53652329,1.28533918
34.9300,0.51614219,2.78108018,0.53471453,0.48275148,0.53649995,1.28543121
34.9400,0.51612715,2.78115107,0.53475996,0.48276614,0.53647661,1.28552320
34.9500,0.51611212,2.78122189,0.53480535,0.48278079,0.53645328,1.28561515
34.9600,0.51609710,2.78129266,0.53485071,0.48279542,0.53642996,1.28570706
34.9700,0.51608210,2.78136336,0.53489605,0.48281003,0.53640665,1.28579893
34.9800,0.51606711,2.78143399,0.53494135,0.48282463,0.53638335,1.28589076
34.9900,0.51605214,2.78150456,0.53498662,0.48283922,0.53636005,1.28598255
35.0000,0.51603718,2.78157507,0.53503186,0.48285379,0.53633676,1.28607430
35.0100,0.51602224,2.78164552,0.53507707,0.48286834,0.53631348,1.28616601
35.0200,0.51600731,2.78171590,0.53512224,0.48288288,0.53629020,1.28625768
35.0300,0.51599239,2.78178622,0.53516739,0.48289741,0.53626694,1.28634931
35.0400,0.51597749,2.78185647,0.53521251,0.48291192,0.53624368,1.28644090
35.0500,0.51596260,2.78192667,0.53525759,0.48292641,0.53622043,1.28653245
35.0600,0.51594773,2.78199680,0.53530265,0.48294090,0.53619718,1.28662397
35.0700,0.51593287,2.78206686,0.53534767,0.48295536,0.53617395,1.28671544
35.0800,0.51591802,2.78213687,0.53539266,0.48296981,0.53615072,1.28680687
35.0900,0.51590319,2.78220681,0.53543762,0.48298425,0.53612750,1.28689827
35.1000,0.51588838,2.78227669,0.53548255,0.48299867,0.53610429,1.28698962
35.1100,0.51587357,2.78234650,0.53552745,0.48301308,0.53608108,1.28708093
35.1200,0.51585878,2.78241626,0.53557232,0.48302747,0.53605789,1.28717221
35.1300,0.51584401,2.78248595,0.53561716,0.48304185,0.53603470,1.28726344
35.1400,0.51582925,2.78255558,0.53566197,0.48305622,0.53601151,1.28735464
35.1500,0.51581450,2.78262514,0.53570674,0.48307057,0.53598834,1.28744579
35.1600,0.51579977,2.78269465,0.53575149,0.48308490,0.53596517,1.28753691
35.1700,0.51578505,2.78276409,0.53579621,0.48309922,0.53594202,1.28762799
35.1800,0.51577034,2.78283347,0.53584089,0.48311352,0.53591887,1.28771902
35.1900,0.51575565,2.78290278,0.53588554,0.48312781,0.53589572,1.28781002
35.2000,0.51574098,2.78297204,0.53593017,0.48314209,0.53587259,1.28790098
35.2100,0.51572631,2.78304123,0.53597476,0.48315635,0.53584946,1.28799190
35.2200,0.51571166,2.78311036,0.53601932,0.48317060,0.53582634,1.28808278
35.2300,0.51569703,2.78317943,0.53606386,0.48318483,0.53580323,1.28817361
35.2400,0.51568241,2.78324844,0.53610836,0.48319905,0.53578013,1.28826441
35.2500,0.51566780,2.78331738,0.53615283,0.48321325,0.53575703,1.28835517
35.2600,0.51565321,2.78338627,0.53619727,0.48322744,0.53573394,1.28844589
35.2700,0.51563863,2.78345509,0.53624168,0.48324161,0.53571086,1.28853657
35.2800,0.51562406,2.78352385,0.53628606,0.48325577,0.53568779,1.28862721
35.2900,0.51560951,2.78359255,0.53633041,0.48326992,0.53566473,1.28871782
35.3000,0.51559497,2.78366118,0.53637473,0.48328405,0.53564167,1.28880838
35.3100,0.51558045,2.78372976,0.53641901,0.48329817,0.53561862,1.28889890
35.3200,0.51556594,2.78379827,0.53646327,0.48331227,0.53559558,1.28898938
35.3300,0.51555144,2.78386673,0.53650750,0.48332636,0.53557255,1.28907982
35.3400,0.51553696,2.78393512,0.53655170,0.48334043,0.53554952,1.28917023
35.3500,0.51552249,2.78400345,0.53659587,0.48335449,0.53552650,1.28926059
35.3600,0.51550803,2.78407172,0.53664000,0.48336853,0.53550349,1.28935092
35.3700,0.51549359,2.78413993,0.53668411,0.48338256,0.53548049,1.28944120
35.3800,0.51547916,2.78420808,0.53672818,0.48339658,0.53545750,1.28953145
35.3900,0.51546475,2.78427616,0.53677223,0.48341058,0.53543451,1.28962165
35.4000,0.51545034,2.78434419,0.53681625,0.48342457,0.53541154,1.28971182
35.4100,0.51543596,2.78441215,0.53686023,0.48343854,0.53538857,1.28980194
35.4200,0.51542158,2.78448006,0.53690419,0.48345250,0.53536560,1.28989203
35.4300,0.51540722,2.78454790,0.53694811,0.48346645,0.53534265,1.28998208
35.4400,0.51539288,2.78461568,0.53699201,0.48348038,0.53531971,1.29007209
35.4500,0.51537854,2.78468341,0.53703587,0.48349429,0.53529677,1.29016206
35.4600,0.51536422,2.78475107,0.53707971,0.48350820,0.53527384,1.29025198
35.4700,0.51534992,2.78481867,0.53712351,0.48352208,0.53525092,1.29034187
35.4800,0.51533562,2.78488621,0.53716729,0.48353596,0.53522800,1.29043172
35.4900,0.51532135,2.78495369,0.53721103,0.48354982,0.53520510,1.29052153
35.5000,0.51530708,2.78502111,0.53725475,0.48356366,0.53518220,1.29061131
35.5100,0.51529283,2.78508847,0.53729843,0.48357749,0.53515931,1.29070104
35.5200,0.51527859,2.78515577,0.53734209,0.48359131,0.53513643,1.29079073
35.5300,0.51526436,2.78522301,0.53738571,0.48360511,0.53511355,1.29088038
35.5400,0.51525015,2.78529019,0.53742931,0.48361890,0.53509069,1.29096999
35.5500,0.51523596,2.78535731,0.53747287,0.48363268,0.53506783,1.29105957
35.5600,0.51522177,2.78542437,0.53751640,0.48364644,0.53504498,1.29114910
35.5700,0.51520760,2.78549137,0.53755991,0.48366019,0.53502214,1.29123860
35.5800,0.51519344,2.78555831,0.53760339,0.48367392,0.53499930,1.29132805
35.5900,0.51517930,2.78562519,0.53764683,0.48368764,0.53497648,1.29141747
35.6000,0.51516517,2.78569201,0.53769025,0.48370134,0.53495366,1.29150684
35.6100,0.51515105,2.78575877,0.53773363,0.48371503,0.53493085,1.29159618
35.6200,0.51513694,2.78582548,0.53777699,0.48372871,0.53490805,1.29168548
35.6300,0.51512285,2.78589212,0.53782031,0.48374237,0.53488526,1.29177473
35.6400,0.51510877,2.78595870,0.53786361,0.48375602,0.53486247,1.29186395
35.6500,0.51509471,2.78602523,0.53790688,0.48376966,0.53483969,1.29195313
35.6600,0.51508066,2.78609169,0.53795011,0.48378328,0.53481693,1.29204227
35.6700,0.51506662,2.78615809,0.53799332,0.48379689,0.53479416,1.29213137
35.6800,0.51505260,2.78622444,0.53803650,0.48381048,0.53477141,1.29222043
35.6900,0.51503858,2.78629073,0.53807965,0.48382406,0.53474867,1.29230945
35.7000,0.51502458,2.78635695,0.53812276,0.48383762,0.53472593,1.29239843
35.7100,0.51501060,2.78642312,0.53816585,0.48385118,0.53470320,1.29248738
35.7200,0.51499663,2.78648923,0.53820891,0.48386471,0.53468048,1.29257628
35.7300,0.51498267,2.78655528,0.53825194,0.48387824,0.53465777,1.29266514
35.7400,0.51496872,2.78662127,0.53829494,0.48389175,0.53463507,1.29275397
35.7500,0.51495479,2.78668721,0.53833791,0.48390524,0.53461237,1.29284275
35.7600,0.51494087,2.78675308,0.53838085,0.48391873,0.53458968,1.29293150
35.7700,0.51492696,2.78681890,0.53842376,0.48393220,0.53456700,1.29302020
35.7800,0.51491307,2.78688465,0.53846665,0.48394565,0.53454433,1.29310887
35.7900,0.51489919,2.78695035,0.53850950,0.48395909,0.53452167,1.29319750
35.8000,0.51488532,2.78701599,0.53855232,0.48397252,0.53449901,1.29328608
35.8100,0.51487147,2.78708157,0.53859511,0.48398594,0.53447637,1.29337463
35.8200,0.51485763,2.78714710,0.53863788,0.48399934,0.53445373,1.29346314
35.8300,0.51484380,2.78721256,0.53868061,0.48401272,0.53443110,1.29355161
35.8400,0.51482999,2.78727797,0.53872332,0.48402610,0.53440848,1.29364004
35.8500,0.51481618,2.78734332,0.53876599,0.48403946,0.53438586,1.29372843
35.8600,0.51480240,2.78740861,0.53880864,0.48405280,0.53436326,1.29381678
35.8700,0.51478862,2.78747384,0.53885126,0.48406613,0.53434066,1.29390510
35.8800,0.51477486,2.78753901,0.53889385,0.48407945,0.53431807,1.29399337
35.8900,0.51476111,2.78760413,0.53893641,0.48409276,0.53429549,1.29408160
35.9000,0.51474737,2.78766919,0.53897893,0.48410605,0.53427292,1.29416980
35.9100,0.51473365,2.78773419,0.53902143,0.48411933,0.53425035,1.29425795
35.9200,0.51471993,2.78779913,0.53906391,0.48413259,0.53422780,1.29434607
35.9300,0.51470624,2.78786401,0.53910635,0.48414584,0.53420525,1.29443414
35.9400,0.51469255,2.78792884,0.53914876,0.48415908,0.53418271,1.29452218
35.9500,0.51467888,2.78799361,0.53919114,0.48417230,0.53416018,1.29461018
35.9600,0.51466522,2.78805832,0.53923350,0.48418551,0.53413765,1.29469813
35.9700,0.51465157,2.78812298,0.53927582,0.48419871,0.53411514,1.29478605
35.9800,0.51463794,2.78818757,0.53931812,0.48421189,0.53409263,1.29487393
35.9900,0.51462432,2.78825211,0.53936039,0.48422506,0.53407013,1.29496177
36.0000,0.51461071,2.78831660,0.53940262,0.48423822,0.53404764,1.29504957
36.0100,0.51459711,2.78838102,0.53944483,0.48425136,0.53402516,1.29513734
36.0200,0.51458353,2.78844539,0.53948701,0.48426449,0.53400269,1.29522506
36.0300,0.51456996,2.78850970,0.53952916,0.48427761,0.53398023,1.29531274
36.0400,0.51455640,2.78857395,0.53957128,0.48429071,0.53395777,1.29540038
36.0500,0.51454286,2.78863815,0.53961338,0.48430380,0.53393532,1.29548799
36.0600,0.51452932,2.78870229,0.53965544,0.48431688,0.53391288,1.29557555
36.0700,0.51451580,2.78876637,0.53969748,0.48432994,0.53389045,1.29566308
36.0800,0.51450230,2.78883039,0.53973948,0.48434299,0.53386803,1.29575057
36.0900,0.51448880,2.78889436,0.53978146,0.48435603,0.53384561,1.29583801
36.1000,0.51447532,2.78895827,0.53982341,0.48436905,0.53382320,1.29592542
36.1100,0.51446185,2.78902213,0.53986533,0.48438206,0.53380081,1.29601279
36.1200,0.51444840,2.78908593,0.53990722,0.48439506,0.53377842,1.29610012
36.1300,0.51443495,2.78914967,0.53994908,0.48440804,0.53375603,1.29618741
36.1400,0.51442152,2.78921335,0.53999091,0.48442101,0.53373366,1.29627466
36.1500,0.51440811,2.78927698,0.54003271,0.48443396,0.53371130,1.29636187
36.1600,0.51439470,2.78934055,0.54007449,0.48444691,0.53368894,1.29644905
36.1700,0.51438131,2.78940407,0.54011624,0.48445984,0.53366659,1.29653618
36.1800,0.51436793,2.78946753,0.54015795,0.48447275,0.53364425,1.29662327
36.1900,0.51435456,2.78953093,0.54019964,0.48448566,0.53362192,1.29671033
36.2000,0.51434120,2.78959428,0.54024130,0.48449855,0.53359960,1.29679734
36.2100,0.51432786,2.78965757,0.54028293,0.48451143,0.53357729,1.29688432
36.2200,0.51431453,2.78972080,0.54032454,0.48452429,0.53355498,1.29697126
36.2300,0.51430121,2.78978398,0.54036611,0.48453714,0.53353268,1.29705816
36.2400,0.51428791,2.78984710,0.54040766,0.48454998,0.53351039,1.29714501
36.2500,0.51427461,2.78991017,0.54044917,0.48456281,0.53348811,1.29723183
36.2600,0.51426133,2.78997318,0.54049066,0.48457562,0.53346584,1.29731861
36.2700,0.51424806,2.79003614,0.54053212,0.48458842,0.53344358,1.29740536
36.2800,0.51423481,2.79009903,0.54057355,0.48460120,0.53342132,1.29749206
36.2900,0.51422157,2.79016188,0.54061495,0.48461397,0.53339908,1.29757872
36.3000,0.51420833,2.79022467,0.54065633,0.48462673,0.53337684,1.29766534
36.3100,0.51419512,2.79028740,0.54069767,0.48463948,0.53335461,1.29775193
36.3200,0.51418191,2.79035007,0.54073899,0.48465221,0.53333239,1.29783847
36.3300,0.51416872,2.79041269,0.54078028,0.48466493,0.53331017,1.29792498
36.3400,0.51415553,2.79047526,0.54082154,0.48467764,0.53328797,1.29801145
36.3500,0.51414237,2.79053777,0.54086277,0.48469034,0.53326577,1.29809788
36.3600,0.51412921,2.79060022,0.54090398,0.48470302,0.53324359,1.29818426
36.3700,0.51411606,2.79066262,0.54094515,0.48471569,0.53322141,1.29827061
36.3800,0.51410293,2.79072497,0.54098630,0.48472834,0.53319924,1.29835692
36.3900,0.51408981,2.79078726,0.54102742,0.48474099,0.53317708,1.29844320
36.4000,0.51407670,2.79084949,0.54106851,0.48475362,0.53315492,1.29852943
36.4100,0.51406361,2.79091167,0.54110957,0.48476623,0.53313278,1.29861562
36.4200,0.51405053,2.79097379,0.54115060,0.48477884,0.53311064,1.29870178
36.4300,0.51403745,2.79103586,0.54119161,0.48479143,0.53308852,1.29878789
36.4400,0.51402440,2.79109787,0.54123258,0.48480401,0.53306640,1.29887397
36.4500,0.51401135,2.79115983,0.54127353,0.48481657,0.53304429,1.29896000
36.4600,0.51399831,2.79122174,0.54131445,0.48482913,0.53302218,1.29904600
36.4700,0.51398529,2.79128359,0.54135534,0.48484167,0.53300009,1.29913196
36.4800,0.51397228,2.79134538,0.54139621,0.48485419,0.53297800,1.29921788
36.4900,0.51395928,2.79140712,0.54143704,0.48486671,0.53295593,1.29930376
36.5000,0.51394630,2.79146880,0.54147785,0.48487921,0.53293386,1.29938960
36.5100,0.51393333,2.79153044,0.54151863,0.48489170,0.53291180,1.29947540
36.5200,0.51392036,2.79159201,0.54155938,0.48490417,0.53288975,1.29956117
36.5300,0.51390741,2.79165353,0.54160010,0.48491664,0.53286771,1.29964689
36.5400,0.51389448,2.79171500,0.54164080,0.48492909,0.53284568,1.29973258
36.5500,0.51388155,2.79177641,0.54168147,0.48494153,0.53282365,1.29981822
36.5600,0.51386864,2.79183777,0.54172210,0.48495395,0.53280163,1.29990383
36.5700,0.51385574,2.79189908,0.54176271,0.48496636,0.53277963,1.29998940
36.5800,0.51384285,2.79196033,0.54180330,0.48497876,0.53275763,1.30007493
36.5900,0.51382997,2.79202152,0.54184385,0.48499115,0.53273564,1.30016042
36.6000,0.51381711,2.79208267,0.54188438,0.48500353,0.53271365,1.30024587
36.6100,0.51380425,2.79214375,0.54192488,0.48501589,0.53269168,1.30033128
36.6200,0.51379141,2.79220479,0.54196535,0.48502824,0.53266972,1.30041665
36.6300,0.51377858,2.79226577,0.54200579,0.48504057,0.53264776,1.30050198
36.6400,0.51376576,2.79232669,0.54204621,0.48505290,0.53262581,1.30058728
36.6500,0.51375296,2.79238757,0.54208660,0.48506521,0.53260387,1.30067253
36.6600,0.51374017,2.79244839,0.54212695,0.48507751,0.53258194,1.30075775
36.6700,0.51372738,2.79250915,0.54216729,0.48508980,0.53256002,1.30084293
36.6800,0.51371461,2.79256986,0.54220759,0.48510207,0.53253811,1.30092807
36.6900,0.51370186,2.79263052,0.54224787,0.48511433,0.53251621,1.30101317
36.7000,0.51368911,2.79269112,0.54228811,0.48512658,0.53249431,1.30109823
36.7100,0.51367638,2.79275168,0.54232833,0.48513882,0.53247242,1.30118325
36.7200,0.51366365,2.79281217,0.54236853,0.48515104,0.53245054,1.30126823
36.7300,0.51365094,2.79287262,0.54240869,0.48516325,0.53242868,1.30135318
36.7400,0.51363825,2.79293301,0.54244883,0.48517545,0.53240681,1.30143808
36.7500,0.51362556,2.79299334,0.54248894,0.48518764,0.53238496,1.30152295
36.7600,0.51361288,2.79305363,0.54252902,0.48519981,0.53236312,1.30160778
36.7700,0.51360022,2.79311386,0.54256907,0.48521197,0.53234128,1.30169256
36.7800,0.51358757,2.79317404,0.54260910,0.48522412,0.53231946,1.30177731
36.7900,0.51357493,2.79323416,0.54264910,0.48523626,0.53229764,1.30186202
36.8000,0.51356230,2.79329423,0.54268907,0.48524838,0.53227583,1.30194669
36.8100,0.51354969,2.79335425,0.54272901,0.48526049,0.53225403,1.30203133
36.8200,0.51353708,2.79341422,0.54276893,0.48527259,0.53223224,1.30211592
36.8300,0.51352449,2.79347413,0.54280882,0.48528468,0.53221046,1.30220047
36.8400,0.51351191,2.79353399,0.54284868,0.48529676,0.53218868,1.30228499
36.8500,0.51349934,2.79359380,0.54288851,0.48530882,0.53216692,1.30236947
36.8600,0.51348678,2.79365355,0.54292832,0.48532087,0.53214516,1.30245390
36.8700,0.51347424,2.79371326,0.54296810,0.48533291,0.53212341,1.30253830
36.8800,0.51346170,2.79377291,0.54300785,0.48534493,0.53210167,1.30262266
36.8900,0.51344918,2.79383250,0.54304757,0.48535695,0.53207994,1.30270698
36.9000,0.51343667,2.79389205,0.54308727,0.48536895,0.53205822,1.30279127
36.9100,0.51342417,2.79395154,0.54312693,0.48538094,0.53203651,1.30287551
36.9200,0.51341168,2.79401098,0.54316658,0.48539291,0.53201480,1.30295971
36.9300,0.51339921,2.79407036,0.54320619,0.48540488,0.53199311,1.30304388
36.9400,0.51338674,2.79412970,0.54324578,0.48541683,0.53197142,1.30312801
36.9500,0.51337429,2.79418898,0.54328533,0.48542877,0.53194974,1.30321209
36.9600,0.51336185,2.79424821,0.54332487,0.48544070,0.53192808,1.30329614
36.9700,0.51334942,2.79430739,0.54336437,0.48545261,0.53190642,1.30338015
36.9800,0.51333700,2.79436652,0.54340385,0.48546452,0.53188476,1.30346413
36.9900,0.51332459,2.79442559,0.54344330,0.48547641,0.53186312,1.30354806
37.0000,0.51331220,2.79448461,0.54348272,0.48548829,0.53184149,1.30363195
37.0100,0.51329982,2.79454358,0.54352211,0.48550016,0.53181986,1.30371581
37.0200,0.51328744,2.79460250,0.54356148,0.48551201,0.53179825,1.30379962
37.0300,0.51327508,2.79466137,0.54360082,0.48552385,0.53177664,1.30388340
37.0400,0.51326273,2.79472018,0.54364014,0.48553568,0.53175504,1.30396714
37.0500,0.51325040,2.79477894,0.54367942,0.48554750,0.53173345,1.30405084
37.0600,0.51323807,2.79483766,0.54371868,0.48555931,0.53171187,1.30413450
37.0700,0.51322575,2.79489631,0.54375791,0.48557110,0.53169029,1.30421812
37.0800,0.51321345,2.79495492,0.54379712,0.48558289,0.53166873,1.30430171
37.0900,0.51320116,2.79501348,0.54383630,0.48559466,0.53164718,1.30438525
37.1000,0.51318888,2.79507198,0.54387545,0.48560642,0.53162563,1.30446876
37.1100,0.51317661,2.79513044,0.54391457,0.48561816,0.53160409,1.30455222
37.1200,0.51316435,2.79518884,0.54395367,0.48562990,0.53158256,1.30463565
37.1300,0.51315210,2.79524719,0.54399274,0.48564162,0.53156104,1.30471904
37.1400,0.51313987,2.79530549,0.54403178,0.48565333,0.53153953,1.30480239
37.1500,0.51312764,2.79536374,0.54407080,0.48566503,0.53151803,1.30488570
37.1600,0.51311543,2.79542193,0.54410979,0.48567671,0.53149654,1.30496898
37.1700,0.51310323,2.79548008,0.54414875,0.48568839,0.53147505,1.30505221
37.1800,0.51309104,2.79553817,0.54418768,0.48570005,0.53145358,1.30513541
37.1900,0.51307886,2.79559622,0.54422659,0.48571170,0.53143211,1.30521856
37.2000,0.51306669,2.79565421,0.54426547,0.48572334,0.53141065,1.30530168
37.2100,0.51305454,2.79571215,0.54430432,0.48573497,0.53138921,1.30538476
37.2200,0.51304239,2.79577004,0.54434315,0.48574658,0.53136777,1.30546780
37.2300,0.51303026,2.79582788,0.54438195,0.48575819,0.53134633,1.30555081
37.2400,0.51301814,2.79588567,0.54442072,0.48576978,0.53132491,1.30563377
37.2500,0.51300603,2.79594341,0.54445947,0.48578136,0.53130350,1.30571669
37.2600,0.51299393,2.79600110,0.54449819,0.48579293,0.53128209,1.30579958
37.2700,0.51298184,2.79605873,0.54453688,0.48580448,0.53126070,1.30588243
37.2800,0.51296976,2.79611632,0.54457555,0.48581603,0.53123931,1.30596524
37.2900,0.51295769,2.79617385,0.54461419,0.48582756,0.53121793,1.30604801
37.3000,0.51294564,2.79623134,0.54465280,0.48583908,0.53119656,1.30613074
37.3100,0.51293359,2.79628877,0.54469139,0.48585059,0.53117520,1.30621343
37.3200,0.51292156,2.79634616,0.54472995,0.48586209,0.53115385,1.30629609
37.3300,0.51290954,2.79640349,0.54476848,0.48587357,0.53113251,1.30637870
37.3400,0.51289753,2.79646078,0.54480699,0.48588505,0.53111118,1.30646128
37.3500,0.51288553,2.79651801,0.54484547,0.48589651,0.53108985,1.30654382
37.3600,0.51287354,2.79657519,0.54488392,0.48590796,0.53106854,1.30662632
37.3700,0.51286156,2.79663233,0.54492234,0.48591940,0.53104723,1.30670878
37.3800,0.51284959,2.79668941,0.54496074,0.48593082,0.53102593,1.30679120
37.3900,0.51283764,2.79674644,0.54499912,0.48594224,0.53100464,1.30687358
37.4000,0.51282569,2.79680342,0.54503746,0.48595364,0.53098336,1.30695593
37.4100,0.51281376,2.79686036,0.54507578,0.48596503,0.53096209,1.30703823
37.4200,0.51280184,2.79691724,0.54511408,0.48597641,0.53094083,1.30712050
37.4300,0.51278993,2.79697407,0.54515234,0.48598778,0.53091958,1.30720273
37.4400,0.51277803,2.79703085,0.54519058,0.48599914,0.53089833,1.30728492
37.4500,0.51276614,2.79708759,0.54522880,0.48601049,0.53087710,1.30736708
37.4600,0.51275426,2.79714427,0.54526698,0.48602182,0.53085587,1.30744919
37.4700,0.51274239,2.79720091,0.54530514,0.48603314,0.53083465,1.30753126
37.4800,0.51273053,2.79725749,0.54534328,0.48604445,0.53081344,1.30761330
37.4900,0.51271869,2.79731402,0.54538139,0.48605575,0.53079224,1.30769530
37.5000,0.51270685,2.79737051,0.54541947,0.48606704,0.53077105,1.30777726
37.5100,0.51269503,2.79742694,0.54545752,0.48607831,0.53074987,1.30785918
37.5200,0.51268322,2.79748333,0.54549555,0.48608958,0.53072870,1.30794106
37.5300,0.51267142,2.79753967,0.54553355,0.48610083,0.53070753,1.30802291
37.5400,0.51265962,2.79759595,0.54557153,0.48611207,0.53068638,1.30810471
37.5500,0.51264784,2.79765219,0.54560948,0.48612330,0.53066523,1.30818648
37.5600,0.51263608,2.79770838,0.54564740,0.48613452,0.53064410,1.30826821
37.5700,0.51262432,2.79776452,0.54568530,0.48614573,0.53062297,1.30834990
37.5800,0.51261257,2.79782061,0.54572317,0.48615693,0.53060185,1.30843155
37.5900,0.51260083,2.79787665,0.54576102,0.48616811,0.53058074,1.30851316
37.6000,0.51258911,2.79793264,0.54579883,0.48617928,0.53055964,1.30859473
37.6100,0.51257739,2.79798859,0.54583663,0.48619044,0.53053855,1.30867627
37.6200,0.51256569,2.79804448,0.54587439,0.48620159,0.53051746,1.30875777
37.6300,0.51255399,2.79810033,0.54591213,0.48621273,0.53049639,1.30883923
37.6400,0.51254231,2.79815612,0.54594985,0.48622386,0.53047532,1.30892065
37.6500,0.51253064,2.79821187,0.54598753,0.48623498,0.53045427,1.30900203
37.6600,0.51251898,2.79826757,0.54602519,0.48624608,0.53043322,1.30908337
37.6700,0.51250733,2.79832322,0.54606283,0.48625717,0.53041218,1.30916468
37.6800,0.51249569,2.79837882,0.54610044,0.48626826,0.53039115,1.30924594
37.6900,0.51248406,2.79843437,0.54613802,0.48627933,0.53037013,1.30932717
37.7000,0.51247244,2.79848988,0.54617558,0.48629039,0.53034912,1.30940836
37.7100,0.51246083,2.79854533,0.54621311,0.48630143,0.53032812,1.30948951
37.7200,0.51244923,2.79860074,0.54625062,0.48631247,0.53030713,1.30957063
37.7300,0.51243765,2.79865610,0.54628810,0.48632350,0.53028614,1.30965170
37.7400,0.51242607,2.79871141,0.54632555,0.48633451,0.53026517,1.30973274
37.7500,0.51241451,2.79876667,0.54636298,0.48634551,0.53024420,1.30981373
37.7600,0.51240295,2.79882188,0.54640038,0.48635650,0.53022324,1.30989469
37.7700,0.51239141,2.79887705,0.54643775,0.48636748,0.53020230,1.30997561
37.7800,0.51237987,2.79893217,0.54647510,0.48637845,0.53018136,1.31005650
37.7900,0.51236835,2.79898723,0.54651242,0.48638941,0.53016043,1.31013734
37.8000,0.51235684,2.79904225,0.54654972,0.48640036,0.53013951,1.31021815
37.8100,0.51234534,2.79909723,0.54658699,0.48641129,0.53011859,1.31029891
37.8200,0.51233385,2.79915215,0.54662424,0.48642222,0.53009769,1.31037964
37.8300,0.51232237,2.79920703,0.54666146,0.48643313,0.53007680,1.31046033
37.8400,0.51231090,2.79926186,0.54669865,0.48644403,0.53005591,1.31054099
37.8500,0.51229944,2.79931664,0.54673582,0.48645493,0.53003504,1.31062160
37.8600,0.51228799,2.79937137,0.54677296,0.48646581,0.53001417,1.31070218
37.8700,0.51227655,2.79942605,0.54681008,0.48647667,0.52999331,1.31078271
37.8800,0.51226512,2.79948069,0.54684717,0.48648753,0.52997246,1.31086321
37.8900,0.51225370,2.79953528,0.54688424,0.48649838,0.52995162,1.31094367
37.9000,0.51224230,2.79958982,0.54692128,0.48650921,0.52993079,1.31102410
37.9100,0.51223090,2.79964432,0.54695829,0.48652004,0.52990997,1.31110448
37.9200,0.51221952,2.79969876,0.54699528,0.48653085,0.52988916,1.31118483
37.9300,0.51220814,2.79975316,0.54703224,0.48654165,0.52986836,1.31126513
37.9400,0.51219678,2.79980751,0.54706918,0.48655245,0.52984756,1.31134540
37.9500,0.51218542,2.79986182,0.54710609,0.48656323,0.52982678,1.31142563
37.9600,0.51217408,2.79991607,0.54714298,0.48657399,0.52980600,1.31150583
37.9700,0.51216274,2.79997028,0.54717984,0.48658475,0.52978523,1.31158598
37.9800,0.51215142,2.80002445,0.54721667,0.48659550,0.52976448,1.31166610
37.9900,0.51214011,2.80007856,0.54725348,0.48660624,0.52974373,1.31174618
38.0000,0.51212880,2.80013263,0.54729026,0.48661696,0.52972299,1.31182622
38.0100,0.51211751,2.80018665,0.54732702,0.48662768,0.52970226,1.31190622
38.0200,0.51210623,2.80024062,0.54736375,0.48663838,0.52968153,1.31198618
38.0300,0.51209496,2.80029455,0.54740046,0.48664907,0.52966082,1.31206611
38.0400,0.51208370,2.80034843,0.54743714,0.48665975,0.52964012,1.31214599
38.0500,0.51207245,2.80040226,0.54747380,0.48667042,0.52961942,1.31222584
38.0600,0.51206121,2.80045604,0.54751043,0.48668108,0.52959874,1.31230565
38.0700,0.51204998,2.80050978,0.54754703,0.48669173,0.52957806,1.31238542
38.0800,0.51203876,2.80056347,0.54758361,0.48670237,0.52955740,1.31246516
38.0900,0.51202755,2.80061712,0.54762017,0.48671300,0.52953674,1.31254485
38.1000,0.51201635,2.80067071,0.54765669,0.48672361,0.52951609,1.31262451
38.1100,0.51200516,2.80072426,0.54769320,0.48673422,0.52949545,1.31270413
38.1200,0.51199398,2.80077777,0.54772968,0.48674481,0.52947482,1.31278371
38.1300,0.51198281,2.80083123,0.54776613,0.48675540,0.52945420,1.31286326
38.1400,0.51197165,2.80088464,0.54780256,0.48676597,0.52943358,1.31294276
38.1500,0.51196050,2.80093800,0.54783896,0.48677653,0.52941298,1.31302223
38.1600,0.51194937,2.80099132,0.54787534,0.48678708,0.52939239,1.31310166
38.1700,0.51193824,2.80104459,0.54791169,0.48679762,0.52937180,1.31318105
38.1800,0.51192712,2.80109782,0.54794801,0.48680815,0.52935123,1.31326040
38.1900,0.51191601,2.80115099,0.54798431,0.48681867,0.52933066,1.31333971
38.2000,0.51190492,2.80120413,0.54802059,0.48682918,0.52931010,1.31341899
38.2100,0.51189383,2.80125721,0.54805684,0.48683968,0.52928955,1.31349823
38.2200,0.51188275,2.80131025,0.54809307,0.48685017,0.52926901,1.31357743
38.2300,0.51187169,2.80136325,0.54812927,0.48686064,0.52924848,1.31365659
38.2400,0.51186063,2.80141619,0.54816544,0.48687111,0.52922796,1.31373571
38.2500,0.51184958,2.80146909,0.54820159,0.48688156,0.52920745,1.31381480
38.2600,0.51183855,2.80152195,0.54823772,0.48689201,0.52918695,1.31389385
38.2700,0.51182752,2.80157476,0.54827382,0.48690244,0.52916645,1.31397286
38.2800,0.51181650,2.80162752,0.54830989,0.48691286,0.52914597,1.31405183
38.2900,0.51180550,2.80168024,0.54834594,0.48692327,0.52912549,1.31413076
38.3000,0.51179450,2.80173291,0.54838196,0.48693368,0.52910503,1.31420966
38.3100,0.51178352,2.80178554,0.54841796,0.48694407,0.52908457,1.31428851
38.3200,0.51177254,2.80183812,0.54845394,0.48695445,0.52906412,1.31436733
38.3300,0.51176157,2.80189065,0.54848989,0.48696482,0.52904368,1.31444612
38.3400,0.51175062,2.80194314,0.54852581,0.48697518,0.52902325,1.31452486
38.3500,0.51173967,2.80199558,0.54856171,0.48698552,0.52900283,1.31460356
38.3600,0.51172874,2.80204798,0.54859759,0.48699586,0.52898242,1.31468223
38.3700,0.51171781,2.80210033,0.54863344,0.48700619,0.52896202,1.31476086
38.3800,0.51170689,2.80215263,0.54866926,0.48701651,0.52894163,1.31483945
38.3900,0.51169599,2.80220489,0.54870506,0.48702681,0.52892124,1.31491801
38.4000,0.51168509,2.80225711,0.54874084,0.48703711,0.52890087,1.31499652
38.4100,0.51167421,2.80230928,0.54877659,0.48704739,0.52888050,1.31507500
38.4200,0.51166333,2.80236140,0.54881231,0.48705767,0.52886015,1.31515344
38.4300,0.51165246,2.80241348,0.54884801,0.48706793,0.52883980,1.31523184
38.4400,0.51164161,2.80246552,0.54888369,0.48707818,0.52881946,1.31531020
38.4500,0.51163076,2.80251750,0.54891934,0.48708843,0.52879913,1.31538853
38.4600,0.51161992,2.80256945,0.54895496,0.48709866,0.52877881,1.31546682
38.4700,0.51160910,2.80262134,0.54899056,0.48710888,0.52875850,1.31554507
38.4800,0.51159828,2.80267320,0.54902614,0.48711909,0.52873820,1.31562328
38.4900,0.51158747,2.80272500,0.54906169,0.48712929,0.52871791,1.31570145
38.5000,0.51157668,2.80277677,0.54909722,0.48713949,0.52869762,1.31577959
38.5100,0.51156589,2.80282848,0.54913272,0.48714967,0.52867735,1.31585768
38.5200,0.51155511,2.80288016,0.54916820,0.48715984,0.52865709,1.31593574
38.5300,0.51154435,2.80293179,0.54920365,0.48717000,0.52863683,1.31601377
38.5400,0.51153359,2.80298337,0.54923908,0.48718015,0.52861658,1.31609175
38.5500,0.51152284,2.80303491,0.54927448,0.48719028,0.52859635,1.31616970
38.5600,0.51151210,2.80308640,0.54930986,0.48720041,0.52857612,1.31624761
38.5700,0.51150137,2.80313785,0.54934521,0.48721053,0.52855590,1.31632548
38.5800,0.51149065,2.80318925,0.54938054,0.48722064,0.52853569,1.31640331
38.5900,0.51147995,2.80324061,0.54941585,0.48723074,0.52851549,1.31648110
38.6000,0.51146925,2.80329193,0.54945113,0.48724082,0.52849530,1.31655886
38.6100,0.51145856,2.80334320,0.54948639,0.48725090,0.52847512,1.31663658
38.6200,0.51144788,2.80339442,0.54952162,0.48726097,0.52845495,1.31671426
38.6300,0.51143721,2.80344560,0.54955682,0.48727102,0.52843478,1.31679191
38.6400,0.51142655,2.80349674,0.54959201,0.48728107,0.52841463,1.31686951
38.6500,0.51141590,2.80354783,0.54962716,0.48729110,0.52839448,1.31694708
38.6600,0.51140526,2.80359888,0.54966230,0.48730113,0.52837435,1.31702461
38.6700,0.51139463,2.80364988,0.54969741,0.48731115,0.52835422,1.31710210
38.6800,0.51138401,2.80370084,0.54973249,0.48732115,0.52833410,1.31717956
38.6900,0.51137339,2.80375176,0.54976755,0.48733115,0.52831399,1.31725697
38.7000,0.51136279,2.80380263,0.54980259,0.48734113,0.52829390,1.31733435
38.7100,0.51135220,2.80385346,0.54983760,0.48735110,0.52827381,1.31741169
38.7200,0.51134162,2.80390424,0.54987258,0.48736107,0.52825373,1.31748900
38.7300,0.51133104,2.80395498,0.54990755,0.48737102,0.52823365,1.31756626
38.7400,0.51132048,2.80400567,0.54994249,0.48738097,0.52821359,1.31764349
38.7500,0.51130993,2.80405632,0.54997740,0.48739090,0.52819354,1.31772068
38.7600,0.51129938,2.80410693,0.55001229,0.48740082,0.52817350,1.31779784
38.7700,0.51128885,2.80415749,0.55004715,0.48741074,0.52815346,1.31787495
38.7800,0.51127832,2.80420801,0.55008199,0.48742064,0.52813344,1.31795203
38.7900,0.51126781,2.80425849,0.55011681,0.48743053,0.52811342,1.31802907
38.8000,0.51125730,2.80430892,0.55015160,0.48744042,0.52809341,1.31810607
38.8100,0.51124681,2.80435930,0.55018637,0.48745029,0.52807341,1.31818303
38.8200,0.51123632,2.80440965,0.55022112,0.48746015,0.52805343,1.31825996
38.8300,0.51122584,2.80445995,0.55025584,0.48747000,0.52803345,1.31833685
38.8400,0.51121537,2.80451021,0.55029053,0.48747985,0.52801348,1.31841370
38.8500,0.51120492,2.80456042,0.55032520,0.48748968,0.52799352,1.31849051
38.8600,0.51119447,2.80461059,0.55035985,0.48749950,0.52797357,1.31856729
38.8700,0.51118403,2.80466071,0.55039447,0.48750931,0.52795362,1.31864403
38.8800,0.51117360,2.80471080,0.55042907,0.48751912,0.52793369,1.31872073
38.8900,0.51116318,2.80476084,0.55046365,0.48752891,0.52791377,1.31879739
38.9000,0.51115277,2.80481083,0.55049820,0.48753869,0.52789385,1.31887401
38.9100,0.51114237,2.80486079,0.55053272,0.48754846,0.52787395,1.31895060
38.9200,0.51113197,2.80491069,0.55056723,0.48755823,0.52785405,1.31902715
38.9300,0.51112159,2.80496056,0.55060171,0.48756798,0.52783416,1.31910366
38.9400,0.51111122,2.80501038,0.55063616,0.48757772,0.52781429,1.31918014
38.9500,0.51110086,2.80506016,0.55067059,0.48758745,0.52779442,1.31925657
38.9600,0.51109050,2.80510990,0.55070500,0.48759718,0.52777456,1.31933297
38.9700,0.51108016,2.80515959,0.55073938,0.48760689,0.52775471,1.31940934
38.9800,0.51106982,2.80520924,0.55077374,0.48761659,0.52773487,1.31948566
38.9900,0.51105950,2.80525885,0.55080807,0.48762628,0.52771504,1.31956195
39.0000,0.51104918,2.80530842,0.55084238,0.48763597,0.52769522,1.31963820
39.0100,0.51103887,2.80535794,0.55087667,0.48764564,0.52767540,1.31971441
39.0200,0.51102857,2.80540742,0.55091093,0.48765530,0.52765560,1.31979058
39.0300,0.51101829,2.80545685,0.55094517,0.48766496,0.52763581,1.31986672
39.0400,0.51100801,2.80550625,0.55097939,0.48767460,0.52761602,1.31994282
39.0500,0.51099774,2.80555560,0.55101358,0.48768423,0.52759625,1.32001888
39.0600,0.51098748,2.80560490,0.55104775,0.48769386,0.52757648,1.32009490
39.0700,0.51097722,2.80565417,0.55108189,0.48770347,0.52755672,1.32017089
39.0800,0.51096698,2.80570339,0.55111601,0.48771308,0.52753697,1.32024684
39.0900,0.51095675,2.80575257,0.55115011,0.48772267,0.52751724,1.32032275
39.1000,0.51094653,2.80580171,0.55118418,0.48773225,0.52749751,1.32039862
39.1100,0.51093631,2.80585080,0.55121823,0.48774183,0.52747779,1.32047446
39.1200,0.51092611,2.80589986,0.55125225,0.48775139,0.52745808,1.32055026
39.1300,0.51091591,2.80594887,0.55128625,0.48776095,0.52743837,1.32062602
39.1400,0.51090573,2.80599783,0.55132023,0.48777049,0.52741868,1.32070174
39.1500,0.51089555,2.80604676,0.55135418,0.48778003,0.52739900,1.32077743
39.1600,0.51088538,2.80609564,0.55138811,0.48778955,0.52737932,1.32085308
39.1700,0.51087522,2.80614448,0.55142202,0.48779907,0.52735966,1.32092869
39.1800,0.51086507,2.80619328,0.55145590,0.48780858,0.52734000,1.32100427
39.1900,0.51085493,2.80624204,0.55148976,0.48781807,0.52732036,1.32107980
39.2000,0.51084480,2.80629075,0.55152360,0.48782756,0.52730072,1.32115530
39.2100,0.51083468,2.80633942,0.55155741,0.48783704,0.52728109,1.32123077
39.2200,0.51082457,2.80638805,0.55159120,0.48784650,0.52726148,1.32130619
39.2300,0.51081446,2.80643664,0.55162496,0.48785596,0.52724187,1.32138158
39.2400,0.51080437,2.80648519,0.55165870,0.48786541,0.52722227,1.32145693
39.2500,0.51079428,2.80653369,0.55169242,0.48787485,0.52720268,1.32153224
39.2600,0.51078421,2.80658215,0.55172611,0.48788428,0.52718310,1.32160752
39.2700,0.51077414,2.80663057,0.55175979,0.48789370,0.52716352,1.32168275
39.2800,0.51076408,2.80667895,0.55179343,0.48790311,0.52714396,1.32175795
39.2900,0.51075403,2.80672729,0.55182706,0.48791251,0.52712441,1.32183312
39.3000,0.51074399,2.80677558,0.55186066,0.48792190,0.52710487,1.32190824
39.3100,0.51073396,2.80682384,0.55189423,0.48793128,0.52708533,1.32198333
39.3200,0.51072394,2.80687205,0.55192779,0.48794065,0.52706581,1.32205838
39.3300,0.51071393,2.80692022,0.55196132,0.48795001,0.52704629,1.32213340
39.3400,0.51070393,2.80696835,0.55199482,0.48795936,0.52702678,1.32220837
39.3500,0.51069393,2.80701643,0.55202830,0.48796870,0.52700728,1.32228331
39.3600,0.51068395,2.80706448,0.55206176,0.48797804,0.52698780,1.32235821
39.3700,0.51067397,2.80711248,0.55209520,0.48798736,0.52696832,1.32243308
39.3800,0.51066400,2.80716044,0.55212861,0.48799667,0.52694885,1.32250791
39.3900,0.51065404,2.80720836,0.55216200,0.48800598,0.52692939,1.32258270
39.4000,0.51064409,2.80725624,0.55219537,0.48801527,0.52690994,1.32265745
39.4100,0.51063415,2.80730408,0.55222871,0.48802456,0.52689049,1.32273217
39.4200,0.51062422,2.80735188,0.55226203,0.48803383,0.52687106,1.32280684
39.4300,0.51061430,2.80739963,0.55229533,0.48804310,0.52685164,1.32288148
39.4400,0.51060439,2.80744735,0.55232860,0.48805236,0.52683222,1.32295609
39.4500,0.51059448,2.80749502,0.55236185,0.48806160,0.52681282,1.32303066
39.4600,0.51058459,2.80754265,0.55239508,0.48807084,0.52679342,1.32310519
39.4700,0.51057470,2.80759024,0.55242828,0.48808007,0.52677404,1.32317968
39.4800,0.51056482,2.80763779,0.55246146,0.48808929,0.52675466,1.32325413
39.4900,0.51055495,2.80768530,0.55249462,0.48809850,0.52673529,1.32332855
39.5000,0.51054509,2.80773277,0.55252775,0.48810770,0.52671594,1.32340293
39.5100,0.51053524,2.80778020,0.55256086,0.48811689,0.52669659,1.32347727
39.5200,0.51052540,2.80782758,0.55259395,0.48812607,0.52667725,1.32355158
39.5300,0.51051557,2.80787493,0.55262702,0.48813524,0.52665792,1.32362585
39.5400,0.51050574,2.80792223,0.55266006,0.48814440,0.52663860,1.32370008
39.5500,0.51049593,2.80796950,0.55269308,0.48815356,0.52661928,1.32377428
39.5600,0.51048612,2.80801672,0.55272607,0.48816270,0.52659998,1.32384844
39.5700,0.51047632,2.80806390,0.55275904,0.48817184,0.52658069,1.32392256
39.5800,0.51046654,2.80811104,0.55279199,0.48818096,0.52656141,1.32399664
39.5900,0.51045676,2.80815814,0.55282492,0.48819008,0.52654213,1.32407069
39.6000,0.51044698,2.80820520,0.55285782,0.48819918,0.52652287,1.32414470
39.6100,0.51043722,2.80825222,0.55289070,0.48820828,0.52650361,1.32421867
39.6200,0.51042747,2.80829920,0.55292356,0.48821737,0.52648436,1.32429260
39.6300,0.51041772,2.80834614,0.55295639,0.48822645,0.52646513,1.32436650
39.6400,0.51040799,2.80839304,0.55298921,0.48823552,0.52644590,1.32444036
39.6500,0.51039826,2.80843990,0.55302199,0.48824458,0.52642668,1.32451419
39.6600,0.51038854,2.80848672,0.55305476,0.48825363,0.52640747,1.32458797
39.6700,0.51037883,2.80853349,0.55308750,0.48826267,0.52638827,1.32466172
39.6800,0.51036913,2.80858023,0.55312022,0.48827170,0.52636908,1.32473544
39.6900,0.51035944,2.80862693,0.55315292,0.48828072,0.52634990,1.32480911
39.7000,0.51034976,2.80867358,0.55318559,0.48828974,0.52633073,1.32488275
39.7100,0.51034008,2.80872020,0.55321824,0.48829874,0.52631156,1.32495635
39.7200,0.51033042,2.80876677,0.55325087,0.48830774,0.52629241,1.32502992
39.7300,0.51032076,2.80881331,0.55328348,0.48831672,0.52627326,1.32510345
39.7400,0.51031111,2.80885981,0.55331606,0.48832570,0.52625413,1.32517694
39.7500,0.51030147,2.80890626,0.55334862,0.48833467,0.52623500,1.32525039
39.7600,0.51029184,2.80895268,0.55338116,0.48834363,0.52621589,1.32532381
39.7700,0.51028222,2.80899905,0.55341367,0.48835257,0.52619678,1.32539719
39.7800,0.51027260,2.80904539,0.55344616,0.48836152,0.52617768,1.32547053
39.7900,0.51026300,2.80909168,0.55347863,0.48837045,0.52615859,1.32554384
39.8000,0.51025340,2.80913794,0.55351108,0.48837937,0.52613951,1.32561710
39.8100,0.51024381,2.80918416,0.55354350,0.48838828,0.52612044,1.32569034
39.8200,0.51023423,2.80923033,0.55357590,0.48839718,0.52610138,1.32576353
39.8300,0.51022466,2.80927647,0.55360828,0.48840608,0.52608233,1.32583669
39.8400,0.51021510,2.80932257,0.55364064,0.48841496,0.52606329,1.32590981
39.8500,0.51020555,2.80936863,0.55367297,0.48842384,0.52604426,1.32598290
39.8600,0.51019600,2.80941464,0.55370528,0.48843271,0.52602524,1.32605594
39.8700,0.51018647,2.80946062,0.55373757,0.48844157,0.52600622,1.32612895
39.8800,0.51017694,2.80950656,0.55376983,0.48845042,0.52598722,1.32620193
39.8900,0.51016742,2.80955246,0.55380208,0.48845926,0.52596822,1.32627486
39.9000,0.51015791,2.80959832,0.55383430,0.48846809,0.52594924,1.32634776
39.9100,0.51014841,2.80964414,0.55386649,0.48847691,0.52593026,1.32642063
39.9200,0.51013892,2.80968992,0.55389867,0.48848572,0.52591129,1.32649345
39.9300,0.51012943,2.80973566,0.55393082,0.48849453,0.52589233,1.32656624
39.9400,0.51011995,2.80978136,0.55396295,0.48850332,0.52587338,1.32663900
39.9500,0.51011049,2.80982703,0.55399506,0.48851211,0.52585444,1.32671171
39.9600,0.51010103,2.80987265,0.55402714,0.48852088,0.52583551,1.32678439
39.9700,0.51009158,2.80991823,0.55405921,0.48852965,0.52581659,1.32685703
39.9800,0.51008213,2.80996378,0.55409125,0.48853841,0.52579768,1.32692964
39.9900,0.51007270,2.81000929,0.55412326,0.48854716,0.52577878,1.32700221
40.0000,0.51006328,2.81005475,0.55415526,0.48855590,0.52575989,1.32707474
40.0100,0.51005386,2.81010018,0.55418723,0.48856464,0.52574100,1.32714723
40.0200,0.51004445,2.81014557,0.55421918,0.48857336,0.52572213,1.32721969
40.0300,0.51003505,2.81019092,0.55425111,0.48858207,0.52570326,1.32729211
40.0400,0.51002566,2.81023623,0.55428302,0.48859078,0.52568441,1.32736450
40.0500,0.51001628,2.81028150,0.55431490,0.48859948,0.52566556,1.32743685
40.0600,0.51000690,2.81032674,0.55434676,0.48860816,0.52564672,1.32750916
40.0700,0.50999753,2.81037193,0.55437860,0.48861684,0.52562790,1.32758143
40.0800,0.50998818,2.81041709,0.55441042,0.48862551,0.52560908,1.32765367
40.0900,0.50997883,2.81046220,0.55444221,0.48863417,0.52559027,1.32772587
40.1000,0.50996949,2.81050728,0.55447398,0.48864283,0.52557147,1.32779804
40.1100,0.50996015,2.81055232,0.55450573,0.48865147,0.52555268,1.32787016
40.1200,0.50995083,2.81059732,0.55453746,0.48866010,0.52553390,1.32794226
40.1300,0.50994151,2.81064228,0.55456917,0.48866873,0.52551512,1.32801431
40.1400,0.50993221,2.81068720,0.55460085,0.48867735,0.52549636,1.32808633
40.1500,0.50992291,2.81073209,0.55463251,0.48868595,0.52547761,1.32815831
40.1600,0.50991362,2.81077693,0.55466415,0.48869455,0.52545886,1.32823025
40.1700,0.50990433,2.81082174,0.55469577,0.48870314,0.52544013,1.32830216
40.1800,0.50989506,2.81086651,0.55472736,0.48871172,0.52542140,1.32837403
40.1900,0.50988579,2.81091124,0.55475893,0.48872030,0.52540269,1.32844587
40.2000,0.50987654,2.81095593,0.55479048,0.48872886,0.52538398,1.32851767
40.2100,0.50986729,2.81100059,0.55482201,0.48873742,0.52536528,1.32858943
40.2200,0.50985805,2.81104520,0.55485352,0.48874596,0.52534660,1.32866115
40.2300,0.50984882,2.81108978,0.55488500,0.48875450,0.52532792,1.32873284
40.2400,0.50983959,2.81113432,0.55491646,0.48876303,0.52530925,1.32880449
40.2500,0.50983037,2.81117882,0.55494790,0.48877155,0.52529059,1.32887611
40.2600,0.50982117,2.81122328,0.55497932,0.48878006,0.52527194,1.32894769
40.2700,0.50981197,2.81126771,0.55501072,0.48878857,0.52525329,1.32901923
40.2800,0.50980278,2.81131210,0.55504209,0.48879706,0.52523466,1.32909073
40.2900,0.50979359,2.81135644,0.55507344,0.48880555,0.52521604,1.32916220
40.3000,0.50978442,2.81140075,0.55510477,0.48881402,0.52519743,1.32923363
40.3100,0.50977525,2.81144503,0.55513608,0.48882249,0.52517882,1.32930503
40.3200,0.50976609,2.81148926,0.55516737,0.48883095,0.52516023,1.32937639
40.3300,0.50975694,2.81153346,0.55519863,0.48883940,0.52514164,1.32944771
40.3400,0.50974780,2.81157762,0.55522988,0.48884784,0.52512306,1.32951900
40.3500,0.50973867,2.81162174,0.55526110,0.48885628,0.52510450,1.32959025
40.3600,0.50972954,2.81166582,0.55529229,0.48886470,0.52508594,1.32966146
40.3700,0.50972043,2.81170986,0.55532347,0.48887312,0.52506739,1.32973264
40.3800,0.50971132,2.81175387,0.55535463,0.48888153,0.52504885,1.32980378
40.3900,0.50970222,2.81179784,0.55538576,0.48888993,0.52503032,1.32987488
40.4000,0.50969312,2.81184177,0.55541687,0.48889832,0.52501180,1.32994595
40.4100,0.50968404,2.81188567,0.55544796,0.48890670,0.52499329,1.33001698
40.4200,0.50967496,2.81192952,0.55547903,0.48891507,0.52497479,1.33008798
40.4300,0.50966589,2.81197334,0.55551007,0.48892344,0.52495629,1.33015894
40.4400,0.50965683,2.81201712,0.55554110,0.48893179,0.52493781,1.33022986
40.4500,0.50964778,2.81206087,0.55557210,0.48894014,0.52491934,1.33030074
40.4600,0.50963874,2.81210457,0.55560308,0.48894848,0.52490087,1.33037159
40.4700,0.50962970,2.81214824,0.55563404,0.48895681,0.52488242,1.33044240
40.4800,0.50962067,2.81219188,0.55566498,0.48896513,0.52486397,1.33051318
40.4900,0.50961165,2.81223547,0.55569589,0.48897345,0.52484553,1.33058392
40.5000,0.50960264,2.81227903,0.55572678,0.48898175,0.52482710,1.33065462
40.5100,0.50959364,2.81232255,0.55575766,0.48899005,0.52480869,1.33072529
40.5200,0.50958464,2.81236603,0.55578851,0.48899834,0.52479028,1.33079592
40.5300,0.50957565,2.81240947,0.55581934,0.48900661,0.52477188,1.33086652
40.5400,0.50956667,2.81245288,0.55585014,0.48901489,0.52475349,1.33093708
40.5500,0.50955770,2.81249625,0.55588093,0.48902315,0.52473511,1.33100760
40.5600,0.50954874,2.81253959,0.55591169,0.48903140,0.52471673,1.33107808
40.5700,0.50953978,2.81258288,0.55594244,0.48903965,0.52469837,1.33114853
40.5800,0.50953084,2.81262614,0.55597316,0.48904789,0.52468002,1.33121895
40.5900,0.50952190,2.81266936,0.55600386,0.48905612,0.52466167,1.33128932
40.6000,0.50951296,2.81271255,0.55603453,0.48906434,0.52464334,1.33135966
40.6100,0.50950404,2.81275570,0.55606519,0.48907255,0.52462501,1.33142997
40.6200,0.50949513,2.81279881,0.55609582,0.48908075,0.52460670,1.33150024
40.6300,0.50948622,2.81284188,0.55612644,0.48908895,0.52458839,1.33157047
40.6400,0.50947732,2.81288492,0.55615703,0.48909713,0.52457009,1.33164066
40.6500,0.50946843,2.81292792,0.55618760,0.48910531,0.52455181,1.33171082
40.6600,0.50945954,2.81297089,0.55621815,0.48911348,0.52453353,1.33178095
40.6700,0.50945067,2.81301381,0.55624868,0.48912164,0.52451526,1.33185103
40.6800,0.50944180,2.81305671,0.55627918,0.48912980,0.52449700,1.33192108
40.6900,0.50943294,2.81309956,0.55630967,0.48913794,0.52447875,1.33199110
40.7000,0.50942409,2.81314238,0.55634013,0.48914608,0.52446050,1.33206108
40.7100,0.50941524,2.81318516,0.55637057,0.48915421,0.52444227,1.33213102
40.7200,0.50940641,2.81322790,0.55640099,0.48916233,0.52442405,1.33220092
40.7300,0.50939758,2.81327061,0.55643139,0.48917044,0.52440584,1.33227079
40.7400,0.50938876,2.81331328,0.55646177,0.48917854,0.52438763,1.33234063
40.7500,0.50937995,2.81335591,0.55649213,0.48918664,0.52436944,1.33241042
40.7600,0.50937114,2.81339851,0.55652246,0.48919473,0.52435125,1.33248019
40.7700,0.50936234,2.81344107,0.55655277,0.48920280,0.52433307,1.33254991
40.7800,0.50935355,2.81348360,0.55658307,0.48921087,0.52431491,1.33261960
40.7900,0.50934477,2.81352609,0.55661334,0.48921894,0.52429675,1.33268925
40.8000,0.50933600,2.81356854,0.55664359,0.48922699,0.52427860,1.33275887
40.8100,0.50932723,2.81361096,0.55667382,0.48923504,0.52426046,1.33282845
40.8200,0.50931848,2.81365334,0.55670403,0.48924307,0.52424233,1.33289800
40.8300,0.50930973,2.81369568,0.55673421,0.48925110,0.52422421,1.33296751
40.8400,0.50930099,2.81373799,0.55676438,0.48925912,0.52420610,1.33303698
40.8500,0.50929225,2.81378026,0.55679452,0.48926714,0.52418799,1.33310641
40.8600,0.50928352,2.81382250,0.55682464,0.48927514,0.52416990,1.33317582
40.8700,0.50927481,2.81386469,0.55685475,0.48928314,0.52415182,1.33324518
40.8800,0.50926610,2.81390686,0.55688483,0.48929113,0.52413374,1.33331451
40.8900,0.50925739,2.81394898,0.55691489,0.48929911,0.52411568,1.33338380
40.9000,0.50924870,2.81399108,0.55694492,0.48930708,0.52409762,1.33345306
40.9100,0.50924001,2.81403313,0.55697494,0.48931504,0.52407958,1.33352228
40.9200,0.50923133,2.81407515,0.55700494,0.48932300,0.52406154,1.33359146
40.9300,0.50922266,2.81411713,0.55703491,0.48933094,0.52404351,1.33366061
40.9400,0.50921399,2.81415908,0.55706487,0.48933888,0.52402549,1.33372972
40.9500,0.50920534,2.81420099,0.55709480,0.48934681,0.52400748,1.33379880
40.9600,0.50919669,2.81424287,0.55712471,0.48935474,0.52398948,1.33386784
40.9700,0.50918805,2.81428471,0.55715460,0.48936265,0.52397149,1.33393685
40.9800,0.50917941,2.81432651,0.55718447,0.48937056,0.52395351,1.33400582
40.9900,0.50917079,2.81436828,0.55721432,0.48937846,0.52393554,1.33407475
41.0000,0.50916217,2.81441002,0.55724415,0.48938635,0.52391757,1.33414365
41.0100,0.50915356,2.81445171,0.55727396,0.48939423,0.52389962,1.33421251
41.0200,0.50914495,2.81449338,0.55730374,0.48940211,0.52388167,1.33428133
41.0300,0.50913636,2.81453500,0.55733351,0.48940997,0.52386374,1.33435012
41.0400,0.50912777,2.81457659,0.55736325,0.48941783,0.52384581,1.33441887
41.0500,0.50911919,2.81461815,0.55739298,0.48942568,0.52382790,1.33448759
41.0600,0.50911062,2.81465967,0.55742268,0.48943352,0.52380999,1.33455627
41.0700,0.50910206,2.81470115,0.55745236,0.48944136,0.52379209,1.33462492
41.0800,0.50909350,2.81474260,0.55748202,0.48944918,0.52377420,1.33469353
41.0900,0.50908495,2.81478401,0.55751166,0.48945700,0.52375632,1.33476210
41.1000,0.50907641,2.81482539,0.55754128,0.48946481,0.52373845,1.33483064
41.1100,0.50906787,2.81486674,0.55757088,0.48947261,0.52372059,1.33489915
41.1200,0.50905935,2.81490804,0.55760046,0.48948041,0.52370274,1.33496761
41.1300,0.50905083,2.81494932,0.55763002,0.48948819,0.52368489,1.33503604
41.1400,0.50904232,2.81499055,0.55765955,0.48949597,0.52366706,1.33510444
41.1500,0.50903381,2.81503176,0.55768907,0.48950374,0.52364924,1.33517280
41.1600,0.50902532,2.81507292,0.55771856,0.48951151,0.52363142,1.33524112
41.1700,0.50901683,2.81511405,0.55774803,0.48951926,0.52361362,1.33530941
41.1800,0.50900835,2.81515515,0.55777749,0.48952701,0.52359582,1.33537766
41.1900,0.50899987,2.81519621,0.55780692,0.48953474,0.52357803,1.33544588
41.2000,0.50899141,2.81523724,0.55783633,0.48954248,0.52356025,1.33551406
41.2100,0.50898295,2.81527823,0.55786572,0.48955020,0.52354249,1.33558220
41.2200,0.50897450,2.81531919,0.55789509,0.48955791,0.52352473,1.33565031
41.2300,0.50896605,2.81536011,0.55792444,0.48956562,0.52350698,1.33571839
41.2400,0.50895762,2.81540100,0.55795377,0.48957332,0.52348924,1.33578643
41.2500,0.50894919,2.81544185,0.55798308,0.48958101,0.52347150,1.33585443
41.2600,0.50894077,2.81548267,0.55801237,0.48958869,0.52345378,1.33592239
41.2700,0.50893236,2.81552345,0.55804164,0.48959637,0.52343607,1.33599032
41.2800,0.50892395,2.81556420,0.55807088,0.48960404,0.52341836,1.33605822
41.2900,0.50891555,2.81560491,0.55810011,0.48961170,0.52340067,1.33612608
41.3000,0.50890716,2.81564559,0.55812931,0.48961935,0.52338298,1.33619390
41.3100,0.50889878,2.81568623,0.55815850,0.48962699,0.52336531,1.33626169
41.3200,0.50889040,2.81572684,0.55818766,0.48963463,0.52334764,1.33632944
41.3300,0.50888203,2.81576742,0.55821681,0.48964226,0.52332998,1.33639716
41.3400,0.50887367,2.81580796,0.55824593,0.48964988,0.52331234,1.33646484
41.3500,0.50886532,2.81584846,0.55827503,0.48965749,0.52329470,1.33653249
41.3600,0.50885697,2.81588893,0.55830412,0.48966509,0.52327707,1.33660010
41.3700,0.50884863,2.81592937,0.55833318,0.48967269,0.52325945,1.33666767
41.3800,0.50884030,2.81596977,0.55836222,0.48968028,0.52324183,1.33673521
41.3900,0.50883197,2.81601014,0.55839124,0.48968786,0.52322423,1.33680272
41.4000,0.50882366,2.81605047,0.55842024,0.48969544,0.52320664,1.33687019
41.4100,0.50881535,2.81609077,0.55844922,0.48970300,0.52318906,1.33693762
41.4200,0.50880705,2.81613103,0.55847818,0.48971056,0.52317148,1.33700502
41.4300,0.50879875,2.81617126,0.55850712,0.48971811,0.52315392,1.33707238
41.4400,0.50879046,2.81621146,0.55853604,0.48972566,0.52313636,1.33713970
41.4500,0.50878218,2.81625162,0.55856494,0.48973319,0.52311881,1.33720699
41.4600,0.50877391,2.81629175,0.55859382,0.48974072,0.52310128,1.33727425
41.4700,0.50876565,2.81633184,0.55862268,0.48974824,0.52308375,1.33734147
41.4800,0.50875739,2.81637190,0.55865152,0.48975575,0.52306623,1.33740865
41.4900,0.50874914,2.81641193,0.55868033,0.48976325,0.52304872,1.33747580
41.5000,0.50874089,2.81645192,0.55870913,0.48977075,0.52303122,1.33754291
41.5100,0.50873266,2.81649188,0.55873791,0.48977824,0.52301373,1.33760999
41.5200,0.50872443,2.81653180,0.55876666,0.48978572,0.52299624,1.33767703
41.5300,0.50871621,2.81657169,0.55879540,0.48979319,0.52297877,1.33774404
41.5400,0.50870799,2.81661154,0.55882412,0.48980066,0.52296131,1.33781101
41.5500,0.50869979,2.81665136,0.55885281,0.48980812,0.52294385,1.33787795
41.5600,0.50869159,2.81669115,0.55888149,0.48981557,0.52292641,1.33794485
41.5700,0.50868340,2.81673091,0.55891015,0.48982301,0.52290897,1.33801171
41.5800,0.50867521,2.81677063,0.55893878,0.48983045,0.52289154,1.33807854
41.5900,0.50866703,2.81681031,0.55896740,0.48983788,0.52287413,1.33814534
41.6000,0.50865886,2.81684996,0.55899599,0.48984530,0.52285672,1.33821210
41.6100,0.50865070,2.81688958,0.55902457,0.48985271,0.52283932,1.33827882
41.6200,0.50864254,2.81692917,0.55905312,0.48986011,0.52282193,1.33834551
41.6300,0.50863439,2.81696872,0.55908166,0.48986751,0.52280455,1.33841216
41.6400,0.50862625,2.81700824,0.55911017,0.48987490,0.52278718,1.33847878
41.6500,0.50861812,2.81704772,0.55913867,0.48988228,0.52276981,1.33854536
41.6600,0.50860999,2.81708717,0.55916714,0.48988966,0.52275246,1.33861191
41.6700,0.50860187,2.81712659,0.55919560,0.48989703,0.52273512,1.33867842
41.6800,0.50859376,2.81716597,0.55922403,0.48990439,0.52271778,1.33874490
41.6900,0.50858565,2.81720532,0.55925245,0.48991174,0.52270046,1.33881134
41.7000,0.50857755,2.81724464,0.55928084,0.48991908,0.52268314,1.33887775
41.7100,0.50856946,2.81728392,0.55930921,0.48992642,0.52266583,1.33894412
41.7200,0.50856138,2.81732317,0.55933757,0.48993375,0.52264853,1.33901046
41.7300,0.50855330,2.81736238,0.55936590,0.48994107,0.52263125,1.33907676
41.7400,0.50854523,2.81740157,0.55939422,0.48994839,0.52261397,1.33914302
41.7500,0.50853717,2.81744072,0.55942251,0.48995569,0.52259670,1.33920925
41.7600,0.50852911,2.81747983,0.55945079,0.48996299,0.52257943,1.33927545
41.7700,0.50852107,2.81751892,0.55947904,0.48997029,0.52256218,1.33934161
41.7800,0.50851303,2.81755797,0.55950728,0.48997757,0.52254494,1.33940773
41.7900,0.50850499,2.81759698,0.55953549,0.48998485,0.52252771,1.33947382
41.8000,0.50849696,2.81763597,0.55956369,0.48999212,0.52251048,1.33953987
41.8100,0.50848894,2.81767492,0.55959186,0.48999938,0.52249327,1.33960589
41.8200,0.50848093,2.81771383,0.55962002,0.49000663,0.52247606,1.33967188
41.8300,0.50847293,2.81775272,0.55964815,0.49001388,0.52245886,1.33973783
41.8400,0.50846493,2.81779157,0.55967627,0.49002112,0.52244168,1.33980374
41.8500,0.50845694,2.81783039,0.55970437,0.49002835,0.52242450,1.33986962
41.8600,0.50844895,2.81786917,0.55973244,0.49003558,0.52240733,1.33993546
41.8700,0.50844097,2.81790792,0.55976050,0.49004280,0.52239017,1.34000127
41.8800,0.50843300,2.81794664,0.55978854,0.49005001,0.52237302,1.34006704
41.8900,0.50842504,2.81798533,0.55981655,0.49005721,0.52235587,1.34013278
41.9000,0.50841708,2.81802398,0.55984455,0.49006441,0.52233874,1.34019848
41.9100,0.50840913,2.81806261,0.55987253,0.49007160,0.52232162,1.34026415
41.9200,0.50840119,2.81810119,0.55990049,0.49007878,0.52230450,1.34032979
41.9300,0.50839326,2.81813975,0.55992842,0.49008595,0.52228740,1.34039538
41.9400,0.50838533,2.81817827,0.55995634,0.49009312,0.52227030,1.34046095
41.9500,0.50837741,2.81821676,0.55998424,0.49010027,0.52225322,1.34052647
41.9600,0.50836949,2.81825522,0.56001212,0.49010743,0.52223614,1.34059197
41.9700,0.50836159,2.81829364,0.56003998,0.49011457,0.52221907,1.34065743
41.9800,0.50835369,2.81833203,0.56006782,0.49012171,0.52220201,1.34072285
41.9900,0.50834579,2.81837039,0.56009564,0.49012884,0.52218496,1.34078824
42.0000,0.50833791,2.81840872,0.56012344,0.49013596,0.52216792,1.34085359
42.0100,0.50833003,2.81844702,0.56015122,0.49014307,0.52215089,1.34091891
42.0200,0.50832216,2.81848528,0.56017898,0.49015018,0.52213387,1.34098419
42.0300,0.50831429,2.81852351,0.56020672,0.49015728,0.52211685,1.34104944
42.0400,0.50830643,2.81856170,0.56023445,0.49016438,0.52209985,1.34111465
42.0500,0.50829858,2.81859987,0.56026215,0.49017146,0.52208285,1.34117983
42.0600,0.50829074,2.81863800,0.56028983,0.49017854,0.52206587,1.34124497
42.0700,0.50828290,2.81867610,0.56031749,0.49018561,0.52204889,1.34131008
42.0800,0.50827507,2.81871417,0.56034514,0.49019268,0.52203192,1.34137516
42.0900,0.50826724,2.81875220,0.56037276,0.49019973,0.52201496,1.34144019
42.1000,0.50825943,2.81879021,0.56040037,0.49020678,0.52199801,1.34150520
42.1100,0.50825162,2.81882818,0.56042795,0.49021383,0.52198107,1.34157017
42.1200,0.50824381,2.81886612,0.56045552,0.49022086,0.52196414,1.34163510
42.1300,0.50823602,2.81890402,0.56048307,0.49022789,0.52194722,1.34170000
42.1400,0.50822823,2.81894190,0.56051059,0.49023491,0.52193031,1.34176487
42.1500,0.50822045,2.81897974,0.56053810,0.49024192,0.52191340,1.34182970
42.1600,0.50821267,2.81901755,0.56056559,0.49024893,0.52189651,1.34189449
42.1700,0.50820490,2.81905533,0.56059306,0.49025593,0.52187962,1.34195925
42.1800,0.50819714,2.81909307,0.56062051,0.49026292,0.52186275,1.34202398
42.1900,0.50818939,2.81913079,0.56064794,0.49026991,0.52184588,1.34208867
42.2000,0.50818164,2.81916847,0.56067535,0.49027688,0.52182902,1.34215332
42.2100,0.50817390,2.81920612,0.56070274,0.49028385,0.52181217,1.34221794
42.2200,0.50816616,2.81924374,0.56073011,0.49029082,0.52179533,1.34228253
42.2300,0.50815844,2.81928132,0.56075747,0.49029777,0.52177850,1.34234708
42.2400,0.50815071,2.81931888,0.56078480,0.49030472,0.52176168,1.34241160
42.2500,0.50814300,2.81935640,0.56081212,0.49031167,0.52174487,1.34247608
42.2600,0.50813529,2.81939389,0.56083941,0.49031860,0.52172807,1.34254053
42.2700,0.50812759,2.81943135,0.56086669,0.49032553,0.52171127,1.34260494
42.2800,0.50811990,2.81946878,0.56089394,0.49033245,0.52169449,1.34266932
42.2900,0.50811221,2.81950617,0.56092118,0.49033936,0.52167771,1.34273366
42.3000,0.50810453,2.81954354,0.56094840,0.49034627,0.52166094,1.34279797
42.3100,0.50809686,2.81958087,0.56097560,0.49035317,0.52164419,1.34286224
42.3200,0.50808919,2.81961817,0.56100278,0.49036006,0.52162744,1.34292648
42.3300,0.50808153,2.81965544,0.56102994,0.49036695,0.52161070,1.34299069
42.3400,0.50807388,2.81969268,0.56105708,0.49037383,0.52159397,1.34305486
42.3500,0.50806623,2.81972988,0.56108420,0.49038070,0.52157725,1.34311899
42.3600,0.50805859,2.81976706,0.56111130,0.49038756,0.52156053,1.34318309
42.3700,0.50805096,2.81980420,0.56113839,0.49039442,0.52154383,1.34324716
42.3800,0.50804334,2.81984131,0.56116545,0.49040127,0.52152714,1.34331119
42.3900,0.50803572,2.81987839,0.56119250,0.49040811,0.52151045,1.34337519
42.4000,0.50802810,2.81991544,0.56121953,0.49041495,0.52149378,1.34343915
42.4100,0.50802050,2.81995246,0.56124653,0.49042178,0.52147711,1.34350308
42.4200,0.50801290,2.81998944,0.56127352,0.49042860,0.52146045,1.34356697
42.4300,0.50800531,2.82002640,0.56130049,0.49043542,0.52144380,1.34363083
42.4400,0.50799772,2.82006332,0.56132744,0.49044222,0.52142716,1.34369466
42.4500,0.50799014,2.82010021,0.56135437,0.49044903,0.52141053,1.34375845
42.4600,0.50798257,2.82013707,0.56138129,0.49045582,0.52139391,1.34382220
42.4700,0.50797500,2.82017390,0.56140818,0.49046261,0.52137730,1.34388592
42.4800,0.50796744,2.82021070,0.56143505,0.49046939,0.52136070,1.34394961
42.4900,0.50795989,2.82024747,0.56146191,0.49047616,0.52134410,1.34401326
42.5000,0.50795235,2.82028421,0.56148875,0.49048293,0.52132752,1.34407688
42.5100,0.50794481,2.82032091,0.56151556,0.49048969,0.52131094,1.34414046
42.5200,0.50793727,2.82035759,0.56154236,0.49049644,0.52129438,1.34420401
42.5300,0.50792975,2.82039423,0.56156914,0.49050319,0.52127782,1.34426752
42.5400,0.50792223,2.82043084,0.56159590,0.49050992,0.52126127,1.34433100
42.5500,0.50791472,2.82046742,0.56162264,0.49051666,0.52124473,1.34439445
42.5600,0.50790721,2.82050397,0.56164937,0.49052338,0.52122820,1.34445786
42.5700,0.50789971,2.82054049,0.56167607,0.49053010,0.52121168,1.34452123
42.5800,0.50789222,2.82057698,0.56170276,0.49053681,0.52119517,1.34458458
42.5900,0.50788473,2.82061344,0.56172942,0.49054352,0.52117866,1.34464788
42.6000,0.50787725,2.82064987,0.56175607,0.49055021,0.52116217,1.34471116
42.6100,0.50786978,2.82068626,0.56178270,0.49055690,0.52114568,1.34477440
42.6200,0.50786231,2.82072263,0.56180931,0.49056359,0.52112921,1.34483760
42.6300,0.50785485,2.82075896,0.56183590,0.49057026,0.52111274,1.34490077
42.6400,0.50784740,2.82079527,0.56186247,0.49057693,0.52109628,1.34496391
42.6500,0.50783995,2.82083154,0.56188902,0.49058360,0.52107983,1.34502701
42.6600,0.50783251,2.82086778,0.56191556,0.49059025,0.52106339,1.34509008
42.6700,0.50782508,2.82090399,0.56194207,0.49059690,0.52104696,1.34515311
42.6800,0.50781765,2.82094017,0.56196857,0.49060355,0.52103054,1.34521611
42.6900,0.50781023,2.82097632,0.56199505,0.49061018,0.52101413,1.34527907
42.7000,0.50780281,2.82101244,0.56202151,0.49061681,0.52099772,1.34534200
42.7100,0.50779541,2.82104853,0.56204795,0.49062343,0.52098133,1.34540490
42.7200,0.50778801,2.82108459,0.56207437,0.49063005,0.52096494,1.34546776
42.7300,0.50778061,2.82112062,0.56210078,0.49063666,0.52094857,1.34553059
42.7400,0.50777322,2.82115662,0.56212716,0.49064326,0.52093220,1.34559338
42.7500,0.50776584,2.82119259,0.56215353,0.49064986,0.52091584,1.34565614
42.7600,0.50775847,2.82122852,0.56217988,0.49065644,0.52089949,1.34571886
42.7700,0.50775110,2.82126443,0.56220621,0.49066303,0.52088315,1.34578155
42.7800,0.50774374,2.82130031,0.56223252,0.49066960,0.52086682,1.34584421
42.7900,0.50773638,2.82133615,0.56225881,0.49067617,0.52085050,1.34590683
42.8000,0.50772903,2.82137197,0.56228508,0.49068273,0.52083419,1.34596942
42.8100,0.50772169,2.82140776,0.56231134,0.49068929,0.52081788,1.34603198
42.8200,0.50771435,2.82144351,0.56233757,0.49069583,0.52080159,1.34609449
42.8300,0.50770702,2.82147924,0.56236379,0.49070238,0.52078530,1.34615698
42.8400,0.50769970,2.82151493,0.56238999,0.49070891,0.52076902,1.34621943
42.8500,0.50769238,2.82155060,0.56241617,0.49071544,0.52075275,1.34628185
42.8600,0.50768507,2.82158623,0.56244233,0.49072196,0.52073649,1.34634423
42.8700,0.50767777,2.82162184,0.56246848,0.49072847,0.52072024,1.34640658
42.8800,0.50767047,2.82165741,0.56249460,0.49073498,0.52070400,1.34646890
42.8900,0.50766318,2.82169296,0.56252071,0.49074148,0.52068777,1.34653118
42.9000,0.50765589,2.82172847,0.56254680,0.49074798,0.52067155,1.34659343
42.9100,0.50764861,2.82176396,0.56257287,0.49075447,0.52065533,1.34665564
42.9200,0.50764134,2.82179941,0.56259892,0.49076095,0.52063913,1.34671782
42.9300,0.50763407,2.82183484,0.56262495,0.49076742,0.52062293,1.34677996
42.9400,0.50762681,2.82187023,0.56265096,0.49077389,0.52060675,1.34684207
42.9500,0.50761956,2.82190560,0.56267696,0.49078035,0.52059057,1.34690415
42.9600,0.50761231,2.82194093,0.56270294,0.49078681,0.52057440,1.34696619
42.9700,0.50760507,2.82197624,0.56272890,0.49079326,0.52055824,1.34702820
42.9800,0.50759784,2.82201151,0.56275484,0.49079970,0.52054209,1.34709018
42.9900,0.50759061,2.82204676,0.56278076,0.49080613,0.52052594,1.34715212
43.0000,0.50758339,2.82208197,0.56280666,0.49081256,0.52050981,1.34721403
43.0100,0.50757618,2.82211716,0.56283255,0.49081898,0.52049369,1.34727590
43.0200,0.50756897,2.82215232,0.56285842,0.49082540,0.52047757,1.34733774
43.0300,0.50756177,2.82218744,0.56288427,0.49083181,0.52046147,1.34739954
43.0400,0.50755457,2.82222254,0.56291010,0.49083821,0.52044537,1.34746131
43.0500,0.50754738,2.82225761,0.56293591,0.49084460,0.52042928,1.34752305
43.0600,0.50754020,2.82229265,0.56296171,0.49085099,0.52041320,1.34758476
43.0700,0.50753302,2.82232766,0.56298748,0.49085738,0.52039713,1.34764643
43.0800,0.50752585,2.82236264,0.56301324,0.49086375,0.52038107,1.34770806
43.0900,0.50751868,2.82239758,0.56303898,0.49087012,0.52036502,1.34776966
43.1000,0.50751152,2.82243251,0.56306470,0.49087648,0.52034897,1.34783123
43.1100,0.50750437,2.82246740,0.56309040,0.49088284,0.52033294,1.34789277
43.1200,0.50749723,2.82250226,0.56311609,0.49088919,0.52031691,1.34795427
43.1300,0.50749009,2.82253709,0.56314176,0.49089553,0.52030090,1.34801573
43.1400,0.50748295,2.82257189,0.56316740,0.49090187,0.52028489,1.34807717
43.1500,0.50747583,2.82260666,0.56319304,0.49090820,0.52026889,1.34813856
43.1600,0.50746871,2.82264141,0.56321865,0.49091452,0.52025290,1.34819993
43.1700,0.50746159,2.82267612,0.56324424,0.49092084,0.52023692,1.34826126
43.1800,0.50745448,2.82271081,0.56326982,0.49092715,0.52022095,1.34832256
43.1900,0.50744738,2.82274546,0.56329538,0.49093346,0.52020499,1.34838382
43.2000,0.50744029,2.82278009,0.56332092,0.49093975,0.52018903,1.34844505
43.2100,0.50743320,2.82281469,0.56334644,0.49094605,0.52017309,1.34850625
43.2200,0.50742611,2.82284926,0.56337194,0.49095233,0.52015715,1.34856741
43.2300,0.50741904,2.82288380,0.56339743,0.49095861,0.52014122,1.34862854
43.2400,0.50741196,2.82291831,0.56342290,0.49096488,0.52012531,1.34868964
43.2500,0.50740490,2.82295279,0.56344835,0.49097115,0.52010940,1.34875070
43.2600,0.50739784,2.82298724,0.56347378,0.49097741,0.52009350,1.34881173
43.2700,0.50739079,2.82302166,0.56349919,0.49098366,0.52007761,1.34887272
43.2800,0.50738374,2.82305606,0.56352459,0.49098991,0.52006172,1.34893368
43.2900,0.50737670,2.82309042,0.56354996,0.49099615,0.52004585,1.34899461
43.3000,0.50736967,2.82312476,0.56357532,0.49100238,0.52002999,1.34905550
43.3100,0.50736264,2.82315907,0.56360067,0.49100861,0.52001413,1.34911636
43.3200,0.50735562,2.82319334,0.56362599,0.49101483,0.51999828,1.34917719
43.3300,0.50734860,2.82322759,0.56365130,0.49102104,0.51998245,1.34923798
43.3400,0.50734159,2.82326181,0.56367658,0.49102725,0.51996662,1.34929874
43.3500,0.50733459,2.82329601,0.56370185,0.49103345,0.51995080,1.34935946
43.3600,0.50732759,2.82333017,0.56372711,0.49103965,0.51993499,1.34942016
43.3700,0.50732060,2.82336430,0.56375234,0.49104584,0.51991918,1.34948081
43.3800,0.50731362,2.82339841,0.56377756,0.49105202,0.51990339,1.34954144
43.3900,0.50730664,2.82343249,0.56380276,0.49105820,0.51988761,1.34960203
43.4000,0.50729967,2.82346653,0.56382794,0.49106437,0.51987183,1.34966259
43.4100,0.50729270,2.82350055,0.56385310,0.49107053,0.51985606,1.34972311
43.4200,0.50728574,2.82353454,0.56387824,0.49107669,0.51984031,1.34978360
43.4300,0.50727878,2.82356851,0.56390337,0.49108284,0.51982456,1.34984406
43.4400,0.50727184,2.82360244,0.56392848,0.49108898,0.51980882,1.34990448
43.4500,0.50726489,2.82363634,0.56395357,0.49109512,0.51979309,1.34996487
43.4600,0.50725796,2.82367022,0.56397865,0.49110125,0.51977736,1.35002523
43.4700,0.50725103,2.82370407,0.56400370,0.49110738,0.51976165,1.35008555
43.4800,0.50724410,2.82373789,0.56402874,0.49111350,0.51974595,1.35014584
43.4900,0.50723719,2.82377168,0.56405376,0.49111961,0.51973025,1.35020610
43.5000,0.50723027,2.82380544,0.56407876,0.49112572,0.51971457,1.35026632
43.5100,0.50722337,2.82383918,0.56410375,0.49113182,0.51969889,1.35032651
43.5200,0.50721647,2.82387288,0.56412872,0.49113791,0.51968322,1.35038667
43.5300,0.50720957,2.82390656,0.56415367,0.49114400,0.51966756,1.35044679
43.5400,0.50720269,2.82394021,0.56417860,0.49115008,0.51965191,1.35050688
43.5500,0.50719580,2.82397383,0.56420351,0.49115616,0.51963627,1.35056694
43.5600,0.50718893,2.82400742,0.56422841,0.49116223,0.51962063,1.35062696
43.5700,0.50718206,2.82404099,0.56425329,0.49116829,0.51960501,1.35068695
43.5800,0.50717519,2.82407452,0.56427815,0.49117435,0.51958939,1.35074690
43.5900,0.50716834,2.82410803,0.56430299,0.49118040,0.51957379,1.35080683
43.6000,0.50716149,2.82414151,0.56432782,0.49118645,0.51955819,1.35086672
43.6100,0.50715464,2.82417496,0.56435263,0.49119248,0.51954260,1.35092657
43.6200,0.50714780,2.82420838,0.56437742,0.49119852,0.51952702,1.35098639
43.6300,0.50714097,2.82424178,0.56440219,0.49120454,0.51951145,1.35104618
43.6400,0.50713414,2.82427514,0.56442695,0.49121056,0.51949589,1.35110594
43.6500,0.50712732,2.82430848,0.56445169,0.49121658,0.51948033,1.35116566
43.6600,0.50712050,2.82434179,0.56447641,0.49122258,0.51946479,1.35122535
43.6700,0.50711369,2.82437508,0.56450111,0.49122859,0.51944925,1.35128501
43.6800,0.50710689,2.82440833,0.56452580,0.49123458,0.51943373,1.35134463
43.6900,0.50710009,2.82444156,0.56455047,0.49124057,0.51941821,1.35140422
43.7000,0.50709330,2.82447476,0.56457512,0.49124655,0.51940270,1.35146378
43.7100,0.50708651,2.82450793,0.56459975,0.49125253,0.51938720,1.35152330
43.7200,0.50707973,2.82454107,0.56462437,0.49125850,0.51937171,1.35158279
43.7300,0.50707295,2.82457419,0.56464896,0.49126447,0.51935622,1.35164225
43.7400,0.50706619,2.82460728,0.56467354,0.49127042,0.51934075,1.35170167
43.7500,0.50705942,2.82464034,0.56469811,0.49127638,0.51932528,1.35176106
43.7600,0.50705267,2.82467337,0.56472265,0.49128232,0.51930983,1.35182042
43.7700,0.50704592,2.82470637,0.56474718,0.49128826,0.51929438,1.35187975
43.7800,0.50703917,2.82473935,0.56477169,0.49129420,0.51927894,1.35193904
43.7900,0.50703243,2.82477230,0.56479619,0.49130013,0.51926351,1.35199830
43.8000,0.50702570,2.82480522,0.56482066,0.49130605,0.51924809,1.35205752
43.8100,0.50701897,2.82483811,0.56484512,0.49131196,0.51923268,1.35211671
43.8200,0.50701225,2.82487098,0.56486957,0.49131787,0.51921727,1.35217587
43.8300,0.50700553,2.82490382,0.56489399,0.49132378,0.51920188,1.35223500
43.8400,0.50699882,2.82493663,0.56491840,0.49132968,0.51918649,1.35229409
43.8500,0.50699212,2.82496941,0.56494279,0.49133557,0.51917112,1.35235315
43.8600,0.50698542,2.82500216,0.56496716,0.49134145,0.51915575,1.35241218
43.8700,0.50697873,2.82503489,0.56499151,0.49134733,0.51914039,1.35247117
43.8800,0.50697204,2.82506759,0.56501585,0.49135321,0.51912504,1.35253013
43.8900,0.50696536,2.82510027,0.56504017,0.49135907,0.51910970,1.35258906
43.9000,0.50695869,2.82513291,0.56506448,0.49136493,0.51909436,1.35264796
43.9100,0.50695202,2.82516553,0.56508876,0.49137079,0.51907904,1.35270682
43.9200,0.50694536,2.82519812,0.56511303,0.49137664,0.51906372,1.35276565
43.9300,0.50693870,2.82523068,0.56513728,0.49138248,0.51904842,1.35282444
43.9400,0.50693205,2.82526322,0.56516152,0.49138832,0.51903312,1.35288321
43.9500,0.50692540,2.82529573,0.56518574,0.49139415,0.51901783,1.35294194
43.9600,0.50691876,2.82532821,0.56520994,0.49139998,0.51900255,1.35300063
43.9700,0.50691213,2.82536066,0.56523412,0.49140580,0.51898728,1.35305930
43.9800,0.50690550,2.82539309,0.56525828,0.49141161,0.51897201,1.35311793
43.9900,0.50689888,2.82542549,0.56528243,0.49141742,0.51895676,1.35317653
44.0000,0.50689226,2.82545786,0.56530656,0.49142322,0.51894152,1.35323509
44.0100,0.50688565,2.82549021,0.56533068,0.49142902,0.51892628,1.35329362
44.0200,0.50687904,2.82552253,0.56535478,0.49143481,0.51891105,1.35335212
44.0300,0.50687244,2.82555482,0.56537886,0.49144059,0.51889583,1.35341059
44.0400,0.50686585,2.82558708,0.56540292,0.49144637,0.51888062,1.35346903
44.0500,0.50685926,2.82561932,0.56542696,0.49145214,0.51886542,1.35352743
44.0600,0.50685268,2.82565153,0.56545099,0.49145791,0.51885023,1.35358580
44.0700,0.50684610,2.82568371,0.56547501,0.49146367,0.51883504,1.35364413
44.0800,0.50683953,2.82571587,0.56549900,0.49146942,0.51881987,1.35370243
44.0900,0.50683297,2.82574799,0.56552298,0.49147517,0.51880470,1.35376070
44.1000,0.50682641,2.82578010,0.56554694,0.49148091,0.51878954,1.35381894
44.1100,0.50681985,2.82581217,0.56557088,0.49148665,0.51877439,1.35387715
44.1200,0.50681331,2.82584422,0.56559481,0.49149238,0.51875925,1.35393532
44.1300,0.50680676,2.82587624,0.56561872,0.49149810,0.51874412,1.35399346
44.1400,0.50680023,2.82590823,0.56564261,0.49150382,0.51872900,1.35405156
44.1500,0.50679370,2.82594020,0.56566649,0.49150954,0.51871389,1.35410964
44.1600,0.50678717,2.82597214,0.56569035,0.49151524,0.51869878,1.35416768
44.1700,0.50678065,2.82600406,0.56571419,0.49152094,0.51868368,1.35422569
44.1800,0.50677414,2.82603594,0.56573801,0.49152664,0.51866860,1.35428366
44.1900,0.50676763,2.82606780,0.56576182,0.49153233,0.51865352,1.35434160
44.2000,0.50676113,2.82609964,0.56578561,0.49153801,0.51863845,1.35439951
44.2100,0.50675463,2.82613144,0.56580939,0.49154369,0.51862338,1.35445739
44.2200,0.50674814,2.82616322,0.56583314,0.49154936,0.51860833,1.35451524
44.2300,0.50674165,2.82619498,0.56585688,0.49155503,0.51859329,1.35457305
44.2400,0.50673517,2.82622670,0.56588061,0.49156069,0.51857825,1.35463083
44.2500,0.50672870,2.82625840,0.56590431,0.49156635,0.51856322,1.35468858
44.2600,0.50672223,2.82629008,0.56592800,0.49157199,0.51854820,1.35474629
44.2700,0.50671577,2.82632172,0.56595168,0.49157764,0.51853320,1.35480397
44.2800,0.50670931,2.82635334,0.56597533,0.49158327,0.51851819,1.35486162
44.2900,0.50670286,2.82638494,0.56599897,0.49158891,0.51850320,1.35491924
44.3000,0.50669641,2.82641651,0.56602260,0.49159453,0.51848822,1.35497682
44.3100,0.50668997,2.82644805,0.56604620,0.49160015,0.51847324,1.35503437
44.3200,0.50668354,2.82647956,0.56606979,0.49160577,0.51845828,1.35509189
44.3300,0.50667711,2.82651105,0.56609336,0.49161138,0.51844332,1.35514938
44.3400,0.50667068,2.82654251,0.56611692,0.49161698,0.51842837,1.35520683
44.3500,0.50666426,2.82657395,0.56614046,0.49162257,0.51841343,1.35526426
44.3600,0.50665785,2.82660536,0.56616398,0.49162817,0.51839850,1.35532165
44.3700,0.50665144,2.82663674,0.56618748,0.49163375,0.51838358,1.35537900
44.3800,0.50664504,2.82666810,0.56621097,0.49163933,0.51836866,1.35543633
44.3900,0.50663865,2.82669943,0.56623445,0.49164491,0.51835376,1.35549362
44.4000,0.50663226,2.82673073,0.56625790,0.49165047,0.51833886,1.35555088
44.4100,0.50662587,2.82676201,0.56628134,0.49165604,0.51832397,1.35560810
44.4200,0.50661949,2.82679326,0.56630476,0.49166159,0.51830909,1.35566530
44.4300,0.50661312,2.82682448,0.56632817,0.49166714,0.51829422,1.35572246
44.4400,0.50660675,2.82685568,0.56635156,0.49167269,0.51827936,1.35577959
44.4500,0.50660039,2.82688686,0.56637493,0.49167823,0.51826451,1.35583669
44.4600,0.50659403,2.82691800,0.56639828,0.49168376,0.51824966,1.35589375
44.4700,0.50658768,2.82694912,0.56642162,0.49168929,0.51823483,1.35595079
44.4800,0.50658133,2.82698022,0.56644494,0.49169482,0.51822000,1.35600779
44.4900,0.50657499,2.82701129,0.56646825,0.49170033,0.51820518,1.35606475
44.5000,0.50656866,2.82704233,0.56649154,0.49170584,0.51819037,1.35612169
44.5100,0.50656233,2.82707335,0.56651481,0.49171135,0.51817557,1.35617859
44.5200,0.50655600,2.82710434,0.56653807,0.49171685,0.51816077,1.35623546
44.5300,0.50654968,2.82713530,0.56656131,0.49172235,0.51814599,1.35629230
44.5400,0.50654337,2.82716624,0.56658453,0.49172783,0.51813121,1.35634911
44.5500,0.50653706,2.82719716,0.56660774,0.49173332,0.51811645,1.35640588
44.5600,0.50653076,2.82722804,0.56663093,0.49173880,0.51810169,1.35646262
44.5700,0.50652446,2.82725890,0.56665410,0.49174427,0.51808694,1.35651933
44.5800,0.50651817,2.82728974,0.56667726,0.49174973,0.51807220,1.35657601
44.5900,0.50651189,2.82732055,0.56670040,0.49175519,0.51805746,1.35663266
44.6000,0.50650561,2.82735133,0.56672352,0.49176065,0.51804274,1.35668927
44.6100,0.50649933,2.82738209,0.56674663,0.49176610,0.51802803,1.35674585
44.6200,0.50649306,2.82741282,0.56676972,0.49177154,0.51801332,1.35680240
44.6300,0.50648680,2.82744353,0.56679279,0.49177698,0.51799862,1.35685892
44.6400,0.50648054,2.82747421,0.56681585,0.49178241,0.51798393,1.35691540
44.6500,0.50647429,2.82750487,0.56683889,0.49178784,0.51796925,1.35697185
44.6600,0.50646804,2.82753549,0.56686192,0.49179326,0.51795458,1.35702827
44.6700,0.50646180,2.82756610,0.56688493,0.49179868,0.51793991,1.35708466
44.6800,0.50645556,2.82759668,0.56690792,0.49180409,0.51792526,1.35714101
44.6900,0.50644933,2.82762723,0.56693090,0.49180950,0.51791061,1.35719734
44.7000,0.50644310,2.82765776,0.56695386,0.49181489,0.51789597,1.35725363
44.7100,0.50643688,2.82768826,0.56697680,0.49182029,0.51788134,1.35730989
44.7200,0.50643067,2.82771873,0.56699973,0.49182568,0.51786672,1.35736612
44.7300,0.50642446,2.82774918,0.56702264,0.49183106,0.51785211,1.35742231
44.7400,0.50641825,2.82777961,0.56704554,0.49183644,0.51783751,1.35747847
44.7500,0.50641205,2.82781001,0.56706841,0.49184181,0.51782291,1.35753461
44.7600,0.50640586,2.82784038,0.56709128,0.49184718,0.51780833,1.35759070
44.7700,0.50639967,2.82787073,0.56711412,0.49185254,0.51779375,1.35764677
44.7800,0.50639349,2.82790106,0.56713695,0.49185789,0.51777918,1.35770281
44.7900,0.50638731,2.82793135,0.56715976,0.49186324,0.51776462,1.35775881
44.8000,0.50638114,2.82796163,0.56718256,0.49186859,0.51775006,1.35781478
44.8100,0.50637497,2.82799187,0.56720534,0.49187393,0.51773552,1.35787072
44.8200,0.50636881,2.82802210,0.56722811,0.49187926,0.51772099,1.35792663
44.8300,0.50636265,2.82805229,0.56725086,0.49188459,0.51770646,1.35798250
44.8400,0.50635650,2.82808246,0.56727359,0.49188991,0.51769194,1.35803835
44.8500,0.50635035,2.82811261,0.56729631,0.49189523,0.51767743,1.35809416
44.8600,0.50634421,2.82814273,0.56731901,0.49190054,0.51766293,1.35814994
44.8700,0.50633808,2.82817283,0.56734169,0.49190584,0.51764844,1.35820568
44.8800,0.50633195,2.82820290,0.56736436,0.49191114,0.51763395,1.35826140
44.8900,0.50632582,2.82823294,0.56738701,0.49191644,0.51761948,1.35831708
44.9000,0.50631971,2.82826297,0.56740964,0.49192173,0.51760501,1.35837273
44.9100,0.50631359,2.82829296,0.56743226,0.49192701,0.51759055,1.35842835
44.9200,0.50630748,2.82832293,0.56745487,0.49193229,0.51757610,1.35848394
44.9300,0.50630138,2.82835288,0.56747745,0.49193757,0.51756166,1.35853950
44.9400,0.50629528,2.82838280,0.56750002,0.49194283,0.51754723,1.35859502
44.9500,0.50628919,2.82841269,0.56752258,0.49194810,0.51753280,1.35865052
44.9600,0.50628310,2.82844256,0.56754512,0.49195335,0.51751839,1.35870598
44.9700,0.50627702,2.82847241,0.56756764,0.49195861,0.51750398,1.35876140
44.9800,0.50627094,2.82850223,0.56759015,0.49196385,0.51748958,1.35881680
44.9900,0.50626487,2.82853202,0.56761264,0.49196909,0.51747519,1.35887217
45.0000,0.50625880,2.82856179,0.56763511,0.49197433,0.51746081,1.35892750
45.0100,0.50625274,2.82859154,0.56765757,0.49197956,0.51744644,1.35898280
45.0200,0.50624669,2.82862126,0.56768002,0.49198478,0.51743207,1.35903807
45.0300,0.50624064,2.82865096,0.56770244,0.49199000,0.51741772,1.35909331
45.0400,0.50623459,2.82868063,0.56772485,0.49199522,0.51740337,1.35914852
45.0500,0.50622855,2.82871027,0.56774725,0.49200043,0.51738903,1.35920369
45.0600,0.50622252,2.82873990,0.56776963,0.49200563,0.51737470,1.35925884
45.0700,0.50621649,2.82876949,0.56779199,0.49201083,0.51736038,1.35931395
45.0800,0.50621046,2.82879907,0.56781434,0.49201602,0.51734606,1.35936903
45.0900,0.50620444,2.82882861,0.56783667,0.49202121,0.51733176,1.35942408
45.1000,0.50619843,2.82885814,0.56785898,0.49202639,0.51731746,1.35947909
45.1100,0.50619242,2.82888763,0.56788128,0.49203157,0.51730317,1.35953408
45.1200,0.50618642,2.82891711,0.56790357,0.49203674,0.51728889,1.35958903
45.1300,0.50618042,2.82894656,0.56792583,0.49204191,0.51727462,1.35964395
45.1400,0.50617443,2.82897598,0.56794809,0.49204707,0.51726036,1.35969884
45.1500,0.50616844,2.82900538,0.56797032,0.49205222,0.51724610,1.35975370
45.1600,0.50616245,2.82903476,0.56799254,0.49205737,0.51723186,1.35980853
45.1700,0.50615648,2.82906411,0.56801475,0.49206252,0.51721762,1.35986332
45.1800,0.50615050,2.82909343,0.56803693,0.49206766,0.51720339,1.35991809
45.1900,0.50614454,2.82912273,0.56805911,0.49207279,0.51718917,1.35997282
45.2000,0.50613857,2.82915201,0.56808126,0.49207792,0.51717496,1.36002752
45.2100,0.50613262,2.82918126,0.56810341,0.49208305,0.51716075,1.36008219
45.2200,0.50612666,2.82921049,0.56812553,0.49208817,0.51714656,1.36013683
45.2300,0.50612072,2.82923970,0.56814764,0.49209328,0.51713237,1.36019143
45.2400,0.50611478,2.82926888,0.56816973,0.49209839,0.51711819,1.36024601
45.2500,0.50610884,2.82929803,0.56819181,0.49210349,0.51710402,1.36030055
45.2600,0.50610291,2.82932716,0.56821387,0.49210859,0.51708986,1.36035506
45.2700,0.50609698,2.82935627,0.56823592,0.49211368,0.51707571,1.36040954
45.2800,0.50609106,2.82938535,0.56825795,0.49211877,0.51706156,1.36046399
45.2900,0.50608514,2.82941441,0.56827997,0.49212385,0.51704743,1.36051841
45.3000,0.50607923,2.82944344,0.56830197,0.49212893,0.51703330,1.36057280
45.3100,0.50607333,2.82947245,0.56832395,0.49213400,0.51701918,1.36062715
45.3200,0.50606743,2.82950144,0.56834592,0.49213907,0.51700507,1.36068148
45.3300,0.50606153,2.82953040,0.56836787,0.49214413,0.51699097,1.36073577
45.3400,0.50605564,2.82955934,0.56838981,0.49214918,0.51697687,1.36079003
45.3500,0.50604976,2.82958825,0.56841173,0.49215423,0.51696279,1.36084426
45.3600,0.50604388,2.82961714,0.56843363,0.49215928,0.51694871,1.36089845
45.3700,0.50603800,2.82964600,0.56845552,0.49216432,0.51693464,1.36095262
45.3800,0.50603213,2.82967484,0.56847740,0.49216936,0.51692058,1.36100676
45.3900,0.50602626,2.82970366,0.56849926,0.49217439,0.51690653,1.36106086
45.4000,0.50602040,2.82973245,0.56852110,0.49217941,0.51689248,1.36111493
45.4100,0.50601455,2.82976122,0.56854293,0.49218443,0.51687845,1.36116897
45.4200,0.50600870,2.82978996,0.56856474,0.49218945,0.51686442,1.36122298
45.4300,0.50600285,2.82981868,0.56858654,0.49219445,0.51685040,1.36127696
45.4400,0.50599701,2.82984738,0.56860832,0.49219946,0.51683639,1.36133091
45.4500,0.50599118,2.82987605,0.56863008,0.49220446,0.51682239,1.36138483
45.4600,0.50598535,2.82990470,0.56865183,0.49220945,0.51680840,1.36143871
45.4700,0.50597953,2.82993333,0.56867357,0.49221444,0.51679441,1.36149257
45.4800,0.50597371,2.82996193,0.56869528,0.49221943,0.51678043,1.36154639
45.4900,0.50596789,2.82999050,0.56871699,0.49222440,0.51676647,1.36160018
45.5000,0.50596208,2.83001906,0.56873868,0.49222938,0.51675251,1.36165394
45.5100,0.50595628,2.83004759,0.56876035,0.49223435,0.51673855,1.36170767
45.5200,0.50595048,2.83007609,0.56878200,0.49223931,0.51672461,1.36176137
45.5300,0.50594468,2.83010457,0.56880365,0.49224427,0.51671067,1.36181503
45.5400,0.50593889,2.83013303,0.56882527,0.49224922,0.51669675,1.36186867
45.5500,0.50593311,2.83016147,0.56884688,0.49225417,0.51668283,1.36192227
45.5600,0.50592733,2.83018988,0.56886848,0.49225911,0.51666892,1.36197585
45.5700,0.50592155,2.83021826,0.56889006,0.49226405,0.51665502,1.36202939
45.5800,0.50591578,2.83024663,0.56891162,0.49226898,0.51664113,1.36208290
45.5900,0.50591002,2.83027497,0.56893317,0.49227391,0.51662724,1.36213638
45.6000,0.50590426,2.83030328,0.56895470,0.49227883,0.51661336,1.36218983
45.6100,0.50589850,2.83033158,0.56897622,0.49228375,0.51659950,1.36224325
45.6200,0.50589275,2.83035985,0.56899773,0.49228867,0.51658564,1.36229663
45.6300,0.50588701,2.83038809,0.56901921,0.49229357,0.51657178,1.36234999
45.6400,0.50588127,2.83041631,0.56904069,0.49229848,0.51655794,1.36240331
45.6500,0.50587553,2.83044451,0.56906214,0.49230337,0.51654411,1.36245661
45.6600,0.50586980,2.83047269,0.56908358,0.49230827,0.51653028,1.36250987
45.6700,0.50586408,2.83050084,0.56910501,0.49231315,0.51651646,1.36256310
45.6800,0.50585836,2.83052896,0.56912642,0.49231804,0.51650265,1.36261630
45.6900,0.50585264,2.83055707,0.56914782,0.49232291,0.51648885,1.36266947
45.7000,0.50584693,2.83058515,0.56916920,0.49232779,0.51647505,1.36272261
45.7100,0.50584123,2.83061321,0.56919056,0.49233265,0.51646127,1.36277572
45.7200,0.50583553,2.83064124,0.56921191,0.49233752,0.51644749,1.36282880
45.7300,0.50582983,2.83066925,0.56923325,0.49234237,0.51643372,1.36288184
45.7400,0.50582414,2.83069724,0.56925457,0.49234723,0.51641996,1.36293486
45.7500,0.50581846,2.83072520,0.56927587,0.49235207,0.51640621,1.36298784
45.7600,0.50581277,2.83075315,0.56929716,0.49235692,0.51639247,1.36304079
45.7700,0.50580710,2.83078106,0.56931843,0.49236175,0.51637873,1.36309372
45.7800,0.50580143,2.83080896,0.56933969,0.49236659,0.51636501,1.36314661
45.7900,0.50579576,2.83083683,0.56936094,0.49237141,0.51635129,1.36319947
45.8000,0.50579010,2.83086468,0.56938217,0.49237624,0.51633758,1.36325230
45.8100,0.50578444,2.83089250,0.56940338,0.49238106,0.51632387,1.36330510
45.8200,0.50577879,2.83092030,0.56942458,0.49238587,0.51631018,1.36335787
45.8300,0.50577315,2.83094808,0.56944576,0.49239068,0.51629649,1.36341060
45.8400,0.50576750,2.83097584,0.56946693,0.49239548,0.51628282,1.36346331
45.8500,0.50576187,2.83100357,0.56948808,0.49240028,0.51626915,1.36351599
45.8600,0.50575623,2.83103128,0.56950922,0.49240507,0.51625549,1.36356863
45.8700,0.50575061,2.83105896,0.56953034,0.49240986,0.51624183,1.36362125
45.8800,0.50574499,2.83108663,0.56955145,0.49241464,0.51622819,1.36367383
45.8900,0.50573937,2.83111427,0.56957254,0.49241942,0.51621455,1.36372638
45.9000,0.50573375,2.83114188,0.56959362,0.49242419,0.51620092,1.36377890
45.9100,0.50572815,2.83116948,0.56961468,0.49242896,0.51618731,1.36383140
45.9200,0.50572254,2.83119705,0.56963573,0.49243373,0.51617369,1.36388386
45.9300,0.50571695,2.83122460,0.56965676,0.49243848,0.51616009,1.36393629
45.9400,0.50571135,2.83125212,0.56967778,0.49244324,0.51614650,1.36398869
45.9500,0.50570576,2.83127963,0.56969878,0.49244799,0.51613291,1.36404105
45.9600,0.50570018,2.83130710,0.56971976,0.49245273,0.51611933,1.36409339
45.9700,0.50569460,2.83133456,0.56974074,0.49245747,0.51610576,1.36414570
45.9800,0.50568903,2.83136200,0.56976169,0.49246220,0.51609220,1.36419798
45.9900,0.50568346,2.83138941,0.56978264,0.49246693,0.51607864,1.36425022
46.0000,0.50567789,2.83141679,0.56980356,0.49247166,0.51606510,1.36430244
46.0100,0.50567233,2.83144416,0.56982448,0.49247638,0.51605156,1.36435462
46.0200,0.50566678,2.83147150,0.56984537,0.49248109,0.51603803,1.36440678
46.0300,0.50566123,2.83149882,0.56986626,0.49248580,0.51602451,1.36445890
46.0400,0.50565568,2.83152612,0.56988712,0.49249051,0.51601100,1.36451099
46.0500,0.50565014,2.83155339,0.56990798,0.49249521,0.51599749,1.36456306
46.0600,0.50564460,2.83158064,0.56992881,0.49249990,0.51598400,1.36461509
46.0700,0.50563907,2.83160787,0.56994964,0.49250460,0.51597051,1.36466709
46.0800,0.50563355,2.83163508,0.56997044,0.49250928,0.51595703,1.36471906
46.0900,0.50562803,2.83166226,0.56999124,0.49251396,0.51594356,1.36477100
46.1000,0.50562251,2.83168942,0.57001202,0.49251864,0.51593009,1.36482291
46.1100,0.50561700,2.83171656,0.57003278,0.49252331,0.51591664,1.36487479
46.1200,0.50561149,2.83174368,0.57005353,0.49252798,0.51590319,1.36492664
46.1300,0.50560599,2.83177077,0.57007426,0.49253264,0.51588975,1.36497846
46.1400,0.50560049,2.83179784,0.57009498,0.49253730,0.51587632,1.36503025
46.1500,0.50559499,2.83182489,0.57011568,0.49254195,0.51586290,1.36508201
46.1600,0.50558951,2.83185192,0.57013637,0.49254660,0.51584948,1.36513373
46.1700,0.50558402,2.83187892,0.57015705,0.49255124,0.51583607,1.36518543
46.1800,0.50557854,2.83190590,0.57017771,0.49255588,0.51582268,1.36523710
46.1900,0.50557307,2.83193286,0.57019835,0.49256051,0.51580929,1.36528873
46.2000,0.50556760,2.83195980,0.57021898,0.49256514,0.51579590,1.36534034
46.2100,0.50556213,2.83198671,0.57023960,0.49256976,0.51578253,1.36539192
46.2200,0.50555667,2.83201360,0.57026020,0.49257438,0.51576916,1.36544346
46.2300,0.50555122,2.83204047,0.57028078,0.49257900,0.51575581,1.36549498
46.2400,0.50554577,2.83206732,0.57030136,0.49258361,0.51574246,1.36554646
46.2500,0.50554032,2.83209414,0.57032191,0.49258821,0.51572912,1.36559792
46.2600,0.50553488,2.83212094,0.57034245,0.49259281,0.51571578,1.36564934
46.2700,0.50552944,2.83214772,0.57036298,0.49259741,0.51570246,1.36570073
46.2800,0.50552401,2.83217448,0.57038349,0.49260200,0.51568914,1.36575210
46.2900,0.50551858,2.83220122,0.57040399,0.49260658,0.51567583,1.36580343
46.3000,0.50551316,2.83222793,0.57042447,0.49261116,0.51566253,1.36585473
46.3100,0.50550774,2.83225462,0.57044494,0.49261574,0.51564924,1.36590600
46.3200,0.50550233,2.83228129,0.57046540,0.49262031,0.51563595,1.36595725
46.3300,0.50549692,2.83230793,0.57048584,0.49262488,0.51562268,1.36600846
46.3400,0.50549152,2.83233456,0.57050626,0.49262944,0.51560941,1.36605964
46.3500,0.50548612,2.83236116,0.57052667,0.49263400,0.51559615,1.36611079
46.3600,0.50548072,2.83238774,0.57054707,0.49263855,0.51558290,1.36616191
46.3700,0.50547533,2.83241430,0.57056745,0.49264310,0.51556965,1.36621301
46.3800,0.50546994,2.83244083,0.57058781,0.49264764,0.51555642,1.36626407
46.3900,0.50546456,2.83246735,0.57060817,0.49265218,0.51554319,1.36631510
46.4000,0.50545919,2.83249384,0.57062850,0.49265672,0.51552997,1.36636610
46.4100,0.50545381,2.83252031,0.57064883,0.49266125,0.51551676,1.36641707
46.4200,0.50544845,2.83254676,0.57066913,0.49266577,0.51550356,1.36646801
46.4300,0.50544309,2.83257318,0.57068943,0.49267029,0.51549036,1.36651892
46.4400,0.50543773,2.83259959,0.57070971,0.49267481,0.51547717,1.36656980
46.4500,0.50543237,2.83262597,0.57072997,0.49267932,0.51546399,1.36662065
46.4600,0.50542702,2.83265233,0.57075022,0.49268383,0.51545082,1.36667147
46.4700,0.50542168,2.83267867,0.57077046,0.49268833,0.51543766,1.36672226
46.4800,0.50541634,2.83270498,0.57079068,0.49269283,0.51542451,1.36677302
46.4900,0.50541101,2.83273128,0.57081088,0.49269732,0.51541136,1.36682375
46.5000,0.50540568,2.83275755,0.57083108,0.49270181,0.51539822,1.36687445
46.5100,0.50540035,2.83278380,0.57085125,0.49270629,0.51538509,1.36692512
46.5200,0.50539503,2.83281003,0.57087142,0.49271077,0.51537197,1.36697576
46.5300,0.50538971,2.83283624,0.57089157,0.49271524,0.51535885,1.36702637
46.5400,0.50538440,2.83286242,0.57091170,0.49271971,0.51534574,1.36707696
46.5500,0.50537909,2.83288859,0.57093182,0.49272418,0.51533265,1.36712751
46.5600,0.50537379,2.83291473,0.57095193,0.49272864,0.51531956,1.36717803
46.5700,0.50536849,2.83294085,0.57097202,0.49273309,0.51530647,1.36722852
46.5800,0.50536320,2.83296695,0.57099209,0.49273754,0.51529340,1.36727898
46.5900,0.50535791,2.83299303,0.57101216,0.49274199,0.51528033,1.36732941
46.6000,0.50535262,2.83301908,0.57103221,0.49274643,0.51526727,1.36737981
46.6100,0.50534734,2.83304512,0.57105224,0.49275087,0.51525422,1.36743018
46.6200,0.50534206,2.83307113,0.57107226,0.49275530,0.51524118,1.36748052
46.6300,0.50533679,2.83309712,0.57109226,0.49275973,0.51522815,1.36753083
46.6400,0.50533153,2.83312309,0.57111226,0.49276416,0.51521512,1.36758111
46.6500,0.50532626,2.83314903,0.57113223,0.49276858,0.51520210,1.36763136
46.6600,0.50532101,2.83317496,0.57115219,0.49277299,0.51518909,1.36768159
46.6700,0.50531575,2.83320086,0.57117214,0.49277740,0.51517609,1.36773178
46.6800,0.50531050,2.83322675,0.57119208,0.49278181,0.51516310,1.36778194
46.6900,0.50530526,2.83325261,0.57121200,0.49278621,0.51515011,1.36783207
46.7000,0.50530002,2.83327845,0.57123190,0.49279060,0.51513713,1.36788217
46.7100,0.50529478,2.83330427,0.57125179,0.49279500,0.51512416,1.36793225
46.7200,0.50528955,2.83333006,0.57127167,0.49279938,0.51511120,1.36798229
46.7300,0.50528433,2.83335584,0.57129153,0.49280377,0.51509824,1.36803230
46.7400,0.50527911,2.83338159,0.57131138,0.49280815,0.51508530,1.36808229
46.7500,0.50527389,2.83340733,0.57133121,0.49281252,0.51507236,1.36813224
46.7600,0.50526867,2.83343304,0.57135103,0.49281689,0.51505943,1.36818216
46.7700,0.50526347,2.83345873,0.57137084,0.49282125,0.51504651,1.36823206
46.7800,0.50525826,2.83348440,0.57139063,0.49282562,0.51503359,1.36828192
46.7900,0.50525306,2.83351005,0.57141041,0.49282997,0.51502069,1.36833176
46.8000,0.50524787,2.83353567,0.57143017,0.49283432,0.51500779,1.36838156
46.8100,0.50524268,2.83356128,0.57144992,0.49283867,0.51499490,1.36843134
46.8200,0.50523749,2.83358686,0.57146965,0.49284301,0.51498201,1.36848108
46.8300,0.50523231,2.83361242,0.57148937,0.49284735,0.51496914,1.36853080
46.8400,0.50522713,2.83363796,0.57150908,0.49285169,0.51495627,1.36858049
46.8500,0.50522196,2.83366348,0.57152877,0.49285602,0.51494341,1.36863014
46.8600,0.50521679,2.83368898,0.57154845,0.49286034,0.51493056,1.36867977
46.8700,0.50521163,2.83371446,0.57156812,0.49286466,0.51491772,1.36872937
46.8800,0.50520647,2.83373992,0.57158777,0.49286898,0.51490489,1.36877894
46.8900,0.50520131,2.83376535,0.57160740,0.49287329,0.51489206,1.36882848
46.9000,0.50519616,2.83379077,0.57162702,0.49287760,0.51487924,1.36887799
46.9100,0.50519101,2.83381616,0.57164663,0.49288190,0.51486643,1.36892747
46.9200,0.50518587,2.83384153,0.57166623,0.49288620,0.51485363,1.36897692
46.9300,0.50518073,2.83386689,0.57168581,0.49289049,0.51484083,1.36902634
46.9400,0.50517560,2.83389222,0.57170537,0.49289478,0.51482804,1.36907573
46.9500,0.50517047,2.83391753,0.57172492,0.49289907,0.51481527,1.36912509
46.9600,0.50516535,2.83394281,0.57174446,0.49290335,0.51480249,1.36917442
46.9700,0.50516023,2.83396808,0.57176399,0.49290762,0.51478973,1.36922373
46.9800,0.50515511,2.83399333,0.57178350,0.49291189,0.51477697,1.36927300
46.9900,0.50515000,2.83401855,0.57180299,0.49291616,0.51476423,1.36932224
47.0000,0.50514489,2.83404376,0.57182247,0.49292042,0.51475149,1.36937146
47.0100,0.50513979,2.83406894,0.57184194,0.49292468,0.51473876,1.36942064
47.0200,0.50513469,2.83409411,0.57186140,0.49292894,0.51472603,1.36946980
47.0300,0.50512960,2.83411925,0.57188084,0.49293319,0.51471332,1.36951892
47.0400,0.50512451,2.83414437,0.57190026,0.49293743,0.51470061,1.36956802
47.0500,0.50511943,2.83416947,0.57191967,0.49294167,0.51468791,1.36961709
47.0600,0.50511434,2.83419455,0.57193907,0.49294591,0.51467521,1.36966613
47.0700,0.50510927,2.83421961,0.57195846,0.49295014,0.51466253,1.36971514
47.0800,0.50510420,2.83424465,0.57197783,0.49295437,0.51464985,1.36976412
47.0900,0.50509913,2.83426966,0.57199718,0.49295860,0.51463718,1.36981307
47.1000,0.50509407,2.83429466,0.57201653,0.49296282,0.51462452,1.36986199
47.1100,0.50508901,2.83431964,0.57203586,0.49296703,0.51461187,1.36991088
47.1200,0.50508395,2.83434459,0.57205517,0.49297124,0.51459923,1.36995974
47.1300,0.50507890,2.83436953,0.57207447,0.49297545,0.51458659,1.37000857
47.1400,0.50507386,2.83439444,0.57209376,0.49297965,0.51457396,1.37005738
47.1500,0.50506881,2.83441933,0.57211303,0.49298385,0.51456134,1.37010615
47.1600,0.50506378,2.83444421,0.57213229,0.49298804,0.51454872,1.37015490
47.1700,0.50505874,2.83446906,0.57215154,0.49299223,0.51453612,1.37020361
47.1800,0.50505371,2.83449389,0.57217077,0.49299642,0.51452352,1.37025230
47.1900,0.50504869,2.83451870,0.57218999,0.49300060,0.51451093,1.37030096
47.2000,0.50504367,2.83454349,0.57220919,0.49300477,0.51449835,1.37034959
47.2100,0.50503865,2.83456826,0.57222838,0.49300895,0.51448577,1.37039819
47.2200,0.50503364,2.83459301,0.57224756,0.49301311,0.51447321,1.37044676
47.2300,0.50502863,2.83461774,0.57226673,0.49301728,0.51446065,1.37049530
47.2400,0.50502363,2.83464245,0.57228587,0.49302144,0.51444810,1.37054381
47.2500,0.50501863,2.83466713,0.57230501,0.49302559,0.51443555,1.37059229
47.2600,0.50501364,2.83469180,0.57232413,0.49302974,0.51442302,1.37064075
47.2700,0.50500865,2.83471645,0.57234324,0.49303389,0.51441049,1.37068917
47.2800,0.50500366,2.83474108,0.57236234,0.49303803,0.51439797,1.37073757
47.2900,0.50499868,2.83476568,0.57238142,0.49304217,0.51438546,1.37078593
47.3000,0.50499370,2.83479027,0.57240048,0.49304630,0.51437295,1.37083427
47.3100,0.50498873,2.83481483,0.57241954,0.49305043,0.51436046,1.37088258
47.3200,0.50498376,2.83483938,0.57243858,0.49305456,0.51434797,1.37093086
47.3300,0.50497880,2.83486390,0.57245760,0.49305868,0.51433549,1.37097911
47.3400,0.50497384,2.83488841,0.57247662,0.49306279,0.51432302,1.37102733
47.3500,0.50496888,2.83491289,0.57249562,0.49306691,0.51431055,1.37107552
47.3600,0.50496393,2.83493736,0.57251460,0.49307101,0.51429809,1.37112369
47.3700,0.50495898,2.83496180,0.57253357,0.49307512,0.51428564,1.37117182
47.3800,0.50495404,2.83498622,0.57255253,0.49307922,0.51427320,1.37121993
47.3900,0.50494910,2.83501063,0.57257148,0.49308331,0.51426077,1.37126800
47.4000,0.50494416,2.83503501,0.57259041,0.49308740,0.51424834,1.37131605
47.4100,0.50493923,2.83505937,0.57260932,0.49309149,0.51423592,1.37136407
47.4200,0.50493430,2.83508371,0.57262823,0.49309557,0.51422351,1.37141206
47.4300,0.50492938,2.83510804,0.57264712,0.49309965,0.51421111,1.37146002
47.4400,0.50492446,2.83513234,0.57266600,0.49310373,0.51419872,1.37150795
47.4500,0.50491955,2.83515662,0.57268486,0.49310780,0.51418633,1.37155585
47.4600,0.50491464,2.83518088,0.57270371,0.49311186,0.51417395,1.37160373
47.4700,0.50490973,2.83520513,0.57272255,0.49311593,0.51416158,1.37165157
47.4800,0.50490483,2.83522935,0.57274137,0.49311998,0.51414921,1.37169939
47.4900,0.50489994,2.83525355,0.57276018,0.49312404,0.51413686,1.37174718
47.5000,0.50489504,2.83527773,0.57277897,0.49312809,0.51412451,1.37179493
47.5100,0.50489015,2.83530189,0.57279775,0.49313213,0.51411217,1.37184266
47.5200,0.50488527,2.83532604,0.57281652,0.49313617,0.51409983,1.37189036
47.5300,0.50488039,2.83535016,0.57283528,0.49314021,0.51408751,1.37193804
47.5400,0.50487551,2.83537426,0.57285402,0.49314424,0.51407519,1.37198568
47.5500,0.50487064,2.83539834,0.57287275,0.49314827,0.51406288,1.37203330
47.5600,0.50486577,2.83542241,0.57289146,0.49315230,0.51405058,1.37208088
47.5700,0.50486091,2.83544645,0.57291017,0.49315632,0.51403828,1.37212844
47.5800,0.50485605,2.83547047,0.57292885,0.49316033,0.51402600,1.37217597
47.5900,0.50485119,2.83549447,0.57294753,0.49316435,0.51401372,1.37222347
47.6000,0.50484634,2.83551846,0.57296619,0.49316835,0.51400145,1.37227094
47.6100,0.50484149,2.83554242,0.57298484,0.49317236,0.51398918,1.37231838
47.6200,0.50483665,2.83556636,0.57300347,0.49317636,0.51397693,1.37236579
47.6300,0.50483181,2.83559028,0.57302209,0.49318035,0.51396468,1.37241318
47.6400,0.50482698,2.83561419,0.57304070,0.49318434,0.51395244,1.37246054
47.6500,0.50482214,2.83563807,0.57305929,0.49318833,0.51394021,1.37250786
47.6600,0.50481732,2.83566194,0.57307788,0.49319232,0.51392798,1.37255516
47.6700,0.50481249,2.83568578,0.57309644,0.49319629,0.51391576,1.37260243
47.6800,0.50480768,2.83570960,0.57311500,0.49320027,0.51390355,1.37264967
47.6900,0.50480286,2.83573341,0.57313354,0.49320424,0.51389135,1.37269689
47.7000,0.50479805,2.83575719,0.57315207,0.49320821,0.51387916,1.37274407
47.7100,0.50479325,2.83578096,0.57317058,0.49321217,0.51386697,1.37279123
47.7200,0.50478844,2.83580471,0.57318908,0.49321613,0.51385479,1.37283836
47.7300,0.50478365,2.83582843,0.57320757,0.49322008,0.51384262,1.37288545
47.7400,0.50477885,2.83585214,0.57322604,0.49322404,0.51383046,1.37293253
47.7500,0.50477406,2.83587583,0.57324451,0.49322798,0.51381830,1.37297957
47.7600,0.50476928,2.83589949,0.57326295,0.49323192,0.51380615,1.37302658
47.7700,0.50476449,2.83592314,0.57328139,0.49323586,0.51379401,1.37307357
47.7800,0.50475972,2.83594677,0.57329981,0.49323980,0.51378188,1.37312052
47.7900,0.50475494,2.83597038,0.57331822,0.49324373,0.51376975,1.37316745
47.8000,0.50475017,2.83599397,0.57333661,0.49324765,0.51375763,1.37321435
47.8100,0.50474541,2.83601754,0.57335500,0.49325158,0.51374552,1.37326122
47.8200,0.50474065,2.83604109,0.57337336,0.49325549,0.51373342,1.37330806
47.8300,0.50473589,2.83606462,0.57339172,0.49325941,0.51372133,1.37335488
47.8400,0.50473114,2.83608813,0.57341006,0.49326332,0.51370924,1.37340166
47.8500,0.50472639,2.83611162,0.57342839,0.49326723,0.51369716,1.37344842
47.8600,0.50472164,2.83613509,0.57344671,0.49327113,0.51368509,1.37349515
47.8700,0.50471690,2.83615855,0.57346501,0.49327503,0.51367302,1.37354185
47.8800,0.50471216,2.83618198,0.57348330,0.49327892,0.51366097,1.37358852
47.8900,0.50470743,2.83620540,0.57350158,0.49328281,0.51364892,1.37363517
47.9000,0.50470270,2.83622879,0.57351984,0.49328670,0.51363688,1.37368178
47.9100,0.50469798,2.83625217,0.57353809,0.49329058,0.51362484,1.37372837
47.9200,0.50469326,2.83627552,0.57355633,0.49329446,0.51361282,1.37377493
47.9300,0.50468854,2.83629886,0.57357455,0.49329833,0.51360080,1.37382146
47.9400,0.50468383,2.83632218,0.57359276,0.49330220,0.51358879,1.37386796
47.9500,0.50467912,2.83634548,0.57361096,0.49330607,0.51357678,1.37391443
47.9600,0.50467441,2.83636876,0.57362915,0.49330993,0.51356479,1.37396088
47.9700,0.50466971,2.83639202,0.57364732,0.49331379,0.51355280,1.37400730
47.9800,0.50466502,2.83641526,0.57366548,0.49331764,0.51354082,1.37405369
47.9900,0.50466032,2.83643848,0.57368362,0.49332149,0.51352884,1.37410005
48.0000,0.50465563,2.83646168,0.57370175,0.49332534,0.51351688,1.37414638
48.0100,0.50465095,2.83648487,0.57371987,0.49332918,0.51350492,1.37419269
48.0200,0.50464627,2.83650803,0.57373798,0.49333302,0.51349297,1.37423896
48.0300,0.50464159,2.83653117,0.57375607,0.49333686,0.51348103,1.37428521
48.0400,0.50463692,2.83655430,0.57377415,0.49334069,0.51346909,1.37433143
48.0500,0.50463225,2.83657741,0.57379222,0.49334451,0.51345716,1.37437762
48.0600,0.50462758,2.83660050,0.57381028,0.49334834,0.51344524,1.37442379
48.0700,0.50462292,2.83662356,0.57382832,0.49335215,0.51343333,1.37446992
48.0800,0.50461827,2.83664661,0.57384635,0.49335597,0.51342143,1.37451603
48.0900,0.50461361,2.83666964,0.57386436,0.49335978,0.51340953,1.37456211
48.1000,0.50460896,2.83669266,0.57388237,0.49336359,0.51339764,1.37460816
48.1100,0.50460432,2.83671565,0.57390036,0.49336739,0.51338576,1.37465418
48.1200,0.50459968,2.83673862,0.57391833,0.49337119,0.51337388,1.37470018
48.1300,0.50459504,2.83676158,0.57393630,0.49337498,0.51336201,1.37474614
48.1400,0.50459041,2.83678451,0.57395425,0.49337878,0.51335016,1.37479208
48.1500,0.50458578,2.83680743,0.57397219,0.49338256,0.51333830,1.37483799
48.1600,0.50458115,2.83683033,0.57399011,0.49338635,0.51332646,1.37488388
48.1700,0.50457653,2.83685321,0.57400802,0.49339013,0.51331462,1.37492973
48.1800,0.50457191,2.83687607,0.57402592,0.49339390,0.51330279,1.37497556
48.1900,0.50456730,2.83689891,0.57404381,0.49339767,0.51329097,1.37502136
48.2000,0.50456269,2.83692173,0.57406168,0.49340144,0.51327915,1.37506713
48.2100,0.50455808,2.83694453,0.57407954,0.49340521,0.51326735,1.37511287
48.2200,0.50455348,2.83696732,0.57409739,0.49340897,0.51325555,1.37515859
48.2300,0.50454889,2.83699009,0.57411523,0.49341272,0.51324376,1.37520427
48.2400,0.50454429,2.83701283,0.57413305,0.49341648,0.51323197,1.37524993
48.2500,0.50453970,2.83703556,0.57415086,0.49342023,0.51322019,1.37529556
48.2600,0.50453512,2.83705827,0.57416866,0.49342397,0.51320842,1.37534117
48.2700,0.50453053,2.83708096,0.57418644,0.49342771,0.51319666,1.37538674
48.2800,0.50452595,2.83710363,0.57420421,0.49343145,0.51318491,1.37543229
48.2900,0.50452138,2.83712629,0.57422197,0.49343518,0.51317316,1.37547781
48.3000,0.50451681,2.83714892,0.57423972,0.49343891,0.51316142,1.37552330
48.3100,0.50451224,2.83717154,0.57425745,0.49344264,0.51314969,1.37556876
48.3200,0.50450768,2.83719414,0.57427517,0.49344636,0.51313796,1.37561420
48.3300,0.50450312,2.83721671,0.57429288,0.49345008,0.51312625,1.37565961
48.3400,0.50449857,2.83723927,0.57431057,0.49345379,0.51311454,1.37570499
48.3500,0.50449401,2.83726182,0.57432825,0.49345750,0.51310283,1.37575034
48.3600,0.50448947,2.83728434,0.57434592,0.49346121,0.51309114,1.37579567
48.3700,0.50448492,2.83730684,0.57436358,0.49346491,0.51307945,1.37584096
48.3800,0.50448038,2.83732933,0.57438122,0.49346861,0.51306777,1.37588623
48.3900,0.50447585,2.83735180,0.57439885,0.49347230,0.51305610,1.37593147
48.4000,0.50447132,2.83737425,0.57441647,0.49347600,0.51304443,1.37597669
48.4100,0.50446679,2.83739668,0.57443408,0.49347968,0.51303278,1.37602187
48.4200,0.50446226,2.83741909,0.57445167,0.49348337,0.51302113,1.37606703
48.4300,0.50445774,2.83744148,0.57446925,0.49348705,0.51300948,1.37611216
48.4400,0.50445323,2.83746386,0.57448682,0.49349072,0.51299785,1.37615726
48.4500,0.50444871,2.83748621,0.57450437,0.49349440,0.51298622,1.37620234
48.4600,0.50444421,2.83750855,0.57452192,0.49349806,0.51297460,1.37624739
48.4700,0.50443970,2.83753087,0.57453945,0.49350173,0.51296299,1.37629241
48.4800,0.50443520,2.83755317,0.57455696,0.49350539,0.51295138,1.37633740
48.4900,0.50443070,2.83757545,0.57457447,0.49350905,0.51293978,1.37638236
48.5000,0.50442621,2.83759772,0.57459196,0.49351270,0.51292819,1.37642730
48.5100,0.50442172,2.83761996,0.57460944,0.49351635,0.51291661,1.37647221
48.5200,0.50441723,2.83764219,0.57462691,0.49352000,0.51290503,1.37651709
48.5300,0.50441275,2.83766440,0.57464436,0.49352364,0.51289346,1.37656195
48.5400,0.50440827,2.83768659,0.57466180,0.49352728,0.51288190,1.37660677
48.5500,0.50440380,2.83770876,0.57467923,0.49353091,0.51287035,1.37665157
48.5600,0.50439933,2.83773092,0.57469665,0.49353454,0.51285880,1.37669634
48.5700,0.50439486,2.83775305,0.57471405,0.49353817,0.51284726,1.37674109
48.5800,0.50439040,2.83777517,0.57473145,0.49354179,0.51283573,1.37678580
48.5900,0.50438594,2.83779727,0.57474883,0.49354541,0.51282421,1.37683049
48.6000,0.50438148,2.83781935,0.57476619,0.49354903,0.51281269,1.37687516
48.6100,0.50437703,2.83784142,0.57478355,0.49355264,0.51280118,1.37691979
48.6200,0.50437258,2.83786346,0.57480089,0.49355625,0.51278968,1.37696440
48.6300,0.50436814,2.83788549,0.57481822,0.49355985,0.51277818,1.37700898
48.6400,0.50436370,2.83790750,0.57483553,0.49356346,0.51276670,1.37705353
48.6500,0.50435926,2.83792949,0.57485284,0.49356705,0.51275522,1.37709805
48.6600,0.50435483,2.83795146,0.57487013,0.49357065,0.51274374,1.37714255
48.6700,0.50435040,2.83797341,0.57488741,0.49357424,0.51273228,1.37718702
48.6800,0.50434598,2.83799535,0.57490468,0.49357782,0.51272082,1.37723146
48.6900,0.50434155,2.83801727,0.57492193,0.49358141,0.51270937,1.37727587
48.7000,0.50433714,2.83803917,0.57493917,0.49358499,0.51269793,1.37732026
48.7100,0.50433272,2.83806105,0.57495640,0.49358856,0.51268649,1.37736462
48.7200,0.50432831,2.83808291,0.57497362,0.49359213,0.51267506,1.37740895
48.7300,0.50432391,2.83810476,0.57499082,0.49359570,0.51266364,1.37745326
48.7400,0.50431950,2.83812659,0.57500802,0.49359927,0.51265223,1.37749754
48.7500,0.50431510,2.83814840,0.57502520,0.49360283,0.51264082,1.37754179
48.7600,0.50431071,2.83817019,0.57504236,0.49360638,0.51262942,1.37758601
48.7700,0.50430632,2.83819197,0.57505952,0.49360994,0.51261803,1.37763021
48.7800,0.50430193,2.83821372,0.57507666,0.49361349,0.51260664,1.37767437
48.7900,0.50429754,2.83823546,0.57509379,0.49361703,0.51259527,1.37771852
48.8000,0.50429316,2.83825718,0.57511091,0.49362057,0.51258390,1.37776263
48.8100,0.50428879,2.83827888,0.57512802,0.49362411,0.51257253,1.37780672
48.8200,0.50428441,2.83830057,0.57514511,0.49362765,0.51256118,1.37785078
48.8300,0.50428004,2.83832223,0.57516219,0.49363118,0.51254983,1.37789481
48.8400,0.50427568,2.83834388,0.57517926,0.49363471,0.51253849,1.37793881
48.8500,0.50427132,2.83836551,0.57519632,0.49363823,0.51252716,1.37798279
48.8600,0.50426696,2.83838713,0.57521336,0.49364175,0.51251583,1.37802674
48.8700,0.50426260,2.83840872,0.57523039,0.49364527,0.51250451,1.37807067
48.8800,0.50425825,2.83843030,0.57524741,0.49364878,0.51249320,1.37811456
48.8900,0.50425391,2.83845186,0.57526442,0.49365229,0.51248190,1.37815843
48.9000,0.50424956,2.83847340,0.57528142,0.49365580,0.51247060,1.37820227
48.9100,0.50424522,2.83849493,0.57529840,0.49365930,0.51245931,1.37824609
48.9200,0.50424089,2.83851643,0.57531537,0.49366280,0.51244803,1.37828988
48.9300,0.50423655,2.83853792,0.57533233,0.49366629,0.51243675,1.37833364
48.9400,0.50423223,2.83855939,0.57534928,0.49366979,0.51242548,1.37837737
48.9500,0.50422790,2.83858085,0.57536621,0.49367327,0.51241422,1.37842108
48.9600,0.50422358,2.83860228,0.57538313,0.49367676,0.51240297,1.37846476
48.9700,0.50421926,2.83862370,0.57540004,0.49368024,0.51239172,1.37850841
48.9800,0.50421495,2.83864510,0.57541694,0.49368372,0.51238048,1.37855204
48.9900,0.50421064,2.83866648,0.57543383,0.49368719,0.51236925,1.37859564
49.0000,0.50420633,2.83868785,0.57545070,0.49369066,0.51235803,1.37863921
49.0100,0.50420203,2.83870920,0.57546756,0.49369413,0.51234681,1.37868275
49.0200,0.50419773,2.83873053,0.57548441,0.49369759,0.51233560,1.37872627
49.0300,0.50419343,2.83875184,0.57550125,0.49370105,0.51232440,1.37876976
49.0400,0.50418914,2.83877314,0.57551807,0.49370451,0.51231320,1.37881322
49.0500,0.50418485,2.83879441,0.57553488,0.49370796,0.51230202,1.37885666
49.0600,0.50418057,2.83881567,0.57555169,0.49371141,0.51229083,1.37890007
49.0700,0.50417629,2.83883692,0.57556847,0.49371485,0.51227966,1.37894345
49.0800,0.50417201,2.83885814,0.57558525,0.49371829,0.51226849,1.37898681
49.0900,0.50416773,2.83887935,0.57560201,0.49372173,0.51225733,1.37903014
49.1000,0.50416346,2.83890054,0.57561877,0.49372517,0.51224618,1.37907344
49.1100,0.50415920,2.83892171,0.57563551,0.49372860,0.51223504,1.37911671
49.1200,0.50415493,2.83894287,0.57565223,0.49373203,0.51222390,1.37915996
49.1300,0.50415067,2.83896401,0.57566895,0.49373545,0.51221277,1.37920318
49.1400,0.50414642,2.83898513,0.57568565,0.49373887,0.51220165,1.37924638
49.1500,0.50414217,2.83900623,0.57570235,0.49374229,0.51219053,1.37928955
49.1600,0.50413792,2.83902731,0.57571903,0.49374570,0.51217942,1.37933269
49.1700,0.50413367,2.83904838,0.57573569,0.49374911,0.51216832,1.37937580
49.1800,0.50412943,2.83906943,0.57575235,0.49375252,0.51215722,1.37941889
49.1900,0.50412519,2.83909047,0.57576899,0.49375592,0.51214614,1.37946195
49.2000,0.50412096,2.83911148,0.57578563,0.49375932,0.51213506,1.37950498
49.2100,0.50411673,2.83913248,0.57580224,0.49376272,0.51212398,1.37954799
49.2200,0.50411250,2.83915347,0.57581885,0.49376611,0.51211292,1.37959097
49.2300,0.50410828,2.83917443,0.57583545,0.49376950,0.51210186,1.37963392
49.2400,0.50410406,2.83919538,0.57585203,0.49377288,0.51209081,1.37967685
49.2500,0.50409984,2.83921631,0.57586860,0.49377626,0.51207976,1.37971975
49.2600,0.50409563,2.83923722,0.57588516,0.49377964,0.51206873,1.37976262
49.2700,0.50409142,2.83925812,0.57590171,0.49378302,0.51205770,1.37980547
49.2800,0.50408721,2.83927900,0.57591825,0.49378639,0.51204667,1.37984829
49.2900,0.50408301,2.83929986,0.57593477,0.49378976,0.51203566,1.37989108
49.3000,0.50407881,2.83932070,0.57595129,0.49379312,0.51202465,1.37993385
49.3100,0.50407462,2.83934153,0.57596779,0.49379648,0.51201365,1.37997659
49.3200,0.50407042,2.83936234,0.57598427,0.49379984,0.51200265,1.38001931
49.3300,0.50406624,2.83938313,0.57600075,0.49380320,0.51199167,1.38006199
49.3400,0.50406205,2.83940391,0.57601722,0.49380655,0.51198069,1.38010465
49.3500,0.50405787,2.83942466,0.57603367,0.49380989,0.51196971,1.38014729
49.3600,0.50405369,2.83944541,0.57605011,0.49381324,0.51195875,1.38018989
49.3700,0.50404952,2.83946613,0.57606654,0.49381658,0.51194779,1.38023247
49.3800,0.50404535,2.83948684,0.57608296,0.49381991,0.51193684,1.38027503
49.3900,0.50404118,2.83950753,0.57609936,0.49382325,0.51192589,1.38031756
49.4000,0.50403702,2.83952820,0.57611575,0.49382658,0.51191496,1.38036006
49.4100,0.50403286,2.83954886,0.57613214,0.49382991,0.51190403,1.38040253
49.4200,0.50402870,2.83956950,0.57614851,0.49383323,0.51189310,1.38044498
49.4300,0.50402455,2.83959012,0.57616486,0.49383655,0.51188219,1.38048740
49.4400,0.50402040,2.83961073,0.57618121,0.49383986,0.51187128,1.38052980
49.4500,0.50401626,2.83963131,0.57619754,0.49384318,0.51186038,1.38057216
49.4600,0.50401211,2.83965189,0.57621387,0.49384649,0.51184948,1.38061451
49.4700,0.50400798,2.83967244,0.57623018,0.49384979,0.51183859,1.38065682
49.4800,0.50400384,2.83969298,0.57624648,0.49385310,0.51182771,1.38069911
49.4900,0.50399971,2.83971350,0.57626277,0.49385640,0.51181684,1.38074137
49.5000,0.50399558,2.83973400,0.57627904,0.49385969,0.51180597,1.38078361
49.5100,0.50399146,2.83975449,0.57629530,0.49386298,0.51179511,1.38082582
49.5200,0.50398733,2.83977496,0.57631156,0.49386627,0.51178426,1.38086800
49.5300,0.50398322,2.83979542,0.57632780,0.49386956,0.51177342,1.38091016
49.5400,0.50397910,2.83981585,0.57634403,0.49387284,0.51176258,1.38095229
49.5500,0.50397499,2.83983627,0.57636024,0.49387612,0.51175175,1.38099440
49.5600,0.50397089,2.83985668,0.57637645,0.49387940,0.51174092,1.38103647
49.5700,0.50396678,2.83987706,0.57639264,0.49388267,0.51173011,1.38107853
49.5800,0.50396268,2.83989743,0.57640882,0.49388594,0.51171930,1.38112055
49.5900,0.50395858,2.83991778,0.57642499,0.49388920,0.51170849,1.38116255
49.6000,0.50395449,2.83993812,0.57644115,0.49389247,0.51169770,1.38120452
49.6100,0.50395040,2.83995844,0.57645730,0.49389572,0.51168691,1.38124647
49.6200,0.50394631,2.83997874,0.57647344,0.49389898,0.51167613,1.38128839
49.6300,0.50394223,2.83999903,0.57648956,0.49390223,0.51166535,1.38133028
49.6400,0.50393815,2.84001930,0.57650567,0.49390548,0.51165458,1.38137215
49.6500,0.50393408,2.84003955,0.57652177,0.49390873,0.51164382,1.38141399
49.6600,0.50393000,2.84005979,0.57653786,0.49391197,0.51163307,1.38145581
49.6700,0.50392593,2.84008001,0.57655394,0.49391521,0.51162232,1.38149760
49.6800,0.50392187,2.84010021,0.57657000,0.49391844,0.51161158,1.38153936
49.6900,0.50391781,2.84012040,0.57658606,0.49392167,0.51160085,1.38158110
49.7000,0.50391375,2.84014057,0.57660210,0.49392490,0.51159013,1.38162281
49.7100,0.50390969,2.84016072,0.57661813,0.49392813,0.51157941,1.38166449
49.7200,0.50390564,2.84018086,0.57663415,0.49393135,0.51156870,1.38170615
49.7300,0.50390159,2.84020098,0.57665016,0.49393457,0.51155799,1.38174778
49.7400,0.50389755,2.84022108,0.57666615,0.49393779,0.51154729,1.38178939
49.7500,0.50389350,2.84024117,0.57668214,0.49394100,0.51153660,1.38183097
49.7600,0.50388947,2.84026124,0.57669811,0.49394421,0.51152592,1.38187252
49.7700,0.50388543,2.84028129,0.57671407,0.49394741,0.51151524,1.38191405
49.7800,0.50388140,2.84030133,0.57673002,0.49395061,0.51150457,1.38195555
49.7900,0.50387737,2.84032135,0.57674596,0.49395381,0.51149391,1.38199703
49.8000,0.50387335,2.84034135,0.57676189,0.49395701,0.51148325,1.38203848
49.8100,0.50386933,2.84036134,0.57677780,0.49396020,0.51147261,1.38207990
49.8200,0.50386531,2.84038131,0.57679371,0.49396339,0.51146196,1.38212130
49.8300,0.50386129,2.84040127,0.57680960,0.49396658,0.51145133,1.38216267
49.8400,0.50385728,2.84042121,0.57682548,0.49396976,0.51144070,1.38220402
49.8500,0.50385327,2.84044113,0.57684135,0.49397294,0.51143008,1.38224534
49.8600,0.50384927,2.84046104,0.57685721,0.49397611,0.51141947,1.38228663
49.8700,0.50384527,2.84048093,0.57687305,0.49397929,0.51140886,1.38232790
49.8800,0.50384127,2.84050080,0.57688889,0.49398246,0.51139826,1.38236914
49.8900,0.50383728,2.84052066,0.57690471,0.49398562,0.51138767,1.38241036
49.9000,0.50383329,2.84054050,0.57692053,0.49398879,0.51137708,1.38245155
49.9100,0.50382930,2.84056032,0.57693633,0.49399194,0.51136650,1.38249271
49.9200,0.50382531,2.84058013,0.57695212,0.49399510,0.51135593,1.38253385
49.9300,0.50382133,2.84059992,0.57696789,0.49399825,0.51134536,1.38257496
49.9400,0.50381736,2.84061970,0.57698366,0.49400140,0.51133481,1.38261605
49.9500,0.50381338,2.84063946,0.57699942,0.49400455,0.51132425,1.38265711
49.9600,0.50380941,2.84065920,0.57701516,0.49400769,0.51131371,1.38269814
49.9700,0.50380544,2.84067893,0.57703089,0.49401083,0.51130317,1.38273915
49.9800,0.50380148,2.84069864,0.57704661,0.49401397,0.51129264,1.38278013
49.9900,0.50379752,2.84071834,0.57706232,0.49401711,0.51128212,1.38282109
50.0000,0.50379356,2.84073802,0.57707802,0.49402024,0.51127160,1.38286202
50.0100,0.50378961,2.84075768,0.57709371,0.49402336,0.51126109,1.38290293
50.0200,0.50378566,2.84077732,0.57710938,0.49402649,0.51125059,1.38294381
50.0300,0.50378171,2.84079696,0.57712505,0.49402961,0.51124009,1.38298466
50.0400,0.50377777,2.84081657,0.57714070,0.49403273,0.51122960,1.38302549
50.0500,0.50377383,2.84083617,0.57715634,0.49403584,0.51121912,1.38306629
50.0600,0.50376989,2.84085575,0.57717197,0.49403895,0.51120864,1.38310707
50.0700,0.50376595,2.84087532,0.57718759,0.49404206,0.51119818,1.38314782
50.0800,0.50376202,2.84089487,0.57720320,0.49404516,0.51118771,1.38318855
50.0900,0.50375810,2.84091440,0.57721880,0.49404827,0.51117726,1.38322925
50.1000,0.50375417,2.84093392,0.57723438,0.49405136,0.51116681,1.38326992
50.1100,0.50375025,2.84095342,0.57724996,0.49405446,0.51115637,1.38331057
50.1200,0.50374633,2.84097290,0.57726552,0.49405755,0.51114594,1.38335119
50.1300,0.50374242,2.84099237,0.57728107,0.49406064,0.51113551,1.38339179
50.1400,0.50373851,2.84101183,0.57729661,0.49406373,0.51112509,1.38343236
50.1500,0.50373460,2.84103127,0.57731214,0.49406681,0.51111467,1.38347291
50.1600,0.50373070,2.84105069,0.57732766,0.49406989,0.51110427,1.38351343
50.1700,0.50372680,2.84107009,0.57734316,0.49407296,0.51109387,1.38355392
50.1800,0.50372290,2.84108948,0.57735866,0.49407604,0.51108347,1.38359439
50.1900,0.50371901,2.84110886,0.57737414,0.49407911,0.51107309,1.38363483
50.2000,0.50371511,2.84112822,0.57738962,0.49408217,0.51106271,1.38367525
50.2100,0.50371123,2.84114756,0.57740508,0.49408524,0.51105234,1.38371564
50.2200,0.50370734,2.84116688,0.57742053,0.49408830,0.51104197,1.38375601
50.2300,0.50370346,2.84118620,0.57743597,0.49409135,0.51103161,1.38379635
50.2400,0.50369958,2.84120549,0.57745140,0.49409441,0.51102126,1.38383667
50.2500,0.50369571,2.84122477,0.57746682,0.49409746,0.51101091,1.38387696
50.2600,0.50369184,2.84124403,0.57748222,0.49410051,0.51100058,1.38391722
50.2700,0.50368797,2.84126328,0.57749762,0.49410355,0.51099024,1.38395746
50.2800,0.50368410,2.84128251,0.57751300,0.49410659,0.51097992,1.38399767
50.2900,0.50368024,2.84130173,0.57752837,0.49410963,0.51096960,1.38403786
50.3000,0.50367638,2.84132093,0.57754373,0.49411267,0.51095929,1.38407803
50.3100,0.50367253,2.84134011,0.57755908,0.49411570,0.51094899,1.38411816
50.3200,0.50366868,2.84135928,0.57757442,0.49411873,0.51093869,1.38415827
50.3300,0.50366483,2.84137843,0.57758975,0.49412175,0.51092840,1.38419836
50.3400,0.50366098,2.84139757,0.57760507,0.49412478,0.51091811,1.38423842
50.3500,0.50365714,2.84141669,0.57762038,0.49412780,0.51090784,1.38427846
50.3600,0.50365330,2.84143580,0.57763567,0.49413081,0.51089757,1.38431847
50.3700,0.50364947,2.84145489,0.57765095,0.49413382,0.51088730,1.38435845
50.3800,0.50364563,2.84147396,0.57766623,0.49413684,0.51087704,1.38439841
50.3900,0.50364181,2.84149302,0.57768149,0.49413984,0.51086679,1.38443835
50.4000,0.50363798,2.84151206,0.57769674,0.49414285,0.51085655,1.38447826
50.4100,0.50363416,2.84153109,0.57771198,0.49414585,0.51084631,1.38451814
50.4200,0.50363034,2.84155010,0.57772721,0.49414885,0.51083608,1.38455800
50.4300,0.50362652,2.84156910,0.57774243,0.49415184,0.51082586,1.38459783
50.4400,0.50362271,2.84158808,0.57775763,0.49415483,0.51081565,1.38463764
50.4500,0.50361890,2.84160705,0.57777283,0.49415782,0.51080544,1.38467742
50.4600,0.50361509,2.84162600,0.57778801,0.49416081,0.51079523,1.38471718
50.4700,0.50361129,2.84164493,0.57780319,0.49416379,0.51078504,1.38475691
50.4800,0.50360749,2.84166385,0.57781835,0.49416677,0.51077485,1.38479662
50.4900,0.50360369,2.84168275,0.57783350,0.49416974,0.51076467,1.38483630
50.5000,0.50359990,2.84170164,0.57784864,0.49417272,0.51075449,1.38487596
50.5100,0.50359611,2.84172051,0.57786377,0.49417569,0.51074432,1.38491559
50.5200,0.50359232,2.84173937,0.57787889,0.49417865,0.51073416,1.38495520
50.5300,0.50358853,2.84175821,0.57789400,0.49418162,0.51072400,1.38499478
50.5400,0.50358475,2.84177703,0.57790910,0.49418458,0.51071385,1.38503433
50.5500,0.50358098,2.84179585,0.57792418,0.49418754,0.51070371,1.38507386
50.5600,0.50357720,2.84181464,0.57793926,0.49419049,0.51069358,1.38511337
50.5700,0.50357343,2.84183342,0.57795432,0.49419344,0.51068345,1.38515285
50.5800,0.50356966,2.84185218,0.57796938,0.49419639,0.51067333,1.38519231
50.5900,0.50356590,2.84187093,0.57798442,0.49419934,0.51066321,1.38523174
50.6000,0.50356213,2.84188967,0.57799945,0.49420228,0.51065310,1.38527114
50.6100,0.50355838,2.84190838,0.57801447,0.49420522,0.51064300,1.38531052
50.6200,0.50355462,2.84192709,0.57802948,0.49420816,0.51063290,1.38534988
50.6300,0.50355087,2.84194577,0.57804448,0.49421109,0.51062282,1.38538921
50.6400,0.50354712,2.84196445,0.57805947,0.49421402,0.51061273,1.38542851
50.6500,0.50354337,2.84198310,0.57807445,0.49421695,0.51060266,1.38546779
50.6600,0.50353963,2.84200174,0.57808941,0.49421987,0.51059259,1.38550705
50.6700,0.50353589,2.84202037,0.57810437,0.49422280,0.51058253,1.38554628
50.6800,0.50353215,2.84203898,0.57811931,0.49422571,0.51057247,1.38558548
50.6900,0.50352842,2.84205758,0.57813425,0.49422863,0.51056242,1.38562466
50.7000,0.50352469,2.84207616,0.57814917,0.49423154,0.51055238,1.38566382
50.7100,0.50352096,2.84209472,0.57816408,0.49423445,0.51054235,1.38570295
50.7200,0.50351724,2.84211327,0.57817898,0.49423736,0.51053232,1.38574205
50.7300,0.50351352,2.84213181,0.57819388,0.49424026,0.51052230,1.38578113
50.7400,0.50350980,2.84215033,0.57820876,0.49424316,0.51051228,1.38582019
50.7500,0.50350608,2.84216883,0.57822362,0.49424606,0.51050227,1.38585922
50.7600,0.50350237,2.84218732,0.57823848,0.49424896,0.51049227,1.38589822
50.7700,0.50349866,2.84220580,0.57825333,0.49425185,0.51048228,1.38593721
50.7800,0.50349496,2.84222425,0.57826817,0.49425474,0.51047229,1.38597616
50.7900,0.50349126,2.84224270,0.57828299,0.49425762,0.51046231,1.38601509
50.8000,0.50348756,2.84226113,0.57829781,0.49426050,0.51045233,1.38605400
50.8100,0.50348386,2.84227954,0.57831261,0.49426338,0.51044236,1.38609288
50.8200,0.50348017,2.84229794,0.57832741,0.49426626,0.51043240,1.38613174
50.8300,0.50347648,2.84231632,0.57834219,0.49426913,0.51042245,1.38617057
50.8400,0.50347279,2.84233469,0.57835697,0.49427200,0.51041250,1.38620938
50.8500,0.50346911,2.84235305,0.57837173,0.49427487,0.51040255,1.38624816
50.8600,0.50346543,2.84237138,0.57838648,0.49427774,0.51039262,1.38628691
50.8700,0.50346175,2.84238971,0.57840122,0.49428060,0.51038269,1.38632565
50.8800,0.50345808,2.84240802,0.57841595,0.49428346,0.51037277,1.38636436
50.8900,0.50345440,2.84242631,0.57843067,0.49428631,0.51036285,1.38640304
50.9000,0.50345074,2.84244459,0.57844538,0.49428917,0.51035294,1.38644170
50.9100,0.50344707,2.84246285,0.57846007,0.49429202,0.51034304,1.38648033
50.9200,0.50344341,2.84248110,0.57847476,0.49429487,0.51033315,1.38651894
50.9300,0.50343975,2.84249933,0.57848944,0.49429771,0.51032326,1.38655752
50.9400,0.50343609,2.84251755,0.57850411,0.49430055,0.51031337,1.38659608
50.9500,0.50343244,2.84253576,0.57851876,0.49430339,0.51030350,1.38663462
50.9600,0.50342879,2.84255394,0.57853341,0.49430622,0.51029363,1.38667313
50.9700,0.50342515,2.84257212,0.57854804,0.49430906,0.51028376,1.38671162
50.9800,0.50342150,2.84259028,0.57856266,0.49431189,0.51027391,1.38675008
50.9900,0.50341786,2.84260842,0.57857728,0.49431471,0.51026406,1.38678851
51.0000,0.50341422,2.84262655,0.57859188,0.49431754,0.51025422,1.38682693
51.0100,0.50341059,2.84264467,0.57860647,0.49432036,0.51024438,1.38686531
51.0200,0.50340696,2.84266276,0.57862105,0.49432318,0.51023455,1.38690368
51.0300,0.50340333,2.84268085,0.57863562,0.49432599,0.51022473,1.38694201
51.0400,0.50339970,2.84269892,0.57865018,0.49432880,0.51021491,1.38698033
51.0500,0.50339608,2.84271697,0.57866473,0.49433161,0.51020510,1.38701862
51.0600,0.50339246,2.84273502,0.57867927,0.49433442,0.51019529,1.38705688
51.0700,0.50338885,2.84275304,0.57869380,0.49433722,0.51018550,1.38709512
51.0800,0.50338523,2.84277105,0.57870832,0.49434002,0.51017571,1.38713334
51.0900,0.50338162,2.84278905,0.57872283,0.49434282,0.51016592,1.38717153
51.1000,0.50337802,2.84280703,0.57873732,0.49434562,0.51015614,1.38720969
51.1100,0.50337441,2.84282500,0.57875181,0.49434841,0.51014637,1.38724784
51.1200,0.50337081,2.84284295,0.57876629,0.49435120,0.51013661,1.38728595
51.1300,0.50336721,2.84286089,0.57878075,0.49435398,0.51012685,1.38732405
51.1400,0.50336362,2.84287881,0.57879521,0.49435677,0.51011710,1.38736212
51.1500,0.50336003,2.84289672,0.57880965,0.49435955,0.51010735,1.38740016
51.1600,0.50335644,2.84291461,0.57882408,0.49436233,0.51009761,1.38743818
51.1700,0.50335285,2.84293249,0.57883851,0.49436510,0.51008788,1.38747618
51.1800,0.50334927,2.84295035,0.57885292,0.49436787,0.51007816,1.38751415
51.1900,0.50334569,2.84296820,0.57886732,0.49437064,0.51006844,1.38755209
51.2000,0.50334211,2.84298604,0.57888172,0.49437341,0.51005873,1.38759002
51.2100,0.50333854,2.84300386,0.57889610,0.49437617,0.51004902,1.38762791
51.2200,0.50333497,2.84302166,0.57891047,0.49437893,0.51003932,1.38766579
51.2300,0.50333140,2.84303945,0.57892483,0.49438169,0.51002963,1.38770364
51.2400,0.50332784,2.84305723,0.57893918,0.49438444,0.51001994,1.38774146
51.2500,0.50332428,2.84307499,0.57895352,0.49438720,0.51001026,1.38777926
51.2600,0.50332072,2.84309274,0.57896785,0.49438994,0.51000059,1.38781704
51.2700,0.50331716,2.84311047,0.57898217,0.49439269,0.50999092,1.38785479
51.2800,0.50331361,2.84312819,0.57899648,0.49439543,0.50998126,1.38789252
51.2900,0.50331006,2.84314590,0.57901078,0.49439817,0.50997160,1.38793022
51.3000,0.50330651,2.84316359,0.57902507,0.49440091,0.50996196,1.38796790
51.3100,0.50330297,2.84318126,0.57903934,0.49440365,0.50995232,1.38800556
51.3200,0.50329943,2.84319892,0.57905361,0.49440638,0.50994268,1.38804319
51.3300,0.50329589,2.84321657,0.57906787,0.49440911,0.50993305,1.38808080
51.3400,0.50329235,2.84323420,0.57908212,0.49441184,0.50992343,1.38811838
51.3500,0.50328882,2.84325182,0.57909635,0.49441456,0.50991382,1.38815594
51.3600,0.50328529,2.84326942,0.57911058,0.49441728,0.50990421,1.38819347
51.3700,0.50328177,2.84328701,0.57912479,0.49442000,0.50989460,1.38823098
51.3800,0.50327824,2.84330458,0.57913900,0.49442271,0.50988501,1.38826847
51.3900,0.50327472,2.84332214,0.57915320,0.49442543,0.50987542,1.38830593
51.4000,0.50327121,2.84333969,0.57916738,0.49442814,0.50986583,1.38834337
51.4100,0.50326769,2.84335722,0.57918156,0.49443084,0.50985626,1.38838078
51.4200,0.50326418,2.84337473,0.57919572,0.49443355,0.50984669,1.38841817
51.4300,0.50326067,2.84339224,0.57920987,0.49443625,0.50983712,1.38845554
51.4400,0.50325717,2.84340972,0.57922402,0.49443895,0.50982757,1.38849288
51.4500,0.50325367,2.84342720,0.57923815,0.49444164,0.50981801,1.38853020
51.4600,0.50325017,2.84344466,0.57925228,0.49444434,0.50980847,1.38856749
51.4700,0.50324667,2.84346210,0.57926639,0.49444703,0.50979893,1.38860476
51.4800,0.50324318,2.84347953,0.57928049,0.49444971,0.50978940,1.38864200
51.4900,0.50323969,2.84349695,0.57929458,0.49445240,0.50977987,1.38867923
51.5000,0.50323620,2.84351435,0.57930867,0.49445508,0.50977036,1.38871642
51.5100,0.50323271,2.84353174,0.57932274,0.49445776,0.50976084,1.38875360
51.5200,0.50322923,2.84354912,0.57933680,0.49446043,0.50975134,1.38879075
51.5300,0.50322575,2.84356647,0.57935085,0.49446311,0.50974184,1.38882787
51.5400,0.50322228,2.84358382,0.57936489,0.49446578,0.50973234,1.38886497
51.5500,0.50321880,2.84360115,0.57937893,0.49446845,0.50972286,1.38890205
51.5600,0.50321533,2.84361847,0.57939295,0.49447111,0.50971338,1.38893910
51.5700,0.50321187,2.84363577,0.57940696,0.49447378,0.50970390,1.38897613
51.5800,0.50320840,2.84365306,0.57942096,0.49447644,0.50969443,1.38901314
51.5900,0.50320494,2.84367034,0.57943495,0.49447909,0.50968497,1.38905012
51.6000,0.50320148,2.84368760,0.57944893,0.49448175,0.50967552,1.38908708
51.6100,0.50319803,2.84370484,0.57946290,0.49448440,0.50966607,1.38912401
51.6200,0.50319457,2.84372208,0.57947686,0.49448705,0.50965662,1.38916092
51.6300,0.50319112,2.84373929,0.57949081,0.49448969,0.50964719,1.38919781
51.6400,0.50318768,2.84375650,0.57950475,0.49449234,0.50963776,1.38923467
51.6500,0.50318423,2.84377369,0.57951868,0.49449498,0.50962834,1.38927151
51.6600,0.50318079,2.84379086,0.57953260,0.49449762,0.50961892,1.38930832
51.6700,0.50317735,2.84380803,0.57954651,0.49450025,0.50960951,1.38934512
51.6800,0.50317392,2.84382517,0.57956041,0.49450288,0.50960010,1.38938188
51.6900,0.50317049,2.84384231,0.57957430,0.49450551,0.50959070,1.38941863
51.7000,0.50316706,2.84385943,0.57958818,0.49450814,0.50958131,1.38945535
51.7100,0.50316363,2.84387654,0.57960205,0.49451076,0.50957193,1.38949204
51.7200,0.50316021,2.84389363,0.57961591,0.49451339,0.50956255,1.38952871
51.7300,0.50315678,2.84391071,0.57962976,0.49451601,0.50955318,1.38956536
51.7400,0.50315337,2.84392777,0.57964360,0.49451862,0.50954381,1.38960199
51.7500,0.50314995,2.84394482,0.57965743,0.49452124,0.50953445,1.38963859
51.7600,0.50314654,2.84396186,0.57967125,0.49452385,0.50952510,1.38967517
51.7700,0.50314313,2.84397888,0.57968506,0.49452645,0.50951575,1.38971172
51.7800,0.50313972,2.84399589,0.57969886,0.49452906,0.50950641,1.38974825
51.7900,0.50313632,2.84401288,0.57971265,0.49453166,0.50949707,1.38978476
51.8000,0.50313292,2.84402986,0.57972642,0.49453426,0.50948774,1.38982124
51.8100,0.50312952,2.84404683,0.57974019,0.49453686,0.50947842,1.38985770
51.8200,0.50312612,2.84406378,0.57975395,0.49453945,0.50946910,1.38989413
51.8300,0.50312273,2.84408072,0.57976770,0.49454205,0.50945979,1.38993054
51.8400,0.50311934,2.84409765,0.57978144,0.49454464,0.50945049,1.38996693
51.8500,0.50311596,2.84411456,0.57979517,0.49454722,0.50944119,1.39000330
51.8600,0.50311257,2.84413146,0.57980889,0.49454981,0.50943190,1.39003964
51.8700,0.50310919,2.84414834,0.57982260,0.49455239,0.50942262,1.39007596
51.8800,0.50310581,2.84416521,0.57983630,0.49455497,0.50941334,1.39011225
51.8900,0.50310244,2.84418207,0.57984999,0.49455754,0.50940407,1.39014852
51.9000,0.50309906,2.84419891,0.57986367,0.49456012,0.50939480,1.39018477
51.9100,0.50309569,2.84421574,0.57987734,0.49456269,0.50938554,1.39022099
51.9200,0.50309233,2.84423255,0.57989100,0.49456526,0.50937629,1.39025719
51.9300,0.50308896,2.84424935,0.57990465,0.49456782,0.50936704,1.39029337
51.9400,0.50308560,2.84426614,0.57991829,0.49457038,0.50935780,1.39032952
51.9500,0.50308224,2.84428292,0.57993192,0.49457294,0.50934857,1.39036565
51.9600,0.50307889,2.84429968,0.57994554,0.49457550,0.50933934,1.39040176
51.9700,0.50307554,2.84431642,0.57995915,0.49457806,0.50933012,1.39043784
51.9800,0.50307219,2.84433315,0.57997275,0.49458061,0.50932090,1.39047390
51.9900,0.50306884,2.84434987,0.57998634,0.49458316,0.50931169,1.39050993
52.0000,0.50306549,2.84436658,0.57999992,0.49458571,0.50930249,1.39054595
52.0100,0.50306215,2.84438327,0.58001349,0.49458825,0.50929329,1.39058193
52.0200,0.50305881,2.84439995,0.58002705,0.49459079,0.50928410,1.39061790
52.0300,0.50305548,2.84441661,0.58004060,0.49459333,0.50927492,1.39065384
52.0400,0.50305214,2.84443326,0.58005414,0.49459587,0.50926574,1.39068976
52.0500,0.50304881,2.84444990,0.58006767,0.49459840,0.50925656,1.39072566
52.0600,0.50304549,2.84446653,0.58008119,0.49460093,0.50924740,1.39076153
52.0700,0.50304216,2.84448314,0.58009470,0.49460346,0.50923824,1.39079738
52.0800,0.50303884,2.84449973,0.58010821,0.49460599,0.50922909,1.39083320
52.0900,0.50303552,2.84451632,0.58012170,0.49460851,0.50921994,1.39086901
52.1000,0.50303220,2.84453289,0.58013518,0.49461103,0.50921080,1.39090478
52.1100,0.50302889,2.84454944,0.58014865,0.49461355,0.50920166,1.39094054
52.1200,0.50302558,2.84456598,0.58016211,0.49461607,0.50919253,1.39097627
52.1300,0.50302227,2.84458251,0.58017557,0.49461858,0.50918341,1.39101198
52.1400,0.50301897,2.84459903,0.58018901,0.49462109,0.50917429,1.39104767
52.1500,0.50301566,2.84461553,0.58020244,0.49462360,0.50916518,1.39108333
52.1600,0.50301236,2.84463202,0.58021587,0.49462610,0.50915608,1.39111897
52.1700,0.50300907,2.84464849,0.58022928,0.49462861,0.50914698,1.39115458
52.1800,0.50300577,2.84466496,0.58024268,0.49463111,0.50913789,1.39119018
52.1900,0.50300248,2.84468140,0.58025608,0.49463360,0.50912880,1.39122575
52.2000,0.50299919,2.84469784,0.58026946,0.49463610,0.50911973,1.39126129
52.2100,0.50299590,2.84471426,0.58028284,0.49463859,0.50911065,1.39129682
52.2200,0.50299262,2.84473067,0.58029620,0.49464108,0.50910158,1.39133232
52.2300,0.50298934,2.84474706,0.58030956,0.49464357,0.50909252,1.39136780
52.2400,0.50298606,2.84476344,0.58032290,0.49464605,0.50908347,1.39140325
52.2500,0.50298279,2.84477981,0.58033624,0.49464853,0.50907442,1.39143868
52.2600,0.50297952,2.84479617,0.58034957,0.49465101,0.50906538,1.39147409
52.2700,0.50297625,2.84481251,0.58036288,0.49465349,0.50905634,1.39150947
52.2800,0.50297298,2.84482883,0.58037619,0.49465596,0.50904731,1.39154483
52.2900,0.50296972,2.84484515,0.58038949,0.49465844,0.50903829,1.39158017
52.3000,0.50296645,2.84486145,0.58040277,0.49466091,0.50902927,1.39161549
52.3100,0.50296320,2.84487774,0.58041605,0.49466337,0.50902026,1.39165078
52.3200,0.50295994,2.84489401,0.58042932,0.49466584,0.50901125,1.39168605
52.3300,0.50295669,2.84491027,0.58044258,0.49466830,0.50900225,1.39172130
52.3400,0.50295344,2.84492652,0.58045583,0.49467076,0.50899326,1.39175652
52.3500,0.50295019,2.84494276,0.58046907,0.49467321,0.50898427,1.39179172
52.3600,0.50294694,2.84495898,0.58048230,0.49467567,0.50897529,1.39182690
52.3700,0.50294370,2.84497519,0.58049552,0.49467812,0.50896632,1.39186205
52.3800,0.50294046,2.84499138,0.58050873,0.49468057,0.50895735,1.39189718
52.3900,0.50293722,2.84500756,0.58052193,0.49468302,0.50894838,1.39193229
52.4000,0.50293399,2.84502373,0.58053512,0.49468546,0.50893943,1.39196738
52.4100,0.50293076,2.84503989,0.58054830,0.49468790,0.50893048,1.39200244
52.4200,0.50292753,2.84505603,0.58056147,0.49469034,0.50892153,1.39203748
52.4300,0.50292430,2.84507216,0.58057464,0.49469278,0.50891259,1.39207250
52.4400,0.50292108,2.84508827,0.58058779,0.49469521,0.50890366,1.39210749
52.4500,0.50291786,2.84510438,0.58060093,0.49469764,0.50889473,1.39214246
52.4600,0.50291464,2.84512047,0.58061407,0.49470007,0.50888581,1.39217741
52.4700,0.50291143,2.84513654,0.58062719,0.49470250,0.50887690,1.39221234
52.4800,0.50290821,2.84515261,0.58064031,0.49470492,0.50886799,1.39224724
52.4900,0.50290500,2.84516866,0.58065341,0.49470734,0.50885909,1.39228212
52.5000,0.50290180,2.84518469,0.58066651,0.49470976,0.50885019,1.39231698
52.5100,0.50289859,2.84520072,0.58067959,0.49471218,0.50884130,1.39235181
52.5200,0.50289539,2.84521673,0.58069267,0.49471459,0.50883242,1.39238662
52.5300,0.50289219,2.84523273,0.58070574,0.49471700,0.50882354,1.39242141
52.5400,0.50288899,2.84524871,0.58071879,0.49471941,0.50881467,1.39245618
52.5500,0.50288580,2.84526468,0.58073184,0.49472182,0.50880581,1.39249092
52.5600,0.50288261,2.84528064,0.58074488,0.49472422,0.50879695,1.39252564
52.5700,0.50287942,2.84529659,0.58075791,0.49472662,0.50878809,1.39256034
52.5800,0.50287623,2.84531252,0.58077093,0.49472902,0.50877924,1.39259501
52.5900,0.50287305,2.84532844,0.58078394,0.49473142,0.50877040,1.39262966
52.6000,0.50286987,2.84534435,0.58079694,0.49473381,0.50876157,1.39266429
52.6100,0.50286669,2.84536024,0.58080993,0.49473620,0.50875274,1.39269890
52.6200,0.50286352,2.84537612,0.58082291,0.49473859,0.50874392,1.39273348
52.6300,0.50286035,2.84539199,0.58083589,0.49474098,0.50873510,1.39276805
52.6400,0.50285718,2.84540785,0.58084885,0.49474336,0.50872629,1.39280258
52.6500,0.50285401,2.84542369,0.58086180,0.49474575,0.50871748,1.39283710
52.6600,0.50285084,2.84543952,0.58087475,0.49474813,0.50870868,1.39287159
52.6700,0.50284768,2.84545533,0.58088768,0.49475050,0.50869989,1.39290607
52.6800,0.50284452,2.84547114,0.58090061,0.49475288,0.50869110,1.39294051
52.6900,0.50284137,2.84548693,0.58091352,0.49475525,0.50868232,1.39297494
52.7000,0.50283821,2.84550270,0.58092643,0.49475762,0.50867354,1.39300934
52.7100,0.50283506,2.84551847,0.58093933,0.49475998,0.50866478,1.39304372
52.7200,0.50283191,2.84553422,0.58095221,0.49476235,0.50865601,1.39307808
52.7300,0.50282877,2.84554996,0.58096509,0.49476471,0.50864725,1.39311242
52.7400,0.50282562,2.84556569,0.58097796,0.49476707,0.50863850,1.39314673
52.7500,0.50282248,2.84558140,0.58099082,0.49476943,0.50862976,1.39318102
52.7600,0.50281934,2.84559710,0.58100367,0.49477178,0.50862102,1.39321529
52.7700,0.50281621,2.84561279,0.58101651,0.49477414,0.50861228,1.39324953
52.7800,0.50281307,2.84562846,0.58102934,0.49477649,0.50860356,1.39328375
52.7900,0.50280994,2.84564413,0.58104217,0.49477883,0.50859484,1.39331795
52.8000,0.50280682,2.84565977,0.58105498,0.49478118,0.50858612,1.39335213
52.8100,0.50280369,2.84567541,0.58106778,0.49478352,0.50857741,1.39338629
52.8200,0.50280057,2.84569104,0.58108058,0.49478586,0.50856871,1.39342042
52.8300,0.50279745,2.84570665,0.58109336,0.49478820,0.50856001,1.39345453
52.8400,0.50279433,2.84572225,0.58110614,0.49479053,0.50855132,1.39348862
52.8500,0.50279122,2.84573783,0.58111890,0.49479287,0.50854263,1.39352269
52.8600,0.50278810,2.84575340,0.58113166,0.49479520,0.50853395,1.39355673
52.8700,0.50278500,2.84576896,0.58114441,0.49479753,0.50852528,1.39359075
52.8800,0.50278189,2.84578451,0.58115715,0.49479985,0.50851661,1.39362475
52.8900,0.50277878,2.84580005,0.58116988,0.49480218,0.50850795,1.39365872
52.9000,0.50277568,2.84581557,0.58118260,0.49480450,0.50849929,1.39369268
52.9100,0.50277258,2.84583108,0.58119531,0.49480681,0.50849064,1.39372661
52.9200,0.50276949,2.84584658,0.58120801,0.49480913,0.50848200,1.39376052
52.9300,0.50276639,2.84586206,0.58122070,0.49481144,0.50847336,1.39379441
52.9400,0.50276330,2.84587753,0.58123338,0.49481376,0.50846473,1.39382827
52.9500,0.50276021,2.84589299,0.58124606,0.49481607,0.50845610,1.39386211
52.9600,0.50275713,2.84590844,0.58125872,0.49481837,0.50844748,1.39389593
52.9700,0.50275404,2.84592387,0.58127138,0.49482068,0.50843887,1.39392973
52.9800,0.50275096,2.84593929,0.58128402,0.49482298,0.50843026,1.39396350
52.9900,0.50274788,2.84595470,0.58129666,0.49482528,0.50842166,1.39399726
53.0000,0.50274481,2.84597010,0.58130929,0.49482757,0.50841306,1.39403099
53.0100,0.50274173,2.84598548,0.58132191,0.49482987,0.50840447,1.39406470
53.0200,0.50273866,2.84600085,0.58133452,0.49483216,0.50839588,1.39409838
53.0300,0.50273560,2.84601621,0.58134712,0.49483445,0.50838730,1.39413205
53.0400,0.50273253,2.84603156,0.58135971,0.49483674,0.50837873,1.39416569
53.0500,0.50272947,2.84604689,0.58137229,0.49483902,0.50837016,1.39419931
53.0600,0.50272641,2.84606221,0.58138486,0.49484131,0.50836160,1.39423291
53.0700,0.50272335,2.84607752,0.58139742,0.49484359,0.50835305,1.39426648
53.0800,0.50272029,2.84609282,0.58140998,0.49484587,0.50834450,1.39430004
53.0900,0.50271724,2.84610810,0.58142252,0.49484814,0.50833595,1.39433357
53.1000,0.50271419,2.84612337,0.58143506,0.49485042,0.50832741,1.39436708
53.1100,0.50271114,2.84613863,0.58144759,0.49485269,0.50831888,1.39440056
53.1200,0.50270810,2.84615388,0.58146010,0.49485496,0.50831036,1.39443403
53.1300,0.50270505,2.84616911,0.58147261,0.49485722,0.50830184,1.39446747
53.1400,0.50270201,2.84618434,0.58148511,0.49485949,0.50829332,1.39450089
53.1500,0.50269898,2.84619954,0.58149760,0.49486175,0.50828481,1.39453429
53.1600,0.50269594,2.84621474,0.58151008,0.49486401,0.50827631,1.39456767
53.1700,0.50269291,2.84622993,0.58152256,0.49486627,0.50826781,1.39460102
53.1800,0.50268988,2.84624510,0.58153502,0.49486852,0.50825932,1.39463436
53.1900,0.50268685,2.84626026,0.58154747,0.49487077,0.50825084,1.39466767
53.2000,0.50268383,2.84627540,0.58155992,0.49487302,0.50824236,1.39470096
53.2100,0.50268080,2.84629054,0.58157236,0.49487527,0.50823388,1.39473422
53.2200,0.50267778,2.84630566,0.58158478,0.49487752,0.50822541,1.39476747
53.2300,0.50267477,2.84632077,0.58159720,0.49487976,0.50821695,1.39480069
53.2400,0.50267175,2.84633587,0.58160961,0.49488200,0.50820850,1.39483389
53.2500,0.50266874,2.84635096,0.58162201,0.49488424,0.50820005,1.39486707
53.2600,0.50266573,2.84636603,0.58163440,0.49488647,0.50819160,1.39490023
53.2700,0.50266272,2.84638109,0.58164678,0.49488871,0.50818316,1.39493336
53.2800,0.50265972,2.84639614,0.58165915,0.49489094,0.50817473,1.39496647
53.2900,0.50265671,2.84641118,0.58167152,0.49489317,0.50816630,1.39499956
53.3000,0.50265372,2.84642620,0.58168387,0.49489540,0.50815788,1.39503263
53.3100,0.50265072,2.84644121,0.58169622,0.49489762,0.50814947,1.39506568
53.3200,0.50264772,2.84645621,0.58170855,0.49489984,0.50814106,1.39509871
53.3300,0.50264473,2.84647120,0.58172088,0.49490206,0.50813265,1.39513171
53.3400,0.50264174,2.84648618,0.58173320,0.49490428,0.50812425,1.39516469
53.3500,0.50263875,2.84650114,0.58174551,0.49490650,0.50811586,1.39519765
53.3600,0.50263577,2.84651609,0.58175781,0.49490871,0.50810748,1.39523059
53.3700,0.50263279,2.84653103,0.58177010,0.49491092,0.50809909,1.39526351
53.3800,0.50262981,2.84654596,0.58178239,0.49491313,0.50809072,1.39529640
53.3900,0.50262683,2.84656087,0.58179466,0.49491534,0.50808235,1.39532927
53.4000,0.50262385,2.84657578,0.58180692,0.49491754,0.50807399,1.39536213
53.4100,0.50262088,2.84659067,0.58181918,0.49491974,0.50806563,1.39539495
53.4200,0.50261791,2.84660554,0.58183143,0.49492194,0.50805728,1.39542776
53.4300,0.50261494,2.84662041,0.58184367,0.49492414,0.50804893,1.39546055
53.4400,0.50261198,2.84663526,0.58185589,0.49492633,0.50804059,1.39549331
53.4500,0.50260902,2.84665011,0.58186812,0.49492853,0.50803226,1.39552605
53.4600,0.50260606,2.84666494,0.58188033,0.49493072,0.50802393,1.39555877
53.4700,0.50260310,2.84667975,0.58189253,0.49493291,0.50801560,1.39559147
53.4800,0.50260014,2.84669456,0.58190472,0.49493509,0.50800729,1.39562415
53.4900,0.50259719,2.84670935,0.58191691,0.49493728,0.50799897,1.39565681
53.5000,0.50259424,2.84672414,0.58192908,0.49493946,0.50799067,1.39568944
53.5100,0.50259129,2.84673891,0.58194125,0.49494164,0.50798237,1.39572205
53.5200,0.50258835,2.84675366,0.58195341,0.49494381,0.50797407,1.39575464
53.5300,0.50258541,2.84676841,0.58196556,0.49494599,0.50796579,1.39578721
53.5400,0.50258247,2.84678314,0.58197770,0.49494816,0.50795750,1.39581976
53.5500,0.50257953,2.84679786,0.58198983,0.49495033,0.50794923,1.39585228
53.5600,0.50257659,2.84681257,0.58200195,0.49495250,0.50794095,1.39588479
53.5700,0.50257366,2.84682727,0.58201407,0.49495466,0.50793269,1.39591727
53.5800,0.50257073,2.84684196,0.58202617,0.49495683,0.50792443,1.39594973
53.5900,0.50256780,2.84685663,0.58203827,0.49495899,0.50791617,1.39598217
53.6000,0.50256488,2.84687129,0.58205035,0.49496115,0.50790792,1.39601459
53.6100,0.50256195,2.84688594,0.58206243,0.49496331,0.50789968,1.39604699
53.6200,0.50255903,2.84690058,0.58207450,0.49496546,0.50789144,1.39607936
53.6300,0.50255611,2.84691521,0.58208656,0.49496761,0.50788321,1.39611171
53.6400,0.50255320,2.84692982,0.58209862,0.49496976,0.50787499,1.39614405
53.6500,0.50255028,2.84694442,0.58211066,0.49497191,0.50786677,1.39617636
53.6600,0.50254737,2.84695901,0.58212269,0.49497406,0.50785855,1.39620865
53.6700,0.50254446,2.84697359,0.58213472,0.49497620,0.50785034,1.39624091
53.6800,0.50254156,2.84698816,0.58214674,0.49497834,0.50784214,1.39627316
53.6900,0.50253865,2.84700271,0.58215874,0.49498048,0.50783394,1.39630538
53.7000,0.50253575,2.84701726,0.58217074,0.49498262,0.50782575,1.39633759
53.7100,0.50253285,2.84703179,0.58218273,0.49498475,0.50781756,1.39636977
53.7200,0.50252996,2.84704631,0.58219472,0.49498688,0.50780938,1.39640193
53.7300,0.50252706,2.84706081,0.58220669,0.49498901,0.50780121,1.39643407
53.7400,0.50252417,2.84707531,0.58221865,0.49499114,0.50779304,1.39646619
53.7500,0.50252128,2.84708979,0.58223061,0.49499327,0.50778488,1.39649828
53.7600,0.50251840,2.84710427,0.58224256,0.49499539,0.50777672,1.39653036
53.7700,0.50251551,2.84711873,0.58225450,0.49499751,0.50776857,1.39656241
53.7800,0.50251263,2.84713318,0.58226643,0.49499963,0.50776042,1.39659444
53.7900,0.50250975,2.84714761,0.58227835,0.49500175,0.50775228,1.39662645
53.8000,0.50250687,2.84716204,0.58229026,0.49500386,0.50774414,1.39665844
53.8100,0.50250400,2.84717645,0.58230216,0.49500598,0.50773601,1.39669041
53.8200,0.50250113,2.84719085,0.58231406,0.49500809,0.50772789,1.39672236
53.8300,0.50249826,2.84720524,0.58232594,0.49501020,0.50771977,1.39675428
53.8400,0.50249539,2.84721962,0.58233782,0.49501230,0.50771166,1.39678619
53.8500,0.50249252,2.84723399,0.58234969,0.49501441,0.50770355,1.39681807
53.8600,0.50248966,2.84724834,0.58236155,0.49501651,0.50769545,1.39684993
53.8700,0.50248680,2.84726268,0.58237340,0.49501861,0.50768735,1.39688177
53.8800,0.50248394,2.84727702,0.58238524,0.49502070,0.50767926,1.39691359
53.8900,0.50248109,2.84729134,0.58239708,0.49502280,0.50767118,1.39694539
53.9000,0.50247823,2.84730564,0.58240890,0.49502489,0.50766310,1.39697717
53.9100,0.50247538,2.84731994,0.58242072,0.49502698,0.50765503,1.39700892
53.9200,0.50247253,2.84733423,0.58243253,0.49502907,0.50764696,1.39704066
53.9300,0.50246969,2.84734850,0.58244433,0.49503116,0.50763890,1.39707237
53.9400,0.50246684,2.84736276,0.58245612,0.49503324,0.50763084,1.39710406
53.9500,0.50246400,2.84737701,0.58246790,0.49503533,0.50762279,1.39713574
53.9600,0.50246116,2.84739125,0.58247968,0.49503741,0.50761474,1.39716739
53.9700,0.50245832,2.84740548,0.58249144,0.49503948,0.50760670,1.39719901
53.9800,0.50245549,2.84741969,0.58250320,0.49504156,0.50759867,1.39723062
53.9900,0.50245266,2.84743390,0.58251495,0.49504363,0.50759064,1.39726221
54.0000,0.50244983,2.84744809,0.58252669,0.49504571,0.50758262,1.39729377
54.0100,0.50244700,2.84746227,0.58253842,0.49504778,0.50757460,1.39732532
54.0200,0.50244418,2.84747644,0.58255014,0.49504984,0.50756659,1.39735684
54.0300,0.50244135,2.84749060,0.58256186,0.49505191,0.50755858,1.39738834
54.0400,0.50243853,2.84750474,0.58257356,0.49505397,0.50755058,1.39741983
54.0500,0.50243572,2.84751888,0.58258526,0.49505603,0.50754259,1.39745129
54.0600,0.50243290,2.84753300,0.58259695,0.49505809,0.50753460,1.39748273
54.0700,0.50243009,2.84754711,0.58260863,0.49506015,0.50752661,1.39751414
54.0800,0.50242728,2.84756121,0.58262030,0.49506220,0.50751863,1.39754554
54.0900,0.50242447,2.84757530,0.58263196,0.49506425,0.50751066,1.39757692
54.1000,0.50242166,2.84758938,0.58264361,0.49506630,0.50750269,1.39760827
54.1100,0.50241886,2.84760344,0.58265526,0.49506835,0.50749473,1.39763961
54.1200,0.50241606,2.84761750,0.58266690,0.49507040,0.50748677,1.39767092
54.1300,0.50241326,2.84763154,0.58267853,0.49507244,0.50747882,1.39770221
54.1400,0.50241046,2.84764557,0.58269015,0.49507448,0.50747088,1.39773349
54.1500,0.50240766,2.84765959,0.58270176,0.49507652,0.50746294,1.39776474
54.1600,0.50240487,2.84767360,0.58271336,0.49507856,0.50745500,1.39779597
54.1700,0.50240208,2.84768760,0.58272496,0.49508060,0.50744707,1.39782717
54.1800,0.50239930,2.84770158,0.58273654,0.49508263,0.50743915,1.39785836
54.1900,0.50239651,2.84771556,0.58274812,0.49508466,0.50743123,1.39788953
54.2000,0.50239373,2.84772952,0.58275969,0.49508669,0.50742332,1.39792068
54.2100,0.50239095,2.84774347,0.58277125,0.49508872,0.50741541,1.39795180
54.2200,0.50238817,2.84775741,0.58278280,0.49509074,0.50740751,1.39798291
54.2300,0.50238539,2.84777134,0.58279435,0.49509277,0.50739962,1.39801399
54.2400,0.50238262,2.84778526,0.58280588,0.49509479,0.50739173,1.39804505
54.2500,0.50237985,2.84779917,0.58281741,0.49509681,0.50738384,1.39807609
54.2600,0.50237708,2.84781306,0.58282893,0.49509882,0.50737596,1.39810712
54.2700,0.50237431,2.84782695,0.58284044,0.49510084,0.50736809,1.39813812
54.2800,0.50237155,2.84784082,0.58285194,0.49510285,0.50736022,1.39816910
54.2900,0.50236878,2.84785468,0.58286343,0.49510486,0.50735236,1.39820006
54.3000,0.50236602,2.84786853,0.58287492,0.49510687,0.50734450,1.39823099
54.3100,0.50236327,2.84788237,0.58288640,0.49510887,0.50733665,1.39826191
54.3200,0.50236051,2.84789620,0.58289787,0.49511088,0.50732880,1.39829281
54.3300,0.50235776,2.84791001,0.58290933,0.49511288,0.50732096,1.39832368
54.3400,0.50235501,2.84792382,0.58292078,0.49511488,0.50731313,1.39835454
54.3500,0.50235226,2.84793761,0.58293222,0.49511688,0.50730530,1.39838537
54.3600,0.50234951,2.84795140,0.58294366,0.49511887,0.50729747,1.39841619
54.3700,0.50234677,2.84796517,0.58295508,0.49512087,0.50728965,1.39844698
54.3800,0.50234403,2.84797893,0.58296650,0.49512286,0.50728184,1.39847775
54.3900,0.50234129,2.84799268,0.58297791,0.49512485,0.50727403,1.39850851
54.4000,0.50233855,2.84800641,0.58298931,0.49512684,0.50726623,1.39853924
54.4100,0.50233582,2.84802014,0.58300071,0.49512882,0.50725843,1.39856995
54.4200,0.50233308,2.84803386,0.58301209,0.49513081,0.50725064,1.39860064
54.4300,0.50233035,2.84804756,0.58302347,0.49513279,0.50724285,1.39863131
54.4400,0.50232763,2.84806126,0.58303484,0.49513477,0.50723507,1.39866196
54.4500,0.50232490,2.84807494,0.58304620,0.49513674,0.50722730,1.39869259
54.4600,0.50232218,2.84808861,0.58305755,0.49513872,0.50721953,1.39872319
54.4700,0.50231946,2.84810227,0.58306889,0.49514069,0.50721176,1.39875378
54.4800,0.50231674,2.84811592,0.58308023,0.49514266,0.50720400,1.39878435
54.4900,0.50231402,2.84812956,0.58309155,0.49514463,0.50719625,1.39881489
54.5000,0.50231131,2.84814318,0.58310287,0.49514660,0.50718850,1.39884542
54.5100,0.50230859,2.84815680,0.58311418,0.49514857,0.50718076,1.39887593
54.5200,0.50230588,2.84817040,0.58312548,0.49515053,0.50717302,1.39890641
54.5300,0.50230318,2.84818400,0.58313678,0.49515249,0.50716529,1.39893687
54.5400,0.50230047,2.84819758,0.58314806,0.49515445,0.50715756,1.39896732
54.5500,0.50229777,2.84821115,0.58315934,0.49515641,0.50714984,1.39899774
54.5600,0.50229507,2.84822471,0.58317061,0.49515836,0.50714213,1.39902814
54.5700,0.50229237,2.84823826,0.58318187,0.49516031,0.50713442,1.39905853
54.5800,0.50228967,2.84825180,0.58319312,0.49516227,0.50712671,1.39908889
54.5900,0.50228698,2.84826533,0.58320437,0.49516421,0.50711901,1.39911923
54.6000,0.50228429,2.84827884,0.58321560,0.49516616,0.50711132,1.39914955
54.6100,0.50228160,2.84829235,0.58322683,0.49516811,0.50710363,1.39917985
54.6200,0.50227891,2.84830584,0.58323805,0.49517005,0.50709594,1.39921013
54.6300,0.50227623,2.84831933,0.58324926,0.49517199,0.50708827,1.39924039
54.6400,0.50227354,2.84833280,0.58326047,0.49517393,0.50708059,1.39927063
54.6500,0.50227086,2.84834626,0.58327166,0.49517587,0.50707293,1.39930085
54.6600,0.50226818,2.84835971,0.58328285,0.49517780,0.50706526,1.39933105
54.6700,0.50226551,2.84837315,0.58329403,0.49517973,0.50705761,1.39936123
54.6800,0.50226283,2.84838658,0.58330520,0.49518166,0.50704996,1.39939139
54.6900,0.50226016,2.84840000,0.58331636,0.49518359,0.50704231,1.39942152
54.7000,0.50225749,2.84841341,0.58332751,0.49518552,0.50703467,1.39945164
54.7100,0.50225482,2.84842680,0.58333866,0.49518745,0.50702703,1.39948174
54.7200,0.50225216,2.84844019,0.58334980,0.49518937,0.50701940,1.39951182
54.7300,0.50224950,2.84845356,0.58336093,0.49519129,0.50701178,1.39954187
54.7400,0.50224684,2.84846693,0.58337205,0.49519321,0.50700416,1.39957191
54.7500,0.50224418,2.84848028,0.58338316,0.49519513,0.50699655,1.39960193
54.7600,0.50224152,2.84849362,0.58339427,0.49519704,0.50698894,1.39963192
54.7700,0.50223887,2.84850695,0.58340537,0.49519895,0.50698134,1.39966190
54.7800,0.50223621,2.84852027,0.58341646,0.49520086,0.50697374,1.39969185
54.7900,0.50223357,2.84853358,0.58342754,0.49520277,0.50696614,1.39972179
54.8000,0.50223092,2.84854688,0.58343861,0.49520468,0.50695856,1.39975170
54.8100,0.50222827,2.84856017,0.58344967,0.49520659,0.50695098,1.39978160
54.8200,0.50222563,2.84857344,0.58346073,0.49520849,0.50694340,1.39981147
54.8300,0.50222299,2.84858671,0.58347178,0.49521039,0.50693583,1.39984133
54.8400,0.50222035,2.84859997,0.58348282,0.49521229,0.50692826,1.39987116
54.8500,0.50221771,2.84861321,0.58349385,0.49521419,0.50692070,1.39990098
54.8600,0.50221508,2.84862644,0.58350488,0.49521608,0.50691315,1.39993077
54.8700,0.50221245,2.84863967,0.58351589,0.49521798,0.50690560,1.39996055
54.8800,0.50220982,2.84865288,0.58352690,0.49521987,0.50689805,1.39999030
54.8900,0.50220719,2.84866608,0.58353790,0.49522176,0.50689051,1.40002003
54.9000,0.50220456,2.84867927,0.58354890,0.49522364,0.50688298,1.40004975
54.9100,0.50220194,2.84869245,0.58355988,0.49522553,0.50687545,1.40007944
54.9200,0.50219932,2.84870562,0.58357086,0.49522741,0.50686793,1.40010912
54.9300,0.50219670,2.84871878,0.58358182,0.49522929,0.50686041,1.40013877
54.9400,0.50219408,2.84873193,0.58359278,0.49523117,0.50685289,1.40016840
54.9500,0.50219147,2.84874507,0.58360374,0.49523305,0.50684539,1.40019802
54.9600,0.50218886,2.84875820,0.58361468,0.49523493,0.50683788,1.40022761
54.9700,0.50218625,2.84877131,0.58362562,0.49523680,0.50683039,1.40025719
54.9800,0.50218364,2.84878442,0.58363654,0.49523867,0.50682289,1.40028674
54.9900,0.50218103,2.84879751,0.58364746,0.49524054,0.50681541,1.40031627
55.0000,0.50217843,2.84881060,0.58365838,0.49524241,0.50680793,1.40034579
55.0100,0.50217583,2.84882367,0.58366928,0.49524428,0.50680045,1.40037528
55.0200,0.50217323,2.84883673,0.58368018,0.49524614,0.50679298,1.40040476
55.0300,0.50217063,2.84884979,0.58369107,0.49524800,0.50678551,1.40043421
55.0400,0.50216803,2.84886283,0.58370195,0.49524986,0.50677805,1.40046364
55.0500,0.50216544,2.84887586,0.58371282,0.49525172,0.50677060,1.40049306
55.0600,0.50216285,2.84888888,0.58372368,0.49525358,0.50676315,1.40052245
55.0700,0.50216026,2.84890189,0.58373454,0.49525543,0.50675570,1.40055183
55.0800,0.50215768,2.84891489,0.58374539,0.49525729,0.50674826,1.40058118
55.0900,0.50215509,2.84892788,0.58375623,0.49525914,0.50674083,1.40061052
55.1000,0.50215251,2.84894086,0.58376706,0.49526099,0.50673340,1.40063983
55.1100,0.50214993,2.84895383,0.58377789,0.49526283,0.50672598,1.40066913
55.1200,0.50214735,2.84896678,0.58378870,0.49526468,0.50671856,1.40069840
55.1300,0.50214477,2.84897973,0.58379951,0.49526652,0.50671115,1.40072766
55.1400,0.50214220,2.84899267,0.58381031,0.49526836,0.50670374,1.40075689
55.1500,0.50213963,2.84900559,0.58382110,0.49527020,0.50669634,1.40078611
55.1600,0.50213706,2.84901851,0.58383189,0.49527204,0.50668894,1.40081530
55.1700,0.50213449,2.84903141,0.58384267,0.49527387,0.50668155,1.40084448
55.1800,0.50213193,2.84904431,0.58385344,0.49527571,0.50667416,1.40087364
55.1900,0.50212936,2.84905719,0.58386420,0.49527754,0.50666678,1.40090277
55.2000,0.50212680,2.84907006,0.58387495,0.49527937,0.50665940,1.40093189
55.2100,0.50212424,2.84908293,0.58388570,0.49528120,0.50665203,1.40096099
55.2200,0.50212169,2.84909578,0.58389644,0.49528302,0.50664466,1.40099006
55.2300,0.50211913,2.84910862,0.58390717,0.49528485,0.50663730,1.40101912
55.2400,0.50211658,2.84912146,0.58391789,0.49528667,0.50662994,1.40104816
55.2500,0.50211403,2.84913428,0.58392860,0.49528849,0.50662259,1.40107718
55.2600,0.50211148,2.84914709,0.58393931,0.49529031,0.50661525,1.40110618
55.2700,0.50210894,2.84915989,0.58395001,0.49529212,0.50660791,1.40113516
55.2800,0.50210639,2.84917268,0.58396070,0.49529394,0.50660057,1.40116411
55.2900,0.50210385,2.84918546,0.58397138,0.49529575,0.50659324,1.40119305
55.3000,0.50210131,2.84919823,0.58398206,0.49529756,0.50658592,1.40122197
55.3100,0.50209877,2.84921099,0.58399272,0.49529937,0.50657860,1.40125087
55.3200,0.50209624,2.84922374,0.58400338,0.49530118,0.50657128,1.40127976
55.3300,0.50209370,2.84923647,0.58401403,0.49530298,0.50656397,1.40130862
55.3400,0.50209117,2.84924920,0.58402468,0.49530479,0.50655667,1.40133746
55.3500,0.50208864,2.84926192,0.58403531,0.49530659,0.50654937,1.40136628
55.3600,0.50208612,2.84927463,0.58404594,0.49530839,0.50654208,1.40139508
55.3700,0.50208359,2.84928733,0.58405656,0.49531019,0.50653479,1.40142387
55.3800,0.50208107,2.84930001,0.58406718,0.49531198,0.50652750,1.40145263
55.3900,0.50207855,2.84931269,0.58407778,0.49531378,0.50652022,1.40148137
55.4000,0.50207603,2.84932536,0.58408838,0.49531557,0.50651295,1.40151010
55.4100,0.50207351,2.84933801,0.58409897,0.49531736,0.50650568,1.40153880
55.4200,0.50207100,2.84935066,0.58410955,0.49531915,0.50649842,1.40156749
55.4300,0.50206849,2.84936329,0.58412012,0.49532093,0.50649116,1.40159615
55.4400,0.50206598,2.84937592,0.58413069,0.49532272,0.50648391,1.40162480
55.4500,0.50206347,2.84938853,0.58414125,0.49532450,0.50647666,1.40165343
55.4600,0.50206096,2.84940114,0.58415180,0.49532628,0.50646942,1.40168203
55.4700,0.50205846,2.84941373,0.58416234,0.49532806,0.50646218,1.40171062
55.4800,0.50205595,2.84942632,0.58417288,0.49532984,0.50645495,1.40173919
55.4900,0.50205345,2.84943889,0.58418341,0.49533162,0.50644772,1.40176774
55.5000,0.50205096,2.84945145,0.58419393,0.49533339,0.50644050,1.40179627
55.5100,0.50204846,2.84946401,0.58420444,0.49533516,0.50643328,1.40182478
55.5200,0.50204597,2.84947655,0.58421494,0.49533693,0.50642607,1.40185327
55.5300,0.50204347,2.84948909,0.58422544,0.49533870,0.50641886,1.40188174
55.5400,0.50204099,2.84950161,0.58423593,0.49534047,0.50641166,1.40191019
55.5500,0.50203850,2.84951412,0.58424641,0.49534223,0.50640446,1.40193863
55.5600,0.50203601,2.84952662,0.58425688,0.49534399,0.50639727,1.40196704
55.5700,0.50203353,2.84953912,0.58426735,0.49534576,0.50639009,1.40199543
55.5800,0.50203105,2.84955160,0.58427781,0.49534751,0.50638290,1.40202381
55.5900,0.50202857,2.84956407,0.58428826,0.49534927,0.50637573,1.40205216
55.6000,0.50202609,2.84957654,0.58429870,0.49535103,0.50636856,1.40208050
55.6100,0.50202362,2.84958899,0.58430914,0.49535278,0.50636139,1.40210882
55.6200,0.50202114,2.84960143,0.58431956,0.49535453,0.50635423,1.40213711
55.6300,0.50201867,2.84961386,0.58432998,0.49535628,0.50634707,1.40216539
55.6400,0.50201620,2.84962628,0.58434040,0.49535803,0.50633992,1.40219365
55.6500,0.50201373,2.84963870,0.58435080,0.49535978,0.50633278,1.40222189
55.6600,0.50201127,2.84965110,0.58436120,0.49536152,0.50632564,1.40225011
55.6700,0.50200881,2.84966349,0.58437159,0.49536327,0.50631850,1.40227831
55.6800,0.50200635,2.84967587,0.58438197,0.49536501,0.50631137,1.40230650
55.6900,0.50200389,2.84968824,0.58439235,0.49536675,0.50630424,1.40233466
55.7000,0.50200143,2.84970061,0.58440271,0.49536848,0.50629712,1.40236280
55.7100,0.50199898,2.84971296,0.58441307,0.49537022,0.50629001,1.40239093
55.7200,0.50199652,2.84972530,0.58442342,0.49537195,0.50628290,1.40241903
55.7300,0.50199407,2.84973763,0.58443377,0.49537369,0.50627579,1.40244712
55.7400,0.50199162,2.84974995,0.58444410,0.49537542,0.50626869,1.40247518
55.7500,0.50198918,2.84976226,0.58445443,0.49537714,0.50626159,1.40250323
55.7600,0.50198673,2.84977457,0.58446475,0.49537887,0.50625450,1.40253126
55.7700,0.50198429,2.84978686,0.58447507,0.49538060,0.50624742,1.40255927
55.7800,0.50198185,2.84979914,0.58448537,0.49538232,0.50624034,1.40258726
55.7900,0.50197941,2.84981141,0.58449567,0.49538404,0.50623326,1.40261523
55.8000,0.50197697,2.84982367,0.58450596,0.49538576,0.50622619,1.40264318
55.8100,0.50197454,2.84983593,0.58451625,0.49538748,0.50621913,1.40267112
55.8200,0.50197211,2.84984817,0.58452652,0.49538919,0.50621207,1.40269903
55.8300,0.50196968,2.84986040,0.58453679,0.49539091,0.50620501,1.40272693
55.8400,0.50196725,2.84987262,0.58454705,0.49539262,0.50619796,1.40275480
55.8500,0.50196482,2.84988483,0.58455731,0.49539433,0.50619092,1.40278266
55.8600,0.50196240,2.84989704,0.58456755,0.49539604,0.50618388,1.40281050
55.8700,0.50195997,2.84990923,0.58457779,0.49539775,0.50617684,1.40283832
55.8800,0.50195755,2.84992141,0.58458802,0.49539945,0.50616981,1.40286612
55.8900,0.50195514,2.84993358,0.58459825,0.49540116,0.50616278,1.40289390
55.9000,0.50195272,2.84994575,0.58460846,0.49540286,0.50615576,1.40292166
55.9100,0.50195030,2.84995790,0.58461867,0.49540456,0.50614875,1.40294940
55.9200,0.50194789,2.84997004,0.58462887,0.49540626,0.50614174,1.40297713
55.9300,0.50194548,2.84998218,0.58463906,0.49540795,0.50613473,1.40300483
55.9400,0.50194307,2.84999430,0.58464925,0.49540965,0.50612773,1.40303252
55.9500,0.50194067,2.85000641,0.58465943,0.49541134,0.50612074,1.40306019
55.9600,0.50193826,2.85001852,0.58466960,0.49541303,0.50611375,1.40308783
55.9700,0.50193586,2.85003061,0.58467976,0.49541472,0.50610676,1.40311546
55.9800,0.50193346,2.85004270,0.58468992,0.49541641,0.50609978,1.40314307
55.9900,0.50193106,2.85005477,0.58470007,0.49541810,0.50609280,1.40317067
56.0000,0.50192866,2.85006684,0.58471021,0.49541978,0.50608583,1.40319824
56.0100,0.50192627,2.85007889,0.58472034,0.49542146,0.50607887,1.40322579
56.0200,0.50192388,2.85009094,0.58473047,0.49542314,0.50607191,1.40325333
56.0300,0.50192149,2.85010297,0.58474059,0.49542482,0.50606495,1.40328084
56.0400,0.50191910,2.85011500,0.58475070,0.49542650,0.50605800,1.40330834
56.0500,0.50191671,2.85012701,0.58476081,0.49542818,0.50605106,1.40333582
56.0600,0.50191433,2.85013902,0.58477090,0.49542985,0.50604411,1.40336328
56.0700,0.50191194,2.85015102,0.58478099,0.49543152,0.50603718,1.40339072
56.0800,0.50190956,2.85016300,0.58479107,0.49543319,0.50603025,1.40341814
56.0900,0.50190718,2.85017498,0.58480115,0.49543486,0.50602332,1.40344554
56.1000,0.50190481,2.85018695,0.58481122,0.49543653,0.50601640,1.40347293
56.1100,0.50190243,2.85019890,0.58482128,0.49543819,0.50600948,1.40350030
56.1200,0.50190006,2.85021085,0.58483133,0.49543986,0.50600257,1.40352764
56.1300,0.50189769,2.85022279,0.58484137,0.49544152,0.50599567,1.40355497
56.1400,0.50189532,2.85023472,0.58485141,0.49544318,0.50598876,1.40358228
56.1500,0.50189295,2.85024664,0.58486144,0.49544484,0.50598187,1.40360957
56.1600,0.50189059,2.85025855,0.58487146,0.49544649,0.50597498,1.40363684
56.1700,0.50188823,2.85027045,0.58488148,0.49544815,0.50596809,1.40366410
56.1800,0.50188587,2.85028234,0.58489149,0.49544980,0.50596121,1.40369133
56.1900,0.50188351,2.85029422,0.58490149,0.49545145,0.50595433,1.40371855
56.2000,0.50188115,2.85030609,0.58491148,0.49545310,0.50594746,1.40374575
56.2100,0.50187879,2.85031795,0.58492147,0.49545475,0.50594059,1.40377292
56.2200,0.50187644,2.85032980,0.58493145,0.49545640,0.50593373,1.40380008
56.2300,0.50187409,2.85034164,0.58494142,0.49545804,0.50592687,1.40382723
56.2400,0.50187174,2.85035347,0.58495138,0.49545968,0.50592002,1.40385435
56.2500,0.50186939,2.85036530,0.58496134,0.49546133,0.50591317,1.40388145
56.2600,0.50186705,2.85037711,0.58497129,0.49546297,0.50590633,1.40390854
56.2700,0.50186470,2.85038891,0.58498123,0.49546460,0.50589949,1.40393561
56.2800,0.50186236,2.85040071,0.58499117,0.49546624,0.50589266,1.40396265
56.2900,0.50186002,2.85041249,0.58500110,0.49546787,0.50588583,1.40398968
56.3000,0.50185768,2.85042427,0.58501102,0.49546951,0.50587900,1.40401670
56.3100,0.50185535,2.85043603,0.58502093,0.49547114,0.50587219,1.40404369
56.3200,0.50185302,2.85044779,0.58503084,0.49547277,0.50586537,1.40407066
56.3300,0.50185068,2.85045953,0.58504073,0.49547439,0.50585856,1.40409762
56.3400,0.50184835,2.85047127,0.58505063,0.49547602,0.50585176,1.40412456
56.3500,0.50184603,2.85048300,0.58506051,0.49547765,0.50584496,1.40415148
56.3600,0.50184370,2.85049472,0.58507039,0.49547927,0.50583817,1.40417838
56.3700,0.50184138,2.85050642,0.58508026,0.49548089,0.50583138,1.40420526
56.3800,0.50183905,2.85051812,0.58509012,0.49548251,0.50582459,1.40423212
56.3900,0.50183673,2.85052981,0.58509997,0.49548413,0.50581781,1.40425897
56.4000,0.50183441,2.85054149,0.58510982,0.49548574,0.50581104,1.40428579
56.4100,0.50183210,2.85055316,0.58511966,0.49548736,0.50580427,1.40431260
56.4200,0.50182978,2.85056482,0.58512950,0.49548897,0.50579750,1.40433939
56.4300,0.50182747,2.85057647,0.58513932,0.49549058,0.50579074,1.40436616
56.4400,0.50182516,2.85058812,0.58514914,0.49549219,0.50578399,1.40439291
56.4500,0.50182285,2.85059975,0.58515895,0.49549380,0.50577724,1.40441965
56.4600,0.50182054,2.85061137,0.58516876,0.49549540,0.50577049,1.40444637
56.4700,0.50181824,2.85062299,0.58517856,0.49549701,0.50576375,1.40447306
56.4800,0.50181594,2.85063459,0.58518835,0.49549861,0.50575701,1.40449974
56.4900,0.50181363,2.85064619,0.58519813,0.49550021,0.50575028,1.40452640
56.5000,0.50181134,2.85065777,0.58520791,0.49550181,0.50574355,1.40455305
56.5100,0.50180904,2.85066935,0.58521767,0.49550341,0.50573683,1.40457967
56.5200,0.50180674,2.85068091,0.58522744,0.49550500,0.50573012,1.40460628
56.5300,0.50180445,2.85069247,0.58523719,0.49550660,0.50572340,1.40463286
56.5400,0.50180216,2.85070402,0.58524694,0.49550819,0.50571670,1.40465943
56.5500,0.50179987,2.85071556,0.58525668,0.49550978,0.50570999,1.40468598
56.5600,0.50179758,2.85072709,0.58526641,0.49551137,0.50570330,1.40471252
56.5700,0.50179529,2.85073861,0.58527614,0.49551296,0.50569660,1.40473903
56.5800,0.50179301,2.85075012,0.58528586,0.49551454,0.50568991,1.40476553
56.5900,0.50179073,2.85076162,0.58529557,0.49551613,0.50568323,1.40479201
56.6000,0.50178845,2.85077311,0.58530527,0.49551771,0.50567655,1.40481847
56.6100,0.50178617,2.85078460,0.58531497,0.49551929,0.50566988,1.40484491
56.6200,0.50178389,2.85079607,0.58532466,0.49552087,0.50566321,1.40487133
56.6300,0.50178162,2.85080753,0.58533434,0.49552245,0.50565654,1.40489774
56.6400,0.50177934,2.85081899,0.58534402,0.49552403,0.50564989,1.40492412
56.6500,0.50177707,2.85083043,0.58535369,0.49552560,0.50564323,1.40495049
56.6600,0.50177480,2.85084187,0.58536335,0.49552717,0.50563658,1.40497684
56.6700,0.50177254,2.85085330,0.58537300,0.49552875,0.50562993,1.40500317
56.6800,0.50177027,2.85086472,0.58538265,0.49553032,0.50562329,1.40502949
56.6900,0.50176801,2.85087612,0.58539229,0.49553188,0.50561666,1.40505579
56.7000,0.50176575,2.85088752,0.58540192,0.49553345,0.50561003,1.40508206
56.7100,0.50176349,2.85089891,0.58541155,0.49553502,0.50560340,1.40510832
56.7200,0.50176123,2.85091030,0.58542117,0.49553658,0.50559678,1.40513456
56.7300,0.50175897,2.85092167,0.58543078,0.49553814,0.50559016,1.40516079
56.7400,0.50175672,2.85093303,0.58544039,0.49553970,0.50558355,1.40518699
56.7500,0.50175447,2.85094438,0.58544999,0.49554126,0.50557694,1.40521318
56.7600,0.50175222,2.85095573,0.58545958,0.49554282,0.50557034,1.40523935
56.7700,0.50174997,2.85096706,0.58546916,0.49554437,0.50556374,1.40526550
56.7800,0.50174772,2.85097839,0.58547874,0.49554592,0.50555715,1.40529164
56.7900,0.50174548,2.85098971,0.58548831,0.49554748,0.50555056,1.40531775
56.8000,0.50174323,2.85100101,0.58549787,0.49554903,0.50554398,1.40534385
56.8100,0.50174099,2.85101231,0.58550743,0.49555057,0.50553740,1.40536993
56.8200,0.50173875,2.85102360,0.58551697,0.49555212,0.50553082,1.40539599
56.8300,0.50173652,2.85103488,0.58552652,0.49555367,0.50552425,1.40542203
56.8400,0.50173428,2.85104615,0.58553605,0.49555521,0.50551769,1.40544806
56.8500,0.50173205,2.85105741,0.58554558,0.49555675,0.50551113,1.40547406
56.8600,0.50172982,2.85106867,0.58555510,0.49555829,0.50550457,1.40550005
56.8700,0.50172759,2.85107991,0.58556461,0.49555983,0.50549802,1.40552603
56.8800,0.50172536,2.85109114,0.58557412,0.49556137,0.50549148,1.40555198
56.8900,0.50172313,2.85110237,0.58558362,0.49556291,0.50548494,1.40557791
56.9000,0.50172091,2.85111359,0.58559311,0.49556444,0.50547840,1.40560383
56.9100,0.50171868,2.85112479,0.58560260,0.49556597,0.50547187,1.40562973
56.9200,0.50171646,2.85113599,0.58561208,0.49556751,0.50546534,1.40565561
56.9300,0.50171424,2.85114718,0.58562155,0.49556904,0.50545882,1.40568148
56.9400,0.50171203,2.85115836,0.58563102,0.49557056,0.50545230,1.40570732
56.9500,0.50170981,2.85116953,0.58564047,0.49557209,0.50544579,1.40573315
56.9600,0.50170760,2.85118069,0.58564992,0.49557361,0.50543928,1.40575896
56.9700,0.50170539,2.85119185,0.58565937,0.49557514,0.50543277,1.40578475
56.9800,0.50170318,2.85120299,0.58566881,0.49557666,0.50542627,1.40581053
56.9900,0.50170097,2.85121413,0.58567824,0.49557818,0.50541978,1.40583629
57.0000,0.50169876,2.85122525,0.58568766,0.49557970,0.50541329,1.40586202
57.0100,0.50169656,2.85123637,0.58569708,0.49558122,0.50540680,1.40588775
57.0200,0.50169436,2.85124748,0.58570649,0.49558273,0.50540032,1.40591345
57.0300,0.50169216,2.85125858,0.58571589,0.49558424,0.50539385,1.40593913
57.0400,0.50168996,2.85126967,0.58572528,0.49558576,0.50538738,1.40596480
57.0500,0.50168776,2.85128075,0.58573467,0.49558727,0.50538091,1.40599045
57.0600,0.50168556,2.85129182,0.58574405,0.49558878,0.50537445,1.40601608
57.0700,0.50168337,2.85130288,0.58575343,0.49559028,0.50536799,1.40604170
57.0800,0.50168118,2.85131394,0.58576280,0.49559179,0.50536154,1.40606730
57.0900,0.50167899,2.85132498,0.58577216,0.49559329,0.50535509,1.40609288
57.1000,0.50167680,2.85133602,0.58578151,0.49559480,0.50534865,1.40611844
57.1100,0.50167462,2.85134704,0.58579086,0.49559630,0.50534221,1.40614398
57.1200,0.50167243,2.85135806,0.58580020,0.49559780,0.50533577,1.40616951
57.1300,0.50167025,2.85136907,0.58580954,0.49559930,0.50532934,1.40619501
57.1400,0.50166807,2.85138007,0.58581886,0.49560079,0.50532292,1.40622051
57.1500,0.50166589,2.85139106,0.58582818,0.49560229,0.50531650,1.40624598
57.1600,0.50166371,2.85140205,0.58583750,0.49560378,0.50531008,1.40627143
57.1700,0.50166154,2.85141302,0.58584680,0.49560527,0.50530367,1.40629687
57.1800,0.50165936,2.85142399,0.58585610,0.49560676,0.50529726,1.40632229
57.1900,0.50165719,2.85143494,0.58586539,0.49560825,0.50529086,1.40634769
57.2000,0.50165502,2.85144589,0.58587468,0.49560974,0.50528446,1.40637308
57.2100,0.50165285,2.85145683,0.58588396,0.49561123,0.50527807,1.40639845
57.2200,0.50165069,2.85146776,0.58589323,0.49561271,0.50527168,1.40642379
57.2300,0.50164852,2.85147868,0.58590250,0.49561419,0.50526530,1.40644913
57.2400,0.50164636,2.85148959,0.58591175,0.49561567,0.50525892,1.40647444
57.2500,0.50164420,2.85150049,0.58592101,0.49561715,0.50525255,1.40649974
57.2600,0.50164204,2.85151139,0.58593025,0.49561863,0.50524618,1.40652502
57.2700,0.50163988,2.85152227,0.58593949,0.49562011,0.50523981,1.40655028
57.2800,0.50163773,2.85153315,0.58594872,0.49562158,0.50523345,1.40657552
57.2900,0.50163557,2.85154402,0.58595795,0.49562306,0.50522710,1.40660075
57.3000,0.50163342,2.85155488,0.58596716,0.49562453,0.50522074,1.40662596
57.3100,0.50163127,2.85156573,0.58597637,0.49562600,0.50521440,1.40665115
57.3200,0.50162912,2.85157657,0.58598558,0.49562747,0.50520805,1.40667633
57.3300,0.50162697,2.85158740,0.58599478,0.49562894,0.50520172,1.40670148
57.3400,0.50162483,2.85159822,0.58600397,0.49563040,0.50519538,1.40672662
57.3500,0.50162269,2.85160904,0.58601315,0.49563187,0.50518906,1.40675174
57.3600,0.50162054,2.85161985,0.58602233,0.49563333,0.50518273,1.40677685
57.3700,0.50161840,2.85163064,0.58603150,0.49563479,0.50517641,1.40680193
57.3800,0.50161627,2.85164143,0.58604066,0.49563625,0.50517010,1.40682700
57.3900,0.50161413,2.85165221,0.58604982,0.49563771,0.50516379,1.40685206
57.4000,0.50161200,2.85166298,0.58605897,0.49563917,0.50515748,1.40687709
57.4100,0.50160986,2.85167375,0.58606811,0.49564062,0.50515118,1.40690211
57.4200,0.50160773,2.85168450,0.58607725,0.49564208,0.50514488,1.40692711
57.4300,0.50160560,2.85169525,0.58608638,0.49564353,0.50513859,1.40695209
57.4400,0.50160348,2.85170598,0.58609550,0.49564498,0.50513230,1.40697706
57.4500,0.50160135,2.85171671,0.58610462,0.49564643,0.50512602,1.40700200
57.4600,0.50159923,2.85172743,0.58611373,0.49564788,0.50511974,1.40702693
57.4700,0.50159710,2.85173814,0.58612283,0.49564932,0.50511347,1.40705185
57.4800,0.50159498,2.85174884,0.58613193,0.49565077,0.50510720,1.40707674
57.4900,0.50159287,2.85175954,0.58614102,0.49565221,0.50510093,1.40710162
57.5000,0.50159075,2.85177022,0.58615010,0.49565365,0.50509467,1.40712648
57.5100,0.50158863,2.85178090,0.58615918,0.49565509,0.50508842,1.40715133
57.5200,0.50158652,2.85179157,0.58616825,0.49565653,0.50508216,1.40717615
57.5300,0.50158441,2.85180223,0.58617731,0.49565797,0.50507592,1.40720096
57.5400,0.50158230,2.85181288,0.58618637,0.49565940,0.50506968,1.40722576
57.5500,0.50158019,2.85182352,0.58619542,0.49566084,0.50506344,1.40725053
57.5600,0.50157808,2.85183415,0.58620446,0.49566227,0.50505720,1.40727529
57.5700,0.50157598,2.85184477,0.58621350,0.49566370,0.50505097,1.40730003
57.5800,0.50157388,2.85185539,0.58622253,0.49566513,0.50504475,1.40732475
57.5900,0.50157178,2.85186600,0.58623155,0.49566656,0.50503853,1.40734946
57.6000,0.50156968,2.85187660,0.58624057,0.49566799,0.50503231,1.40737415
57.6100,0.50156758,2.85188719,0.58624958,0.49566941,0.50502610,1.40739882
57.6200,0.50156548,2.85189777,0.58625858,0.49567084,0.50501990,1.40742347
57.6300,0.50156339,2.85190834,0.58626758,0.49567226,0.50501370,1.40744811
57.6400,0.50156130,2.85191891,0.58627657,0.49567368,0.50500750,1.40747273
57.6500,0.50155920,2.85192946,0.58628555,0.49567510,0.50500130,1.40749733
57.6600,0.50155712,2.85194001,0.58629453,0.49567652,0.50499512,1.40752192
57.6700,0.50155503,2.85195055,0.58630350,0.49567794,0.50498893,1.40754649
57.6800,0.50155294,2.85196108,0.58631246,0.49567935,0.50498275,1.40757104
57.6900,0.50155086,2.85197160,0.58632142,0.49568076,0.50497658,1.40759557
57.7000,0.50154878,2.85198211,0.58633037,0.49568218,0.50497041,1.40762009
57.7100,0.50154670,2.85199262,0.58633931,0.49568359,0.50496424,1.40764459
57.7200,0.50154462,2.85200311,0.58634825,0.49568500,0.50495808,1.40766907
57.7300,0.50154254,2.85201360,0.58635718,0.49568640,0.50495192,1.40769354
57.7400,0.50154046,2.85202408,0.58636610,0.49568781,0.50494577,1.40771799
57.7500,0.50153839,2.85203455,0.58637502,0.49568922,0.50493962,1.40774242
57.7600,0.50153632,2.85204501,0.58638393,0.49569062,0.50493348,1.40776683
57.7700,0.50153425,2.85205547,0.58639284,0.49569202,0.50492734,1.40779123
57.7800,0.50153218,2.85206591,0.58640173,0.49569342,0.50492120,1.40781561
57.7900,0.50153011,2.85207635,0.58641063,0.49569482,0.50491507,1.40783998
57.8000,0.50152805,2.85208678,0.58641951,0.49569622,0.50490894,1.40786432
57.8100,0.50152599,2.85209720,0.58642839,0.49569762,0.50490282,1.40788865
57.8200,0.50152392,2.85210761,0.58643726,0.49569901,0.50489671,1.40791297
57.8300,0.50152186,2.85211802,0.58644612,0.49570040,0.50489059,1.40793726
57.8400,0.50151981,2.85212841,0.58645498,0.49570179,0.50488448,1.40796154
57.8500,0.50151775,2.85213880,0.58646384,0.49570319,0.50487838,1.40798580
57.8600,0.50151569,2.85214918,0.58647268,0.49570457,0.50487228,1.40801005
57.8700,0.50151364,2.85215955,0.58648152,0.49570596,0.50486618,1.40803428
57.8800,0.50151159,2.85216991,0.58649035,0.49570735,0.50486009,1.40805849
57.8900,0.50150954,2.85218026,0.58649918,0.49570873,0.50485401,1.40808268
57.9000,0.50150749,2.85219060,0.58650800,0.49571012,0.50484793,1.40810686
57.9100,0.50150544,2.85220094,0.58651681,0.49571150,0.50484185,1.40813102
57.9200,0.50150340,2.85221127,0.58652562,0.49571288,0.50483577,1.40815516
57.9300,0.50150136,2.85222159,0.58653442,0.49571426,0.50482971,1.40817929
57.9400,0.50149932,2.85223190,0.58654321,0.49571563,0.50482364,1.40820340
57.9500,0.50149728,2.85224220,0.58655200,0.49571701,0.50481758,1.40822749
57.9600,0.50149524,2.85225250,0.58656078,0.49571839,0.50481153,1.40825157
57.9700,0.50149320,2.85226278,0.58656955,0.49571976,0.50480547,1.40827563
57.9800,0.50149117,2.85227306,0.58657832,0.49572113,0.50479943,1.40829967
57.9900,0.50148913,2.85228333,0.58658708,0.49572250,0.50479339,1.40832370
58.0000,0.50148710,2.85229359,0.58659584,0.49572387,0.50478735,1.40834771
58.0100,0.50148507,2.85230385,0.58660459,0.49572524,0.50478131,1.40837170
58.0200,0.50148305,2.85231409,0.58661333,0.49572660,0.50477528,1.40839568
58.0300,0.50148102,2.85232433,0.58662206,0.49572797,0.50476926,1.40841963
58.0400,0.50147899,2.85233456,0.58663079,0.49572933,0.50476324,1.40844358
58.0500,0.50147697,2.85234478,0.58663952,0.49573069,0.50475722,1.40846750
58.0600,0.50147495,2.85235499,0.58664823,0.49573205,0.50475121,1.40849141
58.0700,0.50147293,2.85236519,0.58665694,0.49573341,0.50474520,1.40851530
58.0800,0.50147091,2.85237539,0.58666564,0.49573477,0.50473920,1.40853918
58.0900,0.50146890,2.85238557,0.58667434,0.49573613,0.50473320,1.40856303
58.1000,0.50146688,2.85239575,0.58668303,0.49573748,0.50472721,1.40858688
58.1100,0.50146487,2.85240592,0.58669172,0.49573883,0.50472122,1.40861070
58.1200,0.50146286,2.85241608,0.58670039,0.49574019,0.50471523,1.40863451
58.1300,0.50146085,2.85242624,0.58670907,0.49574154,0.50470925,1.40865830
58.1400,0.50145884,2.85243638,0.58671773,0.49574289,0.50470327,1.40868208
58.1500,0.50145683,2.85244652,0.58672639,0.49574423,0.50469730,1.40870583
58.1600,0.50145483,2.85245665,0.58673504,0.49574558,0.50469133,1.40872958
58.1700,0.50145283,2.85246677,0.58674369,0.49574693,0.50468537,1.40875330
58.1800,0.50145082,2.85247689,0.58675233,0.49574827,0.50467941,1.40877701
58.1900,0.50144883,2.85248699,0.58676096,0.49574961,0.50467345,1.40880070
58.2000,0.50144683,2.85249709,0.58676959,0.49575095,0.50466750,1.40882438
58.2100,0.50144483,2.85250718,0.58677821,0.49575229,0.50466155,1.40884803
58.2200,0.50144284,2.85251726,0.58678682,0.49575363,0.50465561,1.40887168
58.2300,0.50144084,2.85252733,0.58679543,0.49575497,0.50464967,1.40889530
58.2400,0.50143885,2.85253739,0.58680403,0.49575630,0.50464374,1.40891891
58.2500,0.50143686,2.85254745,0.58681263,0.49575764,0.50463781,1.40894250
58.2600,0.50143487,2.85255750,0.58682121,0.49575897,0.50463188,1.40896608
58.2700,0.50143289,2.85256754,0.58682980,0.49576030,0.50462596,1.40898964
58.2800,0.50143090,2.85257757,0.58683837,0.49576163,0.50462005,1.40901318
58.2900,0.50142892,2.85258759,0.58684694,0.49576296,0.50461413,1.40903671
58.3000,0.50142694,2.85259761,0.58685551,0.49576428,0.50460823,1.40906022
58.3100,0.50142496,2.85260762,0.58686406,0.49576561,0.50460232,1.40908371
58.3200,0.50142298,2.85261762,0.58687261,0.49576693,0.50459642,1.40910719
58.3300,0.50142100,2.85262761,0.58688116,0.49576826,0.50459053,1.40913065
58.3400,0.50141903,2.85263759,0.58688970,0.49576958,0.50458464,1.40915409
58.3500,0.50141705,2.85264757,0.58689823,0.49577090,0.50457875,1.40917752
58.3600,0.50141508,2.85265753,0.58690675,0.49577222,0.50457287,1.40920093
58.3700,0.50141311,2.85266749,0.58691527,0.49577353,0.50456699,1.40922432
58.3800,0.50141114,2.85267744,0.58692379,0.49577485,0.50456112,1.40924770
58.3900,0.50140918,2.85268739,0.58693229,0.49577617,0.50455525,1.40927106
58.4000,0.50140721,2.85269732,0.58694079,0.49577748,0.50454938,1.40929441
58.4100,0.50140525,2.85270725,0.58694929,0.49577879,0.50454352,1.40931774
58.4200,0.50140328,2.85271717,0.58695778,0.49578010,0.50453766,1.40934105
58.4300,0.50140132,2.85272708,0.58696626,0.49578141,0.50453181,1.40936435
58.4400,0.50139936,2.85273698,0.58697473,0.49578272,0.50452596,1.40938763
58.4500,0.50139741,2.85274688,0.58698320,0.49578402,0.50452012,1.40941089
58.4600,0.50139545,2.85275676,0.58699166,0.49578533,0.50451428,1.40943414
58.4700,0.50139350,2.85276664,0.58700012,0.49578663,0.50450844,1.40945737
58.4800,0.50139155,2.85277651,0.58700857,0.49578794,0.50450261,1.40948058
58.4900,0.50138959,2.85278638,0.58701702,0.49578924,0.50449679,1.40950378
58.5000,0.50138765,2.85279623,0.58702545,0.49579054,0.50449096,1.40952696
58.5100,0.50138570,2.85280608,0.58703389,0.49579184,0.50448515,1.40955013
58.5200,0.50138375,2.85281592,0.58704231,0.49579313,0.50447933,1.40957328
58.5300,0.50138181,2.85282575,0.58705073,0.49579443,0.50447352,1.40959641
58.5400,0.50137986,2.85283557,0.58705914,0.49579572,0.50446772,1.40961953
58.5500,0.50137792,2.85284539,0.58706755,0.49579702,0.50446191,1.40964263
58.5600,0.50137598,2.85285520,0.58707595,0.49579831,0.50445612,1.40966571
58.5700,0.50137405,2.85286499,0.58708435,0.49579960,0.50445032,1.40968878
58.5800,0.50137211,2.85287479,0.58709274,0.49580089,0.50444454,1.40971183
58.5900,0.50137017,2.85288457,0.58710112,0.49580217,0.50443875,1.40973487
58.6000,0.50136824,2.85289435,0.58710949,0.49580346,0.50443297,1.40975789
58.6100,0.50136631,2.85290411,0.58711786,0.49580474,0.50442719,1.40978089
58.6200,0.50136438,2.85291387,0.58712623,0.49580603,0.50442142,1.40980388
58.6300,0.50136245,2.85292363,0.58713459,0.49580731,0.50441565,1.40982685
58.6400,0.50136052,2.85293337,0.58714294,0.49580859,0.50440989,1.40984980
58.6500,0.50135860,2.85294311,0.58715128,0.49580987,0.50440413,1.40987274
58.6600,0.50135667,2.85295284,0.58715962,0.49581115,0.50439838,1.40989566
58.6700,0.50135475,2.85296256,0.58716795,0.49581243,0.50439263,1.40991857
58.6800,0.50135283,2.85297227,0.58717628,0.49581370,0.50438688,1.40994146
58.6900,0.50135091,2.85298197,0.58718460,0.49581498,0.50438114,1.40996433
58.7000,0.50134900,2.85299167,0.58719292,0.49581625,0.50437540,1.40998719
58.7100,0.50134708,2.85300136,0.58720122,0.49581752,0.50436966,1.41001003
58.7200,0.50134517,2.85301104,0.58720953,0.49581879,0.50436393,1.41003286
58.7300,0.50134325,2.85302072,0.58721782,0.49582006,0.50435821,1.41005567
58.7400,0.50134134,2.85303038,0.58722611,0.49582133,0.50435249,1.41007846
58.7500,0.50133943,2.85304004,0.58723440,0.49582259,0.50434677,1.41010124
58.7600,0.50133752,2.85304969,0.58724267,0.49582386,0.50434106,1.41012400
58.7700,0.50133562,2.85305933,0.58725095,0.49582512,0.50433535,1.41014674
58.7800,0.50133371,2.85306897,0.58725921,0.49582639,0.50432964,1.41016947
58.7900,0.50133181,2.85307859,0.58726747,0.49582765,0.50432394,1.41019219
58.8000,0.50132991,2.85308821,0.58727572,0.49582891,0.50431824,1.41021488
58.8100,0.50132801,2.85309782,0.58728397,0.49583017,0.50431255,1.41023757
58.8200,0.50132611,2.85310743,0.58729221,0.49583142,0.50430686,1.41026023
58.8300,0.50132421,2.85311702,0.58730045,0.49583268,0.50430118,1.41028288
58.8400,0.50132232,2.85312661,0.58730868,0.49583393,0.50429550,1.41030551
58.8500,0.50132042,2.85313619,0.58731690,0.49583519,0.50428982,1.41032813
58.8600,0.50131853,2.85314576,0.58732512,0.49583644,0.50428415,1.41035073
58.8700,0.50131664,2.85315533,0.58733333,0.49583769,0.50427848,1.41037332
58.8800,0.50131475,2.85316489,0.58734153,0.49583894,0.50427282,1.41039589
58.8900,0.50131286,2.85317444,0.58734973,0.49584019,0.50426716,1.41041844
58.9000,0.50131098,2.85318398,0.58735792,0.49584143,0.50426151,1.41044098
58.9100,0.50130909,2.85319351,0.58736611,0.49584268,0.50425586,1.41046350
58.9200,0.50130721,2.85320304,0.58737429,0.49584392,0.50425021,1.41048601
58.9300,0.50130533,2.85321256,0.58738247,0.49584517,0.50424457,1.41050850
58.9400,0.50130345,2.85322207,0.58739063,0.49584641,0.50423893,1.41053097
58.9500,0.50130157,2.85323157,0.58739880,0.49584765,0.50423329,1.41055343
58.9600,0.50129969,2.85324107,0.58740695,0.49584889,0.50422766,1.41057587
58.9700,0.50129782,2.85325056,0.58741510,0.49585013,0.50422204,1.41059830
58.9800,0.50129595,2.85326004,0.58742325,0.49585136,0.50421641,1.41062071
58.9900,0.50129407,2.85326951,0.58743139,0.49585260,0.50421080,1.41064310
59.0000,0.50129220,2.85327897,0.58743952,0.49585383,0.50420518,1.41066548
59.0100,0.50129033,2.85328843,0.58744765,0.49585506,0.50419957,1.41068785
59.0200,0.50128847,2.85329788,0.58745577,0.49585630,0.50419397,1.41071019
59.0300,0.50128660,2.85330732,0.58746388,0.49585753,0.50418836,1.41073253
59.0400,0.50128474,2.85331676,0.58747199,0.49585875,0.50418277,1.41075484
59.0500,0.50128287,2.85332618,0.58748009,0.49585998,0.50417717,1.41077714
59.0600,0.50128101,2.85333560,0.58748819,0.49586121,0.50417158,1.41079943
59.0700,0.50127915,2.85334502,0.58749628,0.49586243,0.50416600,1.41082170
59.0800,0.50127729,2.85335442,0.58750436,0.49586366,0.50416042,1.41084395
59.0900,0.50127544,2.85336382,0.58751244,0.49586488,0.50415484,1.41086619
59.1000,0.50127358,2.85337321,0.58752051,0.49586610,0.50414927,1.41088841
59.1100,0.50127173,2.85338259,0.58752858,0.49586732,0.50414370,1.41091061
59.1200,0.50126988,2.85339196,0.58753664,0.49586854,0.50413813,1.41093280
59.1300,0.50126802,2.85340133,0.58754470,0.49586976,0.50413257,1.41095498
59.1400,0.50126618,2.85341069,0.58755275,0.49587097,0.50412702,1.41097714
59.1500,0.50126433,2.85342004,0.58756079,0.49587219,0.50412146,1.41099928
59.1600,0.50126248,2.85342938,0.58756883,0.49587340,0.50411591,1.41102141
59.1700,0.50126064,2.85343872,0.58757686,0.49587461,0.50411037,1.41104352
59.1800,0.50125879,2.85344804,0.58758488,0.49587583,0.50410483,1.41106562
59.1900,0.50125695,2.85345737,0.58759290,0.49587704,0.50409929,1.41108770
59.2000,0.50125511,2.85346668,0.58760091,0.49587824,0.50409376,1.41110976
59.2100,0.50125327,2.85347599,0.58760892,0.49587945,0.50408823,1.41113181
59.2200,0.50125144,2.85348528,0.58761692,0.49588066,0.50408271,1.41115384
59.2300,0.50124960,2.85349457,0.58762492,0.49588186,0.50407719,1.41117586
59.2400,0.50124777,2.85350386,0.58763291,0.49588307,0.50407167,1.41119786
59.2500,0.50124593,2.85351313,0.58764089,0.49588427,0.50406616,1.41121985
59.2600,0.50124410,2.85352240,0.58764887,0.49588547,0.50406065,1.41124182
59.2700,0.50124227,2.85353166,0.58765684,0.49588667,0.50405515,1.41126378
59.2800,0.50124045,2.85354092,0.58766481,0.49588787,0.50404965,1.41128572
59.2900,0.50123862,2.85355016,0.58767277,0.49588907,0.50404415,1.41130764
59.3000,0.50123679,2.85355940,0.58768072,0.49589026,0.50403866,1.41132955
59.3100,0.50123497,2.85356863,0.58768867,0.49589146,0.50403317,1.41135145
59.3200,0.50123315,2.85357786,0.58769661,0.49589265,0.50402769,1.41137332
59.3300,0.50123133,2.85358707,0.58770455,0.49589384,0.50402221,1.41139519
59.3400,0.50122951,2.85359628,0.58771248,0.49589503,0.50401673,1.41141703
59.3500,0.50122769,2.85360548,0.58772041,0.49589622,0.50401126,1.41143887
59.3600,0.50122588,2.85361468,0.58772832,0.49589741,0.50400579,1.41146068
59.3700,0.50122406,2.85362386,0.58773624,0.49589860,0.50400033,1.41148248
59.3800,0.50122225,2.85363304,0.58774415,0.49589979,0.50399487,1.41150427
59.3900,0.50122044,2.85364221,0.58775205,0.49590097,0.50398941,1.41152604
59.4000,0.50121863,2.85365138,0.58775994,0.49590215,0.50398396,1.41154779
59.4100,0.50121682,2.85366054,0.58776783,0.49590334,0.50397851,1.41156953
59.4200,0.50121501,2.85366969,0.58777572,0.49590452,0.50397307,1.41159126
59.4300,0.50121321,2.85367883,0.58778359,0.49590570,0.50396763,1.41161296
59.4400,0.50121140,2.85368796,0.58779147,0.49590688,0.50396219,1.41163466
59.4500,0.50120960,2.85369709,0.58779933,0.49590805,0.50395676,1.41165633
59.4600,0.50120780,2.85370621,0.58780719,0.49590923,0.50395133,1.41167800
59.4700,0.50120600,2.85371532,0.58781505,0.49591041,0.50394591,1.41169964
59.4800,0.50120420,2.85372443,0.58782290,0.49591158,0.50394049,1.41172127
59.4900,0.50120240,2.85373353,0.58783074,0.49591275,0.50393508,1.41174289
59.5000,0.50120061,2.85374262,0.58783858,0.49591392,0.50392966,1.41176449
59.5100,0.50119881,2.85375170,0.58784641,0.49591509,0.50392426,1.41178608
59.5200,0.50119702,2.85376078,0.58785424,0.49591626,0.50391885,1.41180765
59.5300,0.50119523,2.85376985,0.58786206,0.49591743,0.50391345,1.41182920
59.5400,0.50119344,2.85377891,0.58786987,0.49591860,0.50390806,1.41185074
59.5500,0.50119165,2.85378796,0.58787768,0.49591976,0.50390266,1.41187226
59.5600,0.50118987,2.85379701,0.58788548,0.49592093,0.50389728,1.41189377
59.5700,0.50118808,2.85380605,0.58789328,0.49592209,0.50389189,1.41191527
59.5800,0.50118630,2.85381508,0.58790107,0.49592325,0.50388651,1.41193674
59.5900,0.50118452,2.85382410,0.58790886,0.49592441,0.50388114,1.41195821
59.6000,0.50118274,2.85383312,0.58791664,0.49592557,0.50387576,1.41197966
59.6100,0.50118096,2.85384213,0.58792441,0.49592673,0.50387039,1.41200109
59.6200,0.50117918,2.85385114,0.58793218,0.49592789,0.50386503,1.41202251
59.6300,0.50117740,2.85386013,0.58793994,0.49592904,0.50385967,1.41204391
59.6400,0.50117563,2.85386912,0.58794770,0.49593020,0.50385431,1.41206529
59.6500,0.50117386,2.85387810,0.58795545,0.49593135,0.50384896,1.41208667
59.6600,0.50117209,2.85388708,0.58796320,0.49593250,0.50384361,1.41210802
59.6700,0.50117032,2.85389604,0.58797094,0.49593365,0.50383827,1.41212936
59.6800,0.50116855,2.85390500,0.58797867,0.49593480,0.50383293,1.41215069
59.6900,0.50116678,2.85391395,0.58798640,0.49593595,0.50382759,1.41217200
59.7000,0.50116501,2.85392290,0.58799412,0.49593710,0.50382226,1.41219330
59.7100,0.50116325,2.85393184,0.58800184,0.49593825,0.50381693,1.41221458
59.7200,0.50116149,2.85394077,0.58800955,0.49593939,0.50381160,1.41223584
59.7300,0.50115972,2.85394969,0.58801726,0.49594054,0.50380628,1.41225709
59.7400,0.50115796,2.85395861,0.58802496,0.49594168,0.50380096,1.41227833
59.7500,0.50115621,2.85396752,0.58803265,0.49594282,0.50379565,1.41229955
59.7600,0.50115445,2.85397642,0.58804034,0.49594396,0.50379034,1.41232075
59.7700,0.50115269,2.85398531,0.58804802,0.49594510,0.50378504,1.41234194
59.7800,0.50115094,2.85399420,0.58805570,0.49594624,0.50377974,1.41236312
59.7900,0.50114918,2.85400308,0.58806337,0.49594737,0.50377444,1.41238428
59.8000,0.50114743,2.85401196,0.58807103,0.49594851,0.50376914,1.41240542
59.8100,0.50114568,2.85402082,0.58807869,0.49594964,0.50376385,1.41242655
59.8200,0.50114393,2.85402968,0.58808635,0.49595078,0.50375857,1.41244767
59.8300,0.50114219,2.85403853,0.58809400,0.49595191,0.50375329,1.41246877
59.8400,0.50114044,2.85404738,0.58810164,0.49595304,0.50374801,1.41248985
59.8500,0.50113870,2.85405622,0.58810928,0.49595417,0.50374273,1.41251092
59.8600,0.50113695,2.85406505,0.58811691,0.49595530,0.50373746,1.41253198
59.8700,0.50113521,2.85407387,0.58812454,0.49595643,0.50373220,1.41255302
59.8800,0.50113347,2.85408269,0.58813216,0.49595755,0.50372693,1.41257404
59.8900,0.50113173,2.85409149,0.58813977,0.49595868,0.50372167,1.41259505
59.9000,0.50113000,2.85410030,0.58814738,0.49595980,0.50371642,1.41261605
59.9100,0.50112826,2.85410909,0.58815498,0.49596092,0.50371117,1.41263703
59.9200,0.50112653,2.85411788,0.58816258,0.49596204,0.50370592,1.41265799
59.9300,0.50112479,2.85412666,0.58817017,0.49596316,0.50370068,1.41267894
59.9400,0.50112306,2.85413543,0.58817776,0.49596428,0.50369544,1.41269988
59.9500,0.50112133,2.85414420,0.58818534,0.49596540,0.50369020,1.41272080
59.9600,0.50111960,2.85415296,0.58819292,0.49596652,0.50368497,1.41274170
59.9700,0.50111788,2.85416171,0.58820049,0.49596763,0.50367974,1.41276259
59.9800,0.50111615,2.85417046,0.58820805,0.49596875,0.50367452,1.41278347
59.9900,0.50111443,2.85417920,0.58821561,0.49596986,0.50366930,1.41280433
60.0000,0.50111270,2.85418793,0.58822316,0.49597097,0.50366408,1.41282517
60.0100,0.50111098,2.85419665,0.58823071,0.49597209,0.50365887,1.41284600
60.0200,0.50110926,2.85420537,0.58823825,0.49597320,0.50365366,1.41286682
60.0300,0.50110754,2.85421408,0.58824579,0.49597430,0.50364846,1.41288762
60.0400,0.50110583,2.85422278,0.58825332,0.49597541,0.50364326,1.41290841
60.0500,0.50110411,2.85423148,0.58826085,0.49597652,0.50363806,1.41292918
60.0600,0.50110240,2.85424017,0.58826837,0.49597762,0.50363287,1.41294993
60.0700,0.50110068,2.85424885,0.58827588,0.49597873,0.50362768,1.41297068
60.0800,0.50109897,2.85425753,0.58828339,0.49597983,0.50362249,1.41299140
60.0900,0.50109726,2.85426619,0.58829089,0.49598093,0.50361731,1.41301212
60.1000,0.50109555,2.85427486,0.58829839,0.49598203,0.50361213,1.41303281
60.1100,0.50109385,2.85428351,0.58830588,0.49598313,0.50360696,1.41305350
60.1200,0.50109214,2.85429216,0.58831337,0.49598423,0.50360179,1.41307416
60.1300,0.50109044,2.85430080,0.58832085,0.49598533,0.50359662,1.41309482
60.1400,0.50108873,2.85430943,0.58832832,0.49598642,0.50359146,1.41311545
60.1500,0.50108703,2.85431806,0.58833579,0.49598752,0.50358630,1.41313608
60.1600,0.50108533,2.85432668,0.58834326,0.49598861,0.50358114,1.41315669
60.1700,0.50108363,2.85433529,0.58835072,0.49598971,0.50357599,1.41317728
60.1800,0.50108193,2.85434389,0.58835817,0.49599080,0.50357085,1.41319786
60.1900,0.50108024,2.85435249,0.58836562,0.49599189,0.50356570,1.41321843
60.2000,0.50107854,2.85436109,0.58837306,0.49599298,0.50356056,1.41323898
60.2100,0.50107685,2.85436967,0.58838050,0.49599407,0.50355543,1.41325951
60.2200,0.50107516,2.85437825,0.58838793,0.49599515,0.50355029,1.41328003
60.2300,0.50107347,2.85438682,0.58839535,0.49599624,0.50354517,1.41330054
60.2400,0.50107178,2.85439538,0.58840277,0.49599732,0.50354004,1.41332103
60.2500,0.50107009,2.85440394,0.58841019,0.49599841,0.50353492,1.41334151
60.2600,0.50106840,2.85441249,0.58841760,0.49599949,0.50352980,1.41336197
60.2700,0.50106672,2.85442103,0.58842500,0.49600057,0.50352469,1.41338242
60.2800,0.50106503,2.85442957,0.58843240,0.49600165,0.50351958,1.41340285
60.2900,0.50106335,2.85443810,0.58843979,0.49600273,0.50351447,1.41342327
60.3000,0.50106167,2.85444662,0.58844718,0.49600381,0.50350937,1.41344367
60.3100,0.50105999,2.85445514,0.58845456,0.49600488,0.50350427,1.41346406
60.3200,0.50105831,2.85446365,0.58846194,0.49600596,0.50349918,1.41348444
60.3300,0.50105664,2.85447215,0.58846931,0.49600704,0.50349409,1.41350480
60.3400,0.50105496,2.85448064,0.58847668,0.49600811,0.50348900,1.41352514
60.3500,0.50105329,2.85448913,0.58848404,0.49600918,0.50348392,1.41354547
60.3600,0.50105161,2.85449761,0.58849139,0.49601025,0.50347884,1.41356579
60.3700,0.50104994,2.85450609,0.58849874,0.49601132,0.50347376,1.41358609
60.3800,0.50104827,2.85451456,0.58850608,0.49601239,0.50346869,1.41360638
60.3900,0.50104660,2.85452302,0.58851342,0.49601346,0.50346362,1.41362665
60.4000,0.50104494,2.85453147,0.58852075,0.49601453,0.50345856,1.41364691
60.4100,0.50104327,2.85453992,0.58852808,0.49601559,0.50345350,1.41366715
60.4200,0.50104161,2.85454836,0.58853540,0.49601666,0.50344844,1.41368738
60.4300,0.50103994,2.85455679,0.58854272,0.49601772,0.50344339,1.41370760
60.4400,0.50103828,2.85456522,0.58855003,0.49601878,0.50343834,1.41372780
60.4500,0.50103662,2.85457364,0.58855734,0.49601984,0.50343329,1.41374798
60.4600,0.50103496,2.85458206,0.58856464,0.49602090,0.50342825,1.41376815
60.4700,0.50103330,2.85459046,0.58857193,0.49602196,0.50342321,1.41378831
60.4800,0.50103165,2.85459886,0.58857922,0.49602302,0.50341818,1.41380845
60.4900,0.50102999,2.85460726,0.58858651,0.49602408,0.50341315,1.41382858
60.5000,0.50102834,2.85461564,0.58859379,0.49602513,0.50340812,1.41384870
60.5100,0.50102669,2.85462402,0.58860106,0.49602619,0.50340310,1.41386879
60.5200,0.50102504,2.85463239,0.58860833,0.49602724,0.50339808,1.41388888
60.5300,0.50102339,2.85464076,0.58861559,0.49602830,0.50339306,1.41390895
60.5400,0.50102174,2.85464912,0.58862285,0.49602935,0.50338805,1.41392901
60.5500,0.50102009,2.85465747,0.58863010,0.49603040,0.50338304,1.41394905
60.5600,0.50101845,2.85466582,0.58863735,0.49603145,0.50337804,1.41396908
60.5700,0.50101680,2.85467416,0.58864459,0.49603249,0.50337304,1.41398909
60.5800,0.50101516,2.85468249,0.58865182,0.49603354,0.50336804,1.41400909
60.5900,0.50101352,2.85469082,0.58865905,0.49603459,0.50336305,1.41402907
60.6000,0.50101188,2.85469914,0.58866628,0.49603563,0.50335806,1.41404904
60.6100,0.50101024,2.85470745,0.58867350,0.49603668,0.50335307,1.41406900
60.6200,0.50100860,2.85471575,0.58868071,0.49603772,0.50334809,1.41408894
60.6300,0.50100697,2.85472405,0.58868792,0.49603876,0.50334311,1.41410887
60.6400,0.50100533,2.85473234,0.58869512,0.49603980,0.50333813,1.41412878
60.6500,0.50100370,2.85474063,0.58870232,0.49604084,0.50333316,1.41414868
60.6600,0.50100207,2.85474891,0.58870952,0.49604188,0.50332820,1.41416856
60.6700,0.50100044,2.85475718,0.58871670,0.49604292,0.50332323,1.41418843
60.6800,0.50099881,2.85476545,0.58872389,0.49604395,0.50331827,1.41420829
60.6900,0.50099718,2.85477371,0.58873106,0.49604499,0.50331331,1.41422813
60.7000,0.50099555,2.85478196,0.58873823,0.49604602,0.50330836,1.41424796
60.7100,0.50099393,2.85479020,0.58874540,0.49604706,0.50330341,1.41426777
60.7200,0.50099230,2.85479844,0.58875256,0.49604809,0.50329847,1.41428757
60.7300,0.50099068,2.85480668,0.58875972,0.49604912,0.50329352,1.41430735
60.7400,0.50098906,2.85481490,0.58876687,0.49605015,0.50328859,1.41432712
60.7500,0.50098744,2.85482312,0.58877401,0.49605118,0.50328365,1.41434688
60.7600,0.50098582,2.85483133,0.58878115,0.49605220,0.50327872,1.41436662
60.7700,0.50098420,2.85483954,0.58878829,0.49605323,0.50327379,1.41438635
60.7800,0.50098259,2.85484774,0.58879542,0.49605426,0.50326887,1.41440606
60.7900,0.50098097,2.85485593,0.58880254,0.49605528,0.50326395,1.41442576
60.8000,0.50097936,2.85486412,0.58880966,0.49605630,0.50325903,1.41444545
60.8100,0.50097775,2.85487230,0.58881677,0.49605733,0.50325412,1.41446512
60.8200,0.50097614,2.85488047,0.58882388,0.49605835,0.50324921,1.41448478
60.8300,0.50097453,2.85488864,0.58883099,0.49605937,0.50324431,1.41450442
60.8400,0.50097292,2.85489680,0.58883808,0.49606039,0.50323940,1.41452405
60.8500,0.50097131,2.85490495,0.58884518,0.49606141,0.50323451,1.41454366
60.8600,0.50096971,2.85491310,0.58885226,0.49606242,0.50322961,1.41456326
60.8700,0.50096810,2.85492124,0.58885935,0.49606344,0.50322472,1.41458285
60.8800,0.50096650,2.85492937,0.58886642,0.49606445,0.50321983,1.41460242
60.8900,0.50096490,2.85493750,0.58887349,0.49606547,0.50321495,1.41462198
60.9000,0.50096330,2.85494562,0.58888056,0.49606648,0.50321007,1.41464153
60.9100,0.50096170,2.85495373,0.58888762,0.49606749,0.50320519,1.41466106
60.9200,0.50096010,2.85496184,0.58889468,0.49606850,0.50320032,1.41468057
60.9300,0.50095850,2.85496994,0.58890173,0.49606951,0.50319545,1.41470008
60.9400,0.50095691,2.85497803,0.58890877,0.49607052,0.50319059,1.41471956
60.9500,0.50095532,2.85498612,0.58891581,0.49607153,0.50318572,1.41473904
60.9600,0.50095372,2.85499420,0.58892285,0.49607254,0.50318087,1.41475850
60.9700,0.50095213,2.85500228,0.58892988,0.49607354,0.50317601,1.41477794
60.9800,0.50095054,2.85501034,0.58893690,0.49607454,0.50317116,1.41479738
60.9900,0.50094895,2.85501841,0.58894392,0.49607555,0.50316631,1.41481680
61.0000,0.50094737,2.85502646,0.58895094,0.49607655,0.50316147,1.41483620
61.0100,0.50094578,2.85503451,0.58895794,0.49607755,0.50315663,1.41485559
61.0200,0.50094420,2.85504255,0.58896495,0.49607855,0.50315179,1.41487497
61.0300,0.50094261,2.85505059,0.58897195,0.49607955,0.50314696,1.41489433
61.0400,0.50094103,2.85505862,0.58897894,0.49608055,0.50314213,1.41491368
61.0500,0.50093945,2.85506664,0.58898593,0.49608155,0.50313730,1.41493301
61.0600,0.50093787,2.85507466,0.58899291,0.49608254,0.50313248,1.41495233
61.0700,0.50093629,2.85508267,0.58899989,0.49608354,0.50312766,1.41497164
61.0800,0.50093472,2.85509067,0.58900686,0.49608453,0.50312285,1.41499093
61.0900,0.50093314,2.85509867,0.58901383,0.49608552,0.50311804,1.41501021
61.1000,0.50093157,2.85510666,0.58902079,0.49608652,0.50311323,1.41502948
61.1100,0.50093000,2.85511464,0.58902775,0.49608751,0.50310842,1.41504873
61.1200,0.50092842,2.85512262,0.58903470,0.49608850,0.50310362,1.41506797
61.1300,0.50092685,2.85513059,0.58904165,0.49608949,0.50309883,1.41508719
61.1400,0.50092528,2.85513856,0.58904859,0.49609047,0.50309403,1.41510640
61.1500,0.50092372,2.85514651,0.58905553,0.49609146,0.50308924,1.41512560
61.1600,0.50092215,2.85515447,0.58906246,0.49609245,0.50308446,1.41514478
61.1700,0.50092059,2.85516241,0.58906938,0.49609343,0.50307967,1.41516395
61.1800,0.50091902,2.85517035,0.58907630,0.49609442,0.50307489,1.41518310
61.1900,0.50091746,2.85517828,0.58908322,0.49609540,0.50307012,1.41520224
61.2000,0.50091590,2.85518621,0.58909013,0.49609638,0.50306534,1.41522137
61.2100,0.50091434,2.85519413,0.58909704,0.49609736,0.50306058,1.41524048
61.2200,0.50091278,2.85520205,0.58910394,0.49609834,0.50305581,1.41525958
61.2300,0.50091122,2.85520995,0.58911083,0.49609932,0.50305105,1.41527867
61.2400,0.50090967,2.85521785,0.58911772,0.49610030,0.50304629,1.41529774
61.2500,0.50090811,2.85522575,0.58912461,0.49610127,0.50304154,1.41531680
61.2600,0.50090656,2.85523364,0.58913149,0.49610225,0.50303679,1.41533584
61.2700,0.50090500,2.85524152,0.58913836,0.49610322,0.50303204,1.41535487
61.2800,0.50090345,2.85524939,0.58914523,0.49610420,0.50302729,1.41537389
61.2900,0.50090190,2.85525726,0.58915210,0.49610517,0.50302255,1.41539289
61.3000,0.50090035,2.85526513,0.58915896,0.49610614,0.50301782,1.41541188
61.3100,0.50089881,2.85527298,0.58916581,0.49610711,0.50301308,1.41543086
61.3200,0.50089726,2.85528083,0.58917266,0.49610808,0.50300835,1.41544982
61.3300,0.50089572,2.85528868,0.58917951,0.49610905,0.50300363,1.41546877
61.3400,0.50089417,2.85529651,0.58918635,0.49611002,0.50299890,1.41548770
61.3500,0.50089263,2.85530435,0.58919318,0.49611098,0.50299419,1.41550662
61.3600,0.50089109,2.85531217,0.58920001,0.49611195,0.50298947,1.41552553
61.3700,0.50088955,2.85531999,0.58920684,0.49611291,0.50298476,1.41554442
61.3800,0.50088801,2.85532780,0.58921366,0.49611388,0.50298005,1.41556330
61.3900,0.50088648,2.85533561,0.58922047,0.49611484,0.50297534,1.41558217
61.4000,0.50088494,2.85534341,0.58922728,0.49611580,0.50297064,1.41560102
61.4100,0.50088340,2.85535120,0.58923408,0.49611676,0.50296594,1.41561986
61.4200,0.50088187,2.85535899,0.58924088,0.49611772,0.50296125,1.41563869
61.4300,0.50088034,2.85536677,0.58924768,0.49611868,0.50295656,1.41565750
61.4400,0.50087881,2.85537455,0.58925446,0.49611964,0.50295187,1.41567630
61.4500,0.50087728,2.85538231,0.58926125,0.49612059,0.50294719,1.41569508
61.4600,0.50087575,2.85539008,0.58926803,0.49612155,0.50294251,1.41571385
61.4700,0.50087422,2.85539783,0.58927480,0.49612250,0.50293783,1.41573261
61.4800,0.50087270,2.85540558,0.58928157,0.49612346,0.50293315,1.41575136
61.4900,0.50087117,2.85541333,0.58928833,0.49612441,0.50292848,1.41577009
61.5000,0.50086965,2.85542106,0.58929509,0.49612536,0.50292382,1.41578880
61.5100,0.50086813,2.85542879,0.58930185,0.49612631,0.50291915,1.41580751
61.5200,0.50086661,2.85543652,0.58930860,0.49612726,0.50291449,1.41582620
61.5300,0.50086509,2.85544424,0.58931534,0.49612821,0.50290984,1.41584487
61.5400,0.50086357,2.85545195,0.58932208,0.49612916,0.50290519,1.41586354
61.5500,0.50086205,2.85545966,0.58932881,0.49613010,0.50290054,1.41588219
61.5600,0.50086054,2.85546736,0.58933554,0.49613105,0.50289589,1.41590082
61.5700,0.50085902,2.85547505,0.58934226,0.49613199,0.50289125,1.41591944
61.5800,0.50085751,2.85548274,0.58934898,0.49613294,0.50288661,1.41593805
61.5900,0.50085600,2.85549042,0.58935570,0.49613388,0.50288197,1.41595665
61.6000,0.50085448,2.85549809,0.58936241,0.49613482,0.50287734,1.41597523
61.6100,0.50085297,2.85550576,0.58936911,0.49613576,0.50287271,1.41599380
61.6200,0.50085147,2.85551343,0.58937581,0.49613670,0.50286809,1.41601236
61.6300,0.50084996,2.85552108,0.58938250,0.49613764,0.50286347,1.41603090
61.6400,0.50084845,2.85552873,0.58938919,0.49613858,0.50285885,1.41604943
61.6500,0.50084695,2.85553638,0.58939588,0.49613951,0.50285423,1.41606794
61.6600,0.50084545,2.85554402,0.58940255,0.49614045,0.50284962,1.41608644
61.6700,0.50084394,2.85555165,0.58940923,0.49614138,0.50284501,1.41610493
61.6800,0.50084244,2.85555927,0.58941590,0.49614232,0.50284041,1.41612341
61.6900,0.50084094,2.85556689,0.58942256,0.49614325,0.50283581,1.41614187
61.7000,0.50083944,2.85557451,0.58942922,0.49614418,0.50283121,1.41616032
61.7100,0.50083795,2.85558212,0.58943588,0.49614511,0.50282662,1.41617875
61.7200,0.50083645,2.85558972,0.58944252,0.49614604,0.50282203,1.41619717
61.7300,0.50083495,2.85559731,0.58944917,0.49614697,0.50281744,1.41621558
61.7400,0.50083346,2.85560490,0.58945581,0.49614790,0.50281286,1.41623398
61.7500,0.50083197,2.85561249,0.58946244,0.49614883,0.50280828,1.41625236
61.7600,0.50083048,2.85562006,0.58946907,0.49614975,0.50280370,1.41627073
61.7700,0.50082899,2.85562763,0.58947570,0.49615068,0.50279912,1.41628908
61.7800,0.50082750,2.85563520,0.58948232,0.49615160,0.50279455,1.41630742
61.7900,0.50082601,2.85564276,0.58948893,0.49615253,0.50278999,1.41632575
61.8000,0.50082452,2.85565031,0.58949554,0.49615345,0.50278542,1.41634407
61.8100,0.50082304,2.85565786,0.58950215,0.49615437,0.50278087,1.41636237
61.8200,0.50082156,2.85566540,0.58950875,0.49615529,0.50277631,1.41638066
61.8300,0.50082007,2.85567293,0.58951534,0.49615621,0.50277176,1.41639893
61.8400,0.50081859,2.85568046,0.58952193,0.49615713,0.50276721,1.41641719
61.8500,0.50081711,2.85568798,0.58952852,0.49615805,0.50276266,1.41643544
61.8600,0.50081563,2.85569550,0.58953510,0.49615896,0.50275812,1.41645368
61.8700,0.50081415,2.85570301,0.58954168,0.49615988,0.50275358,1.41647190
61.8800,0.50081268,2.85571051,0.58954825,0.49616079,0.50274904,1.41649011
61.8900,0.50081120,2.85571801,0.58955481,0.49616171,0.50274451,1.41650831
61.9000,0.50080973,2.85572550,0.58956137,0.49616262,0.50273998,1.41652649
61.9100,0.50080826,2.85573299,0.58956793,0.49616353,0.50273545,1.41654466
61.9200,0.50080678,2.85574047,0.58957448,0.49616444,0.50273093,1.41656282
61.9300,0.50080531,2.85574794,0.58958103,0.49616535,0.50272641,1.41658096
61.9400,0.50080384,2.85575541,0.58958757,0.49616626,0.50272190,1.41659909
61.9500,0.50080238,2.85576287,0.58959411,0.49616717,0.50271738,1.41661721
61.9600,0.50080091,2.85577033,0.58960064,0.49616807,0.50271288,1.41663531
61.9700,0.50079944,2.85577778,0.58960716,0.49616898,0.50270837,1.41665340
61.9800,0.50079798,2.85578522,0.58961369,0.49616989,0.50270387,1.41667148
61.9900,0.50079651,2.85579266,0.58962020,0.49617079,0.50269937,1.41668954
62.0000,0.50079505,2.85580009,0.58962672,0.49617169,0.50269487,1.41670759
62.0100,0.50079359,2.85580752,0.58963322,0.49617260,0.50269038,1.41672563
62.0200,0.50079213,2.85581494,0.58963973,0.49617350,0.50268589,1.41674366
62.0300,0.50079067,2.85582235,0.58964623,0.49617440,0.50268141,1.41676167
62.0400,0.50078922,2.85582976,0.58965272,0.49617530,0.50267693,1.41677967
62.0500,0.50078776,2.85583716,0.58965921,0.49617619,0.50267245,1.41679766
62.0600,0.50078630,2.85584456,0.58966569,0.49617709,0.50266797,1.41681563
62.0700,0.50078485,2.85585195,0.58967217,0.49617799,0.50266350,1.41683359
62.0800,0.50078340,2.85585934,0.58967864,0.49617888,0.50265903,1.41685154
62.0900,0.50078195,2.85586671,0.58968511,0.49617978,0.50265457,1.41686947
62.1000,0.50078050,2.85587409,0.58969158,0.49618067,0.50265010,1.41688739
62.1100,0.50077905,2.85588145,0.58969804,0.49618157,0.50264565,1.41690530
62.1200,0.50077760,2.85588881,0.58970449,0.49618246,0.50264119,1.41692319
62.1300,0.50077615,2.85589617,0.58971094,0.49618335,0.50263674,1.41694107
62.1400,0.50077471,2.85590352,0.58971739,0.49618424,0.50263229,1.41695894
62.1500,0.50077326,2.85591086,0.58972383,0.49618513,0.50262784,1.41697680
62.1600,0.50077182,2.85591820,0.58973026,0.49618602,0.50262340,1.41699464
62.1700,0.50077038,2.85592553,0.58973669,0.49618690,0.50261896,1.41701247
62.1800,0.50076894,2.85593285,0.58974312,0.49618779,0.50261453,1.41703029
62.1900,0.50076750,2.85594017,0.58974954,0.49618868,0.50261010,1.41704809
62.2000,0.50076606,2.85594749,0.58975596,0.49618956,0.50260567,1.41706588
62.2100,0.50076462,2.85595479,0.58976237,0.49619044,0.50260124,1.41708366
62.2200,0.50076318,2.85596209,0.58976878,0.49619133,0.50259682,1.41710143
62.2300,0.50076175,2.85596939,0.58977518,0.49619221,0.50259240,1.41711918
62.2400,0.50076032,2.85597668,0.58978158,0.49619309,0.50258799,1.41713692
62.2500,0.50075888,2.85598396,0.58978797,0.49619397,0.50258358,1.41715465
62.2600,0.50075745,2.85599124,0.58979436,0.49619485,0.50257917,1.41717236
62.2700,0.50075602,2.85599852,0.58980074,0.49619573,0.50257476,1.41719006
62.2800,0.50075459,2.85600578,0.58980712,0.49619660,0.50257036,1.41720775
62.2900,0.50075317,2.85601304,0.58981349,0.49619748,0.50256596,1.41722542
62.3000,0.50075174,2.85602030,0.58981986,0.49619836,0.50256157,1.41724309
62.3100,0.50075031,2.85602755,0.58982623,0.49619923,0.50255717,1.41726073
62.3200,0.50074889,2.85603479,0.58983259,0.49620010,0.50255279,1.41727837
62.3300,0.50074747,2.85604203,0.58983894,0.49620098,0.50254840,1.41729599
62.3400,0.50074604,2.85604926,0.58984529,0.49620185,0.50254402,1.41731361
62.3500,0.50074462,2.85605648,0.58985164,0.49620272,0.50253964,1.41733120
62.3600,0.50074320,2.85606370,0.58985798,0.49620359,0.50253526,1.41734879
62.3700,0.50074178,2.85607092,0.58986431,0.49620446,0.50253089,1.41736636
62.3800,0.50074037,2.85607813,0.58987064,0.49620533,0.50252652,1.41738392
62.3900,0.50073895,2.85608533,0.58987697,0.49620619,0.50252216,1.41740147
62.4000,0.50073754,2.85609253,0.58988329,0.49620706,0.50251779,1.41741900
62.4100,0.50073612,2.85609972,0.58988961,0.49620793,0.50251343,1.41743652
62.4200,0.50073471,2.85610690,0.58989592,0.49620879,0.50250908,1.41745403
62.4300,0.50073330,2.85611408,0.58990223,0.49620965,0.50250473,1.41747153
62.4400,0.50073189,2.85612125,0.58990853,0.49621052,0.50250038,1.41748901
62.4500,0.50073048,2.85612842,0.58991483,0.49621138,0.50249603,1.41750648
62.4600,0.50072907,2.85613558,0.58992113,0.49621224,0.50249169,1.41752394
62.4700,0.50072766,2.85614274,0.58992741,0.49621310,0.50248735,1.41754138
62.4800,0.50072626,2.85614989,0.58993370,0.49621396,0.50248301,1.41755881
62.4900,0.50072485,2.85615704,0.58993998,0.49621482,0.50247868,1.41757623
62.5000,0.50072345,2.85616417,0.58994625,0.49621567,0.50247435,1.41759364
62.5100,0.50072205,2.85617131,0.58995252,0.49621653,0.50247002,1.41761104
62.5200,0.50072064,2.85617844,0.58995879,0.49621739,0.50246570,1.41762842
62.5300,0.50071924,2.85618556,0.58996505,0.49621824,0.50246138,1.41764579
62.5400,0.50071785,2.85619267,0.58997131,0.49621910,0.50245706,1.41766314
62.5500,0.50071645,2.85619978,0.58997756,0.49621995,0.50245275,1.41768049
62.5600,0.50071505,2.85620689,0.58998381,0.49622080,0.50244844,1.41769782
62.5700,0.50071366,2.85621399,0.58999005,0.49622165,0.50244413,1.41771513
62.5800,0.50071226,2.85622108,0.58999629,0.49622250,0.50243983,1.41773244
62.5900,0.50071087,2.85622817,0.59000252,0.49622335,0.50243553,1.41774973
62.6000,0.50070948,2.85623525,0.59000875,0.49622420,0.50243123,1.41776701
62.6100,0.50070808,2.85624233,0.59001497,0.49622505,0.50242693,1.41778428
62.6200,0.50070669,2.85624940,0.59002119,0.49622589,0.50242264,1.41780154
62.6300,0.50070531,2.85625646,0.59002741,0.49622674,0.50241836,1.41781878
62.6400,0.50070392,2.85626352,0.59003362,0.49622758,0.50241407,1.41783601
62.6500,0.50070253,2.85627057,0.59003982,0.49622843,0.50240979,1.41785323
62.6600,0.50070115,2.85627762,0.59004602,0.49622927,0.50240551,1.41787043
62.6700,0.50069976,2.85628466,0.59005222,0.49623011,0.50240124,1.41788762
62.6800,0.50069838,2.85629170,0.59005841,0.49623096,0.50239696,1.41790480
62.6900,0.50069700,2.85629873,0.59006460,0.49623180,0.50239270,1.41792197
62.7000,0.50069562,2.85630575,0.59007078,0.49623264,0.50238843,1.41793912
62.7100,0.50069424,2.85631277,0.59007696,0.49623347,0.50238417,1.41795627
62.7200,0.50069286,2.85631979,0.59008313,0.49623431,0.50237991,1.41797340
62.7300,0.50069148,2.85632680,0.59008930,0.49623515,0.50237566,1.41799051
62.7400,0.50069011,2.85633380,0.59009546,0.49623599,0.50237140,1.41800762
62.7500,0.50068873,2.85634080,0.59010162,0.49623682,0.50236715,1.41802471
62.7600,0.50068736,2.85634779,0.59010778,0.49623766,0.50236291,1.41804179
62.7700,0.50068598,2.85635477,0.59011393,0.49623849,0.50235866,1.41805886
62.7800,0.50068461,2.85636175,0.59012008,0.49623932,0.50235443,1.41807591
62.7900,0.50068324,2.85636873,0.59012622,0.49624015,0.50235019,1.41809296
62.8000,0.50068187,2.85637570,0.59013235,0.49624098,0.50234596,1.41810998
62.8100,0.50068050,2.85638266,0.59013849,0.49624181,0.50234173,1.41812700
62.8200,0.50067914,2.85638962,0.59014461,0.49624264,0.50233750,1.41814401
62.8300,0.50067777,2.85639657,0.59015074,0.49624347,0.50233328,1.41816100
62.8400,0.50067640,2.85640352,0.59015685,0.49624430,0.50232905,1.41817798
62.8500,0.50067504,2.85641046,0.59016297,0.49624513,0.50232484,1.41819495
62.8600,0.50067368,2.85641739,0.59016908,0.49624595,0.50232062,1.41821190
62.8700,0.50067232,2.85642432,0.59017518,0.49624678,0.50231641,1.41822885
62.8800,0.50067096,2.85643124,0.59018128,0.49624760,0.50231221,1.41824578
62.8900,0.50066960,2.85643816,0.59018738,0.49624842,0.50230800,1.41826270
62.9000,0.50066824,2.85644508,0.59019347,0.49624925,0.50230380,1.41827960
62.9100,0.50066688,2.85645198,0.59019956,0.49625007,0.50229960,1.41829649
62.9200,0.50066552,2.85645889,0.59020564,0.49625089,0.50229541,1.41831338
62.9300,0.50066417,2.85646578,0.59021172,0.49625171,0.50229121,1.41833024
62.9400,0.50066282,2.85647267,0.59021779,0.49625253,0.50228703,1.41834710
62.9500,0.50066146,2.85647956,0.59022386,0.49625335,0.50228284,1.41836395
62.9600,0.50066011,2.85648644,0.59022992,0.49625416,0.50227866,1.41838078
62.9700,0.50065876,2.85649331,0.59023598,0.49625498,0.50227448,1.41839760
62.9800,0.50065741,2.85650018,0.59024204,0.49625579,0.50227030,1.41841440
62.9900,0.50065606,2.85650704,0.59024809,0.49625661,0.50226613,1.41843120
63.0000,0.50065472,2.85651390,0.59025413,0.49625742,0.50226196,1.41844798
63.0100,0.50065337,2.85652075,0.59026017,0.49625824,0.50225779,1.41846475
63.0200,0.50065202,2.85652760,0.59026621,0.49625905,0.50225363,1.41848151
63.0300,0.50065068,2.85653444,0.59027224,0.49625986,0.50224947,1.41849826
63.0400,0.50064934,2.85654128,0.59027827,0.49626067,0.50224531,1.41851499
63.0500,0.50064800,2.85654811,0.59028430,0.49626148,0.50224116,1.41853171
63.0600,0.50064665,2.85655493,0.59029031,0.49626229,0.50223701,1.41854842
63.0700,0.50064531,2.85656175,0.59029633,0.49626310,0.50223286,1.41856512
63.0800,0.50064398,2.85656856,0.59030234,0.49626390,0.50222871,1.41858180
63.0900,0.50064264,2.85657537,0.59030835,0.49626471,0.50222457,1.41859848
63.1000,0.50064130,2.85658217,0.59031435,0.49626552,0.50222043,1.41861514
63.1100,0.50063997,2.85658897,0.59032034,0.49626632,0.50221630,1.41863178
63.1200,0.50063863,2.85659576,0.59032634,0.49626712,0.50221217,1.41864842
63.1300,0.50063730,2.85660255,0.59033232,0.49626793,0.50220804,1.41866504
63.1400,0.50063597,2.85660933,0.59033831,0.49626873,0.50220391,1.41868165
63.1500,0.50063464,2.85661611,0.59034429,0.49626953,0.50219979,1.41869825
63.1600,0.50063331,2.85662288,0.59035026,0.49627033,0.50219567,1.41871484
63.1700,0.50063198,2.85662964,0.59035623,0.49627113,0.50219155,1.41873142
63.1800,0.50063065,2.85663640,0.59036220,0.49627193,0.50218744,1.41874798
63.1900,0.50062932,2.85664315,0.59036816,0.49627273,0.50218333,1.41876453
63.2000,0.50062800,2.85664990,0.59037411,0.49627352,0.50217922,1.41878107
63.2100,0.50062667,2.85665664,0.59038007,0.49627432,0.50217512,1.41879760
63.2200,0.50062535,2.85666338,0.59038601,0.49627511,0.50217102,1.41881411
63.2300,0.50062403,2.85667011,0.59039196,0.49627591,0.50216692,1.41883061
63.2400,0.50062271,2.85667684,0.59039790,0.49627670,0.50216282,1.41884710
63.2500,0.50062139,2.85668356,0.59040383,0.49627750,0.50215873,1.41886358
63.2600,0.50062007,2.85669028,0.59040976,0.49627829,0.50215464,1.41888005
63.2700,0.50061875,2.85669699,0.59041569,0.49627908,0.50215056,1.41889650
63.2800,0.50061743,2.85670369,0.59042161,0.49627987,0.50214647,1.41891294
63.2900,0.50061612,2.85671039,0.59042753,0.49628066,0.50214239,1.41892937
63.3000,0.50061480,2.85671709,0.59043344,0.49628145,0.50213832,1.41894579
63.3100,0.50061349,2.85672377,0.59043935,0.49628224,0.50213424,1.41896220
63.3200,0.50061218,2.85673046,0.59044525,0.49628302,0.50213017,1.41897859
63.3300,0.50061087,2.85673714,0.59045115,0.49628381,0.50212611,1.41899497
63.3400,0.50060956,2.85674381,0.59045704,0.49628459,0.50212204,1.41901134
63.3500,0.50060825,2.85675048,0.59046293,0.49628538,0.50211798,1.41902770
63.3600,0.50060694,2.85675714,0.59046882,0.49628616,0.50211392,1.41904405
63.3700,0.50060563,2.85676380,0.59047470,0.49628695,0.50210987,1.41906038
63.3800,0.50060433,2.85677045,0.59048058,0.49628773,0.50210582,1.41907670
63.3900,0.50060302,2.85677709,0.59048645,0.49628851,0.50210177,1.41909301
63.4000,0.50060172,2.85678373,0.59049232,0.49628929,0.50209772,1.41910931
63.4100,0.50060041,2.85679037,0.59049819,0.49629007,0.50209368,1.41912560
63.4200,0.50059911,2.85679700,0.59050405,0.49629085,0.50208964,1.41914187
63.4300,0.50059781,2.85680362,0.59050990,0.49629163,0.50208560,1.41915813
63.4400,0.50059651,2.85681024,0.59051575,0.49629240,0.50208157,1.41917438
63.4500,0.50059521,2.85681686,0.59052160,0.49629318,0.50207754,1.41919062
63.4600,0.50059392,2.85682346,0.59052744,0.49629396,0.50207351,1.41920685
63.4700,0.50059262,2.85683007,0.59053328,0.49629473,0.50206949,1.41922306
63.4800,0.50059132,2.85683667,0.59053911,0.49629551,0.50206547,1.41923926
63.4900,0.50059003,2.85684326,0.59054494,0.49629628,0.50206145,1.41925545
63.5000,0.50058874,2.85684985,0.59055077,0.49629705,0.50205743,1.41927163
63.5100,0.50058744,2.85685643,0.59055659,0.49629782,0.50205342,1.41928780
63.5200,0.50058615,2.85686300,0.59056241,0.49629859,0.50204941,1.41930395
63.5300,0.50058486,2.85686958,0.59056822,0.49629936,0.50204541,1.41932010
63.5400,0.50058357,2.85687614,0.59057403,0.49630013,0.50204140,1.41933623
63.5500,0.50058229,2.85688270,0.59057983,0.49630090,0.50203740,1.41935235
63.5600,0.50058100,2.85688926,0.59058563,0.49630167,0.50203341,1.41936846
63.5700,0.50057971,2.85689581,0.59059142,0.49630244,0.50202941,1.41938455
63.5800,0.50057843,2.85690235,0.59059721,0.49630320,0.50202542,1.41940064
63.5900,0.50057714,2.85690889,0.59060300,0.49630397,0.50202143,1.41941671
63.6000,0.50057586,2.85691543,0.59060878,0.49630473,0.50201745,1.41943277
63.6100,0.50057458,2.85692196,0.59061456,0.49630550,0.50201347,1.41944882
63.6200,0.50057330,2.85692848,0.59062033,0.49630626,0.50200949,1.41946485
63.6300,0.50057202,2.85693500,0.59062610,0.49630702,0.50200551,1.41948088
63.6400,0.50057074,2.85694152,0.59063187,0.49630778,0.50200154,1.41949689
63.6500,0.50056946,2.85694802,0.59063763,0.49630854,0.50199757,1.41951289
63.6600,0.50056819,2.85695453,0.59064338,0.49630930,0.50199360,1.41952888
63.6700,0.50056691,2.85696103,0.59064914,0.49631006,0.50198964,1.41954486
63.6800,0.50056564,2.85696752,0.59065488,0.49631082,0.50198568,1.41956083
63.6900,0.50056436,2.85697401,0.59066063,0.49631158,0.50198172,1.41957678
63.7000,0.50056309,2.85698049,0.59066637,0.49631233,0.50197777,1.41959272
63.7100,0.50056182,2.85698697,0.59067210,0.49631309,0.50197382,1.41960865
63.7200,0.50056055,2.85699344,0.59067783,0.49631384,0.50196987,1.41962457
63.7300,0.50055928,2.85699990,0.59068356,0.49631460,0.50196592,1.41964048
63.7400,0.50055801,2.85700637,0.59068928,0.49631535,0.50196198,1.41965638
63.7500,0.50055674,2.85701282,0.59069500,0.49631610,0.50195804,1.41967226
63.7600,0.50055548,2.85701927,0.59070071,0.49631685,0.50195410,1.41968813
63.7700,0.50055421,2.85702572,0.59070642,0.49631761,0.50195017,1.41970399
63.7800,0.50055295,2.85703216,0.59071212,0.49631836,0.50194624,1.41971984
63.7900,0.50055169,2.85703860,0.59071782,0.49631911,0.50194231,1.41973568
63.8000,0.50055042,2.85704503,0.59072352,0.49631985,0.50193838,1.41975150
63.8100,0.50054916,2.85705145,0.59072921,0.49632060,0.50193446,1.41976732
63.8200,0.50054790,2.85705787,0.59073490,0.49632135,0.50193054,1.41978312
63.8300,0.50054664,2.85706429,0.59074059,0.49632210,0.50192663,1.41979891
63.8400,0.50054539,2.85707070,0.59074626,0.49632284,0.50192271,1.41981469
63.8500,0.50054413,2.85707710,0.59075194,0.49632359,0.50191880,1.41983046
63.8600,0.50054287,2.85708350,0.59075761,0.49632433,0.50191490,1.41984621
63.8700,0.50054162,2.85708989,0.59076328,0.49632507,0.50191099,1.41986196
63.8800,0.50054036,2.85709628,0.59076894,0.49632582,0.50190709,1.41987769
63.8900,0.50053911,2.85710267,0.59077460,0.49632656,0.50190319,1.41989341
63.9000,0.50053786,2.85710905,0.59078025,0.49632730,0.50189930,1.41990912
63.9100,0.50053661,2.85711542,0.59078590,0.49632804,0.50189541,1.41992482
63.9200,0.50053536,2.85712179,0.59079155,0.49632878,0.50189152,1.41994051
63.9300,0.50053411,2.85712815,0.59079719,0.49632952,0.50188763,1.41995618
63.9400,0.50053286,2.85713451,0.59080283,0.49633025,0.50188375,1.41997184
63.9500,0.50053162,2.85714087,0.59080846,0.49633099,0.50187987,1.41998750
63.9600,0.50053037,2.85714721,0.59081409,0.49633173,0.50187599,1.42000314
63.9700,0.50052913,2.85715356,0.59081971,0.49633246,0.50187211,1.42001877
63.9800,0.50052788,2.85715989,0.59082533,0.49633320,0.50186824,1.42003438
63.9900,0.50052664,2.85716623,0.59083095,0.49633393,0.50186437,1.42004999
64.0000,0.50052540,2.85717256,0.59083656,0.49633466,0.50186051,1.42006558
64.0100,0.50052416,2.85717888,0.59084217,0.49633540,0.50185665,1.42008117
64.0200,0.50052292,2.85718520,0.59084777,0.49633613,0.50185279,1.42009674
64.0300,0.50052168,2.85719151,0.59085337,0.49633686,0.50184893,1.42011230
64.0400,0.50052044,2.85719782,0.59085897,0.49633759,0.50184507,1.42012784
64.0500,0.50051921,2.85720412,0.59086456,0.49633832,0.50184122,1.42014338
64.0600,0.50051797,2.85721042,0.59087015,0.49633905,0.50183738,1.42015891
64.0700,0.50051674,2.85721671,0.59087573,0.49633978,0.50183353,1.42017442
64.0800,0.50051550,2.85722300,0.59088131,0.49634050,0.50182969,1.42018992
64.0900,0.50051427,2.85722928,0.59088688,0.49634123,0.50182585,1.42020541
64.1000,0.50051304,2.85723556,0.59089245,0.49634195,0.50182201,1.42022089
64.1100,0.50051181,2.85724183,0.59089802,0.49634268,0.50181818,1.42023636
64.1200,0.50051058,2.85724810,0.59090358,0.49634340,0.50181435,1.42025182
64.1300,0.50050935,2.85725436,0.59090914,0.49634413,0.50181052,1.42026726
64.1400,0.50050812,2.85726062,0.59091470,0.49634485,0.50180669,1.42028270
64.1500,0.50050690,2.85726687,0.59092025,0.49634557,0.50180287,1.42029812
64.1600,0.50050567,2.85727311,0.59092579,0.49634629,0.50179905,1.42031353
64.1700,0.50050445,2.85727936,0.59093133,0.49634701,0.50179524,1.42032893
64.1800,0.50050322,2.85728559,0.59093687,0.49634773,0.50179142,1.42034432
64.1900,0.50050200,2.85729183,0.59094240,0.49634845,0.50178761,1.42035970
64.2000,0.50050078,2.85729805,0.59094793,0.49634917,0.50178381,1.42037506
64.2100,0.50049956,2.85730428,0.59095346,0.49634989,0.50178000,1.42039042
64.2200,0.50049834,2.85731049,0.59095898,0.49635060,0.50177620,1.42040576
64.2300,0.50049712,2.85731670,0.59096449,0.49635132,0.50177240,1.42042109
64.2400,0.50049590,2.85732291,0.59097001,0.49635203,0.50176861,1.42043641
64.2500,0.50049469,2.85732911,0.59097552,0.49635275,0.50176481,1.42045172
64.2600,0.50049347,2.85733531,0.59098102,0.49635346,0.50176102,1.42046702
64.2700,0.50049226,2.85734150,0.59098652,0.49635417,0.50175724,1.42048231
64.2800,0.50049104,2.85734769,0.59099202,0.49635489,0.50175345,1.42049758
64.2900,0.50048983,2.85735387,0.59099751,0.49635560,0.50174967,1.42051285
64.3000,0.50048862,2.85736005,0.59100300,0.49635631,0.50174589,1.42052810
64.3100,0.50048741,2.85736622,0.59100848,0.49635702,0.50174212,1.42054334
64.3200,0.50048620,2.85737239,0.59101396,0.49635773,0.50173834,1.42055857
64.3300,0.50048499,2.85737855,0.59101944,0.49635844,0.50173457,1.42057379
64.3400,0.50048378,2.85738471,0.59102491,0.49635914,0.50173081,1.42058900
64.3500,0.50048258,2.85739086,0.59103038,0.49635985,0.50172704,1.42060419
64.3600,0.50048137,2.85739701,0.59103584,0.49636056,0.50172328,1.42061938
64.3700,0.50048017,2.85740315,0.59104130,0.49636126,0.50171952,1.42063455
64.3800,0.50047896,2.85740929,0.59104675,0.49636197,0.50171577,1.42064972
64.3900,0.50047776,2.85741542,0.59105221,0.49636267,0.50171201,1.42066487
64.4000,0.50047656,2.85742155,0.59105765,0.49636337,0.50170826,1.42068001
64.4100,0.50047536,2.85742767,0.59106310,0.49636408,0.50170452,1.42069514
64.4200,0.50047416,2.85743379,0.59106853,0.49636478,0.50170077,1.42071026
64.4300,0.50047296,2.85743990,0.59107397,0.49636548,0.50169703,1.42072536
64.4400,0.50047176,2.85744601,0.59107940,0.49636618,0.50169329,1.42074046
64.4500,0.50047057,2.85745212,0.59108483,0.49636688,0.50168956,1.42075554
64.4600,0.50046937,2.85745821,0.59109025,0.49636758,0.50168582,1.42077062
64.4700,0.50046817,2.85746431,0.59109567,0.49636827,0.50168209,1.42078568
64.4800,0.50046698,2.85747040,0.59110108,0.49636897,0.50167837,1.42080073
64.4900,0.50046579,2.85747648,0.59110649,0.49636967,0.50167464,1.42081577
64.5000,0.50046460,2.85748256,0.59111190,0.49637036,0.50167092,1.42083080
64.5100,0.50046341,2.85748863,0.59111730,0.49637106,0.50166720,1.42084582
64.5200,0.50046222,2.85749470,0.59112270,0.49637175,0.50166349,1.42086082
64.5300,0.50046103,2.85750077,0.59112810,0.49637245,0.50165977,1.42087582
64.5400,0.50045984,2.85750682,0.59113349,0.49637314,0.50165606,1.42089080
64.5500,0.50045865,2.85751288,0.59113888,0.49637383,0.50165236,1.42090578
64.5600,0.50045747,2.85751893,0.59114426,0.49637452,0.50164865,1.42092074
64.5700,0.50045628,2.85752497,0.59114964,0.49637522,0.50164495,1.42093569
64.5800,0.50045510,2.85753101,0.59115501,0.49637591,0.50164125,1.42095063
64.5900,0.50045391,2.85753705,0.59116038,0.49637660,0.50163756,1.42096556
64.6000,0.50045273,2.85754308,0.59116575,0.49637728,0.50163386,1.42098048
64.6100,0.50045155,2.85754910,0.59117111,0.49637797,0.50163017,1.42099538
64.6200,0.50045037,2.85755512,0.59117647,0.49637866,0.50162648,1.42101028
64.6300,0.50044919,2.85756114,0.59118182,0.49637935,0.50162280,1.42102516
64.6400,0.50044801,2.85756715,0.59118717,0.49638003,0.50161912,1.42104004
64.6500,0.50044683,2.85757316,0.59119252,0.49638072,0.50161544,1.42105490
64.6600,0.50044566,2.85757916,0.59119786,0.49638140,0.50161176,1.42106975
64.6700,0.50044448,2.85758515,0.59120320,0.49638208,0.50160809,1.42108459
64.6800,0.50044331,2.85759115,0.59120854,0.49638277,0.50160442,1.42109942
64.6900,0.50044213,2.85759713,0.59121387,0.49638345,0.50160075,1.42111424
64.7000,0.50044096,2.85760311,0.59121919,0.49638413,0.50159708,1.42112905
64.7100,0.50043979,2.85760909,0.59122452,0.49638481,0.50159342,1.42114385
64.7200,0.50043862,2.85761506,0.59122984,0.49638549,0.50158976,1.42115863
64.7300,0.50043745,2.85762103,0.59123515,0.49638617,0.50158611,1.42117341
64.7400,0.50043628,2.85762699,0.59124046,0.49638685,0.50158245,1.42118817
64.7500,0.50043511,2.85763295,0.59124577,0.49638753,0.50157880,1.42120292
64.7600,0.50043395,2.85763890,0.59125107,0.49638821,0.50157515,1.42121767
64.7700,0.50043278,2.85764485,0.59125637,0.49638888,0.50157151,1.42123240
64.7800,0.50043162,2.85765080,0.59126166,0.49638956,0.50156786,1.42124712
64.7900,0.50043045,2.85765674,0.59126696,0.49639023,0.50156422,1.42126183
64.8000,0.50042929,2.85766267,0.59127224,0.49639091,0.50156059,1.42127653
64.8100,0.50042813,2.85766860,0.59127753,0.49639158,0.50155695,1.42129121
64.8200,0.50042696,2.85767452,0.59128280,0.49639225,0.50155332,1.42130589
64.8300,0.50042580,2.85768044,0.59128808,0.49639293,0.50154969,1.42132056
64.8400,0.50042465,2.85768636,0.59129335,0.49639360,0.50154607,1.42133521
64.8500,0.50042349,2.85769227,0.59129862,0.49639427,0.50154244,1.42134986
64.8600,0.50042233,2.85769817,0.59130388,0.49639494,0.50153882,1.42136449
64.8700,0.50042117,2.85770408,0.59130914,0.49639561,0.50153520,1.42137911
64.8800,0.50042002,2.85770997,0.59131440,0.49639628,0.50153159,1.42139372
64.8900,0.50041886,2.85771586,0.59131965,0.49639695,0.50152798,1.42140832
64.9000,0.50041771,2.85772175,0.59132490,0.49639761,0.50152437,1.42142291
64.9100,0.50041656,2.85772763,0.59133014,0.49639828,0.50152076,1.42143749
64.9200,0.50041540,2.85773351,0.59133538,0.49639895,0.50151716,1.42145206
64.9300,0.50041425,2.85773938,0.59134062,0.49639961,0.50151355,1.42146662
64.9400,0.50041310,2.85774525,0.59134585,0.49640028,0.50150996,1.42148116
64.9500,0.50041196,2.85775111,0.59135108,0.49640094,0.50150636,1.42149570
64.9600,0.50041081,2.85775697,0.59135630,0.49640160,0.50150277,1.42151023
64.9700,0.50040966,2.85776282,0.59136152,0.49640227,0.50149918,1.42152474
64.9800,0.50040851,2.85776867,0.59136674,0.49640293,0.50149559,1.42153924
64.9900,0.50040737,2.85777452,0.59137195,0.49640359,0.50149200,1.42155374
65.0000,0.50040622,2.85778036,0.59137716,0.49640425,0.50148842,1.42156822
65.0100,0.50040508,2.85778619,0.59138236,0.49640491,0.50148484,1.42158269
65.0200,0.50040394,2.85779202,0.59138756,0.49640557,0.50148127,1.42159715
65.0300,0.50040280,2.85779785,0.59139276,0.49640623,0.50147769,1.42161160
65.0400,0.50040166,2.85780367,0.59139795,0.49640688,0.50147412,1.42162604
65.0500,0.50040052,2.85780948,0.59140314,0.49640754,0.50147055,1.42164047
65.0600,0.50039938,2.85781530,0.59140833,0.49640820,0.50146699,1.42165488
65.0700,0.50039824,2.85782110,0.59141351,0.49640885,0.50146342,1.42166929
65.0800,0.50039710,2.85782690,0.59141869,0.49640951,0.50145986,1.42168369
65.0900,0.50039597,2.85783270,0.59142386,0.49641016,0.50145631,1.42169807
65.1000,0.50039483,2.85783849,0.59142903,0.49641082,0.50145275,1.42171245
65.1100,0.50039370,2.85784428,0.59143420,0.49641147,0.50144920,1.42172681
65.1200,0.50039257,2.85785007,0.59143936,0.49641212,0.50144565,1.42174116
65.1300,0.50039143,2.85785585,0.59144452,0.49641277,0.50144210,1.42175551
65.1400,0.50039030,2.85786162,0.59144967,0.49641342,0.50143856,1.42176984
65.1500,0.50038917,2.85786739,0.59145482,0.49641407,0.50143502,1.42178416
65.1600,0.50038804,2.85787315,0.59145997,0.49641472,0.50143148,1.42179847
65.1700,0.50038691,2.85787891,0.59146511,0.49641537,0.50142794,1.42181277
65.1800,0.50038579,2.85788467,0.59147025,0.49641602,0.50142441,1.42182706
65.1900,0.50038466,2.85789042,0.59147539,0.49641667,0.50142088,1.42184134
65.2000,0.50038354,2.85789617,0.59148052,0.49641731,0.50141735,1.42185561
65.2100,0.50038241,2.85790191,0.59148565,0.49641796,0.50141383,1.42186987
65.2200,0.50038129,2.85790765,0.59149077,0.49641861,0.50141031,1.42188411
65.2300,0.50038016,2.85791338,0.59149589,0.49641925,0.50140679,1.42189835
65.2400,0.50037904,2.85791911,0.59150101,0.49641989,0.50140327,1.42191258
65.2500,0.50037792,2.85792483,0.59150612,0.49642054,0.50139975,1.42192679
65.2600,0.50037680,2.85793055,0.59151123,0.49642118,0.50139624,1.42194100
65.2700,0.50037568,2.85793626,0.59151633,0.49642182,0.50139273,1.42195519
65.2800,0.50037456,2.85794197,0.59152143,0.49642246,0.50138923,1.42196937
65.2900,0.50037344,2.85794768,0.59152653,0.49642311,0.50138572,1.42198355
65.3000,0.50037233,2.85795338,0.59153162,0.49642375,0.50138222,1.42199771
65.3100,0.50037121,2.85795908,0.59153671,0.49642438,0.50137873,1.42201186
65.3200,0.50037010,2.85796477,0.59154180,0.49642502,0.50137523,1.42202600
65.3300,0.50036898,2.85797045,0.59154688,0.49642566,0.50137174,1.42204013
65.3400,0.50036787,2.85797614,0.59155196,0.49642630,0.50136825,1.42205425
65.3500,0.50036676,2.85798181,0.59155703,0.49642694,0.50136476,1.42206836
65.3600,0.50036565,2.85798749,0.59156210,0.49642757,0.50136127,1.42208246
65.3700,0.50036454,2.85799316,0.59156717,0.49642821,0.50135779,1.42209655
65.3800,0.50036343,2.85799882,0.59157223,0.49642884,0.50135431,1.42211063
65.3900,0.50036232,2.85800448,0.59157729,0.49642948,0.50135084,1.42212470
65.4000,0.50036121,2.85801013,0.59158235,0.49643011,0.50134736,1.42213876
65.4100,0.50036011,2.85801578,0.59158740,0.49643074,0.50134389,1.42215280
65.4200,0.50035900,2.85802143,0.59159245,0.49643137,0.50134042,1.42216684
65.4300,0.50035790,2.85802707,0.59159749,0.49643201,0.50133696,1.42218087
65.4400,0.50035679,2.85803271,0.59160253,0.49643264,0.50133349,1.42219488
65.4500,0.50035569,2.85803834,0.59160757,0.49643327,0.50133003,1.42220889
65.4600,0.50035459,2.85804397,0.59161260,0.49643390,0.50132657,1.42222288
65.4700,0.50035348,2.85804959,0.59161763,0.49643452,0.50132312,1.42223687
65.4800,0.50035238,2.85805521,0.59162266,0.49643515,0.50131967,1.42225084
65.4900,0.50035129,2.85806083,0.59162768,0.49643578,0.50131622,1.42226480
65.5000,0.50035019,2.85806644,0.59163270,0.49643641,0.50131277,1.42227876
65.5100,0.50034909,2.85807204,0.59163771,0.49643703,0.50130932,1.42229270
65.5200,0.50034799,2.85807764,0.59164272,0.49643766,0.50130588,1.42230663
65.5300,0.50034690,2.85808324,0.59164773,0.49643828,0.50130244,1.42232055
65.5400,0.50034580,2.85808883,0.59165273,0.49643891,0.50129900,1.42233447
65.5500,0.50034471,2.85809442,0.59165773,0.49643953,0.50129557,1.42234837
65.5600,0.50034361,2.85810000,0.59166272,0.49644015,0.50129214,1.42236226
65.5700,0.50034252,2.85810558,0.59166771,0.49644078,0.50128871,1.42237614
65.5800,0.50034143,2.85811115,0.59167270,0.49644140,0.50128528,1.42239001
65.5900,0.50034034,2.85811672,0.59167769,0.49644202,0.50128186,1.42240387
65.6000,0.50033925,2.85812229,0.59168267,0.49644264,0.50127844,1.42241772
65.6100,0.50033816,2.85812785,0.59168764,0.49644326,0.50127502,1.42243156
65.6200,0.50033707,2.85813340,0.59169262,0.49644388,0.50127160,1.42244539
65.6300,0.50033599,2.85813895,0.59169759,0.49644450,0.50126819,1.42245921
65.6400,0.50033490,2.85814450,0.59170255,0.49644511,0.50126478,1.42247301
65.6500,0.50033382,2.85815004,0.59170751,0.49644573,0.50126137,1.42248681
65.6600,0.50033273,2.85815558,0.59171247,0.49644635,0.50125796,1.42250060
65.6700,0.50033165,2.85816112,0.59171743,0.49644696,0.50125456,1.42251438
65.6800,0.50033057,2.85816665,0.59172238,0.49644758,0.50125116,1.42252814
65.6900,0.50032948,2.85817217,0.59172732,0.49644819,0.50124776,1.42254190
65.7000,0.50032840,2.85817769,0.59173227,0.49644881,0.50124437,1.42255565
65.7100,0.50032732,2.85818321,0.59173721,0.49644942,0.50124098,1.42256938
65.7200,0.50032624,2.85818872,0.59174214,0.49645003,0.50123759,1.42258311
65.7300,0.50032517,2.85819423,0.59174707,0.49645065,0.50123420,1.42259683
65.7400,0.50032409,2.85819973,0.59175200,0.49645126,0.50123081,1.42261053
65.7500,0.50032301,2.85820523,0.59175693,0.49645187,0.50122743,1.42262423
65.7600,0.50032194,2.85821072,0.59176185,0.49645248,0.50122405,1.42263791
65.7700,0.50032086,2.85821621,0.59176677,0.49645309,0.50122068,1.42265159
65.7800,0.50031979,2.85822169,0.59177168,0.49645370,0.50121730,1.42266525
65.7900,0.50031872,2.85822718,0.59177659,0.49645430,0.50121393,1.42267891
65.8000,0.50031764,2.85823265,0.59178150,0.49645491,0.50121056,1.42269255
65.8100,0.50031657,2.85823812,0.59178640,0.49645552,0.50120719,1.42270619
65.8200,0.50031550,2.85824359,0.59179130,0.49645612,0.50120383,1.42271981
65.8300,0.50031443,2.85824905,0.59179619,0.49645673,0.50120047,1.42273342
65.8400,0.50031336,2.85825451,0.59180109,0.49645733,0.50119711,1.42274703
65.8500,0.50031230,2.85825997,0.59180597,0.49645794,0.50119375,1.42276062
65.8600,0.50031123,2.85826542,0.59181086,0.49645854,0.50119040,1.42277420
65.8700,0.50031016,2.85827086,0.59181574,0.49645915,0.50118705,1.42278778
65.8800,0.50030910,2.85827630,0.59182062,0.49645975,0.50118370,1.42280134
65.8900,0.50030804,2.85828174,0.59182549,0.49646035,0.50118036,1.42281489
65.9000,0.50030697,2.85828717,0.59183036,0.49646095,0.50117701,1.42282844
65.9100,0.50030591,2.85829260,0.59183523,0.49646155,0.50117367,1.42284197
65.9200,0.50030485,2.85829803,0.59184009,0.49646215,0.50117033,1.42285549
65.9300,0.50030379,2.85830345,0.59184495,0.49646275,0.50116700,1.42286900
65.9400,0.50030273,2.85830886,0.59184980,0.49646335,0.50116366,1.42288251
65.9500,0.50030167,2.85831427,0.59185465,0.49646395,0.50116033,1.42289600
65.9600,0.50030061,2.85831968,0.59185950,0.49646454,0.50115701,1.42290948
65.9700,0.50029955,2.85832508,0.59186435,0.49646514,0.50115368,1.42292295
65.9800,0.50029850,2.85833048,0.59186919,0.49646574,0.50115036,1.42293642
65.9900,0.50029744,2.85833587,0.59187403,0.49646633,0.50114704,1.42294987
66.0000,0.50029639,2.85834126,0.59187886,0.49646693,0.50114372,1.42296331
66.0100,0.50029533,2.85834664,0.59188369,0.49646752,0.50114040,1.42297674
66.0200,0.50029428,2.85835203,0.59188852,0.49646812,0.50113709,1.42299016
66.0300,0.50029323,2.85835740,0.59189334,0.49646871,0.50113378,1.42300358
66.0400,0.50029218,2.85836277,0.59189816,0.49646930,0.50113047,1.42301698
66.0500,0.50029113,2.85836814,0.59190297,0.49646989,0.50112717,1.42303037
66.0600,0.50029008,2.85837350,0.59190778,0.49647048,0.50112387,1.42304375
66.0700,0.50028903,2.85837886,0.59191259,0.49647108,0.50112057,1.42305712
66.0800,0.50028798,2.85838422,0.59191740,0.49647166,0.50111727,1.42307048
66.0900,0.50028693,2.85838957,0.59192220,0.49647225,0.50111398,1.42308384
66.1000,0.50028589,2.85839491,0.59192700,0.49647284,0.50111068,1.42309718
66.1100,0.50028484,2.85840026,0.59193179,0.49647343,0.50110739,1.42311051
66.1200,0.50028380,2.85840559,0.59193658,0.49647402,0.50110411,1.42312383
66.1300,0.50028275,2.85841093,0.59194137,0.49647461,0.50110082,1.42313714
66.1400,0.50028171,2.85841626,0.59194615,0.49647519,0.50109754,1.42315045
66.1500,0.50028067,2.85842158,0.59195093,0.49647578,0.50109426,1.42316374
66.1600,0.50027963,2.85842690,0.59195571,0.49647636,0.50109098,1.42317702
66.1700,0.50027859,2.85843222,0.59196048,0.49647695,0.50108771,1.42319029
66.1800,0.50027755,2.85843753,0.59196525,0.49647753,0.50108444,1.42320355
66.1900,0.50027651,2.85844284,0.59197001,0.49647811,0.50108117,1.42321681
66.2000,0.50027547,2.85844814,0.59197478,0.49647870,0.50107790,1.42323005
66.2100,0.50027444,2.85845344,0.59197953,0.49647928,0.50107463,1.42324328
66.2200,0.50027340,2.85845873,0.59198429,0.49647986,0.50107137,1.42325650
66.2300,0.50027237,2.85846402,0.59198904,0.49648044,0.50106811,1.42326972
66.2400,0.50027133,2.85846931,0.59199379,0.49648102,0.50106486,1.42328292
66.2500,0.50027030,2.85847459,0.59199853,0.49648160,0.50106160,1.42329611
66.2600,0.50026927,2.85847987,0.59200327,0.49648218,0.50105835,1.42330930
66.2700,0.50026823,2.85848514,0.59200801,0.49648276,0.50105510,1.42332247
66.2800,0.50026720,2.85849041,0.59201274,0.49648334,0.50105185,1.42333563
66.2900,0.50026617,2.85849568,0.59201747,0.49648391,0.50104861,1.42334878
66.3000,0.50026514,2.85850094,0.59202220,0.49648449,0.50104537,1.42336193
66.3100,0.50026412,2.85850620,0.59202692,0.49648506,0.50104213,1.42337506
66.3200,0.50026309,2.85851145,0.59203164,0.49648564,0.50103889,1.42338819
66.3300,0.50026206,2.85851670,0.59203636,0.49648621,0.50103566,1.42340130
66.3400,0.50026104,2.85852194,0.59204107,0.49648679,0.50103242,1.42341440
66.3500,0.50026001,2.85852718,0.59204578,0.49648736,0.50102919,1.42342750
66.3600,0.50025899,2.85853242,0.59205048,0.49648794,0.50102597,1.42344058
66.3700,0.50025796,2.85853765,0.59205518,0.49648851,0.50102274,1.42345366
66.3800,0.50025694,2.85854287,0.59205988,0.49648908,0.50101952,1.42346672
66.3900,0.50025592,2.85854810,0.59206458,0.49648965,0.50101630,1.42347978
66.4000,0.50025490,2.85855332,0.59206927,0.49649022,0.50101308,1.42349282
66.4100,0.50025388,2.85855853,0.59207396,0.49649079,0.50100987,1.42350586
66.4200,0.50025286,2.85856374,0.59207864,0.49649136,0.50100666,1.42351888
66.4300,0.50025184,2.85856895,0.59208332,0.49649193,0.50100345,1.42353190
66.4400,0.50025082,2.85857415,0.59208800,0.49649250,0.50100024,1.42354491
66.4500,0.50024981,2.85857935,0.59209267,0.49649306,0.50099704,1.42355790
66.4600,0.50024879,2.85858454,0.59209734,0.49649363,0.50099383,1.42357089
66.4700,0.50024777,2.85858973,0.59210201,0.49649420,0.50099063,1.42358387
66.4800,0.50024676,2.85859492,0.59210667,0.49649476,0.50098744,1.42359684
66.4900,0.50024575,2.85860010,0.59211133,0.49649533,0.50098424,1.42360979
66.5000,0.50024473,2.85860528,0.59211599,0.49649589,0.50098105,1.42362274
66.5100,0.50024372,2.85861045,0.59212064,0.49649646,0.50097786,1.42363568
66.5200,0.50024271,2.85861562,0.59212529,0.49649702,0.50097467,1.42364861
66.5300,0.50024170,2.85862078,0.59212993,0.49649758,0.50097149,1.42366153
66.5400,0.50024069,2.85862594,0.59213458,0.49649815,0.50096830,1.42367444
66.5500,0.50023968,2.85863110,0.59213921,0.49649871,0.50096512,1.42368733
66.5600,0.50023868,2.85863625,0.59214385,0.49649927,0.50096195,1.42370022
66.5700,0.50023767,2.85864140,0.59214848,0.49649983,0.50095877,1.42371310
66.5800,0.50023666,2.85864654,0.59215311,0.49650039,0.50095560,1.42372598
66.5900,0.50023566,2.85865168,0.59215773,0.49650095,0.50095243,1.42373884
66.6000,0.50023465,2.85865682,0.59216236,0.49650151,0.50094926,1.42375169
66.6100,0.50023365,2.85866195,0.59216697,0.49650206,0.50094610,1.42376453
66.6200,0.50023265,2.85866708,0.59217159,0.49650262,0.50094293,1.42377736
66.6300,0.50023165,2.85867220,0.59217620,0.49650318,0.50093977,1.42379018
66.6400,0.50023065,2.85867732,0.59218081,0.49650374,0.50093661,1.42380300
66.6500,0.50022964,2.85868244,0.59218541,0.49650429,0.50093346,1.42381580
66.6600,0.50022865,2.85868755,0.59219001,0.49650485,0.50093031,1.42382859
66.6700,0.50022765,2.85869266,0.59219461,0.49650540,0.50092715,1.42384138
66.6800,0.50022665,2.85869776,0.59219920,0.49650596,0.50092401,1.42385415
66.6900,0.50022565,2.85870286,0.59220379,0.49650651,0.50092086,1.42386691
66.7000,0.50022466,2.85870795,0.59220838,0.49650706,0.50091772,1.42387967
66.7100,0.50022366,2.85871304,0.59221296,0.49650761,0.50091458,1.42389241
66.7200,0.50022267,2.85871813,0.59221754,0.49650817,0.50091144,1.42390515
66.7300,0.50022167,2.85872321,0.59222212,0.49650872,0.50090830,1.42391788
66.7400,0.50022068,2.85872829,0.59222669,0.49650927,0.50090517,1.42393059
66.7500,0.50021969,2.85873336,0.59223126,0.49650982,0.50090204,1.42394330
66.7600,0.50021870,2.85873844,0.59223583,0.49651037,0.50089891,1.42395600
66.7700,0.50021771,2.85874350,0.59224039,0.49651092,0.50089578,1.42396869
66.7800,0.50021672,2.85874856,0.59224495,0.49651146,0.50089266,1.42398136
66.7900,0.50021573,2.85875362,0.59224951,0.49651201,0.50088953,1.42399403
66.8000,0.50021474,2.85875868,0.59225406,0.49651256,0.50088642,1.42400669
66.8100,0.50021375,2.85876373,0.59225861,0.49651310,0.50088330,1.42401934
66.8200,0.50021276,2.85876877,0.59226316,0.49651365,0.50088018,1.42403198
66.8300,0.50021178,2.85877381,0.59226770,0.49651420,0.50087707,1.42404461
66.8400,0.50021079,2.85877885,0.59227224,0.49651474,0.50087396,1.42405724
66.8500,0.50020981,2.85878389,0.59227677,0.49651529,0.50087085,1.42406985
66.8600,0.50020883,2.85878892,0.59228130,0.49651583,0.50086775,1.42408245
66.8700,0.50020784,2.85879394,0.59228583,0.49651637,0.50086465,1.42409504
66.8800,0.50020686,2.85879896,0.59229036,0.49651691,0.50086155,1.42410763
66.8900,0.50020588,2.85880398,0.59229488,0.49651746,0.50085845,1.42412020
66.9000,0.50020490,2.85880899,0.59229940,0.49651800,0.50085535,1.42413277
66.9100,0.50020392,2.85881400,0.59230392,0.49651854,0.50085226,1.42414532
66.9200,0.50020294,2.85881901,0.59230843,0.49651908,0.50084917,1.42415787
66.9300,0.50020197,2.85882401,0.59231294,0.49651962,0.50084608,1.42417040
66.9400,0.50020099,2.85882901,0.59231744,0.49652016,0.50084300,1.42418293
66.9500,0.50020001,2.85883400,0.59232194,0.49652070,0.50083991,1.42419545
66.9600,0.50019904,2.85883899,0.59232644,0.49652123,0.50083683,1.42420796
66.9700,0.50019806,2.85884398,0.59233094,0.49652177,0.50083375,1.42422045
66.9800,0.50019709,2.85884896,0.59233543,0.49652231,0.50083068,1.42423294
66.9900,0.50019612,2.85885394,0.59233992,0.49652285,0.50082760,1.42424542
67.0000,0.50019514,2.85885891,0.59234440,0.49652338,0.50082453,1.42425789
67.0100,0.50019417,2.85886388,0.59234888,0.49652392,0.50082146,1.42427036
67.0200,0.50019320,2.85886885,0.59235336,0.49652445,0.50081840,1.42428281
67.0300,0.50019223,2.85887381,0.59235784,0.49652499,0.50081533,1.42429525
67.0400,0.50019126,2.85887877,0.59236231,0.49652552,0.50081227,1.42430768
67.0500,0.50019029,2.85888372,0.59236678,0.49652605,0.50080921,1.42432011
67.0600,0.50018933,2.85888867,0.59237124,0.49652658,0.50080615,1.42433252
67.0700,0.50018836,2.85889362,0.59237570,0.49652712,0.50080310,1.42434493
67.0800,0.50018739,2.85889856,0.59238016,0.49652765,0.50080005,1.42435732
67.0900,0.50018643,2.85890350,0.59238462,0.49652818,0.50079700,1.42436971
67.1000,0.50018547,2.85890843,0.59238907,0.49652871,0.50079395,1.42438208
67.1100,0.50018450,2.85891336,0.59239351,0.49652924,0.50079090,1.42439445
67.1200,0.50018354,2.85891828,0.59239796,0.49652977,0.50078786,1.42440681
67.1300,0.50018258,2.85892321,0.59240240,0.49653030,0.50078482,1.42441916
67.1400,0.50018162,2.85892813,0.59240684,0.49653082,0.50078178,1.42443150
67.1500,0.50018066,2.85893304,0.59241127,0.49653135,0.50077875,1.42444383
67.1600,0.50017970,2.85893795,0.59241571,0.49653188,0.50077571,1.42445615
67.1700,0.50017874,2.85894286,0.59242013,0.49653240,0.50077268,1.42446846
67.1800,0.50017778,2.85894776,0.59242456,0.49653293,0.50076965,1.42448077
67.1900,0.50017682,2.85895266,0.59242898,0.49653345,0.50076663,1.42449306
67.2000,0.50017587,2.85895755,0.59243340,0.49653398,0.50076360,1.42450534
67.2100,0.50017491,2.85896244,0.59243781,0.49653450,0.50076058,1.42451762
67.2200,0.50017396,2.85896733,0.59244222,0.49653503,0.50075756,1.42452988
67.2300,0.50017300,2.85897221,0.59244663,0.49653555,0.50075454,1.42454214
67.2400,0.50017205,2.85897709,0.59245104,0.49653607,0.50075153,1.42455439
67.2500,0.50017110,2.85898197,0.59245544,0.49653659,0.50074851,1.42456662
67.2600,0.50017014,2.85898684,0.59245984,0.49653712,0.50074550,1.42457885
67.2700,0.50016919,2.85899170,0.59246423,0.49653764,0.50074250,1.42459107
67.2800,0.50016824,2.85899657,0.59246863,0.49653816,0.50073949,1.42460328
67.2900,0.50016729,2.85900143,0.59247301,0.49653868,0.50073649,1.42461548
67.3000,0.50016634,2.85900628,0.59247740,0.49653920,0.50073349,1.42462768
67.3100,0.50016540,2.85901113,0.59248178,0.49653971,0.50073049,1.42463986
67.3200,0.50016445,2.85901598,0.59248616,0.49654023,0.50072749,1.42465203
67.3300,0.50016350,2.85902082,0.59249054,0.49654075,0.50072450,1.42466420
67.3400,0.50016256,2.85902566,0.59249491,0.49654127,0.50072151,1.42467635
67.3500,0.50016161,2.85903050,0.59249928,0.49654178,0.50071852,1.42468850
67.3600,0.50016067,2.85903533,0.59250364,0.49654230,0.50071553,1.42470063
67.3700,0.50015972,2.85904016,0.59250800,0.49654282,0.50071255,1.42471276
67.3800,0.50015878,2.85904498,0.59251236,0.49654333,0.50070956,1.42472488
67.3900,0.50015784,2.85904981,0.59251672,0.49654384,0.50070658,1.42473699
67.4000,0.50015690,2.85905462,0.59252107,0.49654436,0.50070361,1.42474909
67.4100,0.50015596,2.85905943,0.59252542,0.49654487,0.50070063,1.42476118
67.4200,0.50015502,2.85906424,0.59252977,0.49654538,0.50069766,1.42477326
67.4300,0.50015408,2.85906905,0.59253411,0.49654590,0.50069469,1.42478534
67.4400,0.50015314,2.85907385,0.59253845,0.49654641,0.50069172,1.42479740
67.4500,0.50015221,2.85907865,0.59254279,0.49654692,0.50068875,1.42480945
67.4600,0.50015127,2.85908344,0.59254712,0.49654743,0.50068579,1.42482150
67.4700,0.50015033,2.85908823,0.59255145,0.49654794,0.50068283,1.42483354
67.4800,0.50014940,2.85909302,0.59255577,0.49654845,0.50067987,1.42484556
67.4900,0.50014846,2.85909780,0.59256010,0.49654896,0.50067691,1.42485758
67.5000,0.50014753,2.85910258,0.59256442,0.49654947,0.50067395,1.42486959
67.5100,0.50014660,2.85910735,0.59256873,0.49654997,0.50067100,1.42488159
67.5200,0.50014567,2.85911212,0.59257305,0.49655048,0.50066805,1.42489358
67.5300,0.50014473,2.85911689,0.59257736,0.49655099,0.50066510,1.42490556
67.5400,0.50014380,2.85912165,0.59258166,0.49655149,0.50066216,1.42491754
67.5500,0.50014287,2.85912641,0.59258597,0.49655200,0.50065922,1.42492950
67.5600,0.50014195,2.85913117,0.59259027,0.49655251,0.50065627,1.42494146
67.5700,0.50014102,2.85913592,0.59259457,0.49655301,0.50065334,1.42495340
67.5800,0.50014009,2.85914066,0.59259886,0.49655351,0.50065040,1.42496534
67.5900,0.50013916,2.85914541,0.59260315,0.49655402,0.50064746,1.42497727
67.6000,0.50013824,2.85915015,0.59260744,0.49655452,0.50064453,1.42498919
67.6100,0.50013731,2.85915488,0.59261172,0.49655502,0.50064160,1.42500110
67.6200,0.50013639,2.85915962,0.59261601,0.49655553,0.50063868,1.42501300
67.6300,0.50013547,2.85916435,0.59262028,0.49655603,0.50063575,1.42502489
67.6400,0.50013454,2.85916907,0.59262456,0.49655653,0.50063283,1.42503677
67.6500,0.50013362,2.85917379,0.59262883,0.49655703,0.50062991,1.42504865
67.6600,0.50013270,2.85917851,0.59263310,0.49655753,0.50062699,1.42506051
67.6700,0.50013178,2.85918322,0.59263736,0.49655803,0.50062407,1.42507237
67.6800,0.50013086,2.85918793,0.59264163,0.49655853,0.50062116,1.42508421
67.6900,0.50012994,2.85919264,0.59264588,0.49655903,0.50061825,1.42509605
67.7000,0.50012902,2.85919734,0.59265014,0.49655952,0.50061534,1.42510788
67.7100,0.50012810,2.85920204,0.59265439,0.49656002,0.50061243,1.42511970
67.7200,0.50012719,2.85920673,0.59265864,0.49656052,0.50060953,1.42513151
67.7300,0.50012627,2.85921142,0.59266289,0.49656101,0.50060662,1.42514331
67.7400,0.50012536,2.85921611,0.59266713,0.49656151,0.50060372,1.42515511
67.7500,0.50012444,2.85922079,0.59267137,0.49656201,0.50060083,1.42516689
67.7600,0.50012353,2.85922547,0.59267561,0.49656250,0.50059793,1.42517867
67.7700,0.50012261,2.85923015,0.59267984,0.49656299,0.50059504,1.42519044
67.7800,0.50012170,2.85923482,0.59268407,0.49656349,0.50059215,1.42520219
67.7900,0.50012079,2.85923949,0.59268830,0.49656398,0.50058926,1.42521394
67.8000,0.50011988,2.85924416,0.59269252,0.49656447,0.50058637,1.42522568
67.8100,0.50011897,2.85924882,0.59269674,0.49656497,0.50058349,1.42523741
67.8200,0.50011806,2.85925347,0.59270096,0.49656546,0.50058060,1.42524914
67.8300,0.50011715,2.85925813,0.59270517,0.49656595,0.50057772,1.42526085
67.8400,0.50011624,2.85926278,0.59270939,0.49656644,0.50057485,1.42527255
67.8500,0.50011534,2.85926742,0.59271359,0.49656693,0.50057197,1.42528425
67.8600,0.50011443,2.85927206,0.59271780,0.49656742,0.50056910,1.42529594
67.8700,0.50011352,2.85927670,0.59272200,0.49656791,0.50056623,1.42530761
67.8800,0.50011262,2.85928134,0.59272620,0.49656840,0.50056336,1.42531928
67.8900,0.50011171,2.85928597,0.59273039,0.49656888,0.50056049,1.42533094
67.9000,0.50011081,2.85929060,0.59273459,0.49656937,0.50055763,1.42534260
67.9100,0.50010991,2.85929522,0.59273878,0.49656986,0.50055476,1.42535424
67.9200,0.50010901,2.85929984,0.59274296,0.49657035,0.50055190,1.42536587
67.9300,0.50010810,2.85930446,0.59274714,0.49657083,0.50054905,1.42537750
67.9400,0.50010720,2.85930907,0.59275132,0.49657132,0.50054619,1.42538911
67.9500,0.50010630,2.85931368,0.59275550,0.49657180,0.50054334,1.42540072
67.9600,0.50010540,2.85931828,0.59275967,0.49657229,0.50054049,1.42541232
67.9700,0.50010451,2.85932288,0.59276384,0.49657277,0.50053764,1.42542391
67.9800,0.50010361,2.85932748,0.59276801,0.49657325,0.50053479,1.42543549
67.9900,0.50010271,2.85933208,0.59277218,0.49657374,0.50053195,1.42544706
68.0000,0.50010182,2.85933667,0.59277634,0.49657422,0.50052910,1.42545863
68.0100,0.50010092,2.85934125,0.59278049,0.49657470,0.50052626,1.42547018
68.0200,0.50010003,2.85934584,0.59278465,0.49657518,0.50052343,1.42548173
68.0300,0.50009913,2.85935042,0.59278880,0.49657566,0.50052059,1.42549327
68.0400,0.50009824,2.85935499,0.59279295,0.49657614,0.50051776,1.42550479
68.0500,0.50009735,2.85935956,0.59279709,0.49657662,0.50051493,1.42551631
68.0600,0.50009645,2.85936413,0.59280124,0.49657710,0.50051210,1.42552783
68.0700,0.50009556,2.85936870,0.59280538,0.49657758,0.50050927,1.42553933
68.0800,0.50009467,2.85937326,0.59280951,0.49657806,0.50050645,1.42555082
68.0900,0.50009378,2.85937782,0.59281364,0.49657854,0.50050362,1.42556231
68.1000,0.50009289,2.85938237,0.59281777,0.49657902,0.50050080,1.42557378
68.1100,0.50009200,2.85938692,0.59282190,0.49657949,0.50049798,1.42558525
68.1200,0.50009112,2.85939147,0.59282603,0.49657997,0.50049517,1.42559671
68.1300,0.50009023,2.85939601,0.59283015,0.49658045,0.50049236,1.42560816
68.1400,0.50008934,2.85940055,0.59283426,0.49658092,0.50048954,1.42561960
68.1500,0.50008846,2.85940508,0.59283838,0.49658140,0.50048673,1.42563104
68.1600,0.50008757,2.85940962,0.59284249,0.49658187,0.50048393,1.42564246
68.1700,0.50008669,2.85941414,0.59284660,0.49658234,0.50048112,1.42565388
68.1800,0.50008581,2.85941867,0.59285070,0.49658282,0.50047832,1.42566528
68.1900,0.50008493,2.85942319,0.59285480,0.49658329,0.50047552,1.42567668
68.2000,0.50008404,2.85942771,0.59285890,0.49658376,0.50047272,1.42568807
68.2100,0.50008316,2.85943222,0.59286300,0.49658424,0.50046993,1.42569945
68.2200,0.50008228,2.85943673,0.59286709,0.49658471,0.50046713,1.42571082
68.2300,0.50008140,2.85944124,0.59287118,0.49658518,0.50046434,1.42572219
68.2400,0.50008052,2.85944574,0.59287527,0.49658565,0.50046155,1.42573354
68.2500,0.50007965,2.85945024,0.59287935,0.49658612,0.50045876,1.42574489
68.2600,0.50007877,2.85945474,0.59288343,0.49658659,0.50045598,1.42575623
68.2700,0.50007789,2.85945923,0.59288751,0.49658706,0.50045319,1.42576756
68.2800,0.50007702,2.85946372,0.59289158,0.49658753,0.50045041,1.42577888
68.2900,0.50007614,2.85946820,0.59289566,0.49658799,0.50044763,1.42579019
68.3000,0.50007527,2.85947268,0.59289972,0.49658846,0.50044486,1.42580149
68.3100,0.50007439,2.85947716,0.59290379,0.49658893,0.50044208,1.42581279
68.3200,0.50007352,2.85948163,0.59290785,0.49658939,0.50043931,1.42582408
68.3300,0.50007265,2.85948611,0.59291191,0.49658986,0.50043654,1.42583535
68.3400,0.50007177,2.85949057,0.59291597,0.49659033,0.50043377,1.42584662
68.3500,0.50007090,2.85949504,0.59292002,0.49659079,0.50043101,1.42585789
68.3600,0.50007003,2.85949950,0.59292407,0.49659126,0.50042824,1.42586914
68.3700,0.50006916,2.85950395,0.59292812,0.49659172,0.50042548,1.42588038
68.3800,0.50006829,2.85950840,0.59293216,0.49659218,0.50042272,1.42589162
68.3900,0.50006743,2.85951285,0.59293620,0.49659265,0.50041996,1.42590284
68.4000,0.50006656,2.85951730,0.59294024,0.49659311,0.50041721,1.42591406
68.4100,0.50006569,2.85952174,0.59294427,0.49659357,0.50041446,1.42592527
68.4200,0.50006483,2.85952618,0.59294831,0.49659403,0.50041171,1.42593647
68.4300,0.50006396,2.85953061,0.59295233,0.49659449,0.50040896,1.42594767
68.4400,0.50006309,2.85953505,0.59295636,0.49659495,0.50040621,1.42595885
68.4500,0.50006223,2.85953947,0.59296038,0.49659542,0.50040347,1.42597003
68.4600,0.50006137,2.85954390,0.59296440,0.49659587,0.50040072,1.42598119
68.4700,0.50006051,2.85954832,0.59296842,0.49659633,0.50039798,1.42599235
68.4800,0.50005964,2.85955274,0.59297243,0.49659679,0.50039525,1.42600350
68.4900,0.50005878,2.85955715,0.59297644,0.49659725,0.50039251,1.42601464
68.5000,0.50005792,2.85956156,0.59298045,0.49659771,0.50038978,1.42602578
68.5100,0.50005706,2.85956597,0.59298446,0.49659817,0.50038705,1.42603690
68.5200,0.50005620,2.85957037,0.59298846,0.49659862,0.50038432,1.42604802
68.5300,0.50005534,2.85957477,0.59299246,0.49659908,0.50038159,1.42605913
68.5400,0.50005449,2.85957916,0.59299645,0.49659954,0.50037886,1.42607023
68.5500,0.50005363,2.85958356,0.59300044,0.49659999,0.50037614,1.42608132
68.5600,0.50005277,2.85958795,0.59300443,0.49660045,0.50037342,1.42609240
68.5700,0.50005192,2.85959233,0.59300842,0.49660090,0.50037070,1.42610347
68.5800,0.50005106,2.85959671,0.59301240,0.49660135,0.50036798,1.42611454
68.5900,0.50005021,2.85960109,0.59301638,0.49660181,0.50036527,1.42612560
68.6000,0.50004935,2.85960547,0.59302036,0.49660226,0.50036256,1.42613665
68.6100,0.50004850,2.85960984,0.59302434,0.49660271,0.50035985,1.42614769
68.6200,0.50004765,2.85961421,0.59302831,0.49660317,0.50035714,1.42615872
68.6300,0.50004680,2.85961857,0.59303228,0.49660362,0.50035443,1.42616974
68.6400,0.50004595,2.85962293,0.59303624,0.49660407,0.50035173,1.42618076
68.6500,0.50004510,2.85962729,0.59304021,0.49660452,0.50034903,1.42619177
68.6600,0.50004425,2.85963164,0.59304417,0.49660497,0.50034633,1.42620277
68.6700,0.50004340,2.85963599,0.59304812,0.49660542,0.50034363,1.42621376
68.6800,0.50004255,2.85964034,0.59305208,0.49660587,0.50034093,1.42622474
68.6900,0.50004170,2.85964468,0.59305603,0.49660632,0.50033824,1.42623571
68.7000,0.50004086,2.85964902,0.59305997,0.49660676,0.50033555,1.42624668
68.7100,0.50004001,2.85965336,0.59306392,0.49660721,0.50033286,1.42625764
68.7200,0.50003917,2.85965769,0.59306786,0.49660766,0.50033017,1.42626858
68.7300,0.50003832,2.85966202,0.59307180,0.49660811,0.50032749,1.42627952
68.7400,0.50003748,2.85966635,0.59307574,0.49660855,0.50032480,1.42629046
68.7500,0.50003663,2.85967067,0.59307967,0.49660900,0.50032212,1.42630138
68.7600,0.50003579,2.85967499,0.59308360,0.49660944,0.50031944,1.42631230
68.7700,0.50003495,2.85967931,0.59308753,0.49660989,0.50031677,1.42632320
68.7800,0.50003411,2.85968362,0.59309145,0.49661033,0.50031409,1.42633410
68.7900,0.50003327,2.85968793,0.59309537,0.49661078,0.50031142,1.42634499
68.8000,0.50003243,2.85969223,0.59309929,0.49661122,0.50030875,1.42635588
68.8100,0.50003159,2.85969653,0.59310321,0.49661167,0.50030608,1.42636675
68.8200,0.50003075,2.85970083,0.59310712,0.49661211,0.50030342,1.42637762
68.8300,0.50002991,2.85970513,0.59311103,0.49661255,0.50030075,1.42638847
68.8400,0.50002908,2.85970942,0.59311493,0.49661299,0.50029809,1.42639932
68.8500,0.50002824,2.85971371,0.59311884,0.49661343,0.50029543,1.42641016
68.8600,0.50002740,2.85971799,0.59312274,0.49661387,0.50029277,1.42642100
68.8700,0.50002657,2.85972227,0.59312664,0.49661431,0.50029012,1.42643182
68.8800,0.50002574,2.85972655,0.59313053,0.49661475,0.50028746,1.42644264
68.8900,0.50002490,2.85973083,0.59313442,0.49661519,0.50028481,1.42645345
68.9000,0.50002407,2.85973510,0.59313831,0.49661563,0.50028216,1.42646425
68.9100,0.50002324,2.85973936,0.59314220,0.49661607,0.50027951,1.42647504
68.9200,0.50002240,2.85974363,0.59314608,0.49661651,0.50027687,1.42648582
68.9300,0.50002157,2.85974789,0.59314996,0.49661695,0.50027422,1.42649660
68.9400,0.50002074,2.85975215,0.59315384,0.49661738,0.50027158,1.42650736
68.9500,0.50001991,2.85975640,0.59315771,0.49661782,0.50026894,1.42651812
68.9600,0.50001908,2.85976065,0.59316158,0.49661826,0.50026631,1.42652887
68.9700,0.50001826,2.85976490,0.59316545,0.49661869,0.50026367,1.42653961
68.9800,0.50001743,2.85976914,0.59316932,0.49661913,0.50026104,1.42655035
68.9900,0.50001660,2.85977338,0.59317318,0.49661956,0.50025841,1.42656107
69.0000,0.50001578,2.85977762,0.59317704,0.49662000,0.50025578,1.42657179
69.0100,0.50001495,2.85978185,0.59318090,0.49662043,0.50025315,1.42658250
69.0200,0.50001413,2.85978608,0.59318475,0.49662086,0.50025053,1.42659320
69.0300,0.50001330,2.85979031,0.59318860,0.49662130,0.50024790,1.42660390
69.0400,0.50001248,2.85979453,0.59319245,0.49662173,0.50024528,1.42661458
69.0500,0.50001165,2.85979875,0.59319630,0.49662216,0.50024266,1.42662526
69.0600,0.50001083,2.85980297,0.59320014,0.49662259,0.50024005,1.42663593
69.0700,0.50001001,2.85980718,0.59320398,0.49662303,0.50023743,1.42664659
69.0800,0.50000919,2.85981139,0.59320782,0.49662346,0.50023482,1.42665724
69.0900,0.50000837,2.85981560,0.59321165,0.49662389,0.50023221,1.42666789
69.1000,0.50000755,2.85981980,0.59321548,0.49662432,0.50022960,1.42667852
69.1100,0.50000673,2.85982400,0.59321931,0.49662475,0.50022699,1.42668915
69.1200,0.50000591,2.85982820,0.59322313,0.49662517,0.50022439,1.42669977
69.1300,0.50000510,2.85983239,0.59322696,0.49662560,0.50022179,1.42671039
69.1400,0.50000428,2.85983658,0.59323078,0.49662603,0.50021919,1.42672099
69.1500,0.50000346,2.85984077,0.59323459,0.49662646,0.50021659,1.42673159
69.1600,0.50000265,2.85984495,0.59323841,0.49662689,0.50021399,1.42674217
69.1700,0.50000183,2.85984913,0.59324222,0.49662731,0.50021140,1.42675275
69.1800,0.50000102,2.85985331,0.59324603,0.49662774,0.50020881,1.42676333
69.1900,0.50000020,2.85985748,0.59324983,0.49662816,0.50020621,1.42677389
69.2000,0.49999939,2.85986165,0.59325363,0.49662859,0.50020363,1.42678445
69.2100,0.49999858,2.85986581,0.59325743,0.49662901,0.50020104,1.42679499
69.2200,0.49999777,2.85986998,0.59326123,0.49662944,0.50019846,1.42680553
69.2300,0.49999696,2.85987414,0.59326502,0.49662986,0.50019587,1.42681606
69.2400,0.49999615,2.85987829,0.59326881,0.49663029,0.50019329,1.42682659
69.2500,0.49999534,2.85988245,0.59327260,0.49663071,0.50019072,1.42683710
69.2600,0.49999453,2.85988660,0.59327639,0.49663113,0.50018814,1.42684761
69.2700,0.49999372,2.85989074,0.59328017,0.49663155,0.50018557,1.42685811
69.2800,0.49999291,2.85989488,0.59328395,0.49663198,0.50018299,1.42686860
69.2900,0.49999210,2.85989902,0.59328772,0.49663240,0.50018042,1.42687909
69.3000,0.49999130,2.85990316,0.59329150,0.49663282,0.50017786,1.42688956
69.3100,0.49999049,2.85990729,0.59329527,0.49663324,0.50017529,1.42690003
69.3200,0.49998969,2.85991142,0.59329904,0.49663366,0.50017273,1.42691049
69.3300,0.49998888,2.85991555,0.59330280,0.49663408,0.50017016,1.42692094
69.3400,0.49998808,2.85991967,0.59330657,0.49663450,0.50016760,1.42693138
69.3500,0.49998728,2.85992379,0.59331032,0.49663492,0.50016505,1.42694182
69.3600,0.49998647,2.85992791,0.59331408,0.49663534,0.50016249,1.42695225
69.3700,0.49998567,2.85993202,0.59331784,0.49663575,0.50015994,1.42696267
69.3800,0.49998487,2.85993613,0.59332159,0.49663617,0.50015738,1.42697308
69.3900,0.49998407,2.85994024,0.59332533,0.49663659,0.50015483,1.42698348
69.4000,0.49998327,2.85994434,0.59332908,0.49663700,0.50015229,1.42699388
69.4100,0.49998247,2.85994844,0.59333282,0.49663742,0.50014974,1.42700427
69.4200,0.49998167,2.85995254,0.59333656,0.49663784,0.50014720,1.42701465
69.4300,0.49998087,2.85995663,0.59334030,0.49663825,0.50014465,1.42702502
69.4400,0.49998008,2.85996072,0.59334403,0.49663867,0.50014211,1.42703538
69.4500,0.49997928,2.85996481,0.59334777,0.49663908,0.50013958,1.42704574
69.4600,0.49997848,2.85996889,0.59335149,0.49663949,0.50013704,1.42705609
69.4700,0.49997769,2.85997297,0.59335522,0.49663991,0.50013451,1.42706643
69.4800,0.49997690,2.85997705,0.59335894,0.49664032,0.50013197,1.42707676
69.4900,0.49997610,2.85998112,0.59336266,0.49664073,0.50012944,1.42708709
69.5000,0.49997531,2.85998519,0.59336638,0.49664115,0.50012691,1.42709740
69.5100,0.49997451,2.85998926,0.59337010,0.49664156,0.50012439,1.42710771
69.5200,0.49997372,2.85999332,0.59337381,0.49664197,0.50012186,1.42711801
69.5300,0.49997293,2.85999739,0.59337752,0.49664238,0.50011934,1.42712831
69.5400,0.49997214,2.86000144,0.59338122,0.49664279,0.50011682,1.42713859
69.5500,0.49997135,2.86000550,0.59338493,0.49664320,0.50011430,1.42714887
69.5600,0.49997056,2.86000955,0.59338863,0.49664361,0.50011179,1.42715914
69.5700,0.49996977,2.86001360,0.59339232,0.49664402,0.50010927,1.42716940
69.5800,0.49996898,2.86001764,0.59339602,0.49664443,0.50010676,1.42717966
69.5900,0.49996820,2.86002168,0.59339971,0.49664484,0.50010425,1.42718990
69.6000,0.49996741,2.86002572,0.59340340,0.49664524,0.50010174,1.42720014
69.6100,0.49996662,2.86002975,0.59340709,0.49664565,0.50009924,1.42721037
69.6200,0.49996584,2.86003379,0.59341077,0.49664606,0.50009673,1.42722059
69.6300,0.49996505,2.86003781,0.59341445,0.49664646,0.50009423,1.42723081
69.6400,0.49996427,2.86004184,0.59341813,0.49664687,0.50009173,1.42724102
69.6500,0.49996348,2.86004586,0.59342181,0.49664728,0.50008923,1.42725121
69.6600,0.49996270,2.86004988,0.59342548,0.49664768,0.50008673,1.42726141
69.6700,0.49996192,2.86005390,0.59342915,0.49664809,0.50008424,1.42727159
69.6800,0.49996114,2.86005791,0.59343282,0.49664849,0.50008175,1.42728177
69.6900,0.49996036,2.86006192,0.59343648,0.49664889,0.50007926,1.42729193
69.7000,0.49995958,2.86006592,0.59344014,0.49664930,0.50007677,1.42730209
69.7100,0.49995880,2.86006993,0.59344380,0.49664970,0.50007428,1.42731225
69.7200,0.49995802,2.86007393,0.59344746,0.49665010,0.50007179,1.42732239
69.7300,0.49995724,2.86007792,0.59345111,0.49665051,0.50006931,1.42733253
69.7400,0.49995646,2.86008191,0.59345476,0.49665091,0.50006683,1.42734266
69.7500,0.49995568,2.86008590,0.59345841,0.49665131,0.50006435,1.42735278
69.7600,0.49995490,2.86008989,0.59346206,0.49665171,0.50006187,1.42736289
69.7700,0.49995413,2.86009387,0.59346570,0.49665211,0.50005940,1.42737300
69.7800,0.49995335,2.86009785,0.59346934,0.49665251,0.50005693,1.42738310
69.7900,0.49995258,2.86010183,0.59347298,0.49665291,0.50005445,1.42739319
69.8000,0.49995180,2.86010581,0.59347661,0.49665331,0.50005199,1.42740327
69.8100,0.49995103,2.86010978,0.59348024,0.49665371,0.50004952,1.42741335
69.8200,0.49995026,2.86011374,0.59348387,0.49665411,0.50004705,1.42742341
69.8300,0.49994948,2.86011771,0.59348750,0.49665451,0.50004459,1.42743347
69.8400,0.49994871,2.86012167,0.59349112,0.49665490,0.50004213,1.42744353
69.8500,0.49994794,2.86012563,0.59349474,0.49665530,0.50003967,1.42745357
69.8600,0.49994717,2.86012958,0.59349836,0.49665570,0.50003721,1.42746361
69.8700,0.49994640,2.86013353,0.59350198,0.49665610,0.50003475,1.42747364
69.8800,0.49994563,2.86013748,0.59350559,0.49665649,0.50003230,1.42748366
69.8900,0.49994486,2.86014143,0.59350920,0.49665689,0.50002985,1.42749367
69.9000,0.49994410,2.86014537,0.59351281,0.49665728,0.50002740,1.42750368
69.9100,0.49994333,2.86014931,0.59351641,0.49665768,0.50002495,1.42751368
69.9200,0.49994256,2.86015324,0.59352001,0.49665807,0.50002250,1.42752367
69.9300,0.49994180,2.86015718,0.59352361,0.49665846,0.50002006,1.42753365
69.9400,0.49994103,2.86016111,0.59352721,0.49665886,0.50001762,1.42754363
69.9500,0.49994027,2.86016503,0.59353080,0.49665925,0.50001518,1.42755359
69.9600,0.49993950,2.86016896,0.59353439,0.49665964,0.50001274,1.42756355
69.9700,0.49993874,2.86017288,0.59353798,0.49666004,0.50001030,1.42757351
69.9800,0.49993797,2.86017679,0.59354157,0.49666043,0.50000787,1.42758345
69.9900,0.49993721,2.86018071,0.59354515,0.49666082,0.50000543,1.42759339
70.0000,0.49993645,2.86018462,0.59354873,0.49666121,0.50000300,1.42760332
70.0100,0.49993569,2.86018853,0.59355231,0.49666160,0.50000057,1.42761324
70.0200,0.49993493,2.86019243,0.59355588,0.49666199,0.49999815,1.42762316
70.0300,0.49993417,2.86019633,0.59355945,0.49666238,0.49999572,1.42763306
70.0400,0.49993341,2.86020023,0.59356302,0.49666277,0.49999330,1.42764296
70.0500,0.49993265,2.86020412,0.59356659,0.49666316,0.49999088,1.42765285
70.0600,0.49993189,2.86020802,0.59357015,0.49666355,0.49998846,1.42766274
70.0700,0.49993113,2.86021191,0.59357372,0.49666394,0.49998604,1.42767261
70.0800,0.49993038,2.86021579,0.59357727,0.49666432,0.49998363,1.42768248
70.0900,0.49992962,2.86021967,0.59358083,0.49666471,0.49998121,1.42769234
70.1000,0.49992887,2.86022355,0.59358438,0.49666510,0.49997880,1.42770220
70.1100,0.49992811,2.86022743,0.59358793,0.49666549,0.49997639,1.42771205
70.1200,0.49992736,2.86023130,0.59359148,0.49666587,0.49997398,1.42772188
70.1300,0.49992660,2.86023517,0.59359503,0.49666626,0.49997158,1.42773172
70.1400,0.49992585,2.86023904,0.59359857,0.49666664,0.49996917,1.42774154
70.1500,0.49992510,2.86024290,0.59360211,0.49666703,0.49996677,1.42775136
70.1600,0.49992434,2.86024677,0.59360565,0.49666741,0.49996437,1.42776116
70.1700,0.49992359,2.86025062,0.59360918,0.49666780,0.49996197,1.42777097
70.1800,0.49992284,2.86025448,0.59361271,0.49666818,0.49995957,1.42778076
70.1900,0.49992209,2.86025833,0.59361624,0.49666856,0.49995718,1.42779055
70.2000,0.49992134,2.86026218,0.59361977,0.49666895,0.49995479,1.42780032
70.2100,0.49992059,2.86026602,0.59362329,0.49666933,0.49995239,1.42781010
70.2200,0.49991985,2.86026987,0.59362681,0.49666971,0.49995001,1.42781986
70.2300,0.49991910,2.86027371,0.59363033,0.49667009,0.49994762,1.42782962
70.2400,0.49991835,2.86027754,0.59363385,0.49667047,0.49994523,1.42783936
70.2500,0.49991760,2.86028138,0.59363736,0.49667086,0.49994285,1.42784911
70.2600,0.49991686,2.86028521,0.59364087,0.49667124,0.49994047,1.42785884
70.2700,0.49991611,2.86028903,0.59364438,0.49667162,0.49993809,1.42786857
70.2800,0.49991537,2.86029286,0.59364789,0.49667200,0.49993571,1.42787828
70.2900,0.49991462,2.86029668,0.59365139,0.49667238,0.49993333,1.42788800
70.3000,0.49991388,2.86030050,0.59365489,0.49667275,0.49993096,1.42789770
70.3100,0.49991314,2.86030431,0.59365839,0.49667313,0.49992859,1.42790740
70.3200,0.49991240,2.86030812,0.59366188,0.49667351,0.49992622,1.42791709
70.3300,0.49991165,2.86031193,0.59366537,0.49667389,0.49992385,1.42792677
70.3400,0.49991091,2.86031574,0.59366886,0.49667427,0.49992148,1.42793644
70.3500,0.49991017,2.86031954,0.59367235,0.49667464,0.49991912,1.42794611
70.3600,0.49990943,2.86032334,0.59367584,0.49667502,0.49991675,1.42795577
70.3700,0.49990869,2.86032713,0.59367932,0.49667540,0.49991439,1.42796542
70.3800,0.49990796,2.86033093,0.59368280,0.49667577,0.49991203,1.42797506
70.3900,0.49990722,2.86033472,0.59368627,0.49667615,0.49990967,1.42798470
70.4000,0.49990648,2.86033851,0.59368975,0.49667652,0.49990732,1.42799433
70.4100,0.49990574,2.86034229,0.59369322,0.49667690,0.49990497,1.42800395
70.4200,0.49990501,2.86034607,0.59369669,0.49667727,0.49990261,1.42801357
70.4300,0.49990427,2.86034985,0.59370015,0.49667764,0.49990026,1.42802318
70.4400,0.49990354,2.86035363,0.59370362,0.49667802,0.49989792,1.42803278
70.4500,0.49990280,2.86035740,0.59370708,0.49667839,0.49989557,1.42804237
70.4600,0.49990207,2.86036117,0.59371053,0.49667876,0.49989322,1.42805196
70.4700,0.49990133,2.86036493,0.59371399,0.49667914,0.49989088,1.42806153
70.4800,0.49990060,2.86036870,0.59371744,0.49667951,0.49988854,1.42807110
70.4900,0.49989987,2.86037246,0.59372089,0.49667988,0.49988620,1.42808067
70.5000,0.49989914,2.86037621,0.59372434,0.49668025,0.49988387,1.42809022
70.5100,0.49989841,2.86037997,0.59372779,0.49668062,0.49988153,1.42809977
70.5200,0.49989768,2.86038372,0.59373123,0.49668099,0.49987920,1.42810931
70.5300,0.49989695,2.86038747,0.59373467,0.49668136,0.49987686,1.42811885
70.5400,0.49989622,2.86039121,0.59373811,0.49668173,0.49987453,1.42812838
70.5500,0.49989549,2.86039496,0.59374154,0.49668210,0.49987221,1.42813789
70.5600,0.49989476,2.86039869,0.59374497,0.49668247,0.49986988,1.42814741
70.5700,0.49989403,2.86040243,0.59374840,0.49668284,0.49986756,1.42815691
70.5800,0.49989331,2.86040616,0.59375183,0.49668320,0.49986523,1.42816641
70.5900,0.49989258,2.86040989,0.59375526,0.49668357,0.49986291,1.42817590
70.6000,0.49989186,2.86041362,0.59375868,0.49668394,0.49986059,1.42818538
70.6100,0.49989113,2.86041735,0.59376210,0.49668431,0.49985828,1.42819486
70.6200,0.49989041,2.86042107,0.59376551,0.49668467,0.49985596,1.42820433
70.6300,0.49988968,2.86042479,0.59376893,0.49668504,0.49985365,1.42821379
70.6400,0.49988896,2.86042850,0.59377234,0.49668540,0.49985134,1.42822324
70.6500,0.49988824,2.86043221,0.59377575,0.49668577,0.49984903,1.42823269
70.6600,0.49988751,2.86043592,0.59377915,0.49668613,0.49984672,1.42824213
70.6700,0.49988679,2.86043963,0.59378256,0.49668650,0.49984441,1.42825156
70.6800,0.49988607,2.86044333,0.59378596,0.49668686,0.49984211,1.42826099
70.6900,0.49988535,2.86044703,0.59378936,0.49668723,0.49983981,1.42827040
70.7000,0.49988463,2.86045073,0.59379276,0.49668759,0.49983751,1.42827981
70.7100,0.49988391,2.86045442,0.59379615,0.49668795,0.49983521,1.42828922
70.7200,0.49988319,2.86045812,0.59379954,0.49668831,0.49983291,1.42829861
70.7300,0.49988248,2.86046180,0.59380293,0.49668868,0.49983062,1.42830800
70.7400,0.49988176,2.86046549,0.59380631,0.49668904,0.49982832,1.42831738
70.7500,0.49988104,2.86046917,0.59380970,0.49668940,0.49982603,1.42832676
70.7600,0.49988033,2.86047285,0.59381308,0.49668976,0.49982374,1.42833612
70.7700,0.49987961,2.86047653,0.59381646,0.49669012,0.49982145,1.42834548
70.7800,0.49987890,2.86048020,0.59381983,0.49669048,0.49981917,1.42835484
70.7900,0.49987818,2.86048387,0.59382321,0.49669084,0.49981688,1.42836418
70.8000,0.49987747,2.86048754,0.59382658,0.49669120,0.49981460,1.42837352
70.8100,0.49987675,2.86049121,0.59382995,0.49669156,0.49981232,1.42838285
70.8200,0.49987604,2.86049487,0.59383331,0.49669192,0.49981004,1.42839218
70.8300,0.49987533,2.86049853,0.59383667,0.49669228,0.49980776,1.42840149
70.8400,0.49987462,2.86050219,0.59384003,0.49669263,0.49980549,1.42841080
70.8500,0.49987391,2.86050584,0.59384339,0.49669299,0.49980321,1.42842010
70.8600,0.49987320,2.86050949,0.59384675,0.49669335,0.49980094,1.42842940
70.8700,0.49987249,2.86051314,0.59385010,0.49669371,0.49979867,1.42843869
70.8800,0.49987178,2.86051678,0.59385345,0.49669406,0.49979641,1.42844797
70.8900,0.49987107,2.86052042,0.59385680,0.49669442,0.49979414,1.42845724
70.9000,0.49987036,2.86052406,0.59386015,0.49669478,0.49979187,1.42846651
70.9100,0.49986965,2.86052770,0.59386349,0.49669513,0.49978961,1.42847577
70.9200,0.49986894,2.86053133,0.59386683,0.49669549,0.49978735,1.42848502
70.9300,0.49986824,2.86053496,0.59387017,0.49669584,0.49978509,1.42849427
70.9400,0.49986753,2.86053859,0.59387350,0.49669619,0.49978283,1.42850351
70.9500,0.49986683,2.86054221,0.59387683,0.49669655,0.49978058,1.42851274
70.9600,0.49986612,2.86054583,0.59388016,0.49669690,0.49977832,1.42852196
70.9700,0.49986542,2.86054945,0.59388349,0.49669725,0.49977607,1.42853118
70.9800,0.49986471,2.86055307,0.59388682,0.49669761,0.49977382,1.42854039
70.9900,0.49986401,2.86055668,0.59389014,0.49669796,0.49977157,1.42854959
71.0000,0.49986331,2.86056029,0.59389346,0.49669831,0.49976933,1.42855879
71.0100,0.49986261,2.86056390,0.59389678,0.49669866,0.49976708,1.42856797
71.0200,0.49986191,2.86056750,0.59390009,0.49669901,0.49976484,1.42857716
71.0300,0.49986121,2.86057110,0.59390341,0.49669937,0.49976260,1.42858633
71.0400,0.49986051,2.86057470,0.59390672,0.49669972,0.49976036,1.42859550
71.0500,0.49985981,2.86057830,0.59391003,0.49670007,0.49975812,1.42860466
71.0600,0.49985911,2.86058189,0.59391333,0.49670042,0.49975588,1.42861381
71.0700,0.49985841,2.86058548,0.59391663,0.49670077,0.49975365,1.42862296
71.0800,0.49985771,2.86058906,0.59391993,0.49670111,0.49975142,1.42863210
71.0900,0.49985701,2.86059265,0.59392323,0.49670146,0.49974918,1.42864123
71.1000,0.49985632,2.86059623,0.59392653,0.49670181,0.49974696,1.42865035
71.1100,0.49985562,2.86059981,0.59392982,0.49670216,0.49974473,1.42865947
71.1200,0.49985492,2.86060338,0.59393311,0.49670251,0.49974250,1.42866858
71.1300,0.49985423,2.86060696,0.59393640,0.49670285,0.49974028,1.42867769
71.1400,0.49985354,2.86061052,0.59393968,0.49670320,0.49973806,1.42868679
71.1500,0.49985284,2.86061409,0.59394297,0.49670355,0.49973584,1.42869588
71.1600,0.49985215,2.86061766,0.59394625,0.49670389,0.49973362,1.42870496
71.1700,0.49985145,2.86062122,0.59394952,0.49670424,0.49973140,1.42871403
71.1800,0.49985076,2.86062477,0.59395280,0.49670459,0.49972919,1.42872310
71.1900,0.49985007,2.86062833,0.59395607,0.49670493,0.49972697,1.42873217
71.2000,0.49984938,2.86063188,0.59395934,0.49670527,0.49972476,1.42874122
71.2100,0.49984869,2.86063543,0.59396261,0.49670562,0.49972255,1.42875027
71.2200,0.49984800,2.86063898,0.59396588,0.49670596,0.49972034,1.42875931
71.2300,0.49984731,2.86064252,0.59396914,0.49670631,0.49971814,1.42876834
71.2400,0.49984662,2.86064606,0.59397240,0.49670665,0.49971593,1.42877737
71.2500,0.49984593,2.86064960,0.59397566,0.49670699,0.49971373,1.42878639
71.2600,0.49984524,2.86065314,0.59397892,0.49670734,0.49971153,1.42879540
71.2700,0.49984456,2.86065667,0.59398217,0.49670768,0.49970933,1.42880441
71.2800,0.49984387,2.86066020,0.59398542,0.49670802,0.49970713,1.42881341
71.2900,0.49984319,2.86066373,0.59398867,0.49670836,0.49970493,1.42882240
71.3000,0.49984250,2.86066725,0.59399191,0.49670870,0.49970274,1.42883139
71.3100,0.49984181,2.86067077,0.59399516,0.49670904,0.49970055,1.42884037
71.3200,0.49984113,2.86067429,0.59399840,0.49670938,0.49969836,1.42884934
71.3300,0.49984045,2.86067781,0.59400164,0.49670972,0.49969617,1.42885830
71.3400,0.49983976,2.86068132,0.59400487,0.49671006,0.49969398,1.42886726
71.3500,0.49983908,2.86068483,0.59400811,0.49671040,0.49969180,1.42887621
71.3600,0.49983840,2.86068834,0.59401134,0.49671074,0.49968961,1.42888516
71.3700,0.49983772,2.86069184,0.59401457,0.49671108,0.49968743,1.42889409
71.3800,0.49983704,2.86069534,0.59401779,0.49671142,0.49968525,1.42890302
71.3900,0.49983635,2.86069884,0.59402102,0.49671176,0.49968307,1.42891195
71.4000,0.49983567,2.86070234,0.59402424,0.49671209,0.49968089,1.42892086
71.4100,0.49983500,2.86070583,0.59402746,0.49671243,0.49967872,1.42892977
71.4200,0.49983432,2.86070932,0.59403068,0.49671277,0.49967655,1.42893868
71.4300,0.49983364,2.86071281,0.59403389,0.49671310,0.49967437,1.42894757
71.4400,0.49983296,2.86071629,0.59403710,0.49671344,0.49967220,1.42895646
71.4500,0.49983228,2.86071977,0.59404031,0.49671377,0.49967004,1.42896534
71.4600,0.49983161,2.86072325,0.59404352,0.49671411,0.49966787,1.42897422
71.4700,0.49983093,2.86072673,0.59404672,0.49671445,0.49966570,1.42898309
71.4800,0.49983025,2.86073020,0.59404993,0.49671478,0.49966354,1.42899195
71.4900,0.49982958,2.86073367,0.59405313,0.49671511,0.49966138,1.42900080
71.5000,0.49982890,2.86073714,0.59405632,0.49671545,0.49965922,1.42900965
71.5100,0.49982823,2.86074061,0.59405952,0.49671578,0.49965706,1.42901849
71.5200,0.49982756,2.86074407,0.59406271,0.49671612,0.49965490,1.42902733
71.5300,0.49982688,2.86074753,0.59406590,0.49671645,0.49965275,1.42903615
71.5400,0.49982621,2.86075099,0.59406909,0.49671678,0.49965060,1.42904497
71.5500,0.49982554,2.86075444,0.59407227,0.49671711,0.49964845,1.42905379
71.5600,0.49982487,2.86075789,0.59407546,0.49671744,0.49964630,1.42906260
71.5700,0.49982420,2.86076134,0.59407864,0.49671778,0.49964415,1.42907140
71.5800,0.49982353,2.86076479,0.59408182,0.49671811,0.49964200,1.42908019
71.5900,0.49982286,2.86076823,0.59408499,0.49671844,0.49963986,1.42908898
71.6000,0.49982219,2.86077167,0.59408816,0.49671877,0.49963772,1.42909776
71.6100,0.49982152,2.86077511,0.59409134,0.49671910,0.49963557,1.42910653
71.6200,0.49982085,2.86077854,0.59409450,0.49671943,0.49963343,1.42911530
71.6300,0.49982019,2.86078198,0.59409767,0.49671976,0.49963130,1.42912406
71.6400,0.49981952,2.86078541,0.59410083,0.49672009,0.49962916,1.42913281
71.6500,0.49981885,2.86078883,0.59410400,0.49672042,0.49962703,1.42914155
71.6600,0.49981819,2.86079226,0.59410715,0.49672074,0.49962489,1.42915029
71.6700,0.49981752,2.86079568,0.59411031,0.49672107,0.49962276,1.42915903
71.6800,0.49981686,2.86079910,0.59411347,0.49672140,0.49962063,1.42916775
71.6900,0.49981619,2.86080251,0.59411662,0.49672173,0.49961851,1.42917647
71.7000,0.49981553,2.86080593,0.59411977,0.49672205,0.49961638,1.42918518
71.7100,0.49981487,2.86080934,0.59412291,0.49672238,0.49961426,1.42919389
71.7200,0.49981420,2.86081274,0.59412606,0.49672271,0.49961213,1.42920259
71.7300,0.49981354,2.86081615,0.59412920,0.49672303,0.49961001,1.42921128
71.7400,0.49981288,2.86081955,0.59413234,0.49672336,0.49960789,1.42921996
71.7500,0.49981222,2.86082295,0.59413548,0.49672368,0.49960578,1.42922864
71.7600,0.49981156,2.86082635,0.59413861,0.49672401,0.49960366,1.42923732
71.7700,0.49981090,2.86082974,0.59414175,0.49672433,0.49960155,1.42924598
71.7800,0.49981024,2.86083313,0.59414488,0.49672466,0.49959943,1.42925464
71.7900,0.49980958,2.86083652,0.59414801,0.49672498,0.49959732,1.42926329
71.8000,0.49980892,2.86083991,0.59415113,0.49672531,0.49959521,1.42927194
71.8100,0.49980826,2.86084329,0.59415425,0.49672563,0.49959311,1.42928058
71.8200,0.49980761,2.86084667,0.59415738,0.49672595,0.49959100,1.42928921
71.8300,0.49980695,2.86085005,0.59416049,0.49672627,0.49958890,1.42929783
71.8400,0.49980629,2.86085342,0.59416361,0.49672660,0.49958680,1.42930645
71.8500,0.49980564,2.86085679,0.59416672,0.49672692,0.49958469,1.42931506
71.8600,0.49980498,2.86086016,0.59416984,0.49672724,0.49958260,1.42932367
71.8700,0.49980433,2.86086353,0.59417295,0.49672756,0.49958050,1.42933227
71.8800,0.49980367,2.86086690,0.59417605,0.49672788,0.49957840,1.42934086
71.8900,0.49980302,2.86087026,0.59417916,0.49672820,0.49957631,1.42934944
71.9000,0.49980237,2.86087362,0.59418226,0.49672852,0.49957422,1.42935802
71.9100,0.49980172,2.86087697,0.59418536,0.49672884,0.49957212,1.42936659
71.9200,0.49980106,2.86088033,0.59418846,0.49672916,0.49957004,1.42937516
71.9300,0.49980041,2.86088368,0.59419155,0.49672948,0.49956795,1.42938372
71.9400,0.49979976,2.86088702,0.59419465,0.49672980,0.49956586,1.42939227
71.9500,0.49979911,2.86089037,0.59419774,0.49673012,0.49956378,1.42940082
71.9600,0.49979846,2.86089371,0.59420082,0.49673044,0.49956170,1.42940936
71.9700,0.49979781,2.86089705,0.59420391,0.49673075,0.49955962,1.42941789
71.9800,0.49979716,2.86090039,0.59420699,0.49673107,0.49955754,1.42942641
71.9900,0.49979652,2.86090372,0.59421008,0.49673139,0.49955546,1.42943493
72.0000,0.49979587,2.86090706,0.59421315,0.49673171,0.49955338,1.42944345
72.0100,0.49979522,2.86091039,0.59421623,0.49673202,0.49955131,1.42945195
72.0200,0.49979457,2.86091371,0.59421931,0.49673234,0.49954924,1.42946045
72.0300,0.49979393,2.86091704,0.59422238,0.49673265,0.49954716,1.42946894
72.0400,0.49979328,2.86092036,0.59422545,0.49673297,0.49954510,1.42947743
72.0500,0.49979264,2.86092368,0.59422851,0.49673328,0.49954303,1.42948591
72.0600,0.49979199,2.86092699,0.59423158,0.49673360,0.49954096,1.42949438
72.0700,0.49979135,2.86093031,0.59423464,0.49673391,0.49953890,1.42950285
72.0800,0.49979070,2.86093362,0.59423770,0.49673423,0.49953683,1.42951131
72.0900,0.49979006,2.86093693,0.59424076,0.49673454,0.49953477,1.42951976
72.1000,0.49978942,2.86094023,0.59424382,0.49673486,0.49953271,1.42952821
72.1100,0.49978878,2.86094353,0.59424687,0.49673517,0.49953066,1.42953665
72.1200,0.49978814,2.86094683,0.59424992,0.49673548,0.49952860,1.42954508
72.1300,0.49978749,2.86095013,0.59425297,0.49673579,0.49952654,1.42955351
72.1400,0.49978685,2.86095343,0.59425602,0.49673611,0.49952449,1.42956193
72.1500,0.49978621,2.86095672,0.59425906,0.49673642,0.49952244,1.42957035
72.1600,0.49978558,2.86096001,0.59426210,0.49673673,0.49952039,1.42957875
72.1700,0.49978494,2.86096330,0.59426514,0.49673704,0.49951834,1.42958715
72.1800,0.49978430,2.86096658,0.59426818,0.49673735,0.49951630,1.42959555
72.1900,0.49978366,2.86096986,0.59427121,0.49673766,0.49951425,1.42960394
72.2000,0.49978302,2.86097314,0.59427425,0.49673797,0.49951221,1.42961232
72.2100,0.49978239,2.86097642,0.59427728,0.49673828,0.49951017,1.42962069
72.2200,0.49978175,2.86097969,0.59428031,0.49673859,0.49950813,1.42962906
72.2300,0.49978111,2.86098296,0.59428333,0.49673890,0.49950609,1.42963743
72.2400,0.49978048,2.86098623,0.59428636,0.49673921,0.49950405,1.42964578
72.2500,0.49977984,2.86098950,0.59428938,0.49673952,0.49950202,1.42965413
72.2600,0.49977921,2.86099276,0.59429240,0.49673983,0.49949998,1.42966247
72.2700,0.49977858,2.86099602,0.59429541,0.49674013,0.49949795,1.42967081
72.2800,0.49977794,2.86099928,0.59429843,0.49674044,0.49949592,1.42967914
72.2900,0.49977731,2.86100254,0.59430144,0.49674075,0.49949389,1.42968746
72.3000,0.49977668,2.86100579,0.59430445,0.49674106,0.49949186,1.42969578
72.3100,0.49977605,2.86100904,0.59430746,0.49674136,0.49948984,1.42970409
72.3200,0.49977542,2.86101229,0.59431046,0.49674167,0.49948782,1.42971239
72.3300,0.49977478,2.86101553,0.59431347,0.49674198,0.49948579,1.42972069
72.3400,0.49977415,2.86101877,0.59431647,0.49674228,0.49948377,1.42972898
72.3500,0.49977353,2.86102201,0.59431947,0.49674259,0.49948175,1.42973727
72.3600,0.49977290,2.86102525,0.59432246,0.49674289,0.49947974,1.42974555
72.3700,0.49977227,2.86102849,0.59432546,0.49674320,0.49947772,1.42975382
72.3800,0.49977164,2.86103172,0.59432845,0.49674350,0.49947571,1.42976208
72.3900,0.49977101,2.86103495,0.59433144,0.49674380,0.49947369,1.42977034
72.4000,0.49977038,2.86103818,0.59433442,0.49674411,0.49947168,1.42977860
72.4100,0.49976976,2.86104140,0.59433741,0.49674441,0.49946967,1.42978684
72.4200,0.49976913,2.86104462,0.59434039,0.49674471,0.49946766,1.42979508
72.4300,0.49976851,2.86104784,0.59434337,0.49674502,0.49946566,1.42980332
72.4400,0.49976788,2.86105106,0.59434635,0.49674532,0.49946365,1.42981154
72.4500,0.49976726,2.86105427,0.59434933,0.49674562,0.49946165,1.42981977
72.4600,0.49976663,2.86105748,0.59435230,0.49674592,0.49945965,1.42982798
72.4700,0.49976601,2.86106069,0.59435527,0.49674623,0.49945765,1.42983619
72.4800,0.49976539,2.86106390,0.59435824,0.49674653,0.49945565,1.42984439
72.4900,0.49976476,2.86106710,0.59436121,0.49674683,0.49945365,1.42985258
72.5000,0.49976414,2.86107031,0.59436417,0.49674713,0.49945166,1.42986077
72.5100,0.49976352,2.86107350,0.59436714,0.49674743,0.49944967,1.42986896
72.5200,0.49976290,2.86107670,0.59437010,0.49674773,0.49944767,1.42987713
72.5300,0.49976228,2.86107989,0.59437306,0.49674803,0.49944568,1.42988530
72.5400,0.49976166,2.86108308,0.59437601,0.49674833,0.49944369,1.42989347
72.5500,0.49976104,2.86108627,0.59437896,0.49674863,0.49944171,1.42990162
72.5600,0.49976042,2.86108946,0.59438192,0.49674892,0.49943972,1.42990977
72.5700,0.49975980,2.86109264,0.59438487,0.49674922,0.49943774,1.42991792
72.5800,0.49975918,2.86109582,0.59438781,0.49674952,0.49943575,1.42992606
72.5900,0.49975857,2.86109900,0.59439076,0.49674982,0.49943377,1.42993419
72.6000,0.49975795,2.86110218,0.59439370,0.49675012,0.49943179,1.42994232
72.6100,0.49975733,2.86110535,0.59439664,0.49675041,0.49942982,1.42995044
72.6200,0.49975672,2.86110852,0.59439958,0.49675071,0.49942784,1.42995855
72.6300,0.49975610,2.86111169,0.59440251,0.49675101,0.49942587,1.42996666
72.6400,0.49975549,2.86111486,0.59440545,0.49675130,0.49942389,1.42997476
72.6500,0.49975487,2.86111802,0.59440838,0.49675160,0.49942192,1.42998285
72.6600,0.49975426,2.86112118,0.59441131,0.49675189,0.49941995,1.42999094
72.6700,0.49975365,2.86112434,0.59441424,0.49675219,0.49941798,1.42999902
72.6800,0.49975303,2.86112749,0.59441716,0.49675248,0.49941602,1.43000710
72.6900,0.49975242,2.86113065,0.59442008,0.49675278,0.49941405,1.43001516
72.7000,0.49975181,2.86113380,0.59442300,0.49675307,0.49941209,1.43002323
72.7100,0.49975120,2.86113695,0.59442592,0.49675337,0.49941012,1.43003128
72.7200,0.49975059,2.86114009,0.59442884,0.49675366,0.49940816,1.43003933
72.7300,0.49974997,2.86114323,0.59443175,0.49675395,0.49940621,1.43004738
72.7400,0.49974936,2.86114637,0.59443466,0.49675425,0.49940425,1.43005542
72.7500,0.49974876,2.86114951,0.59443757,0.49675454,0.49940229,1.43006345
72.7600,0.49974815,2.86115265,0.59444048,0.49675483,0.49940034,1.43007147
72.7700,0.49974754,2.86115578,0.59444338,0.49675512,0.49939838,1.43007949
72.7800,0.49974693,2.86115891,0.59444629,0.49675542,0.49939643,1.43008751
72.7900,0.49974632,2.86116204,0.59444919,0.49675571,0.49939448,1.43009551
72.8000,0.49974571,2.86116516,0.59445209,0.49675600,0.49939254,1.43010351
72.8100,0.49974511,2.86116829,0.59445498,0.49675629,0.49939059,1.43011151
72.8200,0.49974450,2.86117141,0.59445788,0.49675658,0.49938864,1.43011950
72.8300,0.49974390,2.86117453,0.59446077,0.49675687,0.49938670,1.43012748
72.8400,0.49974329,2.86117764,0.59446366,0.49675716,0.49938476,1.43013545
72.8500,0.49974269,2.86118075,0.59446654,0.49675745,0.49938282,1.43014342
72.8600,0.49974208,2.86118386,0.59446943,0.49675774,0.49938088,1.43015139
72.8700,0.49974148,2.86118697,0.59447231,0.49675803,0.49937894,1.43015934
72.8800,0.49974088,2.86119008,0.59447519,0.49675832,0.49937701,1.43016729
72.8900,0.49974027,2.86119318,0.59447807,0.49675860,0.49937507,1.43017524
72.9000,0.49973967,2.86119628,0.59448095,0.49675889,0.49937314,1.43018318
72.9100,0.49973907,2.86119938,0.59448382,0.49675918,0.49937121,1.43019111
72.9200,0.49973847,2.86120247,0.59448669,0.49675947,0.49936928,1.43019904
72.9300,0.49973787,2.86120557,0.59448956,0.49675976,0.49936735,1.43020696
72.9400,0.49973727,2.86120866,0.59449243,0.49676004,0.49936542,1.43021487
72.9500,0.49973667,2.86121175,0.59449530,0.49676033,0.49936350,1.43022278
72.9600,0.49973607,2.86121483,0.59449816,0.49676062,0.49936158,1.43023068
72.9700,0.49973547,2.86121792,0.59450102,0.49676090,0.49935965,1.43023858
72.9800,0.49973487,2.86122100,0.59450388,0.49676119,0.49935773,1.43024646
72.9900,0.49973427,2.86122407,0.59450674,0.49676147,0.49935581,1.43025435
73.0000,0.49973368,2.86122715,0.59450959,0.49676176,0.49935390,1.43026223
73.0100,0.49973308,2.86123022,0.59451245,0.49676204,0.49935198,1.43027010
73.0200,0.49973248,2.86123329,0.59451530,0.49676233,0.49935007,1.43027796
73.0300,0.49973189,2.86123636,0.59451815,0.49676261,0.49934815,1.43028582
73.0400,0.49973129,2.86123943,0.59452099,0.49676290,0.49934624,1.43029367
73.0500,0.49973070,2.86124249,0.59452384,0.49676318,0.49934433,1.43030152
73.0600,0.49973010,2.86124555,0.59452668,0.49676346,0.49934242,1.43030936
73.0700,0.49972951,2.86124861,0.59452952,0.49676374,0.49934052,1.43031719
73.0800,0.49972892,2.86125167,0.59453236,0.49676403,0.49933861,1.43032502
73.0900,0.49972832,2.86125472,0.59453519,0.49676431,0.49933671,1.43033284
73.1000,0.49972773,2.86125777,0.59453802,0.49676459,0.49933481,1.43034066
73.1100,0.49972714,2.86126082,0.59454086,0.49676487,0.49933291,1.43034847
73.1200,0.49972655,2.86126387,0.59454368,0.49676516,0.49933101,1.43035627
73.1300,0.49972596,2.86126691,0.59454651,0.49676544,0.49932911,1.43036407
73.1400,0.49972536,2.86126995,0.59454934,0.49676572,0.49932721,1.43037186
73.1500,0.49972477,2.86127299,0.59455216,0.49676600,0.49932532,1.43037965
73.1600,0.49972419,2.86127603,0.59455498,0.49676628,0.49932343,1.43038743
73.1700,0.49972360,2.86127906,0.59455780,0.49676656,0.49932153,1.43039520
73.1800,0.49972301,2.86128210,0.59456061,0.49676684,0.49931964,1.43040297
73.1900,0.49972242,2.86128512,0.59456343,0.49676712,0.49931776,1.43041073
73.2000,0.49972183,2.86128815,0.59456624,0.49676740,0.49931587,1.43041849
73.2100,0.49972124,2.86129118,0.59456905,0.49676768,0.49931398,1.43042624
73.2200,0.49972066,2.86129420,0.59457186,0.49676795,0.49931210,1.43043398
73.2300,0.49972007,2.86129722,0.59457466,0.49676823,0.49931022,1.43044172
73.2400,0.49971949,2.86130024,0.59457747,0.49676851,0.49930834,1.43044945
73.2500,0.49971890,2.86130325,0.59458027,0.49676879,0.49930646,1.43045718
73.2600,0.49971832,2.86130626,0.59458307,0.49676907,0.49930458,1.43046489
73.2700,0.49971773,2.86130927,0.59458586,0.49676934,0.49930270,1.43047261
73.2800,0.49971715,2.86131228,0.59458866,0.49676962,0.49930083,1.43048032
73.2900,0.49971656,2.86131529,0.59459145,0.49676990,0.49929895,1.43048802
73.3000,0.49971598,2.86131829,0.59459424,0.49677017,0.49929708,1.43049571
73.3100,0.49971540,2.86132129,0.59459703,0.49677045,0.49929521,1.43050340
73.3200,0.49971482,2.86132429,0.59459982,0.49677072,0.49929334,1.43051109
73.3300,0.49971423,2.86132728,0.59460260,0.49677100,0.49929147,1.43051876
73.3400,0.49971365,2.86133028,0.59460539,0.49677127,0.49928961,1.43052643
73.3500,0.49971307,2.86133327,0.59460817,0.49677155,0.49928774,1.43053410
73.3600,0.49971249,2.86133626,0.59461094,0.49677182,0.49928588,1.43054176
73.3700,0.49971191,2.86133924,0.59461372,0.49677210,0.49928402,1.43054941
73.3800,0.49971133,2.86134223,0.59461649,0.49677237,0.49928216,1.43055706
73.3900,0.49971076,2.86134521,0.59461927,0.49677264,0.49928030,1.43056470
73.4000,0.49971018,2.86134819,0.59462204,0.49677292,0.49927844,1.43057234
73.4100,0.49970960,2.86135116,0.59462480,0.49677319,0.49927659,1.43057997
73.4200,0.49970902,2.86135414,0.59462757,0.49677346,0.49927473,1.43058759
73.4300,0.49970845,2.86135711,0.59463033,0.49677374,0.49927288,1.43059521
73.4400,0.49970787,2.86136008,0.59463309,0.49677401,0.49927103,1.43060282
73.4500,0.49970729,2.86136304,0.59463585,0.49677428,0.49926918,1.43061043
73.4600,0.49970672,2.86136601,0.59463861,0.49677455,0.49926733,1.43061803
73.4700,0.49970614,2.86136897,0.59464137,0.49677482,0.49926548,1.43062562
73.4800,0.49970557,2.86137193,0.59464412,0.49677509,0.49926364,1.43063321
73.4900,0.49970499,2.86137489,0.59464687,0.49677536,0.49926179,1.43064079
73.5000,0.49970442,2.86137784,0.59464962,0.49677564,0.49925995,1.43064837
73.5100,0.49970385,2.86138080,0.59465237,0.49677591,0.49925811,1.43065594
73.5200,0.49970327,2.86138375,0.59465511,0.49677618,0.49925627,1.43066350
73.5300,0.49970270,2.86138669,0.59465785,0.49677644,0.49925443,1.43067106
73.5400,0.49970213,2.86138964,0.59466059,0.49677671,0.49925260,1.43067861
73.5500,0.49970156,2.86139258,0.59466333,0.49677698,0.49925076,1.43068616
73.5600,0.49970099,2.86139553,0.59466607,0.49677725,0.49924893,1.43069370
73.5700,0.49970042,2.86139846,0.59466880,0.49677752,0.49924709,1.43070124
73.5800,0.49969985,2.86140140,0.59467153,0.49677779,0.49924526,1.43070877
73.5900,0.49969928,2.86140433,0.59467426,0.49677806,0.49924343,1.43071629
73.6000,0.49969871,2.86140727,0.59467699,0.49677832,0.49924161,1.43072381
73.6100,0.49969814,2.86141019,0.59467972,0.49677859,0.49923978,1.43073132
73.6200,0.49969757,2.86141312,0.59468244,0.49677886,0.49923796,1.43073883
73.6300,0.49969701,2.86141605,0.59468517,0.49677913,0.49923613,1.43074633
73.6400,0.49969644,2.86141897,0.59468788,0.49677939,0.49923431,1.43075382
73.6500,0.49969587,2.86142189,0.59469060,0.49677966,0.49923249,1.43076131
73.6600,0.49969531,2.86142481,0.59469332,0.49677992,0.49923067,1.43076879
73.6700,0.49969474,2.86142772,0.59469603,0.49678019,0.49922885,1.43077627
73.6800,0.49969417,2.86143063,0.59469874,0.49678045,0.49922704,1.43078374
73.6900,0.49969361,2.86143355,0.59470145,0.49678072,0.49922522,1.43079120
73.7000,0.49969305,2.86143645,0.59470416,0.49678098,0.49922341,1.43079866
73.7100,0.49969248,2.86143936,0.59470687,0.49678125,0.49922160,1.43080612
73.7200,0.49969192,2.86144226,0.59470957,0.49678151,0.49921979,1.43081356
73.7300,0.49969136,2.86144516,0.59471227,0.49678178,0.49921798,1.43082101
73.7400,0.49969079,2.86144806,0.59471497,0.49678204,0.49921617,1.43082844
73.7500,0.49969023,2.86145096,0.59471767,0.49678230,0.49921436,1.43083587
73.7600,0.49968967,2.86145385,0.59472036,0.49678257,0.49921256,1.43084330
73.7700,0.49968911,2.86145675,0.59472306,0.49678283,0.49921076,1.43085071
73.7800,0.49968855,2.86145964,0.59472575,0.49678309,0.49920895,1.43085813
73.7900,0.49968799,2.86146252,0.59472844,0.49678335,0.49920715,1.43086553
73.8000,0.49968743,2.86146541,0.59473112,0.49678362,0.49920536,1.43087294
73.8100,0.49968687,2.86146829,0.59473381,0.49678388,0.49920356,1.43088033
73.8200,0.49968631,2.86147117,0.59473649,0.49678414,0.49920176,1.43088772
73.8300,0.49968575,2.86147405,0.59473917,0.49678440,0.49919997,1.43089510
73.8400,0.49968519,2.86147693,0.59474185,0.49678466,0.49919817,1.43090248
73.8500,0.49968463,2.86147980,0.59474453,0.49678492,0.49919638,1.43090985
73.8600,0.49968408,2.86148267,0.59474720,0.49678518,0.49919459,1.43091722
73.8700,0.49968352,2.86148554,0.59474988,0.49678544,0.49919280,1.43092458
73.8800,0.49968296,2.86148841,0.59475255,0.49678570,0.49919102,1.43093194
73.8900,0.49968241,2.86149127,0.59475522,0.49678596,0.49918923,1.43093929
73.9000,0.49968185,2.86149413,0.59475788,0.49678622,0.49918745,1.43094663
73.9100,0.49968130,2.86149699,0.59476055,0.49678648,0.49918566,1.43095397
73.9200,0.49968074,2.86149985,0.59476321,0.49678674,0.49918388,1.43096130
73.9300,0.49968019,2.86150271,0.59476587,0.49678700,0.49918210,1.43096863
73.9400,0.49967964,2.86150556,0.59476853,0.49678726,0.49918032,1.43097595
73.9500,0.49967908,2.86150841,0.59477119,0.49678751,0.49917854,1.43098326
73.9600,0.49967853,2.86151126,0.59477384,0.49678777,0.49917677,1.43099057
73.9700,0.49967798,2.86151410,0.59477650,0.49678803,0.49917499,1.43099788
73.9800,0.49967743,2.86151695,0.59477915,0.49678829,0.49917322,1.43100517
73.9900,0.49967688,2.86151979,0.59478180,0.49678854,0.49917145,1.43101247
74.0000,0.49967632,2.86152263,0.59478444,0.49678880,0.49916968,1.43101975
74.0100,0.49967577,2.86152547,0.59478709,0.49678906,0.49916791,1.43102703
74.0200,0.49967522,2.86152830,0.59478973,0.49678931,0.49916614,1.43103431
74.0300,0.49967468,2.86153113,0.59479237,0.49678957,0.49916438,1.43104158
74.0400,0.49967413,2.86153396,0.59479501,0.49678982,0.49916261,1.43104884
74.0500,0.49967358,2.86153679,0.59479765,0.49679008,0.49916085,1.43105610
74.0600,0.49967303,2.86153962,0.59480028,0.49679033,0.49915909,1.43106335
74.0700,0.49967248,2.86154244,0.59480291,0.49679059,0.49915733,1.43107060
74.0800,0.49967193,2.86154526,0.59480554,0.49679084,0.49915557,1.43107784
74.0900,0.49967139,2.86154808,0.59480817,0.49679110,0.49915381,1.43108508
74.1000,0.49967084,2.86155090,0.59481080,0.49679135,0.49915205,1.43109231
74.1100,0.49967030,2.86155371,0.59481343,0.49679160,0.49915030,1.43109953
74.1200,0.49966975,2.86155652,0.59481605,0.49679186,0.49914854,1.43110675
74.1300,0.49966920,2.86155933,0.59481867,0.49679211,0.49914679,1.43111396
74.1400,0.49966866,2.86156214,0.59482129,0.49679236,0.49914504,1.43112117
74.1500,0.49966812,2.86156495,0.59482390,0.49679261,0.49914329,1.43112837
74.1600,0.49966757,2.86156775,0.59482652,0.49679287,0.49914154,1.43113557
74.1700,0.49966703,2.86157055,0.59482913,0.49679312,0.49913980,1.43114276
74.1800,0.49966649,2.86157335,0.59483174,0.49679337,0.49913805,1.43114994
74.1900,0.49966594,2.86157615,0.59483435,0.49679362,0.49913631,1.43115712
74.2000,0.49966540,2.86157894,0.59483696,0.49679387,0.49913457,1.43116429
74.2100,0.49966486,2.86158173,0.59483956,0.49679412,0.49913283,1.43117146
74.2200,0.49966432,2.86158452,0.59484217,0.49679437,0.49913109,1.43117862
74.2300,0.49966378,2.86158731,0.59484477,0.49679462,0.49912935,1.43118578
74.2400,0.49966324,2.86159009,0.59484737,0.49679487,0.49912761,1.43119293
74.2500,0.49966270,2.86159288,0.59484996,0.49679512,0.49912588,1.43120008
74.2600,0.49966216,2.86159566,0.59485256,0.49679537,0.49912414,1.43120722
74.2700,0.49966162,2.86159844,0.59485515,0.49679562,0.49912241,1.43121435
74.2800,0.49966108,2.86160121,0.59485774,0.49679587,0.49912068,1.43122148
74.2900,0.49966054,2.86160399,0.59486033,0.49679612,0.49911895,1.43122860
74.3000,0.49966001,2.86160676,0.59486292,0.49679637,0.49911722,1.43123572
74.3100,0.49965947,2.86160953,0.59486551,0.49679662,0.49911549,1.43124283
74.3200,0.49965893,2.86161230,0.59486809,0.49679687,0.49911377,1.43124994
74.3300,0.49965840,2.86161506,0.59487067,0.49679711,0.49911204,1.43125704
74.3400,0.49965786,2.86161783,0.59487325,0.49679736,0.49911032,1.43126414
74.3500,0.49965732,2.86162059,0.59487583,0.49679761,0.49910860,1.43127123
74.3600,0.49965679,2.86162334,0.59487840,0.49679786,0.49910688,1.43127831
74.3700,0.49965625,2.86162610,0.59488098,0.49679810,0.49910516,1.43128539
74.3800,0.49965572,2.86162886,0.59488355,0.49679835,0.49910344,1.43129246
74.3900,0.49965519,2.86163161,0.59488612,0.49679859,0.49910173,1.43129953
74.4000,0.49965465,2.86163436,0.59488869,0.49679884,0.49910001,1.43130659
74.4100,0.49965412,2.86163711,0.59489125,0.49679909,0.49909830,1.43131365
74.4200,0.49965359,2.86163985,0.59489382,0.49679933,0.49909659,1.43132070
74.4300,0.49965306,2.86164259,0.59489638,0.49679958,0.49909488,1.43132775
74.4400,0.49965252,2.86164533,0.59489894,0.49679982,0.49909317,1.43133479
74.4500,0.49965199,2.86164807,0.59490150,0.49680007,0.49909146,1.43134182
74.4600,0.49965146,2.86165081,0.59490405,0.49680031,0.49908976,1.43134885
74.4700,0.49965093,2.86165355,0.59490661,0.49680055,0.49908805,1.43135587
74.4800,0.49965040,2.86165628,0.59490916,0.49680080,0.49908635,1.43136289
74.4900,0.49964987,2.86165901,0.59491171,0.49680104,0.49908464,1.43136990
74.5000,0.49964934,2.86166174,0.59491426,0.49680128,0.49908294,1.43137691
74.5100,0.49964882,2.86166446,0.59491680,0.49680153,0.49908124,1.43138391
74.5200,0.49964829,2.86166719,0.59491935,0.49680177,0.49907955,1.43139091
74.5300,0.49964776,2.86166991,0.59492189,0.49680201,0.49907785,1.43139790
74.5400,0.49964723,2.86167263,0.59492443,0.49680226,0.49907615,1.43140489
74.5500,0.49964671,2.86167534,0.59492697,0.49680250,0.49907446,1.43141187
74.5600,0.49964618,2.86167806,0.59492951,0.49680274,0.49907277,1.43141884
74.5700,0.49964565,2.86168077,0.59493204,0.49680298,0.49907108,1.43142581
74.5800,0.49964513,2.86168348,0.59493457,0.49680322,0.49906939,1.43143277
74.5900,0.49964460,2.86168619,0.59493711,0.49680346,0.49906770,1.43143973
74.6000,0.49964408,2.86168890,0.59493964,0.49680370,0.49906601,1.43144668
74.6100,0.49964355,2.86169160,0.59494216,0.49680394,0.49906432,1.43145363
74.6200,0.49964303,2.86169430,0.59494469,0.49680418,0.49906264,1.43146057
74.6300,0.49964251,2.86169700,0.59494721,0.49680442,0.49906096,1.43146751
74.6400,0.49964198,2.86169970,0.59494973,0.49680466,0.49905927,1.43147444
74.6500,0.49964146,2.86170239,0.59495225,0.49680490,0.49905759,1.43148136
74.6600,0.49964094,2.86170509,0.59495477,0.49680514,0.49905591,1.43148828
74.6700,0.49964042,2.86170778,0.59495729,0.49680538,0.49905424,1.43149520
74.6800,0.49963990,2.86171047,0.59495980,0.49680562,0.49905256,1.43150211
74.6900,0.49963937,2.86171315,0.59496231,0.49680586,0.49905088,1.43150901
74.7000,0.49963885,2.86171584,0.59496482,0.49680610,0.49904921,1.43151591
74.7100,0.49963833,2.86171852,0.59496733,0.49680634,0.49904754,1.43152280
74.7200,0.49963781,2.86172120,0.59496984,0.49680657,0.49904587,1.43152969
74.7300,0.49963729,2.86172388,0.59497234,0.49680681,0.49904420,1.43153657
74.7400,0.49963678,2.86172656,0.59497484,0.49680705,0.49904253,1.43154345
74.7500,0.49963626,2.86172923,0.59497734,0.49680728,0.49904086,1.43155032
74.7600,0.49963574,2.86173190,0.59497984,0.49680752,0.49903919,1.43155718
74.7700,0.49963522,2.86173457,0.59498234,0.49680776,0.49903753,1.43156405
74.7800,0.49963470,2.86173724,0.59498483,0.49680799,0.49903587,1.43157090
74.7900,0.49963419,2.86173991,0.59498733,0.49680823,0.49903421,1.43157775
74.8000,0.49963367,2.86174257,0.59498982,0.49680847,0.49903255,1.43158459
74.8100,0.49963316,2.86174523,0.59499231,0.49680870,0.49903089,1.43159143
74.8200,0.49963264,2.86174789,0.59499479,0.49680894,0.49902923,1.43159827
74.8300,0.49963213,2.86175055,0.59499728,0.49680917,0.49902757,1.43160510
74.8400,0.49963161,2.86175320,0.59499976,0.49680941,0.49902592,1.43161192
74.8500,0.49963110,2.86175585,0.59500224,0.49680964,0.49902426,1.43161874
74.8600,0.49963058,2.86175850,0.59500472,0.49680987,0.49902261,1.43162555
74.8700,0.49963007,2.86176115,0.59500720,0.49681011,0.49902096,1.43163236
74.8800,0.49962956,2.86176380,0.59500968,0.49681034,0.49901931,1.43163916
74.8900,0.49962904,2.86176644,0.59501215,0.49681058,0.49901766,1.43164595
74.9000,0.49962853,2.86176908,0.59501462,0.49681081,0.49901601,1.43165274
74.9100,0.49962802,2.86177172,0.59501710,0.49681104,0.49901437,1.43165953
74.9200,0.49962751,2.86177436,0.59501956,0.49681127,0.49901272,1.43166631
74.9300,0.49962700,2.86177700,0.59502203,0.49681151,0.49901108,1.43167309
74.9400,0.49962649,2.86177963,0.59502450,0.49681174,0.49900944,1.43167985
74.9500,0.49962598,2.86178226,0.59502696,0.49681197,0.49900780,1.43168662
74.9600,0.49962547,2.86178489,0.59502942,0.49681220,0.49900616,1.43169338
74.9700,0.49962496,2.86178752,0.59503188,0.49681243,0.49900452,1.43170013
74.9800,0.49962445,2.86179015,0.59503434,0.49681267,0.49900288,1.43170688
74.9900,0.49962394,2.86179277,0.59503679,0.49681290,0.49900125,1.43171362
75.0000,0.49962343,2.86179539,0.59503924,0.49681313,0.49899961,1.43172036
75.0100,0.49962293,2.86179801,0.59504170,0.49681336,0.49899798,1.43172709
75.0200,0.49962242,2.86180063,0.59504415,0.49681359,0.49899635,1.43173382
75.0300,0.49962191,2.86180324,0.59504659,0.49681382,0.49899472,1.43174054
75.0400,0.49962141,2.86180585,0.59504904,0.49681405,0.49899309,1.43174726
75.0500,0.49962090,2.86180846,0.59505148,0.49681428,0.49899146,1.43175397
75.0600,0.49962039,2.86181107,0.59505393,0.49681451,0.49898984,1.43176068
75.0700,0.49961989,2.86181368,0.59505637,0.49681474,0.49898821,1.43176738
75.0800,0.49961938,2.86181628,0.59505881,0.49681496,0.49898659,1.43177407
75.0900,0.49961888,2.86181888,0.59506124,0.49681519,0.49898497,1.43178077
75.1000,0.49961838,2.86182148,0.59506368,0.49681542,0.49898334,1.43178745
75.1100,0.49961787,2.86182408,0.59506611,0.49681565,0.49898173,1.43179413
75.1200,0.49961737,2.86182668,0.59506854,0.49681588,0.49898011,1.43180081
75.1300,0.49961687,2.86182927,0.59507097,0.49681611,0.49897849,1.43180747
75.1400,0.49961636,2.86183186,0.59507340,0.49681633,0.49897687,1.43181414
75.1500,0.49961586,2.86183445,0.59507583,0.49681656,0.49897526,1.43182080
75.1600,0.49961536,2.86183704,0.59507825,0.49681679,0.49897365,1.43182745
75.1700,0.49961486,2.86183963,0.59508067,0.49681701,0.49897203,1.43183410
75.1800,0.49961436,2.86184221,0.59508309,0.49681724,0.49897042,1.43184074
75.1900,0.49961386,2.86184479,0.59508551,0.49681747,0.49896881,1.43184738
75.2000,0.49961336,2.86184737,0.59508793,0.49681769,0.49896721,1.43185401
75.2100,0.49961286,2.86184995,0.59509034,0.49681792,0.49896560,1.43186064
75.2200,0.49961236,2.86185252,0.59509276,0.49681814,0.49896399,1.43186727
75.2300,0.49961186,2.86185510,0.59509517,0.49681837,0.49896239,1.43187388
75.2400,0.49961136,2.86185767,0.59509758,0.49681859,0.49896079,1.43188049
75.2500,0.49961087,2.86186024,0.59509998,0.49681882,0.49895919,1.43188710
75.2600,0.49961037,2.86186281,0.59510239,0.49681904,0.49895759,1.43189370
75.2700,0.49960987,2.86186537,0.59510479,0.49681927,0.49895599,1.43190030
75.2800,0.49960937,2.86186793,0.59510720,0.49681949,0.49895439,1.43190689
75.2900,0.49960888,2.86187049,0.59510960,0.49681971,0.49895279,1.43191348
75.3000,0.49960838,2.86187305,0.59511199,0.49681994,0.49895120,1.43192006
75.3100,0.49960789,2.86187561,0.59511439,0.49682016,0.49894960,1.43192663
75.3200,0.49960739,2.86187817,0.59511679,0.49682038,0.49894801,1.43193321
75.3300,0.49960690,2.86188072,0.59511918,0.49682061,0.49894642,1.43193977
75.3400,0.49960640,2.86188327,0.59512157,0.49682083,0.49894483,1.43194633
75.3500,0.49960591,2.86188582,0.59512396,0.49682105,0.49894324,1.43195289
75.3600,0.49960542,2.86188836,0.59512635,0.49682127,0.49894165,1.43195944
75.3700,0.49960492,2.86189091,0.59512873,0.49682150,0.49894007,1.43196598
75.3800,0.49960443,2.86189345,0.59513112,0.49682172,0.49893848,1.43197252
75.3900,0.49960394,2.86189599,0.59513350,0.49682194,0.49893690,1.43197906
75.4000,0.49960345,2.86189853,0.59513588,0.49682216,0.49893532,1.43198559
75.4100,0.49960295,2.86190107,0.59513826,0.49682238,0.49893373,1.43199211
75.4200,0.49960246,2.86190360,0.59514063,0.49682260,0.49893215,1.43199863
75.4300,0.49960197,2.86190613,0.59514301,0.49682282,0.49893058,1.43200514
75.4400,0.49960148,2.86190866,0.59514538,0.49682304,0.49892900,1.43201165
75.4500,0.49960099,2.86191119,0.59514775,0.49682326,0.49892742,1.43201816
75.4600,0.49960050,2.86191372,0.59515012,0.49682348,0.49892585,1.43202466
75.4700,0.49960001,2.86191624,0.59515249,0.49682370,0.49892427,1.43203115
75.4800,0.49959953,2.86191877,0.59515486,0.49682392,0.49892270,1.43203764
75.4900,0.49959904,2.86192129,0.59515722,0.49682414,0.49892113,1.43204412
75.5000,0.49959855,2.86192380,0.59515958,0.49682436,0.49891956,1.43205060
75.5100,0.49959806,2.86192632,0.59516194,0.49682458,0.49891799,1.43205707
75.5200,0.49959758,2.86192883,0.59516430,0.49682480,0.49891643,1.43206354
75.5300,0.49959709,2.86193135,0.59516666,0.49682501,0.49891486,1.43207001
75.5400,0.49959660,2.86193386,0.59516901,0.49682523,0.49891330,1.43207646
75.5500,0.49959612,2.86193637,0.59517137,0.49682545,0.49891173,1.43208292
75.5600,0.49959563,2.86193887,0.59517372,0.49682567,0.49891017,1.43208936
75.5700,0.49959515,2.86194138,0.59517607,0.49682589,0.49890861,1.43209581
75.5800,0.49959466,2.86194388,0.59517842,0.49682610,0.49890705,1.43210224
75.5900,0.49959418,2.86194638,0.59518076,0.49682632,0.49890549,1.43210868
75.6000,0.49959369,2.86194888,0.59518311,0.49682654,0.49890393,1.43211511
75.6100,0.49959321,2.86195137,0.59518545,0.49682675,0.49890238,1.43212153
75.6200,0.49959273,2.86195387,0.59518779,0.49682697,0.49890082,1.43212795
75.6300,0.49959224,2.86195636,0.59519013,0.49682718,0.49889927,1.43213436
75.6400,0.49959176,2.86195885,0.59519247,0.49682740,0.49889772,1.43214077
75.6500,0.49959128,2.86196134,0.59519480,0.49682761,0.49889617,1.43214717
75.6600,0.49959080,2.86196382,0.59519714,0.49682783,0.49889462,1.43215357
75.6700,0.49959032,2.86196631,0.59519947,0.49682804,0.49889307,1.43215996
75.6800,0.49958984,2.86196879,0.59520180,0.49682826,0.49889152,1.43216635
75.6900,0.49958935,2.86197127,0.59520413,0.49682847,0.49888998,1.43217273
75.7000,0.49958887,2.86197375,0.59520645,0.49682869,0.49888843,1.43217911
75.7100,0.49958840,2.86197623,0.59520878,0.49682890,0.49888689,1.43218548
75.7200,0.49958792,2.86197870,0.59521110,0.49682912,0.49888535,1.43219184
75.7300,0.49958744,2.86198117,0.59521342,0.49682933,0.49888380,1.43219821
75.7400,0.49958696,2.86198364,0.59521574,0.49682954,0.49888226,1.43220456
75.7500,0.49958648,2.86198611,0.59521806,0.49682976,0.49888073,1.43221092
75.7600,0.49958600,2.86198858,0.59522038,0.49682997,0.49887919,1.43221726
75.7700,0.49958553,2.86199104,0.59522269,0.49683018,0.49887765,1.43222361
75.7800,0.49958505,2.86199350,0.59522500,0.49683039,0.49887612,1.43222994
75.7900,0.49958457,2.86199597,0.59522731,0.49683061,0.49887458,1.43223628
75.8000,0.49958410,2.86199842,0.59522962,0.49683082,0.49887305,1.43224260
75.8100,0.49958362,2.86200088,0.59523193,0.49683103,0.49887152,1.43224893
75.8200,0.49958314,2.86200333,0.59523424,0.49683124,0.49886999,1.43225524
75.8300,0.49958267,2.86200579,0.59523654,0.49683145,0.49886846,1.43226156
75.8400,0.49958219,2.86200824,0.59523884,0.49683166,0.49886694,1.43226786
75.8500,0.49958172,2.86201069,0.59524114,0.49683188,0.49886541,1.43227417
75.8600,0.49958125,2.86201313,0.59524344,0.49683209,0.49886388,1.43228046
75.8700,0.49958077,2.86201558,0.59524574,0.49683230,0.49886236,1.43228676
75.8800,0.49958030,2.86201802,0.59524803,0.49683251,0.49886084,1.43229304
75.8900,0.49957983,2.86202046,0.59525033,0.49683272,0.49885932,1.43229933
75.9000,0.49957936,2.86202290,0.59525262,0.49683293,0.49885780,1.43230560
75.9100,0.49957888,2.86202534,0.59525491,0.49683314,0.49885628,1.43231188
75.9200,0.49957841,2.86202777,0.59525720,0.49683335,0.49885476,1.43231814
75.9300,0.49957794,2.86203021,0.59525948,0.49683355,0.49885324,1.43232441
75.9400,0.49957747,2.86203264,0.59526177,0.49683376,0.49885173,1.43233067
75.9500,0.49957700,2.86203507,0.59526405,0.49683397,0.49885022,1.43233692
75.9600,0.49957653,2.86203749,0.59526633,0.49683418,0.49884870,1.43234317
75.9700,0.49957606,2.86203992,0.59526861,0.49683439,0.49884719,1.43234941
75.9800,0.49957559,2.86204234,0.59527089,0.49683460,0.49884568,1.43235565
75.9900,0.49957512,2.86204477,0.59527316,0.49683480,0.49884417,1.43236188
76.0000,0.49957465,2.86204718,0.59527544,0.49683501,0.49884266,1.43236811
76.0100,0.49957418,2.86204960,0.59527771,0.49683522,0.49884116,1.43237433
76.0200,0.49957372,2.86205202,0.59527998,0.49683543,0.49883965,1.43238055
76.0300,0.49957325,2.86205443,0.59528225,0.49683563,0.49883815,1.43238677
76.0400,0.49957278,2.86205684,0.59528452,0.49683584,0.49883664,1.43239298
76.0500,0.49957232,2.86205925,0.59528678,0.49683605,0.49883514,1.43239918
76.0600,0.49957185,2.86206166,0.59528905,0.49683625,0.49883364,1.43240538
76.0700,0.49957138,2.86206407,0.59529131,0.49683646,0.49883214,1.43241157
76.0800,0.49957092,2.86206647,0.59529357,0.49683666,0.49883065,1.43241776
76.0900,0.49957045,2.86206887,0.59529583,0.49683687,0.49882915,1.43242395
76.1000,0.49956999,2.86207127,0.59529809,0.49683708,0.49882765,1.43243013
76.1100,0.49956952,2.86207367,0.59530034,0.49683728,0.49882616,1.43243630
76.1200,0.49956906,2.86207607,0.59530260,0.49683749,0.49882466,1.43244247
76.1300,0.49956860,2.86207846,0.59530485,0.49683769,0.49882317,1.43244864
76.1400,0.49956813,2.86208086,0.59530710,0.49683789,0.49882168,1.43245480
76.1500,0.49956767,2.86208325,0.59530935,0.49683810,0.49882019,1.43246095
76.1600,0.49956721,2.86208564,0.59531159,0.49683830,0.49881870,1.43246710
76.1700,0.49956675,2.86208802,0.59531384,0.49683851,0.49881722,1.43247325
76.1800,0.49956628,2.86209041,0.59531608,0.49683871,0.49881573,1.43247939
76.1900,0.49956582,2.86209279,0.59531832,0.49683891,0.49881425,1.43248552
76.2000,0.49956536,2.86209517,0.59532056,0.49683912,0.49881276,1.43249166
76.2100,0.49956490,2.86209755,0.59532280,0.49683932,0.49881128,1.43249778
76.2200,0.49956444,2.86209993,0.59532504,0.49683952,0.49880980,1.43250390
76.2300,0.49956398,2.86210230,0.59532727,0.49683973,0.49880832,1.43251002
76.2400,0.49956352,2.86210468,0.59532951,0.49683993,0.49880684,1.43251613
76.2500,0.49956306,2.86210705,0.59533174,0.49684013,0.49880536,1.43252224
76.2600,0.49956260,2.86210942,0.59533397,0.49684033,0.49880388,1.43252834
76.2700,0.49956214,2.86211179,0.59533620,0.49684053,0.49880241,1.43253444
76.2800,0.49956169,2.86211415,0.59533842,0.49684074,0.49880093,1.43254053
76.2900,0.49956123,2.86211652,0.59534065,0.49684094,0.49879946,1.43254662
76.3000,0.49956077,2.86211888,0.59534287,0.49684114,0.49879799,1.43255270
76.3100,0.49956031,2.86212124,0.59534509,0.49684134,0.49879652,1.43255878
76.3200,0.49955986,2.86212360,0.59534731,0.49684154,0.49879505,1.43256485
76.3300,0.49955940,2.86212596,0.59534953,0.49684174,0.49879358,1.43257092
76.3400,0.49955895,2.86212831,0.59535174,0.49684194,0.49879211,1.43257698
76.3500,0.49955849,2.86213066,0.59535396,0.49684214,0.49879065,1.43258304
76.3600,0.49955804,2.86213301,0.59535617,0.49684234,0.49878918,1.43258910
76.3700,0.49955758,2.86213536,0.59535838,0.49684254,0.49878772,1.43259515
76.3800,0.49955713,2.86213771,0.59536059,0.49684274,0.49878626,1.43260119
76.3900,0.49955667,2.86214006,0.59536280,0.49684294,0.49878480,1.43260723
76.4000,0.49955622,2.86214240,0.59536501,0.49684314,0.49878334,1.43261327
76.4100,0.49955577,2.86214474,0.59536721,0.49684334,0.49878188,1.43261930
76.4200,0.49955531,2.86214708,0.59536941,0.49684353,0.49878042,1.43262532
76.4300,0.49955486,2.86214942,0.59537162,0.49684373,0.49877896,1.43263134
76.4400,0.49955441,2.86215175,0.59537382,0.49684393,0.49877751,1.43263736
76.4500,0.49955396,2.86215409,0.59537601,0.49684413,0.49877606,1.43264337
76.4600,0.49955350,2.86215642,0.59537821,0.49684433,0.49877460,1.43264938
76.4700,0.49955305,2.86215875,0.59538040,0.49684452,0.49877315,1.43265538
76.4800,0.49955260,2.86216108,0.59538260,0.49684472,0.49877170,1.43266138
76.4900,0.49955215,2.86216341,0.59538479,0.49684492,0.49877025,1.43266737
76.5000,0.49955170,2.86216573,0.59538698,0.49684511,0.49876880,1.43267336
76.5100,0.49955125,2.86216805,0.59538917,0.49684531,0.49876736,1.43267934
76.5200,0.49955080,2.86217037,0.59539135,0.49684551,0.49876591,1.43268532
76.5300,0.49955035,2.86217269,0.59539354,0.49684570,0.49876446,1.43269129
76.5400,0.49954991,2.86217501,0.59539572,0.49684590,0.49876302,1.43269726
76.5500,0.49954946,2.86217733,0.59539790,0.49684610,0.49876158,1.43270323
76.5600,0.49954901,2.86217964,0.59540008,0.49684629,0.49876014,1.43270918
76.5700,0.49954856,2.86218195,0.59540226,0.49684649,0.49875870,1.43271514
76.5800,0.49954812,2.86218426,0.59540443,0.49684668,0.49875726,1.43272109
76.5900,0.49954767,2.86218657,0.59540661,0.49684688,0.49875582,1.43272704
76.6000,0.49954722,2.86218888,0.59540878,0.49684707,0.49875438,1.43273298
76.6100,0.49954678,2.86219118,0.59541095,0.49684727,0.49875295,1.43273891
76.6200,0.49954633,2.86219348,0.59541312,0.49684746,0.49875151,1.43274484
76.6300,0.49954589,2.86219578,0.59541529,0.49684765,0.49875008,1.43275077
76.6400,0.49954544,2.86219808,0.59541746,0.49684785,0.49874865,1.43275669
76.6500,0.49954500,2.86220038,0.59541962,0.49684804,0.49874722,1.43276261
76.6600,0.49954455,2.86220267,0.59542178,0.49684824,0.49874579,1.43276852
76.6700,0.49954411,2.86220497,0.59542395,0.49684843,0.49874436,1.43277443
76.6800,0.49954367,2.86220726,0.59542611,0.49684862,0.49874293,1.43278033
76.6900,0.49954322,2.86220955,0.59542826,0.49684881,0.49874151,1.43278623
76.7000,0.49954278,2.86221184,0.59543042,0.49684901,0.49874008,1.43279212
76.7100,0.49954234,2.86221412,0.59543258,0.49684920,0.49873866,1.43279801
76.7200,0.49954189,2.86221641,0.59543473,0.49684939,0.49873724,1.43280390
76.7300,0.49954145,2.86221869,0.59543688,0.49684958,0.49873581,1.43280978
76.7400,0.49954101,2.86222097,0.59543903,0.49684978,0.49873439,1.43281565
76.7500,0.49954057,2.86222325,0.59544118,0.49684997,0.49873297,1.43282152
76.7600,0.49954013,2.86222553,0.59544333,0.49685016,0.49873156,1.43282739
76.7700,0.49953969,2.86222780,0.59544547,0.49685035,0.49873014,1.43283325
76.7800,0.49953925,2.86223007,0.59544761,0.49685054,0.49872872,1.43283911
76.7900,0.49953881,2.86223235,0.59544976,0.49685073,0.49872731,1.43284496
76.8000,0.49953837,2.86223462,0.59545190,0.49685092,0.49872589,1.43285081
76.8100,0.49953793,2.86223688,0.59545403,0.49685111,0.49872448,1.43285665
76.8200,0.49953749,2.86223915,0.59545617,0.49685130,0.49872307,1.43286249
76.8300,0.49953706,2.86224141,0.59545831,0.49685149,0.49872166,1.43286832
76.8400,0.49953662,2.86224368,0.59546044,0.49685168,0.49872025,1.43287415
76.8500,0.49953618,2.86224594,0.59546257,0.49685187,0.49871884,1.43287998
76.8600,0.49953574,2.86224820,0.59546470,0.49685206,0.49871744,1.43288580
76.8700,0.49953531,2.86225045,0.59546683,0.49685225,0.49871603,1.43289161
76.8800,0.49953487,2.86225271,0.59546896,0.49685244,0.49871463,1.43289742
76.8900,0.49953443,2.86225496,0.59547108,0.49685263,0.49871322,1.43290323
76.9000,0.49953400,2.86225721,0.59547321,0.49685282,0.49871182,1.43290903
76.9100,0.49953356,2.86225946,0.59547533,0.49685301,0.49871042,1.43291483
76.9200,0.49953313,2.86226171,0.59547745,0.49685320,0.49870902,1.43292062
76.9300,0.49953269,2.86226396,0.59547957,0.49685338,0.49870762,1.43292641
76.9400,0.49953226,2.86226620,0.59548169,0.49685357,0.49870622,1.43293219
76.9500,0.49953183,2.86226844,0.59548380,0.49685376,0.49870483,1.43293797
76.9600,0.49953139,2.86227068,0.59548592,0.49685395,0.49870343,1.43294374
76.9700,0.49953096,2.86227292,0.59548803,0.49685413,0.49870204,1.43294951
76.9800,0.49953053,2.86227516,0.59549014,0.49685432,0.49870064,1.43295528
76.9900,0.49953009,2.86227740,0.59549225,0.49685451,0.49869925,1.43296104
77.0000,0.49952966,2.86227963,0.59549436,0.49685469,0.49869786,1.43296679
77.0100,0.49952923,2.86228186,0.59549647,0.49685488,0.49869647,1.43297254
77.0200,0.49952880,2.86228409,0.59549857,0.49685507,0.49869508,1.43297829
77.0300,0.49952837,2.86228632,0.59550067,0.49685525,0.49869370,1.43298403
77.0400,0.49952794,2.86228855,0.59550277,0.49685544,0.49869231,1.43298977
77.0500,0.49952751,2.86229077,0.59550487,0.49685562,0.49869092,1.43299550
77.0600,0.49952708,2.86229299,0.59550697,0.49685581,0.49868954,1.43300123
77.0700,0.49952665,2.86229522,0.59550907,0.49685600,0.49868816,1.43300696
77.0800,0.49952622,2.86229743,0.59551116,0.49685618,0.49868678,1.43301268
77.0900,0.49952579,2.86229965,0.59551326,0.49685637,0.49868539,1.43301839
77.1000,0.49952536,2.86230187,0.59551535,0.49685655,0.49868401,1.43302410
77.1100,0.49952493,2.86230408,0.59551744,0.49685673,0.49868264,1.43302981
77.1200,0.49952450,2.86230629,0.59551953,0.49685692,0.49868126,1.43303551
77.1300,0.49952408,2.86230851,0.59552162,0.49685710,0.49867988,1.43304121
77.1400,0.49952365,2.86231071,0.59552370,0.49685729,0.49867851,1.43304690
77.1500,0.49952322,2.86231292,0.59552579,0.49685747,0.49867713,1.43305259
77.1600,0.49952279,2.86231513,0.59552787,0.49685765,0.49867576,1.43305827
77.1700,0.49952237,2.86231733,0.59552995,0.49685784,0.49867439,1.43306395
77.1800,0.49952194,2.86231953,0.59553203,0.49685802,0.49867302,1.43306962
77.1900,0.49952152,2.86232173,0.59553411,0.49685820,0.49867165,1.43307529
77.2000,0.49952109,2.86232393,0.59553618,0.49685839,0.49867028,1.43308096
77.2100,0.49952067,2.86232613,0.59553826,0.49685857,0.49866891,1.43308662
77.2200,0.49952024,2.86232832,0.59554033,0.49685875,0.49866755,1.43309228
77.2300,0.49951982,2.86233051,0.59554240,0.49685893,0.49866618,1.43309793
77.2400,0.49951939,2.86233270,0.59554447,0.49685912,0.49866482,1.43310358
77.2500,0.49951897,2.86233489,0.59554654,0.49685930,0.49866345,1.43310922
77.2600,0.49951855,2.86233708,0.59554860,0.49685948,0.49866209,1.43311486
77.2700,0.49951812,2.86233927,0.59555067,0.49685966,0.49866073,1.43312049
77.2800,0.49951770,2.86234145,0.59555273,0.49685984,0.49865937,1.43312612
77.2900,0.49951728,2.86234363,0.59555479,0.49686002,0.49865801,1.43313175
77.3000,0.49951686,2.86234582,0.59555686,0.49686020,0.49865665,1.43313737
77.3100,0.49951644,2.86234799,0.59555891,0.49686038,0.49865530,1.43314298
77.3200,0.49951602,2.86235017,0.59556097,0.49686056,0.49865394,1.43314860
77.3300,0.49951560,2.86235235,0.59556303,0.49686074,0.49865259,1.43315420
77.3400,0.49951517,2.86235452,0.59556508,0.49686092,0.49865123,1.43315981
77.3500,0.49951475,2.86235669,0.59556713,0.49686110,0.49864988,1.43316540
77.3600,0.49951433,2.86235886,0.59556918,0.49686128,0.49864853,1.43317100
77.3700,0.49951392,2.86236103,0.59557123,0.49686146,0.49864718,1.43317659
77.3800,0.49951350,2.86236320,0.59557328,0.49686164,0.49864583,1.43318217
77.3900,0.49951308,2.86236536,0.59557533,0.49686182,0.49864449,1.43318775
77.4000,0.49951266,2.86236753,0.59557737,0.49686200,0.49864314,1.43319333
77.4100,0.49951224,2.86236969,0.59557942,0.49686218,0.49864179,1.43319890
77.4200,0.49951182,2.86237185,0.59558146,0.49686236,0.49864045,1.43320447
77.4300,0.49951141,2.86237401,0.59558350,0.49686254,0.49863911,1.43321003
77.4400,0.49951099,2.86237616,0.59558554,0.49686271,0.49863776,1.43321559
77.4500,0.49951057,2.86237832,0.59558757,0.49686289,0.49863642,1.43322115
77.4600,0.49951016,2.86238047,0.59558961,0.49686307,0.49863508,1.43322670
77.4700,0.49950974,2.86238262,0.59559164,0.49686325,0.49863374,1.43323224
77.4800,0.49950932,2.86238477,0.59559367,0.49686343,0.49863240,1.43323778
77.4900,0.49950891,2.86238692,0.59559570,0.49686360,0.49863107,1.43324332
77.5000,0.49950849,2.86238907,0.59559773,0.49686378,0.49862973,1.43324885
77.5100,0.49950808,2.86239121,0.59559976,0.49686396,0.49862840,1.43325438
77.5200,0.49950766,2.86239335,0.59560179,0.49686413,0.49862706,1.43325991
77.5300,0.49950725,2.86239549,0.59560381,0.49686431,0.49862573,1.43326542
77.5400,0.49950684,2.86239763,0.59560584,0.49686449,0.49862440,1.43327094
77.5500,0.49950642,2.86239977,0.59560786,0.49686466,0.49862307,1.43327645
77.5600,0.49950601,2.86240191,0.59560988,0.49686484,0.49862174,1.43328196
77.5700,0.49950560,2.86240404,0.59561190,0.49686501,0.49862041,1.43328746
77.5800,0.49950519,2.86240617,0.59561391,0.49686519,0.49861909,1.43329296
77.5900,0.49950477,2.86240830,0.59561593,0.49686536,0.49861776,1.43329845
77.6000,0.49950436,2.86241043,0.59561794,0.49686554,0.49861643,1.43330394
77.6100,0.49950395,2.86241256,0.59561995,0.49686571,0.49861511,1.43330942
77.6200,0.49950354,2.86241469,0.59562196,0.49686589,0.49861379,1.43331490
77.6300,0.49950313,2.86241681,0.59562397,0.49686606,0.49861247,1.43332038
77.6400,0.49950272,2.86241893,0.59562598,0.49686624,0.49861114,1.43332585
77.6500,0.49950231,2.86242105,0.59562799,0.49686641,0.49860983,1.43333132
77.6600,0.49950190,2.86242317,0.59562999,0.49686659,0.49860851,1.43333678
77.6700,0.49950149,2.86242529,0.59563200,0.49686676,0.49860719,1.43334224
77.6800,0.49950108,2.86242740,0.59563400,0.49686693,0.49860587,1.43334769
77.6900,0.49950067,2.86242952,0.59563600,0.49686711,0.49860456,1.43335314
77.7000,0.49950026,2.86243163,0.59563800,0.49686728,0.49860324,1.43335859
77.7100,0.49949986,2.86243374,0.59563999,0.49686745,0.49860193,1.43336403
77.7200,0.49949945,2.86243585,0.59564199,0.49686763,0.49860062,1.43336946
77.7300,0.49949904,2.86243796,0.59564398,0.49686780,0.49859931,1.43337490
77.7400,0.49949863,2.86244006,0.59564597,0.49686797,0.49859800,1.43338033
77.7500,0.49949823,2.86244216,0.59564797,0.49686814,0.49859669,1.43338575
77.7600,0.49949782,2.86244427,0.59564996,0.49686832,0.49859538,1.43339117
77.7700,0.49949741,2.86244637,0.59565194,0.49686849,0.49859407,1.43339658
77.7800,0.49949701,2.86244847,0.59565393,0.49686866,0.49859277,1.43340200
77.7900,0.49949660,2.86245056,0.59565591,0.49686883,0.49859146,1.43340740
77.8000,0.49949620,2.86245266,0.59565790,0.49686900,0.49859016,1.43341280
77.8100,0.49949579,2.86245475,0.59565988,0.49686917,0.49858886,1.43341820
77.8200,0.49949539,2.86245684,0.59566186,0.49686935,0.49858755,1.43342360
77.8300,0.49949498,2.86245893,0.59566384,0.49686952,0.49858625,1.43342899
77.8400,0.49949458,2.86246102,0.59566582,0.49686969,0.49858495,1.43343437
77.8500,0.49949418,2.86246311,0.59566779,0.49686986,0.49858366,1.43343975
77.8600,0.49949377,2.86246519,0.59566977,0.49687003,0.49858236,1.43344513
77.8700,0.49949337,2.86246728,0.59567174,0.49687020,0.49858106,1.43345050
77.8800,0.49949297,2.86246936,0.59567371,0.49687037,0.49857977,1.43345587
77.8900,0.49949257,2.86247144,0.59567568,0.49687054,0.49857847,1.43346123
77.9000,0.49949216,2.86247352,0.59567765,0.49687071,0.49857718,1.43346659
77.9100,0.49949176,2.86247560,0.59567962,0.49687088,0.49857589,1.43347195
77.9200,0.49949136,2.86247767,0.59568158,0.49687105,0.49857460,1.43347730
77.9300,0.49949096,2.86247974,0.59568355,0.49687122,0.49857331,1.43348265
77.9400,0.49949056,2.86248182,0.59568551,0.49687138,0.49857202,1.43348799
77.9500,0.49949016,2.86248389,0.59568747,0.49687155,0.49857073,1.43349333
77.9600,0.49948976,2.86248596,0.59568943,0.49687172,0.49856944,1.43349866
77.9700,0.49948936,2.86248802,0.59569139,0.49687189,0.49856816,1.43350399
77.9800,0.49948896,2.86249009,0.59569334,0.49687206,0.49856687,1.43350932
77.9900,0.49948856,2.86249215,0.59569530,0.49687223,0.49856559,1.43351464
78.0000,0.49948816,2.86249421,0.59569725,0.49687239,0.49856431,1.43351996
78.0100,0.49948777,2.86249627,0.59569920,0.49687256,0.49856302,1.43352527
78.0200,0.49948737,2.86249833,0.59570115,0.49687273,0.49856174,1.43353058
78.0300,0.49948697,2.86250039,0.59570310,0.49687290,0.49856046,1.43353588
78.0400,0.49948657,2.86250244,0.59570505,0.49687306,0.49855919,1.43354118
78.0500,0.49948618,2.86250450,0.59570700,0.49687323,0.49855791,1.43354648
78.0600,0.49948578,2.86250655,0.59570894,0.49687340,0.49855663,1.43355177
78.0700,0.49948538,2.86250860,0.59571088,0.49687356,0.49855536,1.43355706
78.0800,0.49948499,2.86251065,0.59571282,0.49687373,0.49855408,1.43356234
78.0900,0.49948459,2.86251270,0.59571476,0.49687390,0.49855281,1.43356762
78.1000,0.49948420,2.86251474,0.59571670,0.49687406,0.49855154,1.43357290
78.1100,0.49948380,2.86251679,0.59571864,0.49687423,0.49855026,1.43357817
78.1200,0.49948341,2.86251883,0.59572058,0.49687439,0.49854899,1.43358344
78.1300,0.49948301,2.86252087,0.59572251,0.49687456,0.49854773,1.43358870
78.1400,0.49948262,2.86252291,0.59572444,0.49687472,0.49854646,1.43359396
78.1500,0.49948222,2.86252495,0.59572637,0.49687489,0.49854519,1.43359921
78.1600,0.49948183,2.86252698,0.59572830,0.49687506,0.49854392,1.43360446
78.1700,0.49948144,2.86252902,0.59573023,0.49687522,0.49854266,1.43360971
78.1800,0.49948104,2.86253105,0.59573216,0.49687538,0.49854139,1.43361495
78.1900,0.49948065,2.86253308,0.59573408,0.49687555,0.49854013,1.43362019
78.2000,0.49948026,2.86253511,0.59573601,0.49687571,0.49853887,1.43362542
78.2100,0.49947987,2.86253714,0.59573793,0.49687588,0.49853761,1.43363065
78.2200,0.49947948,2.86253916,0.59573985,0.49687604,0.49853635,1.43363588
78.2300,0.49947909,2.86254119,0.59574177,0.49687621,0.49853509,1.43364110
78.2400,0.49947869,2.86254321,0.59574369,0.49687637,0.49853383,1.43364632
78.2500,0.49947830,2.86254523,0.59574561,0.49687653,0.49853257,1.43365153
78.2600,0.49947791,2.86254725,0.59574752,0.49687670,0.49853132,1.43365674
78.2700,0.49947752,2.86254927,0.59574944,0.49687686,0.49853006,1.43366194
78.2800,0.49947713,2.86255129,0.59575135,0.49687702,0.49852881,1.43366714
78.2900,0.49947674,2.86255330,0.59575326,0.49687718,0.49852756,1.43367234
78.3000,0.49947636,2.86255531,0.59575517,0.49687735,0.49852631,1.43367753
78.3100,0.49947597,2.86255733,0.59575708,0.49687751,0.49852505,1.43368272
78.3200,0.49947558,2.86255934,0.59575898,0.49687767,0.49852380,1.43368790
78.3300,0.49947519,2.86256134,0.59576089,0.49687783,0.49852256,1.43369308
78.3400,0.49947480,2.86256335,0.59576279,0.49687800,0.49852131,1.43369826
78.3500,0.49947441,2.86256536,0.59576469,0.49687816,0.49852006,1.43370343
78.3600,0.49947403,2.86256736,0.59576659,0.49687832,0.49851882,1.43370860
78.3700,0.49947364,2.86256936,0.59576849,0.49687848,0.49851757,1.43371376
78.3800,0.49947325,2.86257136,0.59577039,0.49687864,0.49851633,1.43371892
78.3900,0.49947287,2.86257336,0.59577229,0.49687880,0.49851508,1.43372408
78.4000,0.49947248,2.86257536,0.59577418,0.49687896,0.49851384,1.43372923
78.4100,0.49947210,2.86257735,0.59577607,0.49687912,0.49851260,1.43373437
78.4200,0.49947171,2.86257935,0.59577797,0.49687928,0.49851136,1.43373952
78.4300,0.49947133,2.86258134,0.59577986,0.49687944,0.49851012,1.43374466
78.4400,0.49947094,2.86258333,0.59578175,0.49687960,0.49850889,1.43374979
78.4500,0.49947056,2.86258532,0.59578363,0.49687976,0.49850765,1.43375492
78.4600,0.49947017,2.86258731,0.59578552,0.49687992,0.49850641,1.43376005
78.4700,0.49946979,2.86258929,0.59578740,0.49688008,0.49850518,1.43376517
78.4800,0.49946941,2.86259128,0.59578929,0.49688024,0.49850395,1.43377029
78.4900,0.49946902,2.86259326,0.59579117,0.49688040,0.49850271,1.43377540
78.5000,0.49946864,2.86259524,0.59579305,0.49688056,0.49850148,1.43378051
78.5100,0.49946826,2.86259722,0.59579493,0.49688072,0.49850025,1.43378562
78.5200,0.49946788,2.86259920,0.59579681,0.49688088,0.49849902,1.43379072
78.5300,0.49946749,2.86260118,0.59579868,0.49688104,0.49849779,1.43379582
78.5400,0.49946711,2.86260315,0.59580056,0.49688120,0.49849656,1.43380091
78.5500,0.49946673,2.86260512,0.59580243,0.49688136,0.49849534,1.43380600
78.5600,0.49946635,2.86260710,0.59580430,0.49688151,0.49849411,1.43381109
78.5700,0.49946597,2.86260907,0.59580617,0.49688167,0.49849289,1.43381617
78.5800,0.49946559,2.86261103,0.59580804,0.49688183,0.49849166,1.43382125
78.5900,0.49946521,2.86261300,0.59580991,0.49688199,0.49849044,1.43382632
78.6000,0.49946483,2.86261497,0.59581178,0.49688214,0.49848922,1.43383139
78.6100,0.49946445,2.86261693,0.59581364,0.49688230,0.49848800,1.43383646
78.6200,0.49946407,2.86261889,0.59581550,0.49688246,0.49848678,1.43384152
78.6300,0.49946369,2.86262085,0.59581737,0.49688262,0.49848556,1.43384658
78.6400,0.49946331,2.86262281,0.59581923,0.49688277,0.49848434,1.43385163
78.6500,0.49946293,2.86262477,0.59582109,0.49688293,0.49848313,1.43385668
78.6600,0.49946256,2.86262673,0.59582294,0.49688309,0.49848191,1.43386173
78.6700,0.49946218,2.86262868,0.59582480,0.49688324,0.49848069,1.43386677
78.6800,0.49946180,2.86263063,0.59582665,0.49688340,0.49847948,1.43387181
78.6900,0.49946142,2.86263259,0.59582851,0.49688355,0.49847827,1.43387684
78.7000,0.49946105,2.86263453,0.59583036,0.49688371,0.49847706,1.43388187
78.7100,0.49946067,2.86263648,0.59583221,0.49688387,0.49847585,1.43388690
78.7200,0.49946030,2.86263843,0.59583406,0.49688402,0.49847464,1.43389192
78.7300,0.49945992,2.86264038,0.59583591,0.49688418,0.49847343,1.43389694
78.7400,0.49945954,2.86264232,0.59583775,0.49688433,0.49847222,1.43390195
78.7500,0.49945917,2.86264426,0.59583960,0.49688449,0.49847101,1.43390696
78.7600,0.49945879,2.86264620,0.59584144,0.49688464,0.49846981,1.43391196
78.7700,0.49945842,2.86264814,0.59584328,0.49688480,0.49846860,1.43391697
78.7800,0.49945805,2.86265008,0.59584512,0.49688495,0.49846740,1.43392196
78.7900,0.49945767,2.86265201,0.59584696,0.49688510,0.49846619,1.43392696
78.8000,0.49945730,2.86265395,0.59584880,0.49688526,0.49846499,1.43393195
78.8100,0.49945692,2.86265588,0.59585064,0.49688541,0.49846379,1.43393693
78.8200,0.49945655,2.86265781,0.59585247,0.49688557,0.49846259,1.43394191
78.8300,0.49945618,2.86265974,0.59585431,0.49688572,0.49846139,1.43394689
78.8400,0.49945581,2.86266167,0.59585614,0.49688587,0.49846019,1.43395187
78.8500,0.49945543,2.86266360,0.59585797,0.49688603,0.49845900,1.43395684
78.8600,0.49945506,2.86266552,0.59585980,0.49688618,0.49845780,1.43396180
78.8700,0.49945469,2.86266744,0.59586163,0.49688633,0.49845661,1.43396676
78.8800,0.49945432,2.86266937,0.59586346,0.49688649,0.49845541,1.43397172
78.8900,0.49945395,2.86267129,0.59586528,0.49688664,0.49845422,1.43397668
78.9000,0.49945358,2.86267321,0.59586710,0.49688679,0.49845303,1.43398163
78.9100,0.49945321,2.86267512,0.59586893,0.49688694,0.49845183,1.43398657
78.9200,0.49945284,2.86267704,0.59587075,0.49688710,0.49845064,1.43399152
78.9300,0.49945247,2.86267895,0.59587257,0.49688725,0.49844946,1.43399645
78.9400,0.49945210,2.86268087,0.59587439,0.49688740,0.49844827,1.43400139
78.9500,0.49945173,2.86268278,0.59587620,0.49688755,0.49844708,1.43400632
78.9600,0.49945136,2.86268469,0.59587802,0.49688770,0.49844589,1.43401125
78.9700,0.49945099,2.86268660,0.59587983,0.49688785,0.49844471,1.43401617
78.9800,0.49945062,2.86268850,0.59588165,0.49688801,0.49844352,1.43402109
78.9900,0.49945026,2.86269041,0.59588346,0.49688816,0.49844234,1.43402600
79.0000,0.49944989,2.86269231,0.59588527,0.49688831,0.49844116,1.43403091
79.0100,0.49944952,2.86269421,0.59588708,0.49688846,0.49843998,1.43403582
79.0200,0.49944915,2.86269611,0.59588888,0.49688861,0.49843879,1.43404072
79.0300,0.49944879,2.86269801,0.59589069,0.49688876,0.49843761,1.43404562
79.0400,0.49944842,2.86269991,0.59589250,0.49688891,0.49843644,1.43405052
79.0500,0.49944805,2.86270181,0.59589430,0.49688906,0.49843526,1.43405541
79.0600,0.49944769,2.86270370,0.59589610,0.49688921,0.49843408,1.43406030
79.0700,0.49944732,2.86270559,0.59589790,0.49688936,0.49843291,1.43406518
79.0800,0.49944696,2.86270748,0.59589970,0.49688951,0.49843173,1.43407006
79.0900,0.49944659,2.86270937,0.59590150,0.49688966,0.49843056,1.43407494
79.1000,0.49944623,2.86271126,0.59590329,0.49688981,0.49842938,1.43407981
79.1100,0.49944586,2.86271315,0.59590509,0.49688996,0.49842821,1.43408468
79.1200,0.49944550,2.86271504,0.59590688,0.49689011,0.49842704,1.43408954
79.1300,0.49944514,2.86271692,0.59590868,0.49689025,0.49842587,1.43409440
79.1400,0.49944477,2.86271880,0.59591047,0.49689040,0.49842470,1.43409926
79.1500,0.49944441,2.86272068,0.59591226,0.49689055,0.49842353,1.43410411
79.1600,0.49944405,2.86272256,0.59591404,0.49689070,0.49842237,1.43410896
79.1700,0.49944368,2.86272444,0.59591583,0.49689085,0.49842120,1.43411380
79.1800,0.49944332,2.86272632,0.59591762,0.49689100,0.49842003,1.43411864
79.1900,0.49944296,2.86272819,0.59591940,0.49689114,0.49841887,1.43412348
79.2000,0.49944260,2.86273007,0.59592118,0.49689129,0.49841771,1.43412831
79.2100,0.49944224,2.86273194,0.59592296,0.49689144,0.49841654,1.43413314
79.2200,0.49944187,2.86273381,0.59592474,0.49689159,0.49841538,1.43413797
79.2300,0.49944151,2.86273568,0.59592652,0.49689173,0.49841422,1.43414279
79.2400,0.49944115,2.86273754,0.59592830,0.49689188,0.49841306,1.43414761
79.2500,0.49944079,2.86273941,0.59593008,0.49689203,0.49841190,1.43415242
79.2600,0.49944043,2.86274127,0.59593185,0.49689217,0.49841075,1.43415723
79.2700,0.49944007,2.86274314,0.59593362,0.49689232,0.49840959,1.43416204
79.2800,0.49943971,2.86274500,0.59593540,0.49689247,0.49840843,1.43416684
79.2900,0.49943935,2.86274686,0.59593717,0.49689261,0.49840728,1.43417164
79.3000,0.49943900,2.86274872,0.59593894,0.49689276,0.49840612,1.43417644
79.3100,0.49943864,2.86275057,0.59594070,0.49689291,0.49840497,1.43418123
79.3200,0.49943828,2.86275243,0.59594247,0.49689305,0.49840382,1.43418601
79.3300,0.49943792,2.86275428,0.59594424,0.49689320,0.49840267,1.43419080
79.3400,0.49943756,2.86275614,0.59594600,0.49689334,0.49840152,1.43419558
79.3500,0.49943721,2.86275799,0.59594776,0.49689349,0.49840037,1.43420035
79.3600,0.49943685,2.86275984,0.59594952,0.49689363,0.49839922,1.43420512
79.3700,0.49943649,2.86276169,0.59595128,0.49689378,0.49839807,1.43420989
79.3800,0.49943613,2.86276353,0.59595304,0.49689392,0.49839692,1.43421466
79.3900,0.49943578,2.86276538,0.59595480,0.49689407,0.49839578,1.43421942
79.4000,0.49943542,2.86276722,0.59595655,0.49689421,0.49839463,1.43422417
79.4100,0.49943507,2.86276906,0.59595831,0.49689436,0.49839349,1.43422893
79.4200,0.49943471,2.86277090,0.59596006,0.49689450,0.49839235,1.43423368
79.4300,0.49943436,2.86277274,0.59596181,0.49689465,0.49839121,1.43423842
79.4400,0.49943400,2.86277458,0.59596356,0.49689479,0.49839007,1.43424316
79.4500,0.49943365,2.86277642,0.59596531,0.49689493,0.49838892,1.43424790
79.4600,0.49943329,2.86277825,0.59596706,0.49689508,0.49838779,1.43425264
79.4700,0.49943294,2.86278009,0.59596881,0.49689522,0.49838665,1.43425737
79.4800,0.49943258,2.86278192,0.59597055,0.49689536,0.49838551,1.43426209
79.4900,0.49943223,2.86278375,0.59597230,0.49689551,0.49838437,1.43426682
79.5000,0.49943188,2.86278558,0.59597404,0.49689565,0.49838324,1.43427153
79.5100,0.49943153,2.86278740,0.59597578,0.49689579,0.49838210,1.43427625
79.5200,0.49943117,2.86278923,0.59597752,0.49689594,0.49838097,1.43428096
79.5300,0.49943082,2.86279106,0.59597926,0.49689608,0.49837984,1.43428567
79.5400,0.49943047,2.86279288,0.59598099,0.49689622,0.49837871,1.43429037
79.5500,0.49943012,2.86279470,0.59598273,0.49689636,0.49837758,1.43429507
79.5600,0.49942977,2.86279652,0.59598447,0.49689651,0.49837645,1.43429977
79.5700,0.49942941,2.86279834,0.59598620,0.49689665,0.49837532,1.43430446
79.5800,0.49942906,2.86280016,0.59598793,0.49689679,0.49837419,1.43430915
79.5900,0.49942871,2.86280197,0.59598966,0.49689693,0.49837306,1.43431384
79.6000,0.49942836,2.86280379,0.59599139,0.49689707,0.49837194,1.43431852
79.6100,0.49942801,2.86280560,0.59599312,0.49689721,0.49837081,1.43432320
79.6200,0.49942766,2.86280741,0.59599484,0.49689735,0.49836969,1.43432787
79.6300,0.49942731,2.86280922,0.59599657,0.49689750,0.49836856,1.43433254
79.6400,0.49942696,2.86281103,0.59599829,0.49689764,0.49836744,1.43433721
79.6500,0.49942662,2.86281284,0.59600002,0.49689778,0.49836632,1.43434187
79.6600,0.49942627,2.86281464,0.59600174,0.49689792,0.49836520,1.43434653
79.6700,0.49942592,2.86281645,0.59600346,0.49689806,0.49836408,1.43435118
79.6800,0.49942557,2.86281825,0.59600518,0.49689820,0.49836296,1.43435584
79.6900,0.49942522,2.86282005,0.59600689,0.49689834,0.49836184,1.43436048
79.7000,0.49942488,2.86282185,0.59600861,0.49689848,0.49836072,1.43436513
79.7100,0.49942453,2.86282365,0.59601032,0.49689862,0.49835961,1.43436977
79.7200,0.49942418,2.86282545,0.59601204,0.49689876,0.49835849,1.43437441
79.7300,0.49942384,2.86282724,0.59601375,0.49689890,0.49835738,1.43437904
79.7400,0.49942349,2.86282904,0.59601546,0.49689904,0.49835627,1.43438367
79.7500,0.49942314,2.86283083,0.59601717,0.49689918,0.49835515,1.43438829
79.7600,0.49942280,2.86283262,0.59601888,0.49689932,0.49835404,1.43439292
79.7700,0.49942245,2.86283441,0.59602058,0.49689946,0.49835293,1.43439753
79.7800,0.49942211,2.86283620,0.59602229,0.49689959,0.49835182,1.43440215
79.7900,0.49942176,2.86283799,0.59602399,0.49689973,0.49835071,1.43440676
79.8000,0.49942142,2.86283977,0.59602570,0.49689987,0.49834960,1.43441137
79.8100,0.49942107,2.86284156,0.59602740,0.49690001,0.49834850,1.43441597
79.8200,0.49942073,2.86284334,0.59602910,0.49690015,0.49834739,1.43442057
79.8300,0.49942038,2.86284512,0.59603080,0.49690029,0.49834629,1.43442517
79.8400,0.49942004,2.86284690,0.59603250,0.49690042,0.49834518,1.43442976
79.8500,0.49941970,2.86284868,0.59603419,0.49690056,0.49834408,1.43443435
79.8600,0.49941935,2.86285046,0.59603589,0.49690070,0.49834298,1.43443893
79.8700,0.49941901,2.86285223,0.59603758,0.49690084,0.49834187,1.43444352
79.8800,0.49941867,2.86285401,0.59603928,0.49690097,0.49834077,1.43444809
79.8900,0.49941833,2.86285578,0.59604097,0.49690111,0.49833967,1.43445267
79.9000,0.49941799,2.86285755,0.59604266,0.49690125,0.49833857,1.43445724
79.9100,0.49941764,2.86285932,0.59604435,0.49690139,0.49833748,1.43446181
79.9200,0.49941730,2.86286109,0.59604603,0.49690152,0.49833638,1.43446637
79.9300,0.49941696,2.86286286,0.59604772,0.49690166,0.49833528,1.43447093
79.9400,0.49941662,2.86286462,0.59604940,0.49690180,0.49833419,1.43447549
79.9500,0.49941628,2.86286639,0.59605109,0.49690193,0.49833309,1.43448004
79.9600,0.49941594,2.86286815,0.59605277,0.49690207,0.49833200,1.43448459
79.9700,0.49941560,2.86286991,0.59605445,0.49690220,0.49833091,1.43448913
79.9800,0.49941526,2.86287167,0.59605613,0.49690234,0.49832981,1.43449367
79.9900,0.49941492,2.86287343,0.59605781,0.49690248,0.49832872,1.43449821
80.0000,0.49941458,2.86287519,0.59605949,0.49690261,0.49832763,1.43450275
80.0100,0.49941424,2.86287695,0.59606116,0.49690275,0.49832654,1.43450728
80.0200,0.49941390,2.86287870,0.59606284,0.49690288,0.49832546,1.43451180
80.0300,0.49941357,2.86288045,0.59606451,0.49690302,0.49832437,1.43451633
80.0400,0.49941323,2.86288221,0.59606618,0.49690315,0.49832328,1.43452085
80.0500,0.49941289,2.86288396,0.59606785,0.49690329,0.49832220,1.43452536
80.0600,0.49941255,2.86288570,0.59606952,0.49690342,0.49832111,1.43452988
80.0700,0.49941222,2.86288745,0.59607119,0.49690356,0.49832003,1.43453438
80.0800,0.49941188,2.86288920,0.59607286,0.49690369,0.49831895,1.43453889
80.0900,0.49941154,2.86289094,0.59607452,0.49690383,0.49831786,1.43454339
80.1000,0.49941121,2.86289269,0.59607619,0.49690396,0.49831678,1.43454789
80.1100,0.49941087,2.86289443,0.59607785,0.49690409,0.49831570,1.43455238
80.1200,0.49941053,2.86289617,0.59607951,0.49690423,0.49831462,1.43455688
80.1300,0.49941020,2.86289791,0.59608117,0.49690436,0.49831354,1.43456136
80.1400,0.49940986,2.86289965,0.59608283,0.49690450,0.49831247,1.43456585
80.1500,0.49940953,2.86290138,0.59608449,0.49690463,0.49831139,1.43457033
80.1600,0.49940919,2.86290312,0.59608615,0.49690476,0.49831031,1.43457480
80.1700,0.49940886,2.86290485,0.59608780,0.49690490,0.49830924,1.43457928
80.1800,0.49940852,2.86290658,0.59608946,0.49690503,0.49830817,1.43458375
80.1900,0.49940819,2.86290831,0.59609111,0.49690516,0.49830709,1.43458821
80.2000,0.49940786,2.86291004,0.59609276,0.49690529,0.49830602,1.43459268
80.2100,0.49940752,2.86291177,0.59609441,0.49690543,0.49830495,1.43459713
80.2200,0.49940719,2.86291350,0.59609606,0.49690556,0.49830388,1.43460159
80.2300,0.49940686,2.86291522,0.59609771,0.49690569,0.49830281,1.43460604
80.2400,0.49940652,2.86291695,0.59609936,0.49690582,0.49830174,1.43461049
80.2500,0.49940619,2.86291867,0.59610100,0.49690596,0.49830067,1.43461493
80.2600,0.49940586,2.86292039,0.59610265,0.49690609,0.49829960,1.43461937
80.2700,0.49940553,2.86292211,0.59610429,0.49690622,0.49829854,1.43462381
80.2800,0.49940520,2.86292383,0.59610593,0.49690635,0.49829747,1.43462825
80.2900,0.49940486,2.86292555,0.59610757,0.49690648,0.49829641,1.43463268
80.3000,0.49940453,2.86292726,0.59610921,0.49690661,0.49829534,1.43463710
80.3100,0.49940420,2.86292898,0.59611085,0.49690675,0.49829428,1.43464153
80.3200,0.49940387,2.86293069,0.59611249,0.49690688,0.49829322,1.43464595
80.3300,0.49940354,2.86293240,0.59611412,0.49690701,0.49829216,1.43465036
80.3400,0.49940321,2.86293411,0.59611576,0.49690714,0.49829110,1.43465477
80.3500,0.49940288,2.86293582,0.59611739,0.49690727,0.49829004,1.43465918
80.3600,0.49940255,2.86293753,0.59611902,0.49690740,0.49828898,1.43466359
80.3700,0.49940222,2.86293924,0.59612065,0.49690753,0.49828792,1.43466799
80.3800,0.49940190,2.86294094,0.59612228,0.49690766,0.49828687,1.43467239
80.3900,0.49940157,2.86294264,0.59612391,0.49690779,0.49828581,1.43467679
80.4000,0.49940124,2.86294435,0.59612554,0.49690792,0.49828476,1.43468118
80.4100,0.49940091,2.86294605,0.59612716,0.49690805,0.49828370,1.43468556
80.4200,0.49940058,2.86294775,0.59612879,0.49690818,0.49828265,1.43468995
80.4300,0.49940025,2.86294944,0.59613041,0.49690831,0.49828160,1.43469433
80.4400,0.49939993,2.86295114,0.59613203,0.49690844,0.49828054,1.43469871
80.4500,0.49939960,2.86295284,0.59613365,0.49690857,0.49827949,1.43470308
80.4600,0.49939927,2.86295453,0.59613527,0.49690870,0.49827844,1.43470745
80.4700,0.49939895,2.86295622,0.59613689,0.49690883,0.49827740,1.43471182
80.4800,0.49939862,2.86295791,0.59613851,0.49690895,0.49827635,1.43471618
80.4900,0.49939829,2.86295960,0.59614012,0.49690908,0.49827530,1.43472054
80.5000,0.49939797,2.86296129,0.59614174,0.49690921,0.49827425,1.43472490
80.5100,0.49939764,2.86296298,0.59614335,0.49690934,0.49827321,1.43472925
80.5200,0.49939732,2.86296467,0.59614496,0.49690947,0.49827216,1.43473360
80.5300,0.49939699,2.86296635,0.59614657,0.49690960,0.49827112,1.43473795
80.5400,0.49939667,2.86296803,0.59614818,0.49690972,0.49827008,1.43474229
80.5500,0.49939634,2.86296971,0.59614979,0.49690985,0.49826903,1.43474663
80.5600,0.49939602,2.86297140,0.59615140,0.49690998,0.49826799,1.43475097
80.5700,0.49939570,2.86297307,0.59615300,0.49691011,0.49826695,1.43475530
80.5800,0.49939537,2.86297475,0.59615461,0.49691024,0.49826591,1.43475963
80.5900,0.49939505,2.86297643,0.59615621,0.49691036,0.49826487,1.43476395
80.6000,0.49939473,2.86297810,0.59615781,0.49691049,0.49826384,1.43476827
80.6100,0.49939440,2.86297978,0.59615941,0.49691062,0.49826280,1.43477259
80.6200,0.49939408,2.86298145,0.59616101,0.49691074,0.49826176,1.43477691
80.6300,0.49939376,2.86298312,0.59616261,0.49691087,0.49826073,1.43478122
80.6400,0.49939344,2.86298479,0.59616421,0.49691100,0.49825969,1.43478553
80.6500,0.49939311,2.86298646,0.59616580,0.49691112,0.49825866,1.43478983
80.6600,0.49939279,2.86298813,0.59616740,0.49691125,0.49825763,1.43479413
80.6700,0.49939247,2.86298979,0.59616899,0.49691138,0.49825660,1.43479843
80.6800,0.49939215,2.86299146,0.59617058,0.49691150,0.49825556,1.43480272
80.6900,0.49939183,2.86299312,0.59617218,0.49691163,0.49825453,1.43480701
80.7000,0.49939151,2.86299478,0.59617377,0.49691175,0.49825351,1.43481130
80.7100,0.49939119,2.86299644,0.59617535,0.49691188,0.49825248,1.43481559
80.7200,0.49939087,2.86299810,0.59617694,0.49691201,0.49825145,1.43481987
80.7300,0.49939055,2.86299976,0.59617853,0.49691213,0.49825042,1.43482414
80.7400,0.49939023,2.86300142,0.59618011,0.49691226,0.49824940,1.43482842
80.7500,0.49938991,2.86300307,0.59618170,0.49691238,0.49824837,1.43483269
80.7600,0.49938959,2.86300472,0.59618328,0.49691251,0.49824735,1.43483695
80.7700,0.49938927,2.86300638,0.59618486,0.49691263,0.49824632,1.43484122
80.7800,0.49938895,2.86300803,0.59618644,0.49691276,0.49824530,1.43484548
80.7900,0.49938864,2.86300968,0.59618802,0.49691288,0.49824428,1.43484973
80.8000,0.49938832,2.86301133,0.59618960,0.49691301,0.49824326,1.43485399
80.8100,0.49938800,2.86301297,0.59619117,0.49691313,0.49824224,1.43485824
80.8200,0.49938768,2.86301462,0.59619275,0.49691325,0.49824122,1.43486248
80.8300,0.49938737,2.86301626,0.59619432,0.49691338,0.49824020,1.43486673
80.8400,0.49938705,2.86301791,0.59619590,0.49691350,0.49823918,1.43487096
80.8500,0.49938673,2.86301955,0.59619747,0.49691363,0.49823816,1.43487520
80.8600,0.49938642,2.86302119,0.59619904,0.49691375,0.49823715,1.43487943
80.8700,0.49938610,2.86302283,0.59620061,0.49691387,0.49823613,1.43488366
80.8800,0.49938578,2.86302447,0.59620218,0.49691400,0.49823512,1.43488789
80.8900,0.49938547,2.86302610,0.59620374,0.49691412,0.49823411,1.43489211
80.9000,0.49938515,2.86302774,0.59620531,0.49691424,0.49823309,1.43489633
80.9100,0.49938484,2.86302937,0.59620687,0.49691437,0.49823208,1.43490055
80.9200,0.49938452,2.86303101,0.59620844,0.49691449,0.49823107,1.43490476
80.9300,0.49938421,2.86303264,0.59621000,0.49691461,0.49823006,1.43490897
80.9400,0.49938389,2.86303427,0.59621156,0.49691474,0.49822905,1.43491317
80.9500,0.49938358,2.86303590,0.59621312,0.49691486,0.49822804,1.43491738
80.9600,0.49938327,2.86303752,0.59621468,0.49691498,0.49822703,1.43492157
80.9700,0.49938295,2.86303915,0.59621624,0.49691510,0.49822603,1.43492577
80.9800,0.49938264,2.86304078,0.59621779,0.49691522,0.49822502,1.43492996
80.9900,0.49938233,2.86304240,0.59621935,0.49691535,0.49822402,1.43493415
81.0000,0.49938201,2.86304402,0.59622090,0.49691547,0.49822301,1.43493834
81.0100,0.49938170,2.86304564,0.59622246,0.49691559,0.49822201,1.43494252
81.0200,0.49938139,2.86304726,0.59622401,0.49691571,0.49822101,1.43494670
81.0300,0.49938108,2.86304888,0.59622556,0.49691583,0.49822000,1.43495087
81.0400,0.49938076,2.86305050,0.59622711,0.49691595,0.49821900,1.43495504
81.0500,0.49938045,2.86305211,0.59622865,0.49691608,0.49821800,1.43495921
81.0600,0.49938014,2.86305373,0.59623020,0.49691620,0.49821700,1.43496338
81.0700,0.49937983,2.86305534,0.59623175,0.49691632,0.49821600,1.43496754
81.0800,0.49937952,2.86305695,0.59623329,0.49691644,0.49821501,1.43497170
81.0900,0.49937921,2.86305857,0.59623483,0.49691656,0.49821401,1.43497585
81.1000,0.49937890,2.86306017,0.59623638,0.49691668,0.49821301,1.43498001
81.1100,0.49937859,2.86306178,0.59623792,0.49691680,0.49821202,1.43498416
81.1200,0.49937828,2.86306339,0.59623946,0.49691692,0.49821102,1.43498830
81.1300,0.49937797,2.86306500,0.59624100,0.49691704,0.49821003,1.43499244
81.1400,0.49937766,2.86306660,0.59624253,0.49691716,0.49820904,1.43499658
81.1500,0.49937735,2.86306820,0.59624407,0.49691728,0.49820804,1.43500072
81.1600,0.49937704,2.86306980,0.59624560,0.49691740,0.49820705,1.43500485
81.1700,0.49937673,2.86307141,0.59624714,0.49691752,0.49820606,1.43500898
81.1800,0.49937643,2.86307300,0.59624867,0.49691764,0.49820507,1.43501310
81.1900,0.49937612,2.86307460,0.59625020,0.49691776,0.49820408,1.43501723
81.2000,0.49937581,2.86307620,0.59625173,0.49691788,0.49820310,1.43502134
81.2100,0.49937550,2.86307779,0.59625326,0.49691800,0.49820211,1.43502546
81.2200,0.49937519,2.86307939,0.59625479,0.49691812,0.49820112,1.43502957
81.2300,0.49937489,2.86308098,0.59625632,0.49691824,0.49820014,1.43503368
81.2400,0.49937458,2.86308257,0.59625784,0.49691835,0.49819915,1.43503779
81.2500,0.49937427,2.86308416,0.59625937,0.49691847,0.49819817,1.43504189
81.2600,0.49937397,2.86308575,0.59626089,0.49691859,0.49819718,1.43504599
81.2700,0.49937366,2.86308734,0.59626241,0.49691871,0.49819620,1.43505008
81.2800,0.49937336,2.86308893,0.59626393,0.49691883,0.49819522,1.43505418
81.2900,0.49937305,2.86309051,0.59626545,0.49691895,0.49819424,1.43505827
81.3000,0.49937274,2.86309210,0.59626697,0.49691906,0.49819326,1.43506235
81.3100,0.49937244,2.86309368,0.59626849,0.49691918,0.49819228,1.43506643
81.3200,0.49937213,2.86309526,0.59627001,0.49691930,0.49819130,1.43507051
81.3300,0.49937183,2.86309684,0.59627152,0.49691942,0.49819032,1.43507459
81.3400,0.49937153,2.86309842,0.59627303,0.49691954,0.49818935,1.43507866
81.3500,0.49937122,2.86310000,0.59627455,0.49691965,0.49818837,1.43508273
81.3600,0.49937092,2.86310157,0.59627606,0.49691977,0.49818740,1.43508680
81.3700,0.49937061,2.86310315,0.59627757,0.49691989,0.49818642,1.43509086
81.3800,0.49937031,2.86310472,0.59627908,0.49692000,0.49818545,1.43509492
81.3900,0.49937001,2.86310629,0.59628059,0.49692012,0.49818447,1.43509898
81.4000,0.49936970,2.86310787,0.59628209,0.49692024,0.49818350,1.43510303
81.4100,0.49936940,2.86310944,0.59628360,0.49692035,0.49818253,1.43510708
81.4200,0.49936910,2.86311100,0.59628510,0.49692047,0.49818156,1.43511113
81.4300,0.49936880,2.86311257,0.59628661,0.49692059,0.49818059,1.43511517
81.4400,0.49936850,2.86311414,0.59628811,0.49692070,0.49817962,1.43511921
81.4500,0.49936819,2.86311570,0.59628961,0.49692082,0.49817865,1.43512325
81.4600,0.49936789,2.86311727,0.59629111,0.49692094,0.49817769,1.43512728
81.4700,0.49936759,2.86311883,0.59629261,0.49692105,0.49817672,1.43513131
81.4800,0.49936729,2.86312039,0.59629411,0.49692117,0.49817576,1.43513534
81.4900,0.49936699,2.86312195,0.59629561,0.49692128,0.49817479,1.43513936
81.5000,0.49936669,2.86312351,0.59629710,0.49692140,0.49817383,1.43514338
81.5100,0.49936639,2.86312507,0.59629860,0.49692151,0.49817286,1.43514740
81.5200,0.49936609,2.86312662,0.59630009,0.49692163,0.49817190,1.43515142
81.5300,0.49936579,2.86312818,0.59630158,0.49692175,0.49817094,1.43515543
81.5400,0.49936549,2.86312973,0.59630307,0.49692186,0.49816998,1.43515944
81.5500,0.49936519,2.86313129,0.59630456,0.49692198,0.49816902,1.43516344
81.5600,0.49936489,2.86313284,0.59630605,0.49692209,0.49816806,1.43516744
81.5700,0.49936459,2.86313439,0.59630754,0.49692220,0.49816710,1.43517144
81.5800,0.49936429,2.86313594,0.59630903,0.49692232,0.49816614,1.43517544
81.5900,0.49936400,2.86313748,0.59631051,0.49692243,0.49816518,1.43517943
81.6000,0.49936370,2.86313903,0.59631200,0.49692255,0.49816423,1.43518342
81.6100,0.49936340,2.86314058,0.59631348,0.49692266,0.49816327,1.43518740
81.6200,0.49936310,2.86314212,0.59631496,0.49692278,0.49816232,1.43519138
81.6300,0.49936280,2.86314366,0.59631644,0.49692289,0.49816136,1.43519536
81.6400,0.49936251,2.86314520,0.59631792,0.49692300,0.49816041,1.43519934
81.6500,0.49936221,2.86314674,0.59631940,0.49692312,0.49815946,1.43520331
81.6600,0.49936191,2.86314828,0.59632088,0.49692323,0.49815851,1.43520728
81.6700,0.49936162,2.86314982,0.59632235,0.49692334,0.49815756,1.43521125
81.6800,0.49936132,2.86315136,0.59632383,0.49692346,0.49815661,1.43521521
81.6900,0.49936103,2.86315289,0.59632530,0.49692357,0.49815566,1.43521917
81.7000,0.49936073,2.86315443,0.59632678,0.49692368,0.49815471,1.43522313
81.7100,0.49936043,2.86315596,0.59632825,0.49692380,0.49815376,1.43522708
81.7200,0.49936014,2.86315749,0.59632972,0.49692391,0.49815282,1.43523103
81.7300,0.49935984,2.86315902,0.59633119,0.49692402,0.49815187,1.43523498
81.7400,0.49935955,2.86316055,0.59633266,0.49692414,0.49815092,1.43523892
81.7500,0.49935926,2.86316208,0.59633412,0.49692425,0.49814998,1.43524286
81.7600,0.49935896,2.86316361,0.59633559,0.49692436,0.49814904,1.43524680
81.7700,0.49935867,2.86316513,0.59633705,0.49692447,0.49814809,1.43525074
81.7800,0.49935837,2.86316666,0.59633852,0.49692458,0.49814715,1.43525467
81.7900,0.49935808,2.86316818,0.59633998,0.49692470,0.49814621,1.43525860
81.8000,0.49935779,2.86316970,0.59634144,0.49692481,0.49814527,1.43526252
81.8100,0.49935749,2.86317122,0.59634290,0.49692492,0.49814433,1.43526644
81.8200,0.49935720,2.86317274,0.59634436,0.49692503,0.49814339,1.43527036
81.8300,0.49935691,2.86317426,0.59634582,0.49692514,0.49814245,1.43527428
81.8400,0.49935662,2.86317578,0.59634728,0.49692525,0.49814151,1.43527819
81.8500,0.49935632,2.86317729,0.59634873,0.49692537,0.49814058,1.43528210
81.8600,0.49935603,2.86317881,0.59635019,0.49692548,0.49813964,1.43528600
81.8700,0.49935574,2.86318032,0.59635164,0.49692559,0.49813871,1.43528991
81.8800,0.49935545,2.86318183,0.59635310,0.49692570,0.49813777,1.43529381
81.8900,0.49935516,2.86318334,0.59635455,0.49692581,0.49813684,1.43529770
81.9000,0.49935487,2.86318485,0.59635600,0.49692592,0.49813590,1.43530160
81.9100,0.49935458,2.86318636,0.59635745,0.49692603,0.49813497,1.43530549
81.9200,0.49935429,2.86318787,0.59635890,0.49692614,0.49813404,1.43530938
81.9300,0.49935400,2.86318938,0.59636034,0.49692625,0.49813311,1.43531326
81.9400,0.49935371,2.86319088,0.59636179,0.49692636,0.49813218,1.43531714
81.9500,0.49935342,2.86319238,0.59636323,0.49692647,0.49813125,1.43532102
81.9600,0.49935313,2.86319389,0.59636468,0.49692658,0.49813032,1.43532489
81.9700,0.49935284,2.86319539,0.59636612,0.49692669,0.49812939,1.43532877
81.9800,0.49935255,2.86319689,0.59636756,0.49692680,0.49812847,1.43533264
81.9900,0.49935226,2.86319839,0.59636900,0.49692691,0.49812754,1.43533650
82.0000,0.49935197,2.86319989,0.59637044,0.49692702,0.49812662,1.43534036
82.0100,0.49935168,2.86320138,0.59637188,0.49692713,0.49812569,1.43534422
82.0200,0.49935139,2.86320288,0.59637332,0.49692724,0.49812477,1.43534808
82.0300,0.49935111,2.86320437,0.59637476,0.49692735,0.49812385,1.43535193
82.0400,0.49935082,2.86320587,0.59637619,0.49692746,0.49812292,1.43535578
82.0500,0.49935053,2.86320736,0.59637762,0.49692757,0.49812200,1.43535963
82.0600,0.49935024,2.86320885,0.59637906,0.49692768,0.49812108,1.43536347
82.0700,0.49934996,2.86321034,0.59638049,0.49692778,0.49812016,1.43536731
82.0800,0.49934967,2.86321183,0.59638192,0.49692789,0.49811924,1.43537115
82.0900,0.49934938,2.86321331,0.59638335,0.49692800,0.49811832,1.43537499
82.1000,0.49934910,2.86321480,0.59638478,0.49692811,0.49811741,1.43537882
82.1100,0.49934881,2.86321628,0.59638621,0.49692822,0.49811649,1.43538265
82.1200,0.49934853,2.86321777,0.59638763,0.49692833,0.49811557,1.43538647
82.1300,0.49934824,2.86321925,0.59638906,0.49692843,0.49811466,1.43539029
82.1400,0.49934795,2.86322073,0.59639048,0.49692854,0.49811374,1.43539411
82.1500,0.49934767,2.86322221,0.59639190,0.49692865,0.49811283,1.43539793
82.1600,0.49934738,2.86322369,0.59639333,0.49692876,0.49811191,1.43540174
82.1700,0.49934710,2.86322517,0.59639475,0.49692886,0.49811100,1.43540555
82.1800,0.49934682,2.86322664,0.59639617,0.49692897,0.49811009,1.43540936
82.1900,0.49934653,2.86322812,0.59639759,0.49692908,0.49810918,1.43541316
82.2000,0.49934625,2.86322959,0.59639900,0.49692919,0.49810827,1.43541696
82.2100,0.49934596,2.86323106,0.59640042,0.49692929,0.49810736,1.43542076
82.2200,0.49934568,2.86323254,0.59640184,0.49692940,0.49810645,1.43542456
82.2300,0.49934540,2.86323401,0.59640325,0.49692951,0.49810554,1.43542835
82.2400,0.49934511,2.86323548,0.59640466,0.49692961,0.49810464,1.43543214
82.2500,0.49934483,2.86323694,0.59640608,0.49692972,0.49810373,1.43543592
82.2600,0.49934455,2.86323841,0.59640749,0.49692983,0.49810282,1.43543970
82.2700,0.49934427,2.86323988,0.59640890,0.49692993,0.49810192,1.43544348
82.2800,0.49934398,2.86324134,0.59641031,0.49693004,0.49810101,1.43544726
82.2900,0.49934370,2.86324281,0.59641171,0.49693015,0.49810011,1.43545103
82.3000,0.49934342,2.86324427,0.59641312,0.49693025,0.49809921,1.43545480
82.3100,0.49934314,2.86324573,0.59641453,0.49693036,0.49809831,1.43545857
82.3200,0.49934286,2.86324719,0.59641593,0.49693046,0.49809740,1.43546234
82.3300,0.49934258,2.86324865,0.59641733,0.49693057,0.49809650,1.43546610
82.3400,0.49934230,2.86325011,0.59641874,0.49693068,0.49809560,1.43546986
82.3500,0.49934202,2.86325156,0.59642014,0.49693078,0.49809470,1.43547361
82.3600,0.49934174,2.86325302,0.59642154,0.49693089,0.49809381,1.43547736
82.3700,0.49934145,2.86325447,0.59642294,0.49693099,0.49809291,1.43548111
82.3800,0.49934118,2.86325592,0.59642434,0.49693110,0.49809201,1.43548486
82.3900,0.49934090,2.86325738,0.59642573,0.49693120,0.49809112,1.43548860
82.4000,0.49934062,2.86325883,0.59642713,0.49693131,0.49809022,1.43549234
82.4100,0.49934034,2.86326028,0.59642853,0.49693141,0.49808933,1.43549608
82.4200,0.49934006,2.86326172,0.59642992,0.49693152,0.49808843,1.43549981
82.4300,0.49933978,2.86326317,0.59643131,0.49693162,0.49808754,1.43550354
82.4400,0.49933950,2.86326462,0.59643270,0.49693173,0.49808665,1.43550727
82.4500,0.49933922,2.86326606,0.59643409,0.49693183,0.49808575,1.43551100
82.4600,0.49933894,2.86326751,0.59643548,0.49693193,0.49808486,1.43551472
82.4700,0.49933867,2.86326895,0.59643687,0.49693204,0.49808397,1.43551844
82.4800,0.49933839,2.86327039,0.59643826,0.49693214,0.49808308,1.43552215
82.4900,0.49933811,2.86327183,0.59643965,0.49693225,0.49808219,1.43552587
82.5000,0.49933783,2.86327327,0.59644103,0.49693235,0.49808131,1.43552958
82.5100,0.49933756,2.86327471,0.59644242,0.49693245,0.49808042,1.43553328
82.5200,0.49933728,2.86327614,0.59644380,0.49693256,0.49807953,1.43553699
82.5300,0.49933700,2.86327758,0.59644518,0.49693266,0.49807865,1.43554069
82.5400,0.49933673,2.86327901,0.59644656,0.49693276,0.49807776,1.43554439
82.5500,0.49933645,2.86328045,0.59644794,0.49693287,0.49807688,1.43554808
82.5600,0.49933618,2.86328188,0.59644932,0.49693297,0.49807599,1.43555177
82.5700,0.49933590,2.86328331,0.59645070,0.49693307,0.49807511,1.43555546
82.5800,0.49933562,2.86328474,0.59645208,0.49693318,0.49807423,1.43555915
82.5900,0.49933535,2.86328617,0.59645345,0.49693328,0.49807335,1.43556283
82.6000,0.49933507,2.86328760,0.59645483,0.49693338,0.49807247,1.43556651
82.6100,0.49933480,2.86328902,0.59645620,0.49693348,0.49807159,1.43557019
82.6200,0.49933453,2.86329045,0.59645758,0.49693359,0.49807071,1.43557387
82.6300,0.49933425,2.86329187,0.59645895,0.49693369,0.49806983,1.43557754
82.6400,0.49933398,2.86329330,0.59646032,0.49693379,0.49806895,1.43558121
82.6500,0.49933370,2.86329472,0.59646169,0.49693389,0.49806807,1.43558487
82.6600,0.49933343,2.86329614,0.59646306,0.49693400,0.49806720,1.43558853
82.6700,0.49933316,2.86329756,0.59646442,0.49693410,0.49806632,1.43559219
82.6800,0.49933288,2.86329898,0.59646579,0.49693420,0.49806545,1.43559585
82.6900,0.49933261,2.86330040,0.59646716,0.49693430,0.49806457,1.43559950
82.7000,0.49933234,2.86330181,0.59646852,0.49693440,0.49806370,1.43560315
82.7100,0.49933206,2.86330323,0.59646988,0.49693450,0.49806283,1.43560680
82.7200,0.49933179,2.86330464,0.59647125,0.49693461,0.49806195,1.43561045
82.7300,0.49933152,2.86330605,0.59647261,0.49693471,0.49806108,1.43561409
82.7400,0.49933125,2.86330747,0.59647397,0.49693481,0.49806021,1.43561773
82.7500,0.49933098,2.86330888,0.59647533,0.49693491,0.49805934,1.43562136
82.7600,0.49933071,2.86331029,0.59647669,0.49693501,0.49805847,1.43562500
82.7700,0.49933043,2.86331169,0.59647804,0.49693511,0.49805760,1.43562863
82.7800,0.49933016,2.86331310,0.59647940,0.49693521,0.49805674,1.43563226
82.7900,0.49932989,2.86331451,0.59648075,0.49693531,0.49805587,1.43563588
82.8000,0.49932962,2.86331591,0.59648211,0.49693541,0.49805500,1.43563950
82.8100,0.49932935,2.86331732,0.59648346,0.49693551,0.49805414,1.43564312
82.8200,0.49932908,2.86331872,0.59648481,0.49693561,0.49805327,1.43564674
82.8300,0.49932881,2.86332012,0.59648616,0.49693571,0.49805241,1.43565035
82.8400,0.49932854,2.86332152,0.59648751,0.49693581,0.49805154,1.43565396
82.8500,0.49932827,2.86332292,0.59648886,0.49693591,0.49805068,1.43565757
82.8600,0.49932800,2.86332432,0.59649021,0.49693601,0.49804982,1.43566117
82.8700,0.49932773,2.86332572,0.59649156,0.49693611,0.49804896,1.43566477
82.8800,0.49932747,2.86332711,0.59649290,0.49693621,0.49804810,1.43566837
82.8900,0.49932720,2.86332851,0.59649425,0.49693631,0.49804724,1.43567196
82.9000,0.49932693,2.86332990,0.59649559,0.49693641,0.49804638,1.43567556
82.9100,0.49932666,2.86333129,0.59649693,0.49693651,0.49804552,1.43567915
82.9200,0.49932639,2.86333269,0.59649828,0.49693661,0.49804466,1.43568273
82.9300,0.49932612,2.86333408,0.59649962,0.49693671,0.49804380,1.43568632
82.9400,0.49932586,2.86333547,0.59650096,0.49693681,0.49804295,1.43568990
82.9500,0.49932559,2.86333685,0.59650229,0.49693691,0.49804209,1.43569347
82.9600,0.49932532,2.86333824,0.59650363,0.49693701,0.49804124,1.43569705
82.9700,0.49932506,2.86333963,0.59650497,0.49693710,0.49804038,1.43570062
82.9800,0.49932479,2.86334101,0.59650630,0.49693720,0.49803953,1.43570419
82.9900,0.49932452,2.86334240,0.59650764,0.49693730,0.49803867,1.43570776
83.0000,0.49932426,2.86334378,0.59650897,0.49693740,0.49803782,1.43571132
83.0100,0.49932399,2.86334516,0.59651030,0.49693750,0.49803697,1.43571488
83.0200,0.49932372,2.86334654,0.59651164,0.49693760,0.49803612,1.43571844
83.0300,0.49932346,2.86334792,0.59651297,0.49693769,0.49803527,1.43572199
83.0400,0.49932319,2.86334930,0.59651429,0.49693779,0.49803442,1.43572555
83.0500,0.49932293,2.86335068,0.59651562,0.49693789,0.49803357,1.43572910
83.0600,0.49932266,2.86335205,0.59651695,0.49693799,0.49803272,1.43573264
83.0700,0.49932240,2.86335343,0.59651828,0.49693809,0.49803188,1.43573619
83.0800,0.49932213,2.86335480,0.59651960,0.49693818,0.49803103,1.43573973
83.0900,0.49932187,2.86335617,0.59652093,0.49693828,0.49803018,1.43574326
83.1000,0.49932161,2.86335755,0.59652225,0.49693838,0.49802934,1.43574680
83.1100,0.49932134,2.86335892,0.59652357,0.49693848,0.49802849,1.43575033
83.1200,0.49932108,2.86336029,0.59652489,0.49693857,0.49802765,1.43575386
83.1300,0.49932082,2.86336165,0.59652621,0.49693867,0.49802681,1.43575739
83.1400,0.49932055,2.86336302,0.59652753,0.49693877,0.49802596,1.43576091
83.1500,0.49932029,2.86336439,0.59652885,0.49693886,0.49802512,1.43576443
83.1600,0.49932003,2.86336575,0.59653017,0.49693896,0.49802428,1.43576795
83.1700,0.49931976,2.86336712,0.59653148,0.49693906,0.49802344,1.43577146
83.1800,0.49931950,2.86336848,0.59653280,0.49693915,0.49802260,1.43577498
83.1900,0.49931924,2.86336984,0.59653411,0.49693925,0.49802176,1.43577849
83.2000,0.49931898,2.86337120,0.59653543,0.49693935,0.49802092,1.43578199
83.2100,0.49931872,2.86337256,0.59653674,0.49693944,0.49802009,1.43578550
83.2200,0.49931845,2.86337392,0.59653805,0.49693954,0.49801925,1.43578900
83.2300,0.49931819,2.86337528,0.59653936,0.49693963,0.49801841,1.43579249
83.2400,0.49931793,2.86337664,0.59654067,0.49693973,0.49801758,1.43579599
83.2500,0.49931767,2.86337799,0.59654198,0.49693983,0.49801674,1.43579948
83.2600,0.49931741,2.86337935,0.59654328,0.49693992,0.49801591,1.43580297
83.2700,0.49931715,2.86338070,0.59654459,0.49694002,0.49801508,1.43580646
83.2800,0.49931689,2.86338205,0.59654590,0.49694011,0.49801424,1.43580994
83.2900,0.49931663,2.86338340,0.59654720,0.49694021,0.49801341,1.43581342
83.3000,0.49931637,2.86338475,0.59654850,0.49694030,0.49801258,1.43581690
83.3100,0.49931611,2.86338610,0.59654981,0.49694040,0.49801175,1.43582038
83.3200,0.49931585,2.86338745,0.59655111,0.49694049,0.49801092,1.43582385
83.3300,0.49931559,2.86338880,0.59655241,0.49694059,0.49801009,1.43582732
83.3400,0.49931533,2.86339014,0.59655371,0.49694068,0.49800926,1.43583079
83.3500,0.49931507,2.86339149,0.59655500,0.49694078,0.49800843,1.43583425
83.3600,0.49931481,2.86339283,0.59655630,0.49694087,0.49800760,1.43583771
83.3700,0.49931456,2.86339417,0.59655760,0.49694097,0.49800678,1.43584117
83.3800,0.49931430,2.86339551,0.59655889,0.49694106,0.49800595,1.43584463
83.3900,0.49931404,2.86339685,0.59656019,0.49694116,0.49800513,1.43584808
83.4000,0.49931378,2.86339819,0.59656148,0.49694125,0.49800430,1.43585153
83.4100,0.49931352,2.86339953,0.59656277,0.49694134,0.49800348,1.43585498
83.4200,0.49931327,2.86340087,0.59656406,0.49694144,0.49800265,1.43585842
83.4300,0.49931301,2.86340220,0.59656535,0.49694153,0.49800183,1.43586187
83.4400,0.49931275,2.86340354,0.59656664,0.49694163,0.49800101,1.43586530
83.4500,0.49931250,2.86340487,0.59656793,0.49694172,0.49800019,1.43586874
83.4600,0.49931224,2.86340621,0.59656922,0.49694181,0.49799937,1.43587217
83.4700,0.49931198,2.86340754,0.59657050,0.49694191,0.49799855,1.43587561
83.4800,0.49931173,2.86340887,0.59657179,0.49694200,0.49799773,1.43587903
83.4900,0.49931147,2.86341020,0.59657307,0.49694209,0.49799691,1.43588246
83.5000,0.49931122,2.86341153,0.59657436,0.49694219,0.49799609,1.43588588
83.5100,0.49931096,2.86341285,0.59657564,0.49694228,0.49799528,1.43588930
83.5200,0.49931070,2.86341418,0.59657692,0.49694237,0.49799446,1.43589272
83.5300,0.49931045,2.86341551,0.59657820,0.49694247,0.49799364,1.43589613
83.5400,0.49931019,2.86341683,0.59657948,0.49694256,0.49799283,1.43589954
83.5500,0.49930994,2.86341815,0.59658076,0.49694265,0.49799201,1.43590295
83.5600,0.49930969,2.86341948,0.59658204,0.49694274,0.49799120,1.43590636
83.5700,0.49930943,2.86342080,0.59658331,0.49694284,0.49799039,1.43590976
83.5800,0.49930918,2.86342212,0.59658459,0.49694293,0.49798957,1.43591316
83.5900,0.49930892,2.86342344,0.59658586,0.49694302,0.49798876,1.43591656
83.6000,0.49930867,2.86342475,0.59658714,0.49694311,0.49798795,1.43591996
83.6100,0.49930842,2.86342607,0.59658841,0.49694321,0.49798714,1.43592335
83.6200,0.49930816,2.86342739,0.59658968,0.49694330,0.49798633,1.43592674
83.6300,0.49930791,2.86342870,0.59659095,0.49694339,0.49798552,1.43593012
83.6400,0.49930766,2.86343002,0.59659222,0.49694348,0.49798471,1.43593351
83.6500,0.49930740,2.86343133,0.59659349,0.49694357,0.49798391,1.43593689
83.6600,0.49930715,2.86343264,0.59659476,0.49694366,0.49798310,1.43594027
83.6700,0.49930690,2.86343395,0.59659602,0.49694376,0.49798229,1.43594364
83.6800,0.49930665,2.86343526,0.59659729,0.49694385,0.49798149,1.43594702
83.6900,0.49930640,2.86343657,0.59659855,0.49694394,0.49798068,1.43595039
83.7000,0.49930614,2.86343788,0.59659982,0.49694403,0.49797988,1.43595376
83.7100,0.49930589,2.86343918,0.59660108,0.49694412,0.49797907,1.43595712
83.7200,0.49930564,2.86344049,0.59660234,0.49694421,0.49797827,1.43596048
83.7300,0.49930539,2.86344179,0.59660360,0.49694430,0.49797747,1.43596384
83.7400,0.49930514,2.86344310,0.59660486,0.49694439,0.49797667,1.43596720
83.7500,0.49930489,2.86344440,0.59660612,0.49694449,0.49797586,1.43597055
83.7600,0.49930464,2.86344570,0.59660738,0.49694458,0.49797506,1.43597390
83.7700,0.49930439,2.86344700,0.59660864,0.49694467,0.49797426,1.43597725
83.7800,0.49930414,2.86344830,0.59660989,0.49694476,0.49797347,1.43598060
83.7900,0.49930389,2.86344960,0.59661115,0.49694485,0.49797267,1.43598394
83.8000,0.49930364,2.86345090,0.59661240,0.49694494,0.49797187,1.43598728
83.8100,0.49930339,2.86345219,0.59661366,0.49694503,0.49797107,1.43599062
83.8200,0.49930314,2.86345349,0.59661491,0.49694512,0.49797028,1.43599396
83.8300,0.49930289,2.86345478,0.59661616,0.49694521,0.49796948,1.43599729
83.8400,0.49930264,2.86345607,0.59661741,0.49694530,0.49796868,1.43600062
83.8500,0.49930239,2.86345737,0.59661866,0.49694539,0.49796789,1.43600395
83.8600,0.49930215,2.86345866,0.59661991,0.49694548,0.49796710,1.43600727
83.8700,0.49930190,2.86345995,0.59662116,0.49694557,0.49796630,1.43601059
83.8800,0.49930165,2.86346124,0.59662240,0.49694566,0.49796551,1.43601391
83.8900,0.49930140,2.86346252,0.59662365,0.49694575,0.49796472,1.43601723
83.9000,0.49930115,2.86346381,0.59662489,0.49694584,0.49796393,1.43602054
83.9100,0.49930091,2.86346510,0.59662614,0.49694592,0.49796314,1.43602385
83.9200,0.49930066,2.86346638,0.59662738,0.49694601,0.49796235,1.43602716
83.9300,0.49930041,2.86346766,0.59662862,0.49694610,0.49796156,1.43603047
83.9400,0.49930017,2.86346895,0.59662986,0.49694619,0.49796077,1.43603377
83.9500,0.49929992,2.86347023,0.59663110,0.49694628,0.49795998,1.43603707
83.9600,0.49929967,2.86347151,0.59663234,0.49694637,0.49795919,1.43604037
83.9700,0.49929943,2.86347279,0.59663358,0.49694646,0.49795841,1.43604366
83.9800,0.49929918,2.86347407,0.59663481,0.49694655,0.49795762,1.43604695
83.9900,0.49929894,2.86347535,0.59663605,0.49694663,0.49795683,1.43605024
84.0000,0.49929869,2.86347662,0.59663729,0.49694672,0.49795605,1.43605353
84.0100,0.49929844,2.86347790,0.59663852,0.49694681,0.49795527,1.43605682
84.0200,0.49929820,2.86347917,0.59663975,0.49694690,0.49795448,1.43606010
84.0300,0.49929795,2.86348045,0.59664099,0.49694699,0.49795370,1.43606338
84.0400,0.49929771,2.86348172,0.59664222,0.49694708,0.49795292,1.43606665
84.0500,0.49929746,2.86348299,0.59664345,0.49694716,0.49795214,1.43606993
84.0600,0.49929722,2.86348426,0.59664468,0.49694725,0.49795135,1.43607320
84.0700,0.49929698,2.86348553,0.59664590,0.49694734,0.49795057,1.43607647
84.0800,0.49929673,2.86348680,0.59664713,0.49694743,0.49794979,1.43607973
84.0900,0.49929649,2.86348806,0.59664836,0.49694751,0.49794902,1.43608300
84.1000,0.49929624,2.86348933,0.59664958,0.49694760,0.49794824,1.43608626
84.1100,0.49929600,2.86349060,0.59665081,0.49694769,0.49794746,1.43608951
84.1200,0.49929576,2.86349186,0.59665203,0.49694778,0.49794668,1.43609277
84.1300,0.49929552,2.86349312,0.59665326,0.49694786,0.49794591,1.43609602
84.1400,0.49929527,2.86349439,0.59665448,0.49694795,0.49794513,1.43609927
84.1500,0.49929503,2.86349565,0.59665570,0.49694804,0.49794436,1.43610252
84.1600,0.49929479,2.86349691,0.59665692,0.49694812,0.49794358,1.43610576
84.1700,0.49929454,2.86349817,0.59665814,0.49694821,0.49794281,1.43610901
84.1800,0.49929430,2.86349943,0.59665936,0.49694830,0.49794203,1.43611224
84.1900,0.49929406,2.86350068,0.59666057,0.49694838,0.49794126,1.43611548
84.2000,0.49929382,2.86350194,0.59666179,0.49694847,0.49794049,1.43611872
84.2100,0.49929358,2.86350320,0.59666300,0.49694856,0.49793972,1.43612195
84.2200,0.49929334,2.86350445,0.59666422,0.49694864,0.49793895,1.43612518
84.2300,0.49929310,2.86350570,0.59666543,0.49694873,0.49793818,1.43612840
84.2400,0.49929285,2.86350696,0.59666665,0.49694882,0.49793741,1.43613163
84.2500,0.49929261,2.86350821,0.59666786,0.49694890,0.49793664,1.43613485
84.2600,0.49929237,2.86350946,0.59666907,0.49694899,0.49793587,1.43613807
84.2700,0.49929213,2.86351071,0.59667028,0.49694907,0.49793510,1.43614128
84.2800,0.49929189,2.86351195,0.59667149,0.49694916,0.49793434,1.43614450
84.2900,0.49929165,2.86351320,0.59667269,0.49694924,0.49793357,1.43614771
84.3000,0.49929141,2.86351445,0.59667390,0.49694933,0.49793280,1.43615091
84.3100,0.49929117,2.86351569,0.59667511,0.49694942,0.49793204,1.43615412
84.3200,0.49929093,2.86351694,0.59667631,0.49694950,0.49793128,1.43615732
84.3300,0.49929070,2.86351818,0.59667752,0.49694959,0.49793051,1.43616052
84.3400,0.49929046,2.86351942,0.59667872,0.49694967,0.49792975,1.43616372
84.3500,0.49929022,2.86352066,0.59667992,0.49694976,0.49792899,1.43616692
84.3600,0.49928998,2.86352191,0.59668112,0.49694984,0.49792822,1.43617011
84.3700,0.49928974,2.86352314,0.59668232,0.49694993,0.49792746,1.43617330
84.3800,0.49928950,2.86352438,0.59668352,0.49695001,0.49792670,1.43617649
84.3900,0.49928926,2.86352562,0.59668472,0.49695010,0.49792594,1.43617967
84.4000,0.49928903,2.86352686,0.59668592,0.49695018,0.49792518,1.43618285
84.4100,0.49928879,2.86352809,0.59668712,0.49695026,0.49792443,1.43618603
84.4200,0.49928855,2.86352933,0.59668831,0.49695035,0.49792367,1.43618921
84.4300,0.49928831,2.86353056,0.59668951,0.49695043,0.49792291,1.43619239
84.4400,0.49928808,2.86353179,0.59669070,0.49695052,0.49792215,1.43619556
84.4500,0.49928784,2.86353302,0.59669190,0.49695060,0.49792140,1.43619873
84.4600,0.49928760,2.86353425,0.59669309,0.49695069,0.49792064,1.43620189
84.4700,0.49928737,2.86353548,0.59669428,0.49695077,0.49791989,1.43620506
84.4800,0.49928713,2.86353671,0.59669547,0.49695085,0.49791913,1.43620822
84.4900,0.49928690,2.86353794,0.59669666,0.49695094,0.49791838,1.43621138
84.5000,0.49928666,2.86353917,0.59669785,0.49695102,0.49791763,1.43621454
84.5100,0.49928642,2.86354039,0.59669904,0.49695111,0.49791687,1.43621769
84.5200,0.49928619,2.86354162,0.59670022,0.49695119,0.49791612,1.43622084
84.5300,0.49928595,2.86354284,0.59670141,0.49695127,0.49791537,1.43622399
84.5400,0.49928572,2.86354406,0.59670259,0.49695136,0.49791462,1.43622714
84.5500,0.49928548,2.86354528,0.59670378,0.49695144,0.49791387,1.43623028
84.5600,0.49928525,2.86354651,0.59670496,0.49695152,0.49791312,1.43623342
84.5700,0.49928501,2.86354773,0.59670614,0.49695161,0.49791237,1.43623656
84.5800,0.49928478,2.86354894,0.59670732,0.49695169,0.49791162,1.43623970
84.5900,0.49928454,2.86355016,0.59670850,0.49695177,0.49791088,1.43624283
84.6000,0.49928431,2.86355138,0.59670968,0.49695185,0.49791013,1.43624596
84.6100,0.49928408,2.86355259,0.59671086,0.49695194,0.49790938,1.43624909
84.6200,0.49928384,2.86355381,0.59671204,0.49695202,0.49790864,1.43625222
84.6300,0.49928361,2.86355502,0.59671322,0.49695210,0.49790789,1.43625534
84.6400,0.49928338,2.86355624,0.59671439,0.49695218,0.49790715,1.43625846
84.6500,0.49928314,2.86355745,0.59671557,0.49695227,0.49790640,1.43626158
84.6600,0.49928291,2.86355866,0.59671674,0.49695235,0.49790566,1.43626470
84.6700,0.49928268,2.86355987,0.59671791,0.49695243,0.49790492,1.43626781
84.6800,0.49928245,2.86356108,0.59671909,0.49695251,0.49790418,1.43627092
84.6900,0.49928221,2.86356229,0.59672026,0.49695260,0.49790344,1.43627403
84.7000,0.49928198,2.86356349,0.59672143,0.49695268,0.49790270,1.43627713
84.7100,0.49928175,2.86356470,0.59672260,0.49695276,0.49790196,1.43628024
84.7200,0.49928152,2.86356590,0.59672377,0.49695284,0.49790122,1.43628334
84.7300,0.49928129,2.86356711,0.59672494,0.49695292,0.49790048,1.43628644
84.7400,0.49928105,2.86356831,0.59672610,0.49695300,0.49789974,1.43628953
84.7500,0.49928082,2.86356951,0.59672727,0.49695309,0.49789900,1.43629263
84.7600,0.49928059,2.86357072,0.59672843,0.49695317,0.49789826,1.43629572
84.7700,0.49928036,2.86357192,0.59672960,0.49695325,0.49789753,1.43629880
84.7800,0.49928013,2.86357312,0.59673076,0.49695333,0.49789679,1.43630189
84.7900,0.49927990,2.86357431,0.59673192,0.49695341,0.49789606,1.43630497
84.8000,0.49927967,2.86357551,0.59673308,0.49695349,0.49789532,1.43630805
84.8100,0.49927944,2.86357671,0.59673425,0.49695357,0.49789459,1.43631113
84.8200,0.49927921,2.86357790,0.59673541,0.49695365,0.49789386,1.43631421
84.8300,0.49927898,2.86357910,0.59673656,0.49695373,0.49789312,1.43631728
84.8400,0.49927875,2.86358029,0.59673772,0.49695382,0.49789239,1.43632035
84.8500,0.49927852,2.86358148,0.59673888,0.49695390,0.49789166,1.43632342
84.8600,0.49927829,2.86358268,0.59674004,0.49695398,0.49789093,1.43632649
84.8700,0.49927806,2.86358387,0.59674119,0.49695406,0.49789020,1.43632955
84.8800,0.49927783,2.86358506,0.59674235,0.49695414,0.49788947,1.43633261
84.8900,0.49927761,2.86358625,0.59674350,0.49695422,0.49788874,1.43633567
84.9000,0.49927738,2.86358743,0.59674465,0.49695430,0.49788801,1.43633873
84.9100,0.49927715,2.86358862,0.59674580,0.49695438,0.49788728,1.43634178
84.9200,0.49927692,2.86358981,0.59674695,0.49695446,0.49788655,1.43634483
84.9300,0.49927669,2.86359099,0.59674810,0.49695454,0.49788583,1.43634788
84.9400,0.49927647,2.86359218,0.59674925,0.49695462,0.49788510,1.43635092
84.9500,0.49927624,2.86359336,0.59675040,0.49695470,0.49788438,1.43635397
84.9600,0.49927601,2.86359454,0.59675155,0.49695478,0.49788365,1.43635701
84.9700,0.49927578,2.86359572,0.59675270,0.49695486,0.49788293,1.43636005
84.9800,0.49927556,2.86359690,0.59675384,0.49695494,0.49788220,1.43636308
84.9900,0.49927533,2.86359808,0.59675499,0.49695502,0.49788148,1.43636612
85.0000,0.49927510,2.86359926,0.59675613,0.49695510,0.49788076,1.43636915
85.0100,0.49927488,2.86360044,0.59675727,0.49695517,0.49788004,1.43637218
85.0200,0.49927465,2.86360162,0.59675842,0.49695525,0.49787931,1.43637520
85.0300,0.49927443,2.86360279,0.59675956,0.49695533,0.49787859,1.43637823
85.0400,0.49927420,2.86360397,0.59676070,0.49695541,0.49787787,1.43638125
85.0500,0.49927397,2.86360514,0.59676184,0.49695549,0.49787715,1.43638427
85.0600,0.49927375,2.86360631,0.59676297,0.49695557,0.49787644,1.43638729
85.0700,0.49927352,2.86360749,0.59676411,0.49695565,0.49787572,1.43639030
85.0800,0.49927330,2.86360866,0.59676525,0.49695573,0.49787500,1.43639331
85.0900,0.49927307,2.86360983,0.59676639,0.49695581,0.49787428,1.43639632
85.1000,0.49927285,2.86361100,0.59676752,0.49695588,0.49787357,1.43639933
85.1100,0.49927262,2.86361216,0.59676865,0.49695596,0.49787285,1.43640233
85.1200,0.49927240,2.86361333,0.59676979,0.49695604,0.49787213,1.43640533
85.1300,0.49927218,2.86361450,0.59677092,0.49695612,0.49787142,1.43640833
85.1400,0.49927195,2.86361566,0.59677205,0.49695620,0.49787071,1.43641133
85.1500,0.49927173,2.86361683,0.59677318,0.49695627,0.49786999,1.43641432
85.1600,0.49927150,2.86361799,0.59677431,0.49695635,0.49786928,1.43641732
85.1700,0.49927128,2.86361915,0.59677544,0.49695643,0.49786857,1.43642031
85.1800,0.49927106,2.86362032,0.59677657,0.49695651,0.49786786,1.43642329
85.1900,0.49927083,2.86362148,0.59677770,0.49695659,0.49786714,1.43642628
85.2000,0.49927061,2.86362264,0.59677882,0.49695666,0.49786643,1.43642926
85.2100,0.49927039,2.86362379,0.59677995,0.49695674,0.49786572,1.43643224
85.2200,0.49927017,2.86362495,0.59678107,0.49695682,0.49786501,1.43643522
85.2300,0.49926994,2.86362611,0.59678220,0.49695690,0.49786430,1.43643819
85.2400,0.49926972,2.86362727,0.59678332,0.49695697,0.49786360,1.43644117
85.2500,0.49926950,2.86362842,0.59678444,0.49695705,0.49786289,1.43644414
85.2600,0.49926928,2.86362958,0.59678556,0.49695713,0.49786218,1.43644710
85.2700,0.49926906,2.86363073,0.59678668,0.49695721,0.49786148,1.43645007
85.2800,0.49926883,2.86363188,0.59678780,0.49695728,0.49786077,1.43645303
85.2900,0.49926861,2.86363303,0.59678892,0.49695736,0.49786006,1.43645599
85.3000,0.49926839,2.86363418,0.59679004,0.49695744,0.49785936,1.43645895
85.3100,0.49926817,2.86363533,0.59679116,0.49695751,0.49785866,1.43646191
85.3200,0.49926795,2.86363648,0.59679227,0.49695759,0.49785795,1.43646486
85.3300,0.49926773,2.86363763,0.59679339,0.49695767,0.49785725,1.43646781
85.3400,0.49926751,2.86363878,0.59679450,0.49695774,0.49785655,1.43647076
85.3500,0.49926729,2.86363992,0.59679562,0.49695782,0.49785584,1.43647371
85.3600,0.49926707,2.86364107,0.59679673,0.49695790,0.49785514,1.43647665
85.3700,0.49926685,2.86364221,0.59679784,0.49695797,0.49785444,1.43647959
85.3800,0.49926663,2.86364336,0.59679895,0.49695805,0.49785374,1.43648253
85.3900,0.49926641,2.86364450,0.59680006,0.49695812,0.49785304,1.43648547
85.4000,0.49926619,2.86364564,0.59680117,0.49695820,0.49785234,1.43648840
85.4100,0.49926597,2.86364678,0.59680228,0.49695828,0.49785165,1.43649134
85.4200,0.49926575,2.86364792,0.59680339,0.49695835,0.49785095,1.43649427
85.4300,0.49926553,2.86364906,0.59680449,0.49695843,0.49785025,1.43649719
85.4400,0.49926531,2.86365020,0.59680560,0.49695850,0.49784955,1.43650012
85.4500,0.49926510,2.86365133,0.59680671,0.49695858,0.49784886,1.43650304
85.4600,0.49926488,2.86365247,0.59680781,0.49695865,0.49784816,1.43650596
85.4700,0.49926466,2.86365360,0.59680891,0.49695873,0.49784747,1.43650888
85.4800,0.49926444,2.86365474,0.59681002,0.49695880,0.49784677,1.43651179
85.4900,0.49926422,2.86365587,0.59681112,0.49695888,0.49784608,1.43651471
85.5000,0.49926401,2.86365700,0.59681222,0.49695895,0.49784539,1.43651762
85.5100,0.49926379,2.86365814,0.59681332,0.49695903,0.49784469,1.43652053
85.5200,0.49926357,2.86365927,0.59681442,0.49695910,0.49784400,1.43652343
85.5300,0.49926335,2.86366040,0.59681552,0.49695918,0.49784331,1.43652634
85.5400,0.49926314,2.86366152,0.59681661,0.49695925,0.49784262,1.43652924
85.5500,0.49926292,2.86366265,0.59681771,0.49695933,0.49784193,1.43653214
85.5600,0.49926270,2.86366378,0.59681881,0.49695940,0.49784124,1.43653503
85.5700,0.49926249,2.86366491,0.59681990,0.49695948,0.49784055,1.43653793
85.5800,0.49926227,2.86366603,0.59682099,0.49695955,0.49783986,1.43654082
85.5900,0.49926205,2.86366715,0.59682209,0.49695963,0.49783917,1.43654371
85.6000,0.49926184,2.86366828,0.59682318,0.49695970,0.49783849,1.43654660
85.6100,0.49926162,2.86366940,0.59682427,0.49695978,0.49783780,1.43654948
85.6200,0.49926141,2.86367052,0.59682536,0.49695985,0.49783711,1.43655236
85.6300,0.49926119,2.86367164,0.59682645,0.49695992,0.49783643,1.43655524
85.6400,0.49926098,2.86367276,0.59682754,0.49696000,0.49783574,1.43655812
85.6500,0.49926076,2.86367388,0.59682863,0.49696007,0.49783506,1.43656100
85.6600,0.49926055,2.86367500,0.59682972,0.49696015,0.49783437,1.43656387
85.6700,0.49926033,2.86367612,0.59683080,0.49696022,0.49783369,1.43656674
85.6800,0.49926012,2.86367723,0.59683189,0.49696029,0.49783301,1.43656961
85.6900,0.49925990,2.86367835,0.59683297,0.49696037,0.49783232,1.43657247
85.7000,0.49925969,2.86367946,0.59683406,0.49696044,0.49783164,1.43657534
85.7100,0.49925948,2.86368058,0.59683514,0.49696051,0.49783096,1.43657820
85.7200,0.49925926,2.86368169,0.59683622,0.49696059,0.49783028,1.43658106
85.7300,0.49925905,2.86368280,0.59683730,0.49696066,0.49782960,1.43658392
85.7400,0.49925883,2.86368391,0.59683839,0.49696073,0.49782892,1.43658677
85.7500,0.49925862,2.86368502,0.59683947,0.49696081,0.49782824,1.43658962
85.7600,0.49925841,2.86368613,0.59684054,0.49696088,0.49782756,1.43659247
85.7700,0.49925820,2.86368724,0.59684162,0.49696095,0.49782689,1.43659532
85.7800,0.49925798,2.86368835,0.59684270,0.49696103,0.49782621,1.43659817
85.7900,0.49925777,2.86368945,0.59684378,0.49696110,0.49782553,1.43660101
85.8000,0.49925756,2.86369056,0.59684485,0.49696117,0.49782486,1.43660385
85.8100,0.49925735,2.86369166,0.59684593,0.49696125,0.49782418,1.43660669
85.8200,0.49925713,2.86369277,0.59684700,0.49696132,0.49782351,1.43660952
85.8300,0.49925692,2.86369387,0.59684807,0.49696139,0.49782283,1.43661236
85.8400,0.49925671,2.86369497,0.59684915,0.49696146,0.49782216,1.43661519
85.8500,0.49925650,2.86369607,0.59685022,0.49696154,0.49782148,1.43661802
85.8600,0.49925629,2.86369717,0.59685129,0.49696161,0.49782081,1.43662084
85.8700,0.49925608,2.86369827,0.59685236,0.49696168,0.49782014,1.43662367
85.8800,0.49925586,2.86369937,0.59685343,0.49696175,0.49781947,1.43662649
85.8900,0.49925565,2.86370047,0.59685450,0.49696182,0.49781880,1.43662931
85.9000,0.49925544,2.86370156,0.59685556,0.49696190,0.49781813,1.43663213
85.9100,0.49925523,2.86370266,0.59685663,0.49696197,0.49781746,1.43663494
85.9200,0.49925502,2.86370376,0.59685770,0.49696204,0.49781679,1.43663776
85.9300,0.49925481,2.86370485,0.59685876,0.49696211,0.49781612,1.43664057
85.9400,0.49925460,2.86370594,0.59685983,0.49696218,0.49781545,1.43664338
85.9500,0.49925439,2.86370704,0.59686089,0.49696226,0.49781478,1.43664618
85.9600,0.49925418,2.86370813,0.59686195,0.49696233,0.49781411,1.43664899
85.9700,0.49925397,2.86370922,0.59686301,0.49696240,0.49781345,1.43665179
85.9800,0.49925376,2.86371031,0.59686407,0.49696247,0.49781278,1.43665459
85.9900,0.49925355,2.86371140,0.59686513,0.49696254,0.49781212,1.43665738
86.0000,0.49925334,2.86371248,0.59686619,0.49696261,0.49781145,1.43666018
86.0100,0.49925314,2.86371357,0.59686725,0.49696268,0.49781079,1.43666297
86.0200,0.49925293,2.86371466,0.59686831,0.49696275,0.49781012,1.43666576
86.0300,0.49925272,2.86371574,0.59686937,0.49696283,0.49780946,1.43666855
86.0400,0.49925251,2.86371683,0.59687042,0.49696290,0.49780880,1.43667134
86.0500,0.49925230,2.86371791,0.59687148,0.49696297,0.49780813,1.43667412
86.0600,0.49925209,2.86371899,0.59687253,0.49696304,0.49780747,1.43667690
86.0700,0.49925189,2.86372008,0.59687359,0.49696311,0.49780681,1.43667968
86.0800,0.49925168,2.86372116,0.59687464,0.49696318,0.49780615,1.43668246
86.0900,0.49925147,2.86372224,0.59687569,0.49696325,0.49780549,1.43668523
86.1000,0.49925126,2.86372332,0.59687674,0.49696332,0.49780483,1.43668800
86.1100,0.49925106,2.86372440,0.59687779,0.49696339,0.49780417,1.43669077
86.1200,0.49925085,2.86372547,0.59687884,0.49696346,0.49780351,1.43669354
86.1300,0.49925064,2.86372655,0.59687989,0.49696353,0.49780286,1.43669631
86.1400,0.49925044,2.86372763,0.59688094,0.49696360,0.49780220,1.43669907
86.1500,0.49925023,2.86372870,0.59688199,0.49696367,0.49780154,1.43670183
86.1600,0.49925002,2.86372978,0.59688303,0.49696374,0.49780088,1.43670459
86.1700,0.49924982,2.86373085,0.59688408,0.49696381,0.49780023,1.43670734
86.1800,0.49924961,2.86373192,0.59688512,0.49696388,0.49779957,1.43671010
86.1900,0.49924941,2.86373299,0.59688617,0.49696395,0.49779892,1.43671285
86.2000,0.49924920,2.86373406,0.59688721,0.49696402,0.49779827,1.43671560
86.2100,0.49924899,2.86373513,0.59688825,0.49696409,0.49779761,1.43671835
86.2200,0.49924879,2.86373620,0.59688929,0.49696416,0.49779696,1.43672109
86.2300,0.49924858,2.86373727,0.59689033,0.49696423,0.49779631,1.43672384
86.2400,0.49924838,2.86373834,0.59689137,0.49696430,0.49779565,1.43672658
86.2500,0.49924817,2.86373940,0.59689241,0.49696437,0.49779500,1.43672932
86.2600,0.49924797,2.86374047,0.59689345,0.49696444,0.49779435,1.43673205
86.2700,0.49924776,2.86374153,0.59689449,0.49696451,0.49779370,1.43673479
86.2800,0.49924756,2.86374260,0.59689553,0.49696458,0.49779305,1.43673752
86.2900,0.49924736,2.86374366,0.59689656,0.49696464,0.49779240,1.43674025
86.3000,0.49924715,2.86374472,0.59689760,0.49696471,0.49779175,1.43674297
86.3100,0.49924695,2.86374579,0.59689863,0.49696478,0.49779111,1.43674570
86.3200,0.49924674,2.86374685,0.59689967,0.49696485,0.49779046,1.43674842
86.3300,0.49924654,2.86374791,0.59690070,0.49696492,0.49778981,1.43675114
86.3400,0.49924634,2.86374896,0.59690173,0.49696499,0.49778917,1.43675386
86.3500,0.49924613,2.86375002,0.59690276,0.49696506,0.49778852,1.43675658
86.3600,0.49924593,2.86375108,0.59690379,0.49696513,0.49778787,1.43675929
86.3700,0.49924573,2.86375214,0.59690482,0.49696519,0.49778723,1.43676200
86.3800,0.49924553,2.86375319,0.59690585,0.49696526,0.49778658,1.43676471
86.3900,0.49924532,2.86375425,0.59690688,0.49696533,0.49778594,1.43676742
86.4000,0.49924512,2.86375530,0.59690791,0.49696540,0.49778530,1.43677013
86.4100,0.49924492,2.86375635,0.59690893,0.49696547,0.49778465,1.43677283
86.4200,0.49924472,2.86375741,0.59690996,0.49696553,0.49778401,1.43677553
86.4300,0.49924451,2.86375846,0.59691098,0.49696560,0.49778337,1.43677823
86.4400,0.49924431,2.86375951,0.59691201,0.49696567,0.49778273,1.43678093
86.4500,0.49924411,2.86376056,0.59691303,0.49696574,0.49778209,1.43678362
86.4600,0.49924391,2.86376161,0.59691405,0.49696581,0.49778145,1.43678631
86.4700,0.49924371,2.86376265,0.59691507,0.49696587,0.49778081,1.43678900
86.4800,0.49924351,2.86376370,0.59691610,0.49696594,0.49778017,1.43679169
86.4900,0.49924331,2.86376475,0.59691712,0.49696601,0.49777953,1.43679438
86.5000,0.49924311,2.86376579,0.59691814,0.49696608,0.49777889,1.43679706
86.5100,0.49924290,2.86376684,0.59691915,0.49696614,0.49777826,1.43679974
86.5200,0.49924270,2.86376788,0.59692017,0.49696621,0.49777762,1.43680242
86.5300,0.49924250,2.86376892,0.59692119,0.49696628,0.49777698,1.43680510
86.5400,0.49924230,2.86376997,0.59692220,0.49696635,0.49777635,1.43680777
86.5500,0.49924210,2.86377101,0.59692322,0.49696641,0.49777571,1.43681044
86.5600,0.49924190,2.86377205,0.59692423,0.49696648,0.49777508,1.43681311
86.5700,0.49924170,2.86377309,0.59692525,0.49696655,0.49777444,1.43681578
86.5800,0.49924151,2.86377413,0.59692626,0.49696661,0.49777381,1.43681845
86.5900,0.49924131,2.86377516,0.59692727,0.49696668,0.49777318,1.43682111
86.6000,0.49924111,2.86377620,0.59692829,0.49696675,0.49777254,1.43682377
86.6100,0.49924091,2.86377724,0.59692930,0.49696681,0.49777191,1.43682643
86.6200,0.49924071,2.86377827,0.59693031,0.49696688,0.49777128,1.43682909
86.6300,0.49924051,2.86377931,0.59693132,0.49696695,0.49777065,1.43683175
86.6400,0.49924031,2.86378034,0.59693232,0.49696701,0.49777002,1.43683440
86.6500,0.49924011,2.86378137,0.59693333,0.49696708,0.49776939,1.43683705
86.6600,0.49923992,2.86378241,0.59693434,0.49696715,0.49776876,1.43683970
86.6700,0.49923972,2.86378344,0.59693535,0.49696721,0.49776813,1.43684234
86.6800,0.49923952,2.86378447,0.59693635,0.49696728,0.49776750,1.43684499
86.6900,0.49923932,2.86378550,0.59693736,0.49696735,0.49776687,1.43684763
86.7000,0.49923912,2.86378653,0.59693836,0.49696741,0.49776625,1.43685027
86.7100,0.49923893,2.86378755,0.59693936,0.49696748,0.49776562,1.43685291
86.7200,0.49923873,2.86378858,0.59694036,0.49696754,0.49776499,1.43685554
86.7300,0.49923853,2.86378961,0.59694137,0.49696761,0.49776437,1.43685818
86.7400,0.49923834,2.86379063,0.59694237,0.49696767,0.49776374,1.43686081
86.7500,0.49923814,2.86379166,0.59694337,0.49696774,0.49776312,1.43686344
86.7600,0.49923794,2.86379268,0.59694437,0.49696781,0.49776249,1.43686607
86.7700,0.49923775,2.86379370,0.59694536,0.49696787,0.49776187,1.43686869
86.7800,0.49923755,2.86379473,0.59694636,0.49696794,0.49776125,1.43687131
86.7900,0.49923735,2.86379575,0.59694736,0.49696800,0.49776062,1.43687393
86.8000,0.49923716,2.86379677,0.59694835,0.49696807,0.49776000,1.43687655
86.8100,0.49923696,2.86379779,0.59694935,0.49696813,0.49775938,1.43687917
86.8200,0.49923677,2.86379881,0.59695034,0.49696820,0.49775876,1.43688178
86.8300,0.49923657,2.86379983,0.59695134,0.49696826,0.49775814,1.43688440
86.8400,0.49923637,2.86380084,0.59695233,0.49696833,0.49775752,1.43688701
86.8500,0.49923618,2.86380186,0.59695332,0.49696839,0.49775690,1.43688961
86.8600,0.49923598,2.86380288,0.59695432,0.49696846,0.49775628,1.43689222
86.8700,0.49923579,2.86380389,0.59695531,0.49696852,0.49775566,1.43689482
86.8800,0.49923560,2.86380490,0.59695630,0.49696859,0.49775504,1.43689743
86.8900,0.49923540,2.86380592,0.59695729,0.49696865,0.49775442,1.43690003
86.9000,0.49923521,2.86380693,0.59695827,0.49696872,0.49775381,1.43690262
86.9100,0.49923501,2.86380794,0.59695926,0.49696878,0.49775319,1.43690522
86.9200,0.49923482,2.86380895,0.59696025,0.49696885,0.49775257,1.43690781
86.9300,0.49923462,2.86380996,0.59696124,0.49696891,0.49775196,1.43691040
86.9400,0.49923443,2.86381097,0.59696222,0.49696897,0.49775134,1.43691299
86.9500,0.49923424,2.86381198,0.59696321,0.49696904,0.49775073,1.43691558
86.9600,0.49923404,2.86381299,0.59696419,0.49696910,0.49775011,1.43691816
86.9700,0.49923385,2.86381400,0.59696517,0.49696917,0.49774950,1.43692074
86.9800,0.49923366,2.86381500,0.59696616,0.49696923,0.49774889,1.43692333
86.9900,0.49923346,2.86381601,0.59696714,0.49696930,0.49774828,1.43692590
87.0000,0.49923327,2.86381701,0.59696812,0.49696936,0.49774766,1.43692848
87.0100,0.49923308,2.86381802,0.59696910,0.49696942,0.49774705,1.43693105
87.0200,0.49923289,2.86381902,0.59697008,0.49696949,0.49774644,1.43693363
87.0300,0.49923269,2.86382002,0.59697106,0.49696955,0.49774583,1.43693620
87.0400,0.49923250,2.86382102,0.59697203,0.49696961,0.49774522,1.43693876
87.0500,0.49923231,2.86382202,0.59697301,0.49696968,0.49774461,1.43694133
87.0600,0.49923212,2.86382302,0.59697399,0.49696974,0.49774400,1.43694389
87.0700,0.49923193,2.86382402,0.59697496,0.49696980,0.49774339,1.43694646
87.0800,0.49923173,2.86382502,0.59697594,0.49696987,0.49774279,1.43694901
87.0900,0.49923154,2.86382602,0.59697691,0.49696993,0.49774218,1.43695157
87.1000,0.49923135,2.86382701,0.59697789,0.49696999,0.49774157,1.43695413
87.1100,0.49923116,2.86382801,0.59697886,0.49697006,0.49774097,1.43695668
87.1200,0.49923097,2.86382900,0.59697983,0.49697012,0.49774036,1.43695923
87.1300,0.49923078,2.86383000,0.59698080,0.49697018,0.49773975,1.43696178
87.1400,0.49923059,2.86383099,0.59698177,0.49697025,0.49773915,1.43696433
87.1500,0.49923040,2.86383198,0.59698274,0.49697031,0.49773854,1.43696687
87.1600,0.49923021,2.86383297,0.59698371,0.49697037,0.49773794,1.43696942
87.1700,0.49923002,2.86383397,0.59698468,0.49697044,0.49773734,1.43697196
87.1800,0.49922983,2.86383496,0.59698565,0.49697050,0.49773673,1.43697450
87.1900,0.49922964,2.86383594,0.59698661,0.49697056,0.49773613,1.43697703
87.2000,0.49922945,2.86383693,0.59698758,0.49697062,0.49773553,1.43697957
87.2100,0.49922926,2.86383792,0.59698854,0.49697069,0.49773493,1.43698210
87.2200,0.49922907,2.86383891,0.59698951,0.49697075,0.49773433,1.43698463
87.2300,0.49922888,2.86383989,0.59699047,0.49697081,0.49773373,1.43698716
87.2400,0.49922869,2.86384088,0.59699144,0.49697087,0.49773313,1.43698968
87.2500,0.49922850,2.86384186,0.59699240,0.49697094,0.49773253,1.43699221
87.2600,0.49922831,2.86384285,0.59699336,0.49697100,0.49773193,1.43699473
87.2700,0.49922812,2.86384383,0.59699432,0.49697106,0.49773133,1.43699725
87.2800,0.49922793,2.86384481,0.59699528,0.49697112,0.49773073,1.43699977
87.2900,0.49922775,2.86384579,0.59699624,0.49697118,0.49773014,1.43700229
87.3000,0.49922756,2.86384678,0.59699720,0.49697125,0.49772954,1.43700480
87.3100,0.49922737,2.86384776,0.59699816,0.49697131,0.49772894,1.43700731
87.3200,0.49922718,2.86384873,0.59699911,0.49697137,0.49772835,1.43700982
87.3300,0.49922699,2.86384971,0.59700007,0.49697143,0.49772775,1.43701233
87.3400,0.49922681,2.86385069,0.59700102,0.49697149,0.49772716,1.43701484
87.3500,0.49922662,2.86385167,0.59700198,0.49697155,0.49772656,1.43701734
87.3600,0.49922643,2.86385264,0.59700293,0.49697162,0.49772597,1.43701984
87.3700,0.49922624,2.86385362,0.59700389,0.49697168,0.49772537,1.43702234
87.3800,0.49922606,2.86385459,0.59700484,0.49697174,0.49772478,1.43702484
87.3900,0.49922587,2.86385557,0.59700579,0.49697180,0.49772419,1.43702733
87.4000,0.49922568,2.86385654,0.59700674,0.49697186,0.49772360,1.43702983
87.4100,0.49922550,2.86385751,0.59700769,0.49697192,0.49772301,1.43703232
87.4200,0.49922531,2.86385848,0.59700864,0.49697198,0.49772242,1.43703481
87.4300,0.49922512,2.86385945,0.59700959,0.49697204,0.49772182,1.43703730
87.4400,0.49922494,2.86386042,0.59701054,0.49697210,0.49772123,1.43703978
87.4500,0.49922475,2.86386139,0.59701149,0.49697217,0.49772065,1.43704226
87.4600,0.49922457,2.86386236,0.59701243,0.49697223,0.49772006,1.43704475
87.4700,0.49922438,2.86386333,0.59701338,0.49697229,0.49771947,1.43704723
87.4800,0.49922419,2.86386429,0.59701433,0.49697235,0.49771888,1.43704970
87.4900,0.49922401,2.86386526,0.59701527,0.49697241,0.49771829,1.43705218
87.5000,0.49922382,2.86386623,0.59701621,0.49697247,0.49771771,1.43705465
87.5100,0.49922364,2.86386719,0.59701716,0.49697253,0.49771712,1.43705712
87.5200,0.49922345,2.86386815,0.59701810,0.49697259,0.49771653,1.43705959
87.5300,0.49922327,2.86386912,0.59701904,0.49697265,0.49771595,1.43706206
87.5400,0.49922308,2.86387008,0.59701998,0.49697271,0.49771536,1.43706452
87.5500,0.49922290,2.86387104,0.59702092,0.49697277,0.49771478,1.43706699
87.5600,0.49922272,2.86387200,0.59702186,0.49697283,0.49771419,1.43706945
87.5700,0.49922253,2.86387296,0.59702280,0.49697289,0.49771361,1.43707191
87.5800,0.49922235,2.86387392,0.59702374,0.49697295,0.49771303,1.43707437
87.5900,0.49922216,2.86387488,0.59702468,0.49697301,0.49771244,1.43707682
87.6000,0.49922198,2.86387583,0.59702561,0.49697307,0.49771186,1.43707927
87.6100,0.49922180,2.86387679,0.59702655,0.49697313,0.49771128,1.43708173
87.6200,0.49922161,2.86387775,0.59702749,0.49697319,0.49771070,1.43708417
87.6300,0.49922143,2.86387870,0.59702842,0.49697325,0.49771012,1.43708662
87.6400,0.49922125,2.86387966,0.59702935,0.49697331,0.49770954,1.43708907
87.6500,0.49922106,2.86388061,0.59703029,0.49697337,0.49770896,1.43709151
87.6600,0.49922088,2.86388156,0.59703122,0.49697343,0.49770838,1.43709395
87.6700,0.49922070,2.86388252,0.59703215,0.49697349,0.49770780,1.43709639
87.6800,0.49922052,2.86388347,0.59703308,0.49697355,0.49770722,1.43709883
87.6900,0.49922033,2.86388442,0.59703401,0.49697361,0.49770664,1.43710126
87.7000,0.49922015,2.86388537,0.59703494,0.49697367,0.49770607,1.43710370
87.7100,0.49921997,2.86388632,0.59703587,0.49697373,0.49770549,1.43710613
87.7200,0.49921979,2.86388726,0.59703680,0.49697378,0.49770491,1.43710856
87.7300,0.49921960,2.86388821,0.59703773,0.49697384,0.49770434,1.43711098
87.7400,0.49921942,2.86388916,0.59703865,0.49697390,0.49770376,1.43711341
87.7500,0.49921924,2.86389010,0.59703958,0.49697396,0.49770319,1.43711583
87.7600,0.49921906,2.86389105,0.59704050,0.49697402,0.49770261,1.43711825
87.7700,0.49921888,2.86389199,0.59704143,0.49697408,0.49770204,1.43712067
87.7800,0.49921870,2.86389294,0.59704235,0.49697414,0.49770147,1.43712309
87.7900,0.49921852,2.86389388,0.59704327,0.49697420,0.49770089,1.43712551
87.8000,0.49921834,2.86389482,0.59704420,0.49697426,0.49770032,1.43712792
87.8100,0.49921816,2.86389577,0.59704512,0.49697431,0.49769975,1.43713033
87.8200,0.49921798,2.86389671,0.59704604,0.49697437,0.49769918,1.43713274
87.8300,0.49921779,2.86389765,0.59704696,0.49697443,0.49769861,1.43713515
87.8400,0.49921761,2.86389859,0.59704788,0.49697449,0.49769803,1.43713755
87.8500,0.49921743,2.86389952,0.59704880,0.49697455,0.49769746,1.43713996
87.8600,0.49921725,2.86390046,0.59704972,0.49697461,0.49769690,1.43714236
87.8700,0.49921707,2.86390140,0.59705063,0.49697466,0.49769633,1.43714476
87.8800,0.49921689,2.86390233,0.59705155,0.49697472,0.49769576,1.43714716
87.8900,0.49921672,2.86390327,0.59705247,0.49697478,0.49769519,1.43714955
87.9000,0.49921654,2.86390421,0.59705338,0.49697484,0.49769462,1.43715195
87.9100,0.49921636,2.86390514,0.59705430,0.49697490,0.49769405,1.43715434
87.9200,0.49921618,2.86390607,0.59705521,0.49697495,0.49769349,1.43715673
87.9300,0.49921600,2.86390700,0.59705612,0.49697501,0.49769292,1.43715912
87.9400,0.49921582,2.86390794,0.59705704,0.49697507,0.49769235,1.43716150
87.9500,0.49921564,2.86390887,0.59705795,0.49697513,0.49769179,1.43716389
87.9600,0.49921546,2.86390980,0.59705886,0.49697518,0.49769122,1.43716627
87.9700,0.49921528,2.86391073,0.59705977,0.49697524,0.49769066,1.43716865
87.9800,0.49921511,2.86391166,0.59706068,0.49697530,0.49769010,1.43717103
87.9900,0.49921493,2.86391258,0.59706159,0.49697536,0.49768953,1.43717340
88.0000,0.49921475,2.86391351,0.59706250,0.49697541,0.49768897,1.43717578
88.0100,0.49921457,2.86391444,0.59706340,0.49697547,0.49768841,1.43717815
88.0200,0.49921440,2.86391536,0.59706431,0.49697553,0.49768784,1.43718052
88.0300,0.49921422,2.86391629,0.59706522,0.49697559,0.49768728,1.43718289
88.0400,0.49921404,2.86391721,0.59706612,0.49697564,0.49768672,1.43718526
88.0500,0.49921386,2.86391814,0.59706703,0.49697570,0.49768616,1.43718762
88.0600,0.49921369,2.86391906,0.59706793,0.49697576,0.49768560,1.43718998
88.0700,0.49921351,2.86391998,0.59706884,0.49697581,0.49768504,1.43719235
88.0800,0.49921333,2.86392090,0.59706974,0.49697587,0.49768448,1.43719470
88.0900,0.49921316,2.86392182,0.59707064,0.49697593,0.49768392,1.43719706
88.1000,0.49921298,2.86392274,0.59707154,0.49697599,0.49768336,1.43719942
88.1100,0.49921280,2.86392366,0.59707244,0.49697604,0.49768281,1.43720177
88.1200,0.49921263,2.86392458,0.59707334,0.49697610,0.49768225,1.43720412
88.1300,0.49921245,2.86392550,0.59707424,0.49697615,0.49768169,1.43720647
88.1400,0.49921227,2.86392642,0.59707514,0.49697621,0.49768114,1.43720882
88.1500,0.49921210,2.86392733,0.59707604,0.49697627,0.49768058,1.43721116
88.1600,0.49921192,2.86392825,0.59707693,0.49697632,0.49768002,1.43721351
88.1700,0.49921175,2.86392916,0.59707783,0.49697638,0.49767947,1.43721585
88.1800,0.49921157,2.86393008,0.59707873,0.49697644,0.49767891,1.43721819
88.1900,0.49921140,2.86393099,0.59707962,0.49697649,0.49767836,1.43722053
88.2000,0.49921122,2.86393190,0.59708052,0.49697655,0.49767781,1.43722286
88.2100,0.49921105,2.86393282,0.59708141,0.49697661,0.49767725,1.43722520
88.2200,0.49921087,2.86393373,0.59708230,0.49697666,0.49767670,1.43722753
88.2300,0.49921070,2.86393464,0.59708320,0.49697672,0.49767615,1.43722986
88.2400,0.49921052,2.86393555,0.59708409,0.49697677,0.49767560,1.43723219
88.2500,0.49921035,2.86393646,0.59708498,0.49697683,0.49767504,1.43723451
88.2600,0.49921017,2.86393736,0.59708587,0.49697688,0.49767449,1.43723684
88.2700,0.49921000,2.86393827,0.59708676,0.49697694,0.49767394,1.43723916
88.2800,0.49920983,2.86393918,0.59708765,0.49697700,0.49767339,1.43724148
88.2900,0.49920965,2.86394008,0.59708853,0.49697705,0.49767284,1.43724380
88.3000,0.49920948,2.86394099,0.59708942,0.49697711,0.49767229,1.43724612
88.3100,0.49920931,2.86394189,0.59709031,0.49697716,0.49767175,1.43724843
88.3200,0.49920913,2.86394280,0.59709120,0.49697722,0.49767120,1.43725074
88.3300,0.49920896,2.86394370,0.59709208,0.49697727,0.49767065,1.43725305
88.3400,0.49920879,2.86394460,0.59709297,0.49697733,0.49767010,1.43725536
88.3500,0.49920861,2.86394551,0.59709385,0.49697738,0.49766956,1.43725767
88.3600,0.49920844,2.86394641,0.59709473,0.49697744,0.49766901,1.43725998
88.3700,0.49920827,2.86394731,0.59709562,0.49697749,0.49766846,1.43726228
88.3800,0.49920810,2.86394821,0.59709650,0.49697755,0.49766792,1.43726458
88.3900,0.49920792,2.86394911,0.59709738,0.49697760,0.49766737,1.43726688
88.4000,0.49920775,2.86395000,0.59709826,0.49697766,0.49766683,1.43726918
88.4100,0.49920758,2.86395090,0.59709914,0.49697771,0.49766628,1.43727148
88.4200,0.49920741,2.86395180,0.59710002,0.49697777,0.49766574,1.43727377
88.4300,0.49920723,2.86395269,0.59710090,0.49697782,0.49766520,1.43727606
88.4400,0.49920706,2.86395359,0.59710178,0.49697788,0.49766465,1.43727835
88.4500,0.49920689,2.86395448,0.59710265,0.49697793,0.49766411,1.43728064
88.4600,0.49920672,2.86395538,0.59710353,0.49697799,0.49766357,1.43728293
88.4700,0.49920655,2.86395627,0.59710441,0.49697804,0.49766303,1.43728521
88.4800,0.49920638,2.86395716,0.59710528,0.49697810,0.49766249,1.43728750
88.4900,0.49920621,2.86395806,0.59710616,0.49697815,0.49766195,1.43728978
88.5000,0.49920604,2.86395895,0.59710703,0.49697820,0.49766141,1.43729206
88.5100,0.49920586,2.86395984,0.59710790,0.49697826,0.49766087,1.43729433
88.5200,0.49920569,2.86396073,0.59710878,0.49697831,0.49766033,1.43729661
88.5300,0.49920552,2.86396162,0.59710965,0.49697837,0.49765979,1.43729888
88.5400,0.49920535,2.86396250,0.59711052,0.49697842,0.49765925,1.43730116
88.5500,0.49920518,2.86396339,0.59711139,0.49697848,0.49765871,1.43730343
88.5600,0.49920501,2.86396428,0.59711226,0.49697853,0.49765818,1.43730569
88.5700,0.49920484,2.86396516,0.59711313,0.49697858,0.49765764,1.43730796
88.5800,0.49920467,2.86396605,0.59711400,0.49697864,0.49765710,1.43731022
88.5900,0.49920450,2.86396693,0.59711487,0.49697869,0.49765657,1.43731249
88.6000,0.49920433,2.86396782,0.59711573,0.49697875,0.49765603,1.43731475
88.6100,0.49920416,2.86396870,0.59711660,0.49697880,0.49765550,1.43731701
88.6200,0.49920400,2.86396958,0.59711747,0.49697885,0.49765496,1.43731926
88.6300,0.49920383,2.86397046,0.59711833,0.49697891,0.49765443,1.43732152
88.6400,0.49920366,2.86397135,0.59711920,0.49697896,0.49765389,1.43732377
88.6500,0.49920349,2.86397223,0.59712006,0.49697901,0.49765336,1.43732602
88.6600,0.49920332,2.86397311,0.59712092,0.49697907,0.49765283,1.43732827
88.6700,0.49920315,2.86397399,0.59712179,0.49697912,0.49765230,1.43733052
88.6800,0.49920298,2.86397486,0.59712265,0.49697917,0.49765176,1.43733277
88.6900,0.49920281,2.86397574,0.59712351,0.49697923,0.49765123,1.43733501
88.7000,0.49920265,2.86397662,0.59712437,0.49697928,0.49765070,1.43733725
88.7100,0.49920248,2.86397749,0.59712523,0.49697933,0.49765017,1.43733949
88.7200,0.49920231,2.86397837,0.59712609,0.49697939,0.49764964,1.43734173
88.7300,0.49920214,2.86397924,0.59712695,0.49697944,0.49764911,1.43734397
88.7400,0.49920197,2.86398012,0.59712781,0.49697949,0.49764858,1.43734620
88.7500,0.49920181,2.86398099,0.59712866,0.49697954,0.49764805,1.43734844
88.7600,0.49920164,2.86398186,0.59712952,0.49697960,0.49764752,1.43735067
88.7700,0.49920147,2.86398274,0.59713038,0.49697965,0.49764700,1.43735290
88.7800,0.49920131,2.86398361,0.59713123,0.49697970,0.49764647,1.43735513
88.7900,0.49920114,2.86398448,0.59713209,0.49697976,0.49764594,1.43735735
88.8000,0.49920097,2.86398535,0.59713294,0.49697981,0.49764541,1.43735958
88.8100,0.49920081,2.86398622,0.59713379,0.49697986,0.49764489,1.43736180
88.8200,0.49920064,2.86398709,0.59713465,0.49697991,0.49764436,1.43736402
88.8300,0.49920047,2.86398795,0.59713550,0.49697997,0.49764384,1.43736624
88.8400,0.49920031,2.86398882,0.59713635,0.49698002,0.49764331,1.43736845
88.8500,0.49920014,2.86398969,0.59713720,0.49698007,0.49764279,1.43737067
88.8600,0.49919997,2.86399055,0.59713805,0.49698012,0.49764226,1.43737288
88.8700,0.49919981,2.86399142,0.59713890,0.49698017,0.49764174,1.43737509
88.8800,0.49919964,2.86399228,0.59713975,0.49698023,0.49764122,1.43737730
88.8900,0.49919948,2.86399315,0.59714060,0.49698028,0.49764069,1.43737951
88.9000,0.49919931,2.86399401,0.59714144,0.49698033,0.49764017,1.43738172
88.9100,0.49919915,2.86399487,0.59714229,0.49698038,0.49763965,1.43738392
88.9200,0.49919898,2.86399573,0.59714314,0.49698043,0.49763913,1.43738612
88.9300,0.49919882,2.86399659,0.59714398,0.49698049,0.49763861,1.43738832
88.9400,0.49919865,2.86399745,0.59714483,0.49698054,0.49763809,1.43739052
88.9500,0.49919849,2.86399831,0.59714567,0.49698059,0.49763757,1.43739272
88.9600,0.49919832,2.86399917,0.59714651,0.49698064,0.49763705,1.43739491
88.9700,0.49919816,2.86400003,0.59714736,0.49698069,0.49763653,1.43739711
88.9800,0.49919799,2.86400089,0.59714820,0.49698074,0.49763601,1.43739930
88.9900,0.49919783,2.86400175,0.59714904,0.49698080,0.49763549,1.43740149
89.0000,0.49919766,2.86400260,0.59714988,0.49698085,0.49763497,1.43740368
89.0100,0.49919750,2.86400346,0.59715072,0.49698090,0.49763445,1.43740586
89.0200,0.49919734,2.86400431,0.59715156,0.49698095,0.49763394,1.43740805
89.0300,0.49919717,2.86400517,0.59715240,0.49698100,0.49763342,1.43741023
89.0400,0.49919701,2.86400602,0.59715324,0.49698105,0.49763290,1.43741241
89.0500,0.49919685,2.86400687,0.59715408,0.49698110,0.49763239,1.43741459
89.0600,0.49919668,2.86400772,0.59715491,0.49698116,0.49763187,1.43741677
89.0700,0.49919652,2.86400858,0.59715575,0.49698121,0.49763136,1.43741894
89.0800,0.49919636,2.86400943,0.59715659,0.49698126,0.49763084,1.43742111
89.0900,0.49919619,2.86401028,0.59715742,0.49698131,0.49763033,1.43742329
89.1000,0.49919603,2.86401112,0.59715826,0.49698136,0.49762982,1.43742546
89.1100,0.49919587,2.86401197,0.59715909,0.49698141,0.49762930,1.43742762
89.1200,0.49919570,2.86401282,0.59715992,0.49698146,0.49762879,1.43742979
89.1300,0.49919554,2.86401367,0.59716076,0.49698151,0.49762828,1.43743196
89.1400,0.49919538,2.86401452,0.59716159,0.49698156,0.49762777,1.43743412
89.1500,0.49919522,2.86401536,0.59716242,0.49698161,0.49762725,1.43743628
89.1600,0.49919506,2.86401621,0.59716325,0.49698166,0.49762674,1.43743844
89.1700,0.49919489,2.86401705,0.59716408,0.49698171,0.49762623,1.43744060
89.1800,0.49919473,2.86401789,0.59716491,0.49698176,0.49762572,1.43744275
89.1900,0.49919457,2.86401874,0.59716574,0.49698181,0.49762521,1.43744491
89.2000,0.49919441,2.86401958,0.59716657,0.49698187,0.49762470,1.43744706
89.2100,0.49919425,2.86402042,0.59716739,0.49698192,0.49762419,1.43744921
89.2200,0.49919409,2.86402126,0.59716822,0.49698197,0.49762369,1.43745136
89.2300,0.49919393,2.86402210,0.59716905,0.49698202,0.49762318,1.43745351
89.2400,0.49919376,2.86402294,0.59716987,0.49698207,0.49762267,1.43745565
89.2500,0.49919360,2.86402378,0.59717070,0.49698212,0.49762216,1.43745779
89.2600,0.49919344,2.86402462,0.59717152,0.49698217,0.49762166,1.43745994
89.2700,0.49919328,2.86402546,0.59717234,0.49698222,0.49762115,1.43746208
89.2800,0.49919312,2.86402630,0.59717317,0.49698227,0.49762064,1.43746421
89.2900,0.49919296,2.86402713,0.59717399,0.49698232,0.49762014,1.43746635
89.3000,0.49919280,2.86402797,0.59717481,0.49698237,0.49761963,1.43746849
89.3100,0.49919264,2.86402880,0.59717563,0.49698242,0.49761913,1.43747062
89.3200,0.49919248,2.86402964,0.59717645,0.49698247,0.49761862,1.43747275
89.3300,0.49919232,2.86403047,0.59717727,0.49698251,0.49761812,1.43747488
89.3400,0.49919216,2.86403131,0.59717809,0.49698256,0.49761762,1.43747701
89.3500,0.49919200,2.86403214,0.59717891,0.49698261,0.49761711,1.43747913
89.3600,0.49919184,2.86403297,0.59717973,0.49698266,0.49761661,1.43748126
89.3700,0.49919168,2.86403380,0.59718055,0.49698271,0.49761611,1.43748338
89.3800,0.49919152,2.86403463,0.59718136,0.49698276,0.49761561,1.43748550
89.3900,0.49919136,2.86403546,0.59718218,0.49698281,0.49761511,1.43748762
89.4000,0.49919121,2.86403629,0.59718299,0.49698286,0.49761461,1.43748974
89.4100,0.49919105,2.86403712,0.59718381,0.49698291,0.49761410,1.43749185
89.4200,0.49919089,2.86403795,0.59718462,0.49698296,0.49761360,1.43749397
89.4300,0.49919073,2.86403877,0.59718544,0.49698301,0.49761310,1.43749608
89.4400,0.49919057,2.86403960,0.59718625,0.49698306,0.49761261,1.43749819
89.4500,0.49919041,2.86404043,0.59718706,0.49698311,0.49761211,1.43750030
89.4600,0.49919025,2.86404125,0.59718787,0.49698316,0.49761161,1.43750241
89.4700,0.49919010,2.86404208,0.59718868,0.49698320,0.49761111,1.43750451
89.4800,0.49918994,2.86404290,0.59718949,0.49698325,0.49761061,1.43750661
89.4900,0.49918978,2.86404372,0.59719030,0.49698330,0.49761012,1.43750872
89.5000,0.49918962,2.86404455,0.59719111,0.49698335,0.49760962,1.43751082
89.5100,0.49918947,2.86404537,0.59719192,0.49698340,0.49760912,1.43751291
89.5200,0.49918931,2.86404619,0.59719273,0.49698345,0.49760863,1.43751501
89.5300,0.49918915,2.86404701,0.59719354,0.49698350,0.49760813,1.43751711
89.5400,0.49918899,2.86404783,0.59719434,0.49698355,0.49760764,1.43751920
89.5500,0.49918884,2.86404865,0.59719515,0.49698359,0.49760714,1.43752129
89.5600,0.49918868,2.86404947,0.59719596,0.49698364,0.49760665,1.43752338
89.5700,0.49918852,2.86405029,0.59719676,0.49698369,0.49760615,1.43752547
89.5800,0.49918837,2.86405110,0.59719756,0.49698374,0.49760566,1.43752756
89.5900,0.49918821,2.86405192,0.59719837,0.49698379,0.49760517,1.43752964
89.6000,0.49918805,2.86405274,0.59719917,0.49698384,0.49760467,1.43753172
89.6100,0.49918790,2.86405355,0.59719997,0.49698388,0.49760418,1.43753380
89.6200,0.49918774,2.86405437,0.59720078,0.49698393,0.49760369,1.43753588
89.6300,0.49918759,2.86405518,0.59720158,0.49698398,0.49760320,1.43753796
89.6400,0.49918743,2.86405599,0.59720238,0.49698403,0.49760271,1.43754004
89.6500,0.49918727,2.86405681,0.59720318,0.49698408,0.49760222,1.43754211
89.6600,0.49918712,2.86405762,0.59720398,0.49698412,0.49760173,1.43754418
89.6700,0.49918696,2.86405843,0.59720477,0.49698417,0.49760124,1.43754626
89.6800,0.49918681,2.86405924,0.59720557,0.49698422,0.49760075,1.43754832
89.6900,0.49918665,2.86406005,0.59720637,0.49698427,0.49760026,1.43755039
89.7000,0.49918650,2.86406086,0.59720717,0.49698431,0.49759977,1.43755246
89.7100,0.49918634,2.86406167,0.59720796,0.49698436,0.49759928,1.43755452
89.7200,0.49918619,2.86406248,0.59720876,0.49698441,0.49759880,1.43755659
89.7300,0.49918603,2.86406329,0.59720955,0.49698446,0.49759831,1.43755865
89.7400,0.49918588,2.86406409,0.59721035,0.49698450,0.49759782,1.43756071
89.7500,0.49918572,2.86406490,0.59721114,0.49698455,0.49759733,1.43756276
89.7600,0.49918557,2.86406570,0.59721193,0.49698460,0.49759685,1.43756482
89.7700,0.49918541,2.86406651,0.59721273,0.49698465,0.49759636,1.43756687
89.7800,0.49918526,2.86406731,0.59721352,0.49698469,0.49759588,1.43756892
89.7900,0.49918511,2.86406812,0.59721431,0.49698474,0.49759539,1.43757098
89.8000,0.49918495,2.86406892,0.59721510,0.49698479,0.49759491,1.43757302
89.8100,0.49918480,2.86406972,0.59721589,0.49698484,0.49759442,1.43757507
89.8200,0.49918464,2.86407053,0.59721668,0.49698488,0.49759394,1.43757712
89.8300,0.49918449,2.86407133,0.59721747,0.49698493,0.49759346,1.43757916
89.8400,0.49918434,2.86407213,0.59721826,0.49698498,0.49759297,1.43758120
89.8500,0.49918418,2.86407293,0.59721904,0.49698502,0.49759249,1.43758324
89.8600,0.49918403,2.86407373,0.59721983,0.49698507,0.49759201,1.43758528
89.8700,0.49918388,2.86407452,0.59722062,0.49698512,0.49759153,1.43758732
89.8800,0.49918373,2.86407532,0.59722140,0.49698516,0.49759105,1.43758936
89.8900,0.49918357,2.86407612,0.59722219,0.49698521,0.49759057,1.43759139
89.9000,0.49918342,2.86407692,0.59722297,0.49698526,0.49759009,1.43759342
89.9100,0.49918327,2.86407771,0.59722376,0.49698530,0.49758961,1.43759545
89.9200,0.49918311,2.86407851,0.59722454,0.49698535,0.49758913,1.43759748
89.9300,0.49918296,2.86407930,0.59722532,0.49698540,0.49758865,1.43759951
89.9400,0.49918281,2.86408010,0.59722611,0.49698544,0.49758817,1.43760154
89.9500,0.49918266,2.86408089,0.59722689,0.49698549,0.49758769,1.43760356
89.9600,0.49918251,2.86408168,0.59722767,0.49698554,0.49758721,1.43760558
89.9700,0.49918235,2.86408248,0.59722845,0.49698558,0.49758674,1.43760760
89.9800,0.49918220,2.86408327,0.59722923,0.49698563,0.49758626,1.43760962
89.9900,0.49918205,2.86408406,0.59723001,0.49698567,0.49758578,1.43761164
90.0000,0.49918190,2.86408485,0.59723079,0.49698572,0.49758530,1.43761365
90.0100,0.49918175,2.86408564,0.59723156,0.49698577,0.49758483,1.43761567
90.0200,0.49918160,2.86408643,0.59723234,0.49698581,0.49758435,1.43761768
90.0300,0.49918145,2.86408722,0.59723312,0.49698586,0.49758388,1.43761969
90.0400,0.49918130,2.86408800,0.59723389,0.49698591,0.49758340,1.43762170
90.0500,0.49918114,2.86408879,0.59723467,0.49698595,0.49758293,1.43762371
90.0600,0.49918099,2.86408958,0.59723545,0.49698600,0.49758245,1.43762571
90.0700,0.49918084,2.86409036,0.59723622,0.49698604,0.49758198,1.43762772
90.0800,0.49918069,2.86409115,0.59723699,0.49698609,0.49758151,1.43762972
90.0900,0.49918054,2.86409193,0.59723777,0.49698613,0.49758104,1.43763172
90.1000,0.49918039,2.86409272,0.59723854,0.49698618,0.49758056,1.43763372
90.1100,0.49918024,2.86409350,0.59723931,0.49698623,0.49758009,1.43763572
90.1200,0.49918009,2.86409428,0.59724008,0.49698627,0.49757962,1.43763771
90.1300,0.49917994,2.86409507,0.59724085,0.49698632,0.49757915,1.43763971
90.1400,0.49917979,2.86409585,0.59724162,0.49698636,0.49757868,1.43764170
90.1500,0.49917964,2.86409663,0.59724239,0.49698641,0.49757821,1.43764369
90.1600,0.49917949,2.86409741,0.59724316,0.49698645,0.49757774,1.43764568
90.1700,0.49917934,2.86409819,0.59724393,0.49698650,0.49757727,1.43764767
90.1800,0.49917919,2.86409897,0.59724470,0.49698654,0.49757680,1.43764966
90.1900,0.49917905,2.86409975,0.59724547,0.49698659,0.49757633,1.43765164
90.2000,0.49917890,2.86410052,0.59724623,0.49698663,0.49757586,1.43765362
90.2100,0.49917875,2.86410130,0.59724700,0.49698668,0.49757539,1.43765560
90.2200,0.49917860,2.86410208,0.59724776,0.49698672,0.49757492,1.43765758
90.2300,0.49917845,2.86410285,0.59724853,0.49698677,0.49757446,1.43765956
90.2400,0.49917830,2.86410363,0.59724929,0.49698681,0.49757399,1.43766154
90.2500,0.49917815,2.86410440,0.59725006,0.49698686,0.49757352,1.43766351
90.2600,0.49917800,2.86410518,0.59725082,0.49698690,0.49757306,1.43766549
90.2700,0.49917786,2.86410595,0.59725158,0.49698695,0.49757259,1.43766746
90.2800,0.49917771,2.86410672,0.59725234,0.49698699,0.49757213,1.43766943
90.2900,0.49917756,2.86410750,0.59725311,0.49698704,0.49757166,1.43767140
90.3000,0.49917741,2.86410827,0.59725387,0.49698708,0.49757120,1.43767336
90.3100,0.49917727,2.86410904,0.59725463,0.49698713,0.49757073,1.43767533
90.3200,0.49917712,2.86410981,0.59725539,0.49698717,0.49757027,1.43767729
90.3300,0.49917697,2.86411058,0.59725614,0.49698722,0.49756981,1.43767925
90.3400,0.49917682,2.86411135,0.59725690,0.49698726,0.49756934,1.43768121
90.3500,0.49917668,2.86411212,0.59725766,0.49698731,0.49756888,1.43768317
90.3600,0.49917653,2.86411289,0.59725842,0.49698735,0.49756842,1.43768513
90.3700,0.49917638,2.86411365,0.59725917,0.49698739,0.49756796,1.43768708
90.3800,0.49917623,2.86411442,0.59725993,0.49698744,0.49756750,1.43768904
90.3900,0.49917609,2.86411519,0.59726069,0.49698748,0.49756703,1.43769099
90.4000,0.49917594,2.86411595,0.59726144,0.49698753,0.49756657,1.43769294
90.4100,0.49917579,2.86411672,0.59726220,0.49698757,0.49756611,1.43769489
90.4200,0.49917565,2.86411748,0.59726295,0.49698761,0.49756565,1.43769684
90.4300,0.49917550,2.86411824,0.59726370,0.49698766,0.49756519,1.43769878
90.4400,0.49917536,2.86411901,0.59726445,0.49698770,0.49756473,1.43770073
90.4500,0.49917521,2.86411977,0.59726521,0.49698775,0.49756428,1.43770267
90.4600,0.49917506,2.86412053,0.59726596,0.49698779,0.49756382,1.43770461
90.4700,0.49917492,2.86412129,0.59726671,0.49698783,0.49756336,1.43770655
90.4800,0.49917477,2.86412205,0.59726746,0.49698788,0.49756290,1.43770849
90.4900,0.49917463,2.86412281,0.59726821,0.49698792,0.49756244,1.43771042
90.5000,0.49917448,2.86412357,0.59726896,0.49698797,0.49756199,1.43771236
90.5100,0.49917434,2.86412433,0.59726971,0.49698801,0.49756153,1.43771429
90.5200,0.49917419,2.86412509,0.59727045,0.49698805,0.49756108,1.43771622
90.5300,0.49917405,2.86412585,0.59727120,0.49698810,0.49756062,1.43771815
90.5400,0.49917390,2.86412660,0.59727195,0.49698814,0.49756016,1.43772008
90.5500,0.49917376,2.86412736,0.59727269,0.49698818,0.49755971,1.43772201
90.5600,0.49917361,2.86412812,0.59727344,0.49698823,0.49755926,1.43772393
90.5700,0.49917347,2.86412887,0.59727419,0.49698827,0.49755880,1.43772586
90.5800,0.49917332,2.86412963,0.59727493,0.49698831,0.49755835,1.43772778
90.5900,0.49917318,2.86413038,0.59727567,0.49698836,0.49755789,1.43772970
90.6000,0.49917303,2.86413113,0.59727642,0.49698840,0.49755744,1.43773162
90.6100,0.49917289,2.86413189,0.59727716,0.49698844,0.49755699,1.43773353
90.6200,0.49917274,2.86413264,0.59727790,0.49698849,0.49755654,1.43773545
90.6300,0.49917260,2.86413339,0.59727864,0.49698853,0.49755608,1.43773736
90.6400,0.49917246,2.86413414,0.59727938,0.49698857,0.49755563,1.43773928
90.6500,0.49917231,2.86413489,0.59728013,0.49698862,0.49755518,1.43774119
90.6600,0.49917217,2.86413564,0.59728087,0.49698866,0.49755473,1.43774310
90.6700,0.49917203,2.86413639,0.59728160,0.49698870,0.49755428,1.43774501
90.6800,0.49917188,2.86413714,0.59728234,0.49698874,0.49755383,1.43774691
90.6900,0.49917174,2.86413789,0.59728308,0.49698879,0.49755338,1.43774882
90.7000,0.49917160,2.86413863,0.59728382,0.49698883,0.49755293,1.43775072
90.7100,0.49917145,2.86413938,0.59728456,0.49698887,0.49755248,1.43775262
90.7200,0.49917131,2.86414013,0.59728529,0.49698892,0.49755203,1.43775452
90.7300,0.49917117,2.86414087,0.59728603,0.49698896,0.49755159,1.43775642
90.7400,0.49917103,2.86414162,0.59728676,0.49698900,0.49755114,1.43775832
90.7500,0.49917088,2.86414236,0.59728750,0.49698904,0.49755069,1.43776021
90.7600,0.49917074,2.86414311,0.59728823,0.49698909,0.49755024,1.43776210
90.7700,0.49917060,2.86414385,0.59728897,0.49698913,0.49754980,1.43776400
90.7800,0.49917046,2.86414459,0.59728970,0.49698917,0.49754935,1.43776589
90.7900,0.49917031,2.86414533,0.59729043,0.49698921,0.49754891,1.43776778
90.8000,0.49917017,2.86414608,0.59729116,0.49698925,0.49754846,1.43776966
90.8100,0.49917003,2.86414682,0.59729190,0.49698930,0.49754801,1.43777155
90.8200,0.49916989,2.86414756,0.59729263,0.49698934,0.49754757,1.43777343
90.8300,0.49916975,2.86414830,0.59729336,0.49698938,0.49754713,1.43777532
90.8400,0.49916960,2.86414904,0.59729409,0.49698942,0.49754668,1.43777720
90.8500,0.49916946,2.86414977,0.59729482,0.49698947,0.49754624,1.43777908
90.8600,0.49916932,2.86415051,0.59729554,0.49698951,0.49754580,1.43778096
90.8700,0.49916918,2.86415125,0.59729627,0.49698955,0.49754535,1.43778283
90.8800,0.49916904,2.86415199,0.59729700,0.49698959,0.49754491,1.43778471
90.8900,0.49916890,2.86415272,0.59729773,0.49698963,0.49754447,1.43778658
90.9000,0.49916876,2.86415346,0.59729845,0.49698968,0.49754403,1.43778845
90.9100,0.49916862,2.86415419,0.59729918,0.49698972,0.49754358,1.43779032
90.9200,0.49916848,2.86415493,0.59729990,0.49698976,0.49754314,1.43779219
90.9300,0.49916834,2.86415566,0.59730063,0.49698980,0.49754270,1.43779406
90.9400,0.49916820,2.86415639,0.59730135,0.49698984,0.49754226,1.43779593
90.9500,0.49916806,2.86415713,0.59730208,0.49698988,0.49754182,1.43779779
90.9600,0.49916792,2.86415786,0.59730280,0.49698993,0.49754138,1.43779965
90.9700,0.49916778,2.86415859,0.59730352,0.49698997,0.49754094,1.43780152
90.9800,0.49916764,2.86415932,0.59730424,0.49699001,0.49754051,1.43780338
90.9900,0.49916750,2.86416005,0.59730496,0.49699005,0.49754007,1.43780523
91.0000,0.49916736,2.86416078,0.59730568,0.49699009,0.49753963,1.43780709
91.0100,0.49916722,2.86416151,0.59730640,0.49699013,0.49753919,1.43780895
91.0200,0.49916708,2.86416224,0.59730712,0.49699017,0.49753875,1.43781080
91.0300,0.49916694,2.86416297,0.59730784,0.49699021,0.49753832,1.43781265
91.0400,0.49916680,2.86416369,0.59730856,0.49699026,0.49753788,1.43781450
91.0500,0.49916666,2.86416442,0.59730928,0.49699030,0.49753744,1.43781635
91.0600,0.49916652,2.86416515,0.59731000,0.49699034,0.49753701,1.43781820
91.0700,0.49916638,2.86416587,0.59731071,0.49699038,0.49753657,1.43782005
91.0800,0.49916624,2.86416660,0.59731143,0.49699042,0.49753614,1.43782189
91.0900,0.49916610,2.86416732,0.59731215,0.49699046,0.49753570,1.43782373
91.1000,0.49916596,2.86416804,0.59731286,0.49699050,0.49753527,1.43782557
91.1100,0.49916583,2.86416877,0.59731358,0.49699054,0.49753483,1.43782741
91.1200,0.49916569,2.86416949,0.59731429,0.49699058,0.49753440,1.43782925
91.1300,0.49916555,2.86417021,0.59731500,0.49699062,0.49753397,1.43783109
91.1400,0.49916541,2.86417093,0.59731572,0.49699067,0.49753353,1.43783293
91.1500,0.49916527,2.86417166,0.59731643,0.49699071,0.49753310,1.43783476
91.1600,0.49916514,2.86417238,0.59731714,0.49699075,0.49753267,1.43783659
91.1700,0.49916500,2.86417310,0.59731785,0.49699079,0.49753224,1.43783842
91.1800,0.49916486,2.86417381,0.59731856,0.49699083,0.49753181,1.43784025
91.1900,0.49916472,2.86417453,0.59731927,0.49699087,0.49753138,1.43784208
91.2000,0.49916458,2.86417525,0.59731998,0.49699091,0.49753094,1.43784391
91.2100,0.49916445,2.86417597,0.59732069,0.49699095,0.49753051,1.43784573
91.2200,0.49916431,2.86417669,0.59732140,0.49699099,0.49753008,1.43784755
91.2300,0.49916417,2.86417740,0.59732211,0.49699103,0.49752965,1.43784938
91.2400,0.49916404,2.86417812,0.59732282,0.49699107,0.49752922,1.43785120
91.2500,0.49916390,2.86417883,0.59732352,0.49699111,0.49752880,1.43785302
91.2600,0.49916376,2.86417955,0.59732423,0.49699115,0.49752837,1.43785483
91.2700,0.49916363,2.86418026,0.59732494,0.49699119,0.49752794,1.43785665
91.2800,0.49916349,2.86418098,0.59732564,0.49699123,0.49752751,1.43785846
91.2900,0.49916335,2.86418169,0.59732635,0.49699127,0.49752708,1.43786028
91.3000,0.49916322,2.86418240,0.59732705,0.49699131,0.49752666,1.43786209
91.3100,0.49916308,2.86418311,0.59732775,0.49699135,0.49752623,1.43786390
91.3200,0.49916294,2.86418382,0.59732846,0.49699139,0.49752580,1.43786571
91.3300,0.49916281,2.86418453,0.59732916,0.49699143,0.49752538,1.43786751
91.3400,0.49916267,2.86418524,0.59732986,0.49699147,0.49752495,1.43786932
91.3500,0.49916254,2.86418595,0.59733056,0.49699151,0.49752453,1.43787112
91.3600,0.49916240,2.86418666,0.59733126,0.49699155,0.49752410,1.43787293
91.3700,0.49916226,2.86418737,0.59733196,0.49699159,0.49752368,1.43787473
91.3800,0.49916213,2.86418808,0.59733266,0.49699163,0.49752325,1.43787653
91.3900,0.49916199,2.86418879,0.59733336,0.49699167,0.49752283,1.43787832
91.4000,0.49916186,2.86418949,0.59733406,0.49699171,0.49752240,1.43788012
91.4100,0.49916172,2.86419020,0.59733476,0.49699175,0.49752198,1.43788192
91.4200,0.49916159,2.86419091,0.59733546,0.49699179,0.49752156,1.43788371
91.4300,0.49916145,2.86419161,0.59733616,0.49699183,0.49752114,1.43788550
91.4400,0.49916132,2.86419231,0.59733685,0.49699187,0.49752071,1.43788729
91.4500,0.49916118,2.86419302,0.59733755,0.49699191,0.49752029,1.43788908
91.4600,0.49916105,2.86419372,0.59733824,0.49699195,0.49751987,1.43789087
91.4700,0.49916091,2.86419442,0.59733894,0.49699199,0.49751945,1.43789266
91.4800,0.49916078,2.86419513,0.59733963,0.49699203,0.49751903,1.43789444
91.4900,0.49916065,2.86419583,0.59734033,0.49699206,0.49751861,1.43789622
91.5000,0.49916051,2.86419653,0.59734102,0.49699210,0.49751819,1.43789801
91.5100,0.49916038,2.86419723,0.59734171,0.49699214,0.49751777,1.43789979
91.5200,0.49916024,2.86419793,0.59734241,0.49699218,0.49751735,1.43790157
91.5300,0.49916011,2.86419863,0.59734310,0.49699222,0.49751693,1.43790334
91.5400,0.49915998,2.86419933,0.59734379,0.49699226,0.49751651,1.43790512
91.5500,0.49915984,2.86420003,0.59734448,0.49699230,0.49751609,1.43790689
91.5600,0.49915971,2.86420072,0.59734517,0.49699234,0.49751568,1.43790867
91.5700,0.49915957,2.86420142,0.59734586,0.49699238,0.49751526,1.43791044
91.5800,0.49915944,2.86420212,0.59734655,0.49699242,0.49751484,1.43791221
91.5900,0.49915931,2.86420281,0.59734724,0.49699245,0.49751442,1.43791398
91.6000,0.49915917,2.86420351,0.59734793,0.49699249,0.49751401,1.43791575
91.6100,0.49915904,2.86420421,0.59734861,0.49699253,0.49751359,1.43791751
91.6200,0.49915891,2.86420490,0.59734930,0.49699257,0.49751318,1.43791928
91.6300,0.49915878,2.86420559,0.59734999,0.49699261,0.49751276,1.43792104
91.6400,0.49915864,2.86420629,0.59735067,0.49699265,0.49751234,1.43792280
91.6500,0.49915851,2.86420698,0.59735136,0.49699269,0.49751193,1.43792456
91.6600,0.49915838,2.86420767,0.59735204,0.49699272,0.49751152,1.43792632
91.6700,0.49915825,2.86420836,0.59735273,0.49699276,0.49751110,1.43792808
91.6800,0.49915811,2.86420905,0.59735341,0.49699280,0.49751069,1.43792983
91.6900,0.49915798,2.86420974,0.59735409,0.49699284,0.49751027,1.43793159
91.7000,0.49915785,2.86421043,0.59735478,0.49699288,0.49750986,1.43793334
91.7100,0.49915772,2.86421112,0.59735546,0.49699292,0.49750945,1.43793509
91.7200,0.49915759,2.86421181,0.59735614,0.49699295,0.49750904,1.43793684
91.7300,0.49915745,2.86421250,0.59735682,0.49699299,0.49750862,1.43793859
91.7400,0.49915732,2.86421319,0.59735750,0.49699303,0.49750821,1.43794034
91.7500,0.49915719,2.86421388,0.59735818,0.49699307,0.49750780,1.43794208
91.7600,0.49915706,2.86421456,0.59735886,0.49699311,0.49750739,1.43794383
91.7700,0.49915693,2.86421525,0.59735954,0.49699315,0.49750698,1.43794557
91.7800,0.49915680,2.86421593,0.59736022,0.49699318,0.49750657,1.43794731
91.7900,0.49915667,2.86421662,0.59736090,0.49699322,0.49750616,1.43794905
91.8000,0.49915653,2.86421730,0.59736158,0.49699326,0.49750575,1.43795079
91.8100,0.49915640,2.86421799,0.59736225,0.49699330,0.49750534,1.43795252
91.8200,0.49915627,2.86421867,0.59736293,0.49699333,0.49750493,1.43795426
91.8300,0.49915614,2.86421935,0.59736361,0.49699337,0.49750452,1.43795599
91.8400,0.49915601,2.86422004,0.59736428,0.49699341,0.49750411,1.43795773
91.8500,0.49915588,2.86422072,0.59736496,0.49699345,0.49750371,1.43795946
91.8600,0.49915575,2.86422140,0.59736563,0.49699349,0.49750330,1.43796119
91.8700,0.49915562,2.86422208,0.59736630,0.49699352,0.49750289,1.43796292
91.8800,0.49915549,2.86422276,0.59736698,0.49699356,0.49750249,1.43796464
91.8900,0.49915536,2.86422344,0.59736765,0.49699360,0.49750208,1.43796637
91.9000,0.49915523,2.86422412,0.59736832,0.49699364,0.49750167,1.43796809
91.9100,0.49915510,2.86422480,0.59736900,0.49699367,0.49750127,1.43796982
91.9200,0.49915497,2.86422548,0.59736967,0.49699371,0.49750086,1.43797154
91.9300,0.49915484,2.86422615,0.59737034,0.49699375,0.49750046,1.43797326
91.9400,0.49915471,2.86422683,0.59737101,0.49699379,0.49750005,1.43797498
91.9500,0.49915458,2.86422751,0.59737168,0.49699382,0.49749965,1.43797669
91.9600,0.49915445,2.86422818,0.59737235,0.49699386,0.49749924,1.43797841
91.9700,0.49915432,2.86422886,0.59737302,0.49699390,0.49749884,1.43798012
91.9800,0.49915419,2.86422953,0.59737368,0.49699393,0.49749844,1.43798184
91.9900,0.49915407,2.86423021,0.59737435,0.49699397,0.49749803,1.43798355
92.0000,0.49915394,2.86423088,0.59737502,0.49699401,0.49749763,1.43798526
92.0100,0.49915381,2.86423155,0.59737568,0.49699405,0.49749723,1.43798697
92.0200,0.49915368,2.86423223,0.59737635,0.49699408,0.49749683,1.43798867
92.0300,0.49915355,2.86423290,0.59737702,0.49699412,0.49749642,1.43799038
92.0400,0.49915342,2.86423357,0.59737768,0.49699416,0.49749602,1.43799208
92.0500,0.49915329,2.86423424,0.59737835,0.49699419,0.49749562,1.43799379
92.0600,0.49915317,2.86423491,0.59737901,0.49699423,0.49749522,1.43799549
92.0700,0.49915304,2.86423558,0.59737967,0.49699427,0.49749482,1.43799719
92.0800,0.49915291,2.86423625,0.59738034,0.49699430,0.49749442,1.43799889
92.0900,0.49915278,2.86423692,0.59738100,0.49699434,0.49749402,1.43800058
92.1000,0.49915265,2.86423759,0.59738166,0.49699438,0.49749362,1.43800228
92.1100,0.49915253,2.86423825,0.59738232,0.49699441,0.49749322,1.43800398
92.1200,0.49915240,2.86423892,0.59738298,0.49699445,0.49749282,1.43800567
92.1300,0.49915227,2.86423959,0.59738364,0.49699449,0.49749243,1.43800736
92.1400,0.49915214,2.86424025,0.59738430,0.49699452,0.49749203,1.43800905
92.1500,0.49915202,2.86424092,0.59738496,0.49699456,0.49749163,1.43801074
92.1600,0.49915189,2.86424158,0.59738562,0.49699460,0.49749123,1.43801243
92.1700,0.49915176,2.86424225,0.59738628,0.49699463,0.49749083,1.43801411
92.1800,0.49915163,2.86424291,0.59738694,0.49699467,0.49749044,1.43801580
92.1900,0.49915151,2.86424358,0.59738760,0.49699471,0.49749004,1.43801748
92.2000,0.49915138,2.86424424,0.59738825,0.49699474,0.49748965,1.43801916
92.2100,0.49915125,2.86424490,0.59738891,0.49699478,0.49748925,1.43802084
92.2200,0.49915113,2.86424556,0.59738957,0.49699481,0.49748885,1.43802252
92.2300,0.49915100,2.86424623,0.59739022,0.49699485,0.49748846,1.43802420
92.2400,0.49915087,2.86424689,0.59739088,0.49699489,0.49748807,1.43802588
92.2500,0.49915075,2.86424755,0.59739153,0.49699492,0.49748767,1.43802755
92.2600,0.49915062,2.86424821,0.59739218,0.49699496,0.49748728,1.43802923
92.2700,0.49915049,2.86424887,0.59739284,0.49699500,0.49748688,1.43803090
92.2800,0.49915037,2.86424952,0.59739349,0.49699503,0.49748649,1.43803257
92.2900,0.49915024,2.86425018,0.59739414,0.49699507,0.49748610,1.43803424
92.3000,0.49915012,2.86425084,0.59739480,0.49699510,0.49748570,1.43803591
92.3100,0.49914999,2.86425150,0.59739545,0.49699514,0.49748531,1.43803758
92.3200,0.49914987,2.86425215,0.59739610,0.49699517,0.49748492,1.43803924
92.3300,0.49914974,2.86425281,0.59739675,0.49699521,0.49748453,1.43804091
92.3400,0.49914961,2.86425347,0.59739740,0.49699525,0.49748414,1.43804257
92.3500,0.49914949,2.86425412,0.59739805,0.49699528,0.49748375,1.43804423
92.3600,0.49914936,2.86425478,0.59739870,0.49699532,0.49748335,1.43804589
92.3700,0.49914924,2.86425543,0.59739934,0.49699535,0.49748296,1.43804755
92.3800,0.49914911,2.86425608,0.59739999,0.49699539,0.49748257,1.43804921
92.3900,0.49914899,2.86425674,0.59740064,0.49699542,0.49748218,1.43805086
92.4000,0.49914886,2.86425739,0.59740129,0.49699546,0.49748179,1.43805252
92.4100,0.49914874,2.86425804,0.59740193,0.49699550,0.49748141,1.43805417
92.4200,0.49914861,2.86425869,0.59740258,0.49699553,0.49748102,1.43805582
92.4300,0.49914849,2.86425934,0.59740322,0.49699557,0.49748063,1.43805747
92.4400,0.49914837,2.86425999,0.59740387,0.49699560,0.49748024,1.43805912
92.4500,0.49914824,2.86426064,0.59740451,0.49699564,0.49747985,1.43806077
92.4600,0.49914812,2.86426129,0.59740516,0.49699567,0.49747947,1.43806241
92.4700,0.49914799,2.86426194,0.59740580,0.49699571,0.49747908,1.43806406
92.4800,0.49914787,2.86426259,0.59740644,0.49699574,0.49747869,1.43806570
92.4900,0.49914775,2.86426324,0.59740709,0.49699578,0.49747830,1.43806735
92.5000,0.49914762,2.86426388,0.59740773,0.49699581,0.49747792,1.43806899
92.5100,0.49914750,2.86426453,0.59740837,0.49699585,0.49747753,1.43807063
92.5200,0.49914737,2.86426518,0.59740901,0.49699588,0.49747715,1.43807226
92.5300,0.49914725,2.86426582,0.59740965,0.49699592,0.49747676,1.43807390
92.5400,0.49914713,2.86426647,0.59741029,0.49699595,0.49747638,1.43807554
92.5500,0.49914700,2.86426711,0.59741093,0.49699599,0.49747599,1.43807717
92.5600,0.49914688,2.86426776,0.59741157,0.49699602,0.49747561,1.43807880
92.5700,0.49914676,2.86426840,0.59741221,0.49699606,0.49747522,1.43808044
92.5800,0.49914663,2.86426904,0.59741284,0.49699609,0.49747484,1.43808207
92.5900,0.49914651,2.86426969,0.59741348,0.49699613,0.49747446,1.43808369
92.6000,0.49914639,2.86427033,0.59741412,0.49699616,0.49747407,1.43808532
92.6100,0.49914627,2.86427097,0.59741475,0.49699620,0.49747369,1.43808695
92.6200,0.49914614,2.86427161,0.59741539,0.49699623,0.49747331,1.43808857
92.6300,0.49914602,2.86427225,0.59741603,0.49699627,0.49747293,1.43809020
92.6400,0.49914590,2.86427289,0.59741666,0.49699630,0.49747255,1.43809182
92.6500,0.49914578,2.86427353,0.59741730,0.49699633,0.49747217,1.43809344
92.6600,0.49914565,2.86427417,0.59741793,0.49699637,0.49747178,1.43809506
92.6700,0.49914553,2.86427481,0.59741856,0.49699640,0.49747140,1.43809668
92.6800,0.49914541,2.86427545,0.59741920,0.49699644,0.49747102,1.43809829
92.6900,0.49914529,2.86427608,0.59741983,0.49699647,0.49747064,1.43809991
92.7000,0.49914517,2.86427672,0.59742046,0.49699651,0.49747026,1.43810152
92.7100,0.49914504,2.86427736,0.59742109,0.49699654,0.49746988,1.43810314
92.7200,0.49914492,2.86427799,0.59742172,0.49699658,0.49746950,1.43810475
92.7300,0.49914480,2.86427863,0.59742235,0.49699661,0.49746913,1.43810636
92.7400,0.49914468,2.86427926,0.59742298,0.49699664,0.49746875,1.43810797
92.7500,0.49914456,2.86427990,0.59742361,0.49699668,0.49746837,1.43810957
92.7600,0.49914444,2.86428053,0.59742424,0.49699671,0.49746799,1.43811118
92.7700,0.49914432,2.86428117,0.59742487,0.49699675,0.49746761,1.43811279
92.7800,0.49914419,2.86428180,0.59742550,0.49699678,0.49746724,1.43811439
92.7900,0.49914407,2.86428243,0.59742613,0.49699681,0.49746686,1.43811599
92.8000,0.49914395,2.86428306,0.59742675,0.49699685,0.49746648,1.43811759
92.8100,0.49914383,2.86428369,0.59742738,0.49699688,0.49746611,1.43811919
92.8200,0.49914371,2.86428432,0.59742801,0.49699692,0.49746573,1.43812079
92.8300,0.49914359,2.86428496,0.59742863,0.49699695,0.49746536,1.43812239
92.8400,0.49914347,2.86428558,0.59742926,0.49699698,0.49746498,1.43812398
92.8500,0.49914335,2.86428621,0.59742988,0.49699702,0.49746461,1.43812558
92.8600,0.49914323,2.86428684,0.59743051,0.49699705,0.49746423,1.43812717
92.8700,0.49914311,2.86428747,0.59743113,0.49699709,0.49746386,1.43812876
92.8800,0.49914299,2.86428810,0.59743175,0.49699712,0.49746348,1.43813035
92.8900,0.49914287,2.86428873,0.59743238,0.49699715,0.49746311,1.43813194
92.9000,0.49914275,2.86428935,0.59743300,0.49699719,0.49746274,1.43813353
92.9100,0.49914263,2.86428998,0.59743362,0.49699722,0.49746236,1.43813511
92.9200,0.49914251,2.86429061,0.59743424,0.49699725,0.49746199,1.43813670
92.9300,0.49914239,2.86429123,0.59743486,0.49699729,0.49746162,1.43813828
92.9400,0.49914227,2.86429186,0.59743548,0.49699732,0.49746125,1.43813987
92.9500,0.49914215,2.86429248,0.59743610,0.49699735,0.49746087,1.43814145
92.9600,0.49914203,2.86429310,0.59743672,0.49699739,0.49746050,1.43814303
92.9700,0.49914191,2.86429373,0.59743734,0.49699742,0.49746013,1.43814461
92.9800,0.49914179,2.86429435,0.59743796,0.49699745,0.49745976,1.43814618
92.9900,0.49914167,2.86429497,0.59743858,0.49699749,0.49745939,1.43814776
93.0000,0.49914156,2.86429560,0.59743920,0.49699752,0.49745902,1.43814933
93.0100,0.49914144,2.86429622,0.59743981,0.49699755,0.49745865,1.43815091
93.0200,0.49914132,2.86429684,0.59744043,0.49699759,0.49745828,1.43815248
93.0300,0.49914120,2.86429746,0.59744105,0.49699762,0.49745791,1.43815405
93.0400,0.49914108,2.86429808,0.59744166,0.49699765,0.49745754,1.43815562
93.0500,0.49914096,2.86429870,0.59744228,0.49699769,0.49745717,1.43815719
93.0600,0.49914084,2.86429932,0.59744289,0.49699772,0.49745680,1.43815875
93.0700,0.49914073,2.86429993,0.59744350,0.49699775,0.49745644,1.43816032
93.0800,0.49914061,2.86430055,0.59744412,0.49699778,0.49745607,1.43816188
93.0900,0.49914049,2.86430117,0.59744473,0.49699782,0.49745570,1.43816345
93.1000,0.49914037,2.86430179,0.59744534,0.49699785,0.49745533,1.43816501
93.1100,0.49914025,2.86430240,0.59744596,0.49699788,0.49745497,1.43816657
93.1200,0.49914014,2.86430302,0.59744657,0.49699792,0.49745460,1.43816813
93.1300,0.49914002,2.86430363,0.59744718,0.49699795,0.49745423,1.43816969
93.1400,0.49913990,2.86430425,0.59744779,0.49699798,0.49745387,1.43817124
93.1500,0.49913978,2.86430486,0.59744840,0.49699801,0.49745350,1.43817280
93.1600,0.49913967,2.86430548,0.59744901,0.49699805,0.49745314,1.43817435
93.1700,0.49913955,2.86430609,0.59744962,0.49699808,0.49745277,1.43817591
93.1800,0.49913943,2.86430670,0.59745023,0.49699811,0.49745241,1.43817746
93.1900,0.49913931,2.86430732,0.59745084,0.49699814,0.49745204,1.43817901
93.2000,0.49913920,2.86430793,0.59745145,0.49699818,0.49745168,1.43818056
93.2100,0.49913908,2.86430854,0.59745205,0.49699821,0.49745132,1.43818210
93.2200,0.49913896,2.86430915,0.59745266,0.49699824,0.49745095,1.43818365
93.2300,0.49913885,2.86430976,0.59745327,0.49699827,0.49745059,1.43818519
93.2400,0.49913873,2.86431037,0.59745387,0.49699831,0.49745023,1.43818674
93.2500,0.49913861,2.86431098,0.59745448,0.49699834,0.49744986,1.43818828
93.2600,0.49913850,2.86431159,0.59745508,0.49699837,0.49744950,1.43818982
93.2700,0.49913838,2.86431220,0.59745569,0.49699840,0.49744914,1.43819136
93.2800,0.49913826,2.86431281,0.59745629,0.49699844,0.49744878,1.43819290
93.2900,0.49913815,2.86431342,0.59745690,0.49699847,0.49744842,1.43819444
93.3000,0.49913803,2.86431402,0.59745750,0.49699850,0.49744806,1.43819597
93.3100,0.49913792,2.86431463,0.59745810,0.49699853,0.49744770,1.43819751
93.3200,0.49913780,2.86431524,0.59745871,0.49699856,0.49744734,1.43819904
93.3300,0.49913768,2.86431584,0.59745931,0.49699860,0.49744698,1.43820058
93.3400,0.49913757,2.86431645,0.59745991,0.49699863,0.49744662,1.43820211
93.3500,0.49913745,2.86431705,0.59746051,0.49699866,0.49744626,1.43820364
93.3600,0.49913734,2.86431766,0.59746111,0.49699869,0.49744590,1.43820516
93.3700,0.49913722,2.86431826,0.59746171,0.49699872,0.49744554,1.43820669
93.3800,0.49913711,2.86431886,0.59746231,0.49699876,0.49744518,1.43820822
93.3900,0.49913699,2.86431947,0.59746291,0.49699879,0.49744482,1.43820974
93.4000,0.49913688,2.86432007,0.59746351,0.49699882,0.49744446,1.43821127
93.4100,0.49913676,2.86432067,0.59746411,0.49699885,0.49744411,1.43821279
93.4200,0.49913665,2.86432127,0.59746470,0.49699888,0.49744375,1.43821431
93.4300,0.49913653,2.86432187,0.59746530,0.49699892,0.49744339,1.43821583
93.4400,0.49913642,2.86432247,0.59746590,0.49699895,0.49744303,1.43821735
93.4500,0.49913630,2.86432307,0.59746650,0.49699898,0.49744268,1.43821887
93.4600,0.49913619,2.86432367,0.59746709,0.49699901,0.49744232,1.43822038
93.4700,0.49913607,2.86432427,0.59746769,0.49699904,0.49744197,1.43822190
93.4800,0.49913596,2.86432487,0.59746828,0.49699907,0.49744161,1.43822341
93.4900,0.49913584,2.86432547,0.59746888,0.49699910,0.49744126,1.43822492
93.5000,0.49913573,2.86432606,0.59746947,0.49699914,0.49744090,1.43822643
93.5100,0.49913561,2.86432666,0.59747006,0.49699917,0.49744055,1.43822794
93.5200,0.49913550,2.86432726,0.59747066,0.49699920,0.49744019,1.43822945
93.5300,0.49913539,2.86432785,0.59747125,0.49699923,0.49743984,1.43823096
93.5400,0.49913527,2.86432845,0.59747184,0.49699926,0.49743948,1.43823246
93.5500,0.49913516,2.86432904,0.59747243,0.49699929,0.49743913,1.43823397
93.5600,0.49913505,2.86432964,0.59747303,0.49699932,0.49743878,1.43823547
93.5700,0.49913493,2.86433023,0.59747362,0.49699936,0.49743842,1.43823697
93.5800,0.49913482,2.86433083,0.59747421,0.49699939,0.49743807,1.43823848
93.5900,0.49913470,2.86433142,0.59747480,0.49699942,0.49743772,1.43823998
93.6000,0.49913459,2.86433201,0.59747539,0.49699945,0.49743737,1.43824147
93.6100,0.49913448,2.86433261,0.59747598,0.49699948,0.49743702,1.43824297
93.6200,0.49913437,2.86433320,0.59747656,0.49699951,0.49743666,1.43824447
93.6300,0.49913425,2.86433379,0.59747715,0.49699954,0.49743631,1.43824596
93.6400,0.49913414,2.86433438,0.59747774,0.49699957,0.49743596,1.43824746
93.6500,0.49913403,2.86433497,0.59747833,0.49699960,0.49743561,1.43824895
93.6600,0.49913391,2.86433556,0.59747891,0.49699964,0.49743526,1.43825044
93.6700,0.49913380,2.86433615,0.59747950,0.49699967,0.49743491,1.43825193
93.6800,0.49913369,2.86433674,0.59748009,0.49699970,0.49743456,1.43825342
93.6900,0.49913358,2.86433733,0.59748067,0.49699973,0.49743421,1.43825491
93.7000,0.49913346,2.86433792,0.59748126,0.49699976,0.49743386,1.43825639
93.7100,0.49913335,2.86433850,0.59748184,0.49699979,0.49743352,1.43825788
93.7200,0.49913324,2.86433909,0.59748242,0.49699982,0.49743317,1.43825936
93.7300,0.49913313,2.86433968,0.59748301,0.49699985,0.49743282,1.43826084
93.7400,0.49913301,2.86434026,0.59748359,0.49699988,0.49743247,1.43826232
93.7500,0.49913290,2.86434085,0.59748417,0.49699991,0.49743212,1.43826380
93.7600,0.49913279,2.86434143,0.59748476,0.49699994,0.49743178,1.43826528
93.7700,0.49913268,2.86434202,0.59748534,0.49699997,0.49743143,1.43826676
93.7800,0.49913257,2.86434260,0.59748592,0.49700000,0.49743108,1.43826824
93.7900,0.49913246,2.86434319,0.59748650,0.49700003,0.49743074,1.43826971
93.8000,0.49913234,2.86434377,0.59748708,0.49700006,0.49743039,1.43827119
93.8100,0.49913223,2.86434435,0.59748766,0.49700009,0.49743004,1.43827266
93.8200,0.49913212,2.86434494,0.59748824,0.49700013,0.49742970,1.43827413
93.8300,0.49913201,2.86434552,0.59748882,0.49700016,0.49742935,1.43827560
93.8400,0.49913190,2.86434610,0.59748940,0.49700019,0.49742901,1.43827707
93.8500,0.49913179,2.86434668,0.59748998,0.49700022,0.49742866,1.43827854
93.8600,0.49913168,2.86434726,0.59749055,0.49700025,0.49742832,1.43828000
93.8700,0.49913157,2.86434784,0.59749113,0.49700028,0.49742798,1.43828147
93.8800,0.49913145,2.86434842,0.59749171,0.49700031,0.49742763,1.43828293
93.8900,0.49913134,2.86434900,0.59749229,0.49700034,0.49742729,1.43828440
93.9000,0.49913123,2.86434958,0.59749286,0.49700037,0.49742695,1.43828586
93.9100,0.49913112,2.86435016,0.59749344,0.49700040,0.49742660,1.43828732
93.9200,0.49913101,2.86435073,0.59749401,0.49700043,0.49742626,1.43828878
93.9300,0.49913090,2.86435131,0.59749459,0.49700046,0.49742592,1.43829024
93.9400,0.49913079,2.86435189,0.59749516,0.49700049,0.49742558,1.43829169
93.9500,0.49913068,2.86435246,0.59749573,0.49700052,0.49742523,1.43829315
93.9600,0.49913057,2.86435304,0.59749631,0.49700055,0.49742489,1.43829460
93.9700,0.49913046,2.86435362,0.59749688,0.49700058,0.49742455,1.43829606
93.9800,0.49913035,2.86435419,0.59749745,0.49700061,0.49742421,1.43829751
93.9900,0.49913024,2.86435477,0.59749803,0.49700064,0.49742387,1.43829896
94.0000,0.49913013,2.86435534,0.59749860,0.49700067,0.49742353,1.43830041
94.0100,0.49913002,2.86435591,0.59749917,0.49700070,0.49742319,1.43830186
94.0200,0.49912991,2.86435649,0.59749974,0.49700073,0.49742285,1.43830331
94.0300,0.49912980,2.86435706,0.59750031,0.49700076,0.49742251,1.43830475
94.0400,0.49912969,2.86435763,0.59750088,0.49700079,0.49742217,1.43830620
94.0500,0.49912958,2.86435820,0.59750145,0.49700081,0.49742183,1.43830764
94.0600,0.49912948,2.86435878,0.59750202,0.49700084,0.49742149,1.43830908
94.0700,0.49912937,2.86435935,0.59750259,0.49700087,0.49742116,1.43831053
94.0800,0.49912926,2.86435992,0.59750315,0.49700090,0.49742082,1.43831197
94.0900,0.49912915,2.86436049,0.59750372,0.49700093,0.49742048,1.43831341
94.1000,0.49912904,2.86436106,0.59750429,0.49700096,0.49742014,1.43831484
94.1100,0.49912893,2.86436163,0.59750485,0.49700099,0.49741981,1.43831628
94.1200,0.49912882,2.86436219,0.59750542,0.49700102,0.49741947,1.43831772
94.1300,0.49912871,2.86436276,0.59750599,0.49700105,0.49741913,1.43831915
94.1400,0.49912860,2.86436333,0.59750655,0.49700108,0.49741880,1.43832058
94.1500,0.49912850,2.86436390,0.59750712,0.49700111,0.49741846,1.43832201
94.1600,0.49912839,2.86436446,0.59750768,0.49700114,0.49741812,1.43832345
94.1700,0.49912828,2.86436503,0.59750825,0.49700117,0.49741779,1.43832488
94.1800,0.49912817,2.86436560,0.59750881,0.49700120,0.49741745,1.43832630
94.1900,0.49912806,2.86436616,0.59750937,0.49700123,0.49741712,1.43832773
94.2000,0.49912796,2.86436673,0.59750994,0.49700125,0.49741678,1.43832916
94.2100,0.49912785,2.86436729,0.59751050,0.49700128,0.49741645,1.43833058
94.2200,0.49912774,2.86436786,0.59751106,0.49700131,0.49741612,1.43833201
94.2300,0.49912763,2.86436842,0.59751162,0.49700134,0.49741578,1.43833343
94.2400,0.49912752,2.86436898,0.59751218,0.49700137,0.49741545,1.43833485
94.2500,0.49912742,2.86436955,0.59751274,0.49700140,0.49741512,1.43833627
94.2600,0.49912731,2.86437011,0.59751330,0.49700143,0.49741478,1.43833769
94.2700,0.49912720,2.86437067,0.59751386,0.49700146,0.49741445,1.43833911
94.2800,0.49912709,2.86437123,0.59751442,0.49700149,0.49741412,1.43834052
94.2900,0.49912699,2.86437179,0.59751498,0.49700152,0.49741379,1.43834194
94.3000,0.49912688,2.86437235,0.59751554,0.49700154,0.49741345,1.43834335
94.3100,0.49912677,2.86437291,0.59751610,0.49700157,0.49741312,1.43834477
94.3200,0.49912667,2.86437347,0.59751665,0.49700160,0.49741279,1.43834618
94.3300,0.49912656,2.86437403,0.59751721,0.49700163,0.49741246,1.43834759
94.3400,0.49912645,2.86437459,0.59751777,0.49700166,0.49741213,1.43834900
94.3500,0.49912635,2.86437515,0.59751832,0.49700169,0.49741180,1.43835041
94.3600,0.49912624,2.86437571,0.59751888,0.49700172,0.49741147,1.43835181
94.3700,0.49912613,2.86437626,0.59751944,0.49700175,0.49741114,1.43835322
94.3800,0.49912603,2.86437682,0.59751999,0.49700177,0.49741081,1.43835462
94.3900,0.49912592,2.86437738,0.59752055,0.49700180,0.49741048,1.43835603
94.4000,0.49912581,2.86437793,0.59752110,0.49700183,0.49741015,1.43835743
94.4100,0.49912571,2.86437849,0.59752165,0.49700186,0.49740982,1.43835883
94.4200,0.49912560,2.86437904,0.59752221,0.49700189,0.49740949,1.43836023
94.4300,0.49912550,2.86437960,0.59752276,0.49700192,0.49740917,1.43836163
94.4400,0.49912539,2.86438015,0.59752331,0.49700194,0.49740884,1.43836303
94.4500,0.49912528,2.86438071,0.59752386,0.49700197,0.49740851,1.43836443
94.4600,0.49912518,2.86438126,0.59752441,0.49700200,0.49740818,1.43836582
94.4700,0.49912507,2.86438181,0.59752497,0.49700203,0.49740786,1.43836722
94.4800,0.49912497,2.86438237,0.59752552,0.49700206,0.49740753,1.43836861
94.4900,0.49912486,2.86438292,0.59752607,0.49700209,0.49740720,1.43837000
94.5000,0.49912476,2.86438347,0.59752662,0.49700211,0.49740688,1.43837139
94.5100,0.49912465,2.86438402,0.59752717,0.49700214,0.49740655,1.43837278
94.5200,0.49912455,2.86438457,0.59752772,0.49700217,0.49740622,1.43837417
94.5300,0.49912444,2.86438512,0.59752826,0.49700220,0.49740590,1.43837556
94.5400,0.49912434,2.86438567,0.59752881,0.49700223,0.49740557,1.43837695
94.5500,0.49912423,2.86438622,0.59752936,0.49700225,0.49740525,1.43837833
94.5600,0.49912413,2.86438677,0.59752991,0.49700228,0.49740493,1.43837972
94.5700,0.49912402,2.86438732,0.59753045,0.49700231,0.49740460,1.43838110
94.5800,0.49912392,2.86438787,0.59753100,0.49700234,0.49740428,1.43838248
94.5900,0.49912381,2.86438841,0.59753155,0.49700237,0.49740395,1.43838386
94.6000,0.49912371,2.86438896,0.59753209,0.49700239,0.49740363,1.43838524
94.6100,0.49912360,2.86438951,0.59753264,0.49700242,0.49740331,1.43838662
94.6200,0.49912350,2.86439005,0.59753318,0.49700245,0.49740298,1.43838800
94.6300,0.49912339,2.86439060,0.59753373,0.49700248,0.49740266,1.43838937
94.6400,0.49912329,2.86439115,0.59753427,0.49700251,0.49740234,1.43839075
94.6500,0.49912319,2.86439169,0.59753481,0.49700253,0.49740202,1.43839212
94.6600,0.49912308,2.86439224,0.59753536,0.49700256,0.49740169,1.43839349
94.6700,0.49912298,2.86439278,0.59753590,0.49700259,0.49740137,1.43839487
94.6800,0.49912287,2.86439332,0.59753644,0.49700262,0.49740105,1.43839624
94.6900,0.49912277,2.86439387,0.59753698,0.49700264,0.49740073,1.43839761
94.7000,0.49912267,2.86439441,0.59753752,0.49700267,0.49740041,1.43839897
94.7100,0.49912256,2.86439495,0.59753807,0.49700270,0.49740009,1.43840034
94.7200,0.49912246,2.86439549,0.59753861,0.49700273,0.49739977,1.43840171
94.7300,0.49912235,2.86439604,0.59753915,0.49700275,0.49739945,1.43840307
94.7400,0.49912225,2.86439658,0.59753969,0.49700278,0.49739913,1.43840444
94.7500,0.49912215,2.86439712,0.59754023,0.49700281,0.49739881,1.43840580
94.7600,0.49912204,2.86439766,0.59754076,0.49700284,0.49739849,1.43840716
94.7700,0.49912194,2.86439820,0.59754130,0.49700286,0.49739817,1.43840852
94.7800,0.49912184,2.86439874,0.59754184,0.49700289,0.49739785,1.43840988
94.7900,0.49912174,2.86439928,0.59754238,0.49700292,0.49739754,1.43841124
94.8000,0.49912163,2.86439981,0.59754292,0.49700295,0.49739722,1.43841259
94.8100,0.49912153,2.86440035,0.59754345,0.49700297,0.49739690,1.43841395
94.8200,0.49912143,2.86440089,0.59754399,0.49700300,0.49739658,1.43841530
94.8300,0.49912132,2.86440143,0.59754452,0.49700303,0.49739626,1.43841666
94.8400,0.49912122,2.86440196,0.59754506,0.49700305,0.49739595,1.43841801
94.8500,0.49912112,2.86440250,0.59754560,0.49700308,0.49739563,1.43841936
94.8600,0.49912102,2.86440304,0.59754613,0.49700311,0.49739531,1.43842071
94.8700,0.49912091,2.86440357,0.59754666,0.49700314,0.49739500,1.43842206
94.8800,0.49912081,2.86440411,0.59754720,0.49700316,0.49739468,1.43842341
94.8900,0.49912071,2.86440464,0.59754773,0.49700319,0.49739437,1.43842476
94.9000,0.49912061,2.86440518,0.59754826,0.49700322,0.49739405,1.43842610
94.9100,0.49912051,2.86440571,0.59754880,0.49700324,0.49739374,1.43842745
94.9200,0.49912040,2.86440624,0.59754933,0.49700327,0.49739342,1.43842879
94.9300,0.49912030,2.86440678,0.59754986,0.49700330,0.49739311,1.43843013
94.9400,0.49912020,2.86440731,0.59755039,0.49700332,0.49739279,1.43843147
94.9500,0.49912010,2.86440784,0.59755092,0.49700335,0.49739248,1.43843281
94.9600,0.49912000,2.86440837,0.59755145,0.49700338,0.49739217,1.43843415
94.9700,0.49911990,2.86440890,0.59755198,0.49700340,0.49739185,1.43843549
94.9800,0.49911979,2.86440944,0.59755251,0.49700343,0.49739154,1.43843683
94.9900,0.49911969,2.86440997,0.59755304,0.49700346,0.49739123,1.43843816
95.0000,0.49911959,2.86441050,0.59755357,0.49700348,0.49739091,1.43843950
95.0100,0.49911949,2.86441103,0.59755410,0.49700351,0.49739060,1.43844083
95.0200,0.49911939,2.86441155,0.59755463,0.49700354,0.49739029,1.43844216
95.0300,0.49911929,2.86441208,0.59755516,0.49700356,0.49738998,1.43844350
95.0400,0.49911919,2.86441261,0.59755568,0.49700359,0.49738966,1.43844483
95.0500,0.49911909,2.86441314,0.59755621,0.49700362,0.49738935,1.43844616
95.0600,0.49911899,2.86441367,0.59755674,0.49700364,0.49738904,1.43844748
95.0700,0.49911889,2.86441419,0.59755726,0.49700367,0.49738873,1.43844881
95.0800,0.49911879,2.86441472,0.59755779,0.49700370,0.49738842,1.43845014
95.0900,0.49911868,2.86441525,0.59755831,0.49700372,0.49738811,1.43845146
95.1000,0.49911858,2.86441577,0.59755884,0.49700375,0.49738780,1.43845278
95.1100,0.49911848,2.86441630,0.59755936,0.49700378,0.49738749,1.43845411
95.1200,0.49911838,2.86441682,0.59755989,0.49700380,0.49738718,1.43845543
95.1300,0.49911828,2.86441735,0.59756041,0.49700383,0.49738687,1.43845675
95.1400,0.49911818,2.86441787,0.59756094,0.49700385,0.49738656,1.43845807
95.1500,0.49911808,2.86441840,0.59756146,0.49700388,0.49738625,1.43845939
95.1600,0.49911798,2.86441892,0.59756198,0.49700391,0.49738595,1.43846070
95.1700,0.49911788,2.86441944,0.59756250,0.49700393,0.49738564,1.43846202
95.1800,0.49911778,2.86441996,0.59756302,0.49700396,0.49738533,1.43846333
95.1900,0.49911768,2.86442049,0.59756355,0.49700399,0.49738502,1.43846465
95.2000,0.49911758,2.86442101,0.59756407,0.49700401,0.49738471,1.43846596
95.2100,0.49911748,2.86442153,0.59756459,0.49700404,0.49738441,1.43846727
95.2200,0.49911739,2.86442205,0.59756511,0.49700406,0.49738410,1.43846858
95.2300,0.49911729,2.86442257,0.59756563,0.49700409,0.49738379,1.43846989
95.2400,0.49911719,2.86442309,0.59756615,0.49700412,0.49738349,1.43847120
95.2500,0.49911709,2.86442361,0.59756666,0.49700414,0.49738318,1.43847251
95.2600,0.49911699,2.86442413,0.59756718,0.49700417,0.49738287,1.43847381
95.2700,0.49911689,2.86442465,0.59756770,0.49700419,0.49738257,1.43847512
95.2800,0.49911679,2.86442517,0.59756822,0.49700422,0.49738226,1.43847642
95.2900,0.49911669,2.86442568,0.59756874,0.49700424,0.49738196,1.43847773
95.3000,0.49911659,2.86442620,0.59756925,0.49700427,0.49738165,1.43847903
95.3100,0.49911649,2.86442672,0.59756977,0.49700430,0.49738135,1.43848033
95.3200,0.49911639,2.86442723,0.59757028,0.49700432,0.49738104,1.43848163
95.3300,0.49911630,2.86442775,0.59757080,0.49700435,0.49738074,1.43848293
95.3400,0.49911620,2.86442827,0.59757132,0.49700437,0.49738044,1.43848423
95.3500,0.49911610,2.86442878,0.59757183,0.49700440,0.49738013,1.43848552
95.3600,0.49911600,2.86442930,0.59757234,0.49700442,0.49737983,1.43848682
95.3700,0.49911590,2.86442981,0.59757286,0.49700445,0.49737953,1.43848811
95.3800,0.49911580,2.86443033,0.59757337,0.49700448,0.49737922,1.43848940
95.3900,0.49911571,2.86443084,0.59757389,0.49700450,0.49737892,1.43849070
95.4000,0.49911561,2.86443135,0.59757440,0.49700453,0.49737862,1.43849199
95.4100,0.49911551,2.86443187,0.59757491,0.49700455,0.49737832,1.43849328
95.4200,0.49911541,2.86443238,0.59757542,0.49700458,0.49737801,1.43849457
95.4300,0.49911531,2.86443289,0.59757593,0.49700460,0.49737771,1.43849585
95.4400,0.49911522,2.86443340,0.59757645,0.49700463,0.49737741,1.43849714
95.4500,0.49911512,2.86443391,0.59757696,0.49700465,0.49737711,1.43849843
95.4600,0.49911502,2.86443442,0.59757747,0.49700468,0.49737681,1.43849971
95.4700,0.49911492,2.86443494,0.59757798,0.49700470,0.49737651,1.43850100
95.4800,0.49911483,2.86443545,0.59757849,0.49700473,0.49737621,1.43850228
95.4900,0.49911473,2.86443595,0.59757900,0.49700476,0.49737591,1.43850356
95.5000,0.49911463,2.86443646,0.59757950,0.49700478,0.49737561,1.43850484
95.5100,0.49911453,2.86443697,0.59758001,0.49700481,0.49737531,1.43850612
95.5200,0.49911444,2.86443748,0.59758052,0.49700483,0.49737501,1.43850740
95.5300,0.49911434,2.86443799,0.59758103,0.49700486,0.49737471,1.43850868
95.5400,0.49911424,2.86443850,0.59758154,0.49700488,0.49737441,1.43850995
95.5500,0.49911415,2.86443900,0.59758204,0.49700491,0.49737411,1.43851123
95.5600,0.49911405,2.86443951,0.59758255,0.49700493,0.49737382,1.43851250
95.5700,0.49911395,2.86444002,0.59758306,0.49700496,0.49737352,1.43851377
95.5800,0.49911386,2.86444052,0.59758356,0.49700498,0.49737322,1.43851505
95.5900,0.49911376,2.86444103,0.59758407,0.49700501,0.49737292,1.43851632
95.6000,0.49911366,2.86444153,0.59758457,0.49700503,0.49737263,1.43851759
95.6100,0.49911357,2.86444204,0.59758508,0.49700506,0.49737233,1.43851886
95.6200,0.49911347,2.86444254,0.59758558,0.49700508,0.49737203,1.43852012
95.6300,0.49911337,2.86444305,0.59758608,0.49700511,0.49737174,1.43852139
95.6400,0.49911328,2.86444355,0.59758659,0.49700513,0.49737144,1.43852266
95.6500,0.49911318,2.86444405,0.59758709,0.49700516,0.49737114,1.43852392
95.6600,0.49911309,2.86444456,0.59758759,0.49700518,0.49737085,1.43852518
95.6700,0.49911299,2.86444506,0.59758809,0.49700521,0.49737055,1.43852645
95.6800,0.49911289,2.86444556,0.59758860,0.49700523,0.49737026,1.43852771
95.6900,0.49911280,2.86444606,0.59758910,0.49700525,0.49736996,1.43852897
95.7000,0.49911270,2.86444656,0.59758960,0.49700528,0.49736967,1.43853023
95.7100,0.49911261,2.86444707,0.59759010,0.49700530,0.49736937,1.43853149
95.7200,0.49911251,2.86444757,0.59759060,0.49700533,0.49736908,1.43853274
95.7300,0.49911242,2.86444807,0.59759110,0.49700535,0.49736878,1.43853400
95.7400,0.49911232,2.86444857,0.59759160,0.49700538,0.49736849,1.43853526
95.7500,0.49911223,2.86444906,0.59759210,0.49700540,0.49736820,1.43853651
95.7600,0.49911213,2.86444956,0.59759260,0.49700543,0.49736790,1.43853776
95.7700,0.49911204,2.86445006,0.59759310,0.49700545,0.49736761,1.43853902
95.7800,0.49911194,2.86445056,0.59759359,0.49700548,0.49736732,1.43854027
95.7900,0.49911185,2.86445106,0.59759409,0.49700550,0.49736703,1.43854152
95.8000,0.49911175,2.86445155,0.59759459,0.49700552,0.49736673,1.43854277
95.8100,0.49911166,2.86445205,0.59759508,0.49700555,0.49736644,1.43854401
95.8200,0.49911156,2.86445255,0.59759558,0.49700557,0.49736615,1.43854526
95.8300,0.49911147,2.86445304,0.59759608,0.49700560,0.49736586,1.43854651
95.8400,0.49911137,2.86445354,0.59759657,0.49700562,0.49736557,1.43854775
95.8500,0.49911128,2.86445403,0.59759707,0.49700565,0.49736528,1.43854900
95.8600,0.49911118,2.86445453,0.59759756,0.49700567,0.49736499,1.43855024
95.8700,0.49911109,2.86445502,0.59759806,0.49700570,0.49736470,1.43855148
95.8800,0.49911099,2.86445552,0.59759855,0.49700572,0.49736441,1.43855272
95.8900,0.49911090,2.86445601,0.59759905,0.49700574,0.49736412,1.43855396
95.9000,0.49911081,2.86445650,0.59759954,0.49700577,0.49736383,1.43855520
95.9100,0.49911071,2.86445700,0.59760003,0.49700579,0.49736354,1.43855644
95.9200,0.49911062,2.86445749,0.59760052,0.49700582,0.49736325,1.43855767
95.9300,0.49911052,2.86445798,0.59760102,0.49700584,0.49736296,1.43855891
95.9400,0.49911043,2.86445847,0.59760151,0.49700586,0.49736267,1.43856014
95.9500,0.49911034,2.86445896,0.59760200,0.49700589,0.49736238,1.43856138
95.9600,0.49911024,2.86445946,0.59760249,0.49700591,0.49736209,1.43856261
95.9700,0.49911015,2.86445995,0.59760298,0.49700594,0.49736180,1.43856384
95.9800,0.49911005,2.86446044,0.59760347,0.49700596,0.49736152,1.43856507
95.9900,0.49910996,2.86446093,0.59760396,0.49700598,0.49736123,1.43856630
96.0000,0.49910987,2.86446142,0.59760445,0.49700601,0.49736094,1.43856753
96.0100,0.49910977,2.86446190,0.59760494,0.49700603,0.49736065,1.43856876
96.0200,0.49910968,2.86446239,0.59760543,0.49700606,0.49736037,1.43856998
96.0300,0.49910959,2.86446288,0.59760592,0.49700608,0.49736008,1.43857121
96.0400,0.49910949,2.86446337,0.59760640,0.49700610,0.49735979,1.43857243
96.0500,0.49910940,2.86446386,0.59760689,0.49700613,0.49735951,1.43857366
96.0600,0.49910931,2.86446434,0.59760738,0.49700615,0.49735922,1.43857488
96.0700,0.49910922,2.86446483,0.59760787,0.49700617,0.49735894,1.43857610
96.0800,0.49910912,2.86446532,0.59760835,0.49700620,0.49735865,1.43857732
96.0900,0.49910903,2.86446580,0.59760884,0.49700622,0.49735837,1.43857854
96.1000,0.49910894,2.86446629,0.59760932,0.49700624,0.49735808,1.43857976
96.1100,0.49910884,2.86446677,0.59760981,0.49700627,0.49735780,1.43858098
96.1200,0.49910875,2.86446726,0.59761030,0.49700629,0.49735751,1.43858219
96.1300,0.49910866,2.86446774,0.59761078,0.49700632,0.49735723,1.43858341
96.1400,0.49910857,2.86446822,0.59761126,0.49700634,0.49735694,1.43858462
96.1500,0.49910848,2.86446871,0.59761175,0.49700636,0.49735666,1.43858584
96.1600,0.49910838,2.86446919,0.59761223,0.49700639,0.49735638,1.43858705
96.1700,0.49910829,2.86446967,0.59761271,0.49700641,0.49735609,1.43858826
96.1800,0.49910820,2.86447016,0.59761320,0.49700643,0.49735581,1.43858947
96.1900,0.49910811,2.86447064,0.59761368,0.49700646,0.49735553,1.43859068
96.2000,0.49910801,2.86447112,0.59761416,0.49700648,0.49735525,1.43859189
96.2100,0.49910792,2.86447160,0.59761464,0.49700650,0.49735496,1.43859309
96.2200,0.49910783,2.86447208,0.59761512,0.49700653,0.49735468,1.43859430
96.2300,0.49910774,2.86447256,0.59761561,0.49700655,0.49735440,1.43859551
96.2400,0.49910765,2.86447304,0.59761609,0.49700657,0.49735412,1.43859671
96.2500,0.49910756,2.86447352,0.59761657,0.49700660,0.49735384,1.43859791
96.2600,0.49910746,2.86447400,0.59761705,0.49700662,0.49735356,1.43859911
96.2700,0.49910737,2.86447448,0.59761752,0.49700664,0.49735327,1.43860032
96.2800,0.49910728,2.86447496,0.59761800,0.49700667,0.49735299,1.43860152
96.2900,0.49910719,2.86447544,0.59761848,0.49700669,0.49735271,1.43860272
96.3000,0.49910710,2.86447591,0.59761896,0.49700671,0.49735243,1.43860391
96.3100,0.49910701,2.86447639,0.59761944,0.49700673,0.49735215,1.43860511
96.3200,0.49910692,2.86447687,0.59761992,0.49700676,0.49735187,1.43860631
96.3300,0.49910683,2.86447734,0.59762039,0.49700678,0.49735159,1.43860750
96.3400,0.49910674,2.86447782,0.59762087,0.49700680,0.49735132,1.43860870
96.3500,0.49910664,2.86447830,0.59762135,0.49700683,0.49735104,1.43860989
96.3600,0.49910655,2.86447877,0.59762182,0.49700685,0.49735076,1.43861108
96.3700,0.49910646,2.86447925,0.59762230,0.49700687,0.49735048,1.43861227
96.3800,0.49910637,2.86447972,0.59762277,0.49700690,0.49735020,1.43861346
96.3900,0.49910628,2.86448020,0.59762325,0.49700692,0.49734992,1.43861465
96.4000,0.49910619,2.86448067,0.59762372,0.49700694,0.49734965,1.43861584
96.4100,0.49910610,2.86448114,0.59762420,0.49700696,0.49734937,1.43861703
96.4200,0.49910601,2.86448162,0.59762467,0.49700699,0.49734909,1.43861822
96.4300,0.49910592,2.86448209,0.59762514,0.49700701,0.49734881,1.43861940
96.4400,0.49910583,2.86448256,0.59762562,0.49700703,0.49734854,1.43862059
96.4500,0.49910574,2.86448303,0.59762609,0.49700706,0.49734826,1.43862177
96.4600,0.49910565,2.86448351,0.59762656,0.49700708,0.49734798,1.43862295
96.4700,0.49910556,2.86448398,0.59762703,0.49700710,0.49734771,1.43862413
96.4800,0.49910547,2.86448445,0.59762751,0.49700712,0.49734743,1.43862531
96.4900,0.49910538,2.86448492,0.59762798,0.49700715,0.49734716,1.43862649
96.5000,0.49910529,2.86448539,0.59762845,0.49700717,0.49734688,1.43862767
96.5100,0.49910520,2.86448586,0.59762892,0.49700719,0.49734661,1.43862885
96.5200,0.49910511,2.86448633,0.59762939,0.49700721,0.49734633,1.43863003
96.5300,0.49910502,2.86448680,0.59762986,0.49700724,0.49734606,1.43863120
96.5400,0.49910493,2.86448727,0.59763033,0.49700726,0.49734578,1.43863238
96.5500,0.49910484,2.86448773,0.59763080,0.49700728,0.49734551,1.43863355
96.5600,0.49910475,2.86448820,0.59763127,0.49700730,0.49734523,1.43863472
96.5700,0.49910466,2.86448867,0.59763173,0.49700733,0.49734496,1.43863589
96.5800,0.49910458,2.86448914,0.59763220,0.49700735,0.49734469,1.43863706
96.5900,0.49910449,2.86448960,0.59763267,0.49700737,0.49734441,1.43863823
96.6000,0.49910440,2.86449007,0.59763314,0.49700739,0.49734414,1.43863940
96.6100,0.49910431,2.86449054,0.59763360,0.49700742,0.49734387,1.43864057
96.6200,0.49910422,2.86449100,0.59763407,0.49700744,0.49734359,1.43864174
96.6300,0.49910413,2.86449147,0.59763454,0.49700746,0.49734332,1.43864290
96.6400,0.49910404,2.86449193,0.59763500,0.49700748,0.49734305,1.43864407
96.6500,0.49910395,2.86449240,0.59763547,0.49700750,0.49734278,1.43864523
96.6600,0.49910386,2.86449286,0.59763593,0.49700753,0.49734251,1.43864640
96.6700,0.49910378,2.86449332,0.59763640,0.49700755,0.49734223,1.43864756
96.6800,0.49910369,2.86449379,0.59763686,0.49700757,0.49734196,1.43864872
96.6900,0.49910360,2.86449425,0.59763733,0.49700759,0.49734169,1.43864988
96.7000,0.49910351,2.86449471,0.59763779,0.49700761,0.49734142,1.43865104
96.7100,0.49910342,2.86449518,0.59763825,0.49700764,0.49734115,1.43865220
96.7200,0.49910333,2.86449564,0.59763872,0.49700766,0.49734088,1.43865335
96.7300,0.49910325,2.86449610,0.59763918,0.49700768,0.49734061,1.43865451
96.7400,0.49910316,2.86449656,0.59763964,0.49700770,0.49734034,1.43865566
96.7500,0.49910307,2.86449702,0.59764010,0.49700772,0.49734007,1.43865682
96.7600,0.49910298,2.86449748,0.59764056,0.49700775,0.49733980,1.43865797
96.7700,0.49910289,2.86449794,0.59764102,0.49700777,0.49733953,1.43865912
96.7800,0.49910281,2.86449840,0.59764149,0.49700779,0.49733926,1.43866028
96.7900,0.49910272,2.86449886,0.59764195,0.49700781,0.49733899,1.43866143
96.8000,0.49910263,2.86449932,0.59764241,0.49700783,0.49733873,1.43866258
96.8100,0.49910254,2.86449978,0.59764287,0.49700786,0.49733846,1.43866372
96.8200,0.49910246,2.86450024,0.59764333,0.49700788,0.49733819,1.43866487
96.8300,0.49910237,2.86450069,0.59764378,0.49700790,0.49733792,1.43866602
96.8400,0.49910228,2.86450115,0.59764424,0.49700792,0.49733765,1.43866716
96.8500,0.49910219,2.86450161,0.59764470,0.49700794,0.49733739,1.43866831
96.8600,0.49910211,2.86450207,0.59764516,0.49700796,0.49733712,1.43866945
96.8700,0.49910202,2.86450252,0.59764562,0.49700799,0.49733685,1.43867060
96.8800,0.49910193,2.86450298,0.59764607,0.49700801,0.49733659,1.43867174
96.8900,0.49910185,2.86450343,0.59764653,0.49700803,0.49733632,1.43867288
96.9000,0.49910176,2.86450389,0.59764699,0.49700805,0.49733605,1.43867402
96.9100,0.49910167,2.86450434,0.59764744,0.49700807,0.49733579,1.43867516
96.9200,0.49910159,2.86450480,0.59764790,0.49700809,0.49733552,1.43867630
96.9300,0.49910150,2.86450525,0.59764835,0.49700812,0.49733526,1.43867743
96.9400,0.49910141,2.86450571,0.59764881,0.49700814,0.49733499,1.43867857
96.9500,0.49910133,2.86450616,0.59764926,0.49700816,0.49733473,1.43867971
96.9600,0.49910124,2.86450661,0.59764972,0.49700818,0.49733446,1.43868084
96.9700,0.49910115,2.86450707,0.59765017,0.49700820,0.49733420,1.43868197
96.9800,0.49910107,2.86450752,0.59765063,0.49700822,0.49733393,1.43868311
96.9900,0.49910098,2.86450797,0.59765108,0.49700824,0.49733367,1.43868424
97.0000,0.49910089,2.86450842,0.59765153,0.49700827,0.49733340,1.43868537
97.0100,0.49910081,2.86450887,0.59765199,0.49700829,0.49733314,1.43868650
97.0200,0.49910072,2.86450932,0.59765244,0.49700831,0.49733288,1.43868763
97.0300,0.49910064,2.86450978,0.59765289,0.49700833,0.49733261,1.43868875
97.0400,0.49910055,2.86451023,0.59765334,0.49700835,0.49733235,1.43868988
97.0500,0.49910046,2.86451068,0.59765379,0.49700837,0.49733209,1.43869101
97.0600,0.49910038,2.86451113,0.59765424,0.49700839,0.49733183,1.43869213
97.0700,0.49910029,2.86451157,0.59765469,0.49700842,0.49733156,1.43869326
97.0800,0.49910021,2.86451202,0.59765514,0.49700844,0.49733130,1.43869438
97.0900,0.49910012,2.86451247,0.59765559,0.49700846,0.49733104,1.43869550
97.1000,0.49910004,2.86451292,0.59765604,0.49700848,0.49733078,1.43869662
97.1100,0.49909995,2.86451337,0.59765649,0.49700850,0.49733052,1.43869774
97.1200,0.49909987,2.86451382,0.59765694,0.49700852,0.49733025,1.43869886
97.1300,0.49909978,2.86451426,0.59765739,0.49700854,0.49732999,1.43869998
97.1400,0.49909969,2.86451471,0.59765784,0.49700856,0.49732973,1.43870110
97.1500,0.49909961,2.86451516,0.59765829,0.49700858,0.49732947,1.43870221
97.1600,0.49909952,2.86451560,0.59765873,0.49700860,0.49732921,1.43870333
97.1700,0.49909944,2.86451605,0.59765918,0.49700863,0.49732895,1.43870444
97.1800,0.49909935,2.86451649,0.59765963,0.49700865,0.49732869,1.43870556
97.1900,0.49909927,2.86451694,0.59766007,0.49700867,0.49732843,1.43870667
97.2000,0.49909919,2.86451738,0.59766052,0.49700869,0.49732817,1.43870778
97.2100,0.49909910,2.86451783,0.59766096,0.49700871,0.49732791,1.43870889
97.2200,0.49909902,2.86451827,0.59766141,0.49700873,0.49732765,1.43871000
97.2300,0.49909893,2.86451871,0.59766185,0.49700875,0.49732739,1.43871111
97.2400,0.49909885,2.86451916,0.59766230,0.49700877,0.49732714,1.43871222
97.2500,0.49909876,2.86451960,0.59766274,0.49700879,0.49732688,1.43871333
97.2600,0.49909868,2.86452004,0.59766319,0.49700881,0.49732662,1.43871444
97.2700,0.49909859,2.86452048,0.59766363,0.49700883,0.49732636,1.43871554
97.2800,0.49909851,2.86452093,0.59766407,0.49700885,0.49732610,1.43871665
97.2900,0.49909842,2.86452137,0.59766452,0.49700888,0.49732585,1.43871775
97.3000,0.49909834,2.86452181,0.59766496,0.49700890,0.49732559,1.43871885
97.3100,0.49909826,2.86452225,0.59766540,0.49700892,0.49732533,1.43871995
97.3200,0.49909817,2.86452269,0.59766584,0.49700894,0.49732507,1.43872105
97.3300,0.49909809,2.86452313,0.59766629,0.49700896,0.49732482,1.43872215
97.3400,0.49909800,2.86452357,0.59766673,0.49700898,0.49732456,1.43872325
97.3500,0.49909792,2.86452401,0.59766717,0.49700900,0.49732431,1.43872435
97.3600,0.49909784,2.86452445,0.59766761,0.49700902,0.49732405,1.43872545
97.3700,0.49909775,2.86452488,0.59766805,0.49700904,0.49732379,1.43872655
97.3800,0.49909767,2.86452532,0.59766849,0.49700906,0.49732354,1.43872764
97.3900,0.49909759,2.86452576,0.59766893,0.49700908,0.49732328,1.43872874
97.4000,0.49909750,2.86452620,0.59766937,0.49700910,0.49732303,1.43872983
97.4100,0.49909742,2.86452664,0.59766980,0.49700912,0.49732277,1.43873092
97.4200,0.49909734,2.86452707,0.59767024,0.49700914,0.49732252,1.43873201
97.4300,0.49909725,2.86452751,0.59767068,0.49700916,0.49732226,1.43873310
97.4400,0.49909717,2.86452794,0.59767112,0.49700918,0.49732201,1.43873419
97.4500,0.49909709,2.86452838,0.59767156,0.49700920,0.49732175,1.43873528
97.4600,0.49909700,2.86452882,0.59767199,0.49700922,0.49732150,1.43873637
97.4700,0.49909692,2.86452925,0.59767243,0.49700924,0.49732125,1.43873746
97.4800,0.49909684,2.86452969,0.59767287,0.49700926,0.49732099,1.43873855
97.4900,0.49909675,2.86453012,0.59767330,0.49700928,0.49732074,1.43873963
97.5000,0.49909667,2.86453055,0.59767374,0.49700930,0.49732049,1.43874072
97.5100,0.49909659,2.86453099,0.59767417,0.49700933,0.49732023,1.43874180
97.5200,0.49909651,2.86453142,0.59767461,0.49700935,0.49731998,1.43874288
97.5300,0.49909642,2.86453185,0.59767504,0.49700937,0.49731973,1.43874396
97.5400,0.49909634,2.86453229,0.59767548,0.49700939,0.49731948,1.43874504
97.5500,0.49909626,2.86453272,0.59767591,0.49700941,0.49731923,1.43874612
97.5600,0.49909618,2.86453315,0.59767635,0.49700943,0.49731897,1.43874720
97.5700,0.49909609,2.86453358,0.59767678,0.49700945,0.49731872,1.43874828
97.5800,0.49909601,2.86453401,0.59767721,0.49700947,0.49731847,1.43874936
97.5900,0.49909593,2.86453444,0.59767765,0.49700949,0.49731822,1.43875044
97.6000,0.49909585,2.86453488,0.59767808,0.49700951,0.49731797,1.43875151
97.6100,0.49909577,2.86453531,0.59767851,0.49700953,0.49731772,1.43875259
97.6200,0.49909568,2.86453574,0.59767894,0.49700955,0.49731747,1.43875366
97.6300,0.49909560,2.86453617,0.59767937,0.49700957,0.49731722,1.43875473
97.6400,0.49909552,2.86453659,0.59767980,0.49700959,0.49731697,1.43875581
97.6500,0.49909544,2.86453702,0.59768023,0.49700961,0.49731672,1.43875688
97.6600,0.49909536,2.86453745,0.59768066,0.49700963,0.49731647,1.43875795
97.6700,0.49909527,2.86453788,0.59768109,0.49700965,0.49731622,1.43875902
97.6800,0.49909519,2.86453831,0.59768152,0.49700966,0.49731597,1.43876008
97.6900,0.49909511,2.86453874,0.59768195,0.49700968,0.49731572,1.43876115
97.7000,0.49909503,2.86453916,0.59768238,0.49700970,0.49731547,1.43876222
97.7100,0.49909495,2.86453959,0.59768281,0.49700972,0.49731522,1.43876328
97.7200,0.49909487,2.86454002,0.59768324,0.49700974,0.49731498,1.43876435
97.7300,0.49909479,2.86454044,0.59768367,0.49700976,0.49731473,1.43876541
97.7400,0.49909470,2.86454087,0.59768410,0.49700978,0.49731448,1.43876648
97.7500,0.49909462,2.86454129,0.59768452,0.49700980,0.49731423,1.43876754
97.7600,0.49909454,2.86454172,0.59768495,0.49700982,0.49731398,1.43876860
97.7700,0.49909446,2.86454214,0.59768538,0.49700984,0.49731374,1.43876966
97.7800,0.49909438,2.86454257,0.59768580,0.49700986,0.49731349,1.43877072
97.7900,0.49909430,2.86454299,0.59768623,0.49700988,0.49731324,1.43877178
97.8000,0.49909422,2.86454341,0.59768665,0.49700990,0.49731300,1.43877284
97.8100,0.49909414,2.86454384,0.59768708,0.49700992,0.49731275,1.43877389
97.8200,0.49909406,2.86454426,0.59768750,0.49700994,0.49731250,1.43877495
97.8300,0.49909398,2.86454468,0.59768793,0.49700996,0.49731226,1.43877600
97.8400,0.49909390,2.86454511,0.59768835,0.49700998,0.49731201,1.43877706
97.8500,0.49909382,2.86454553,0.59768878,0.49701000,0.49731177,1.43877811
97.8600,0.49909373,2.86454595,0.59768920,0.49701002,0.49731152,1.43877916
97.8700,0.49909365,2.86454637,0.59768963,0.49701004,0.49731128,1.43878022
97.8800,0.49909357,2.86454679,0.59769005,0.49701006,0.49731103,1.43878127
97.8900,0.49909349,2.86454721,0.59769047,0.49701008,0.49731079,1.43878232
97.9000,0.49909341,2.86454763,0.59769089,0.49701010,0.49731054,1.43878337
97.9100,0.49909333,2.86454805,0.59769132,0.49701011,0.49731030,1.43878441
97.9200,0.49909325,2.86454847,0.59769174,0.49701013,0.49731005,1.43878546
97.9300,0.49909317,2.86454889,0.59769216,0.49701015,0.49730981,1.43878651
97.9400,0.49909309,2.86454931,0.59769258,0.49701017,0.49730957,1.43878755
97.9500,0.49909301,2.86454973,0.59769300,0.49701019,0.49730932,1.43878860
97.9600,0.49909293,2.86455015,0.59769342,0.49701021,0.49730908,1.43878964
97.9700,0.49909285,2.86455057,0.59769384,0.49701023,0.49730884,1.43879069
97.9800,0.49909277,2.86455098,0.59769426,0.49701025,0.49730859,1.43879173
97.9900,0.49909269,2.86455140,0.59769468,0.49701027,0.49730835,1.43879277
98.0000,0.49909262,2.86455182,0.59769510,0.49701029,0.49730811,1.43879381
98.0100,0.49909254,2.86455224,0.59769552,0.49701031,0.49730787,1.43879485
98.0200,0.49909246,2.86455265,0.59769594,0.49701033,0.49730762,1.43879589
98.0300,0.49909238,2.86455307,0.59769635,0.49701034,0.49730738,1.43879693
98.0400,0.49909230,2.86455348,0.59769677,0.49701036,0.49730714,1.43879796
98.0500,0.49909222,2.86455390,0.59769719,0.49701038,0.49730690,1.43879900
98.0600,0.49909214,2.86455431,0.59769761,0.49701040,0.49730666,1.43880003
98.0700,0.49909206,2.86455473,0.59769802,0.49701042,0.49730642,1.43880107
98.0800,0.49909198,2.86455514,0.59769844,0.49701044,0.49730618,1.43880210
98.0900,0.49909190,2.86455556,0.59769886,0.49701046,0.49730594,1.43880313
98.1000,0.49909182,2.86455597,0.59769927,0.49701048,0.49730569,1.43880417
98.1100,0.49909174,2.86455638,0.59769969,0.49701050,0.49730545,1.43880520
98.1200,0.49909167,2.86455680,0.59770010,0.49701052,0.49730521,1.43880623
98.1300,0.49909159,2.86455721,0.59770052,0.49701053,0.49730497,1.43880726
98.1400,0.49909151,2.86455762,0.59770093,0.49701055,0.49730473,1.43880828
98.1500,0.49909143,2.86455803,0.59770135,0.49701057,0.49730450,1.43880931
98.1600,0.49909135,2.86455845,0.59770176,0.49701059,0.49730426,1.43881034
98.1700,0.49909127,2.86455886,0.59770218,0.49701061,0.49730402,1.43881136
98.1800,0.49909119,2.86455927,0.59770259,0.49701063,0.49730378,1.43881239
98.1900,0.49909112,2.86455968,0.59770300,0.49701065,0.49730354,1.43881341
98.2000,0.49909104,2.86456009,0.59770341,0.49701067,0.49730330,1.43881444
98.2100,0.49909096,2.86456050,0.59770383,0.49701068,0.49730306,1.43881546
98.2200,0.49909088,2.86456091,0.59770424,0.49701070,0.49730283,1.43881648
98.2300,0.49909080,2.86456132,0.59770465,0.49701072,0.49730259,1.43881750
98.2400,0.49909073,2.86456173,0.59770506,0.49701074,0.49730235,1.43881852
98.2500,0.49909065,2.86456214,0.59770547,0.49701076,0.49730211,1.43881954
98.2600,0.49909057,2.86456255,0.59770588,0.49701078,0.49730188,1.43882056
98.2700,0.49909049,2.86456295,0.59770629,0.49701080,0.49730164,1.43882157
98.2800,0.49909041,2.86456336,0.59770670,0.49701081,0.49730140,1.43882259
98.2900,0.49909034,2.86456377,0.59770711,0.49701083,0.49730117,1.43882361
98.3000,0.49909026,2.86456418,0.59770752,0.49701085,0.49730093,1.43882462
98.3100,0.49909018,2.86456458,0.59770793,0.49701087,0.49730069,1.43882564
98.3200,0.49909010,2.86456499,0.59770834,0.49701089,0.49730046,1.43882665
98.3300,0.49909003,2.86456539,0.59770875,0.49701091,0.49730022,1.43882766
98.3400,0.49908995,2.86456580,0.59770916,0.49701092,0.49729999,1.43882867
98.3500,0.49908987,2.86456621,0.59770957,0.49701094,0.49729975,1.43882968
98.3600,0.49908979,2.86456661,0.59770997,0.49701096,0.49729951,1.43883069
98.3700,0.49908972,2.86456702,0.59771038,0.49701098,0.49729928,1.43883170
98.3800,0.49908964,2.86456742,0.59771079,0.49701100,0.49729905,1.43883271
98.3900,0.49908956,2.86456783,0.59771119,0.49701102,0.49729881,1.43883372
98.4000,0.49908949,2.86456823,0.59771160,0.49701103,0.49729858,1.43883472
98.4100,0.49908941,2.86456863,0.59771201,0.49701105,0.49729834,1.43883573
98.4200,0.49908933,2.86456904,0.59771241,0.49701107,0.49729811,1.43883673
98.4300,0.49908926,2.86456944,0.59771282,0.49701109,0.49729787,1.43883774
98.4400,0.49908918,2.86456984,0.59771322,0.49701111,0.49729764,1.43883874
98.4500,0.49908910,2.86457024,0.59771363,0.49701113,0.49729741,1.43883974
98.4600,0.49908903,2.86457065,0.59771403,0.49701114,0.49729717,1.43884074
98.4700,0.49908895,2.86457105,0.59771444,0.49701116,0.49729694,1.43884174
98.4800,0.49908887,2.86457145,0.59771484,0.49701118,0.49729671,1.43884274
98.4900,0.49908880,2.86457185,0.59771524,0.49701120,0.49729648,1.43884374
98.5000,0.49908872,2.86457225,0.59771565,0.49701122,0.49729624,1.43884474
98.5100,0.49908864,2.86457265,0.59771605,0.49701123,0.49729601,1.43884574
98.5200,0.49908857,2.86457305,0.59771645,0.49701125,0.49729578,1.43884673
98.5300,0.49908849,2.86457345,0.59771685,0.49701127,0.49729555,1.43884773
98.5400,0.49908841,2.86457385,0.59771726,0.49701129,0.49729532,1.43884872
98.5500,0.49908834,2.86457425,0.59771766,0.49701131,0.49729508,1.43884972
98.5600,0.49908826,2.86457465,0.59771806,0.49701132,0.49729485,1.43885071
98.5700,0.49908819,2.86457505,0.59771846,0.49701134,0.49729462,1.43885170
98.5800,0.49908811,2.86457544,0.59771886,0.49701136,0.49729439,1.43885269
98.5900,0.49908803,2.86457584,0.59771926,0.49701138,0.49729416,1.43885368
98.6000,0.49908796,2.86457624,0.59771966,0.49701140,0.49729393,1.43885467
98.6100,0.49908788,2.86457664,0.59772006,0.49701141,0.49729370,1.43885566
98.6200,0.49908781,2.86457703,0.59772046,0.49701143,0.49729347,1.43885665
98.6300,0.49908773,2.86457743,0.59772086,0.49701145,0.49729324,1.43885764
98.6400,0.49908766,2.86457783,0.59772126,0.49701147,0.49729301,1.43885862
98.6500,0.49908758,2.86457822,0.59772166,0.49701149,0.49729278,1.43885961
98.6600,0.49908751,2.86457862,0.59772205,0.49701150,0.49729255,1.43886059
98.6700,0.49908743,2.86457901,0.59772245,0.49701152,0.49729232,1.43886158
98.6800,0.49908735,2.86457941,0.59772285,0.49701154,0.49729209,1.43886256
98.6900,0.49908728,2.86457980,0.59772325,0.49701156,0.49729187,1.43886354
98.7000,0.49908720,2.86458020,0.59772364,0.49701157,0.49729164,1.43886452
98.7100,0.49908713,2.86458059,0.59772404,0.49701159,0.49729141,1.43886551
98.7200,0.49908705,2.86458098,0.59772444,0.49701161,0.49729118,1.43886649
98.7300,0.49908698,2.86458138,0.59772483,0.49701163,0.49729095,1.43886746
98.7400,0.49908690,2.86458177,0.59772523,0.49701164,0.49729073,1.43886844
98.7500,0.49908683,2.86458216,0.59772562,0.49701166,0.49729050,1.43886942
98.7600,0.49908675,2.86458256,0.59772602,0.49701168,0.49729027,1.43887040
98.7700,0.49908668,2.86458295,0.59772641,0.49701170,0.49729004,1.43887137
98.7800,0.49908660,2.86458334,0.59772681,0.49701171,0.49728982,1.43887235
98.7900,0.49908653,2.86458373,0.59772720,0.49701173,0.49728959,1.43887332
98.8000,0.49908646,2.86458412,0.59772760,0.49701175,0.49728936,1.43887429
98.8100,0.49908638,2.86458451,0.59772799,0.49701177,0.49728914,1.43887527
98.8200,0.49908631,2.86458490,0.59772838,0.49701178,0.49728891,1.43887624
98.8300,0.49908623,2.86458529,0.59772878,0.49701180,0.49728868,1.43887721
98.8400,0.49908616,2.86458568,0.59772917,0.49701182,0.49728846,1.43887818
98.8500,0.49908608,2.86458607,0.59772956,0.49701184,0.49728823,1.43887915
98.8600,0.49908601,2.86458646,0.59772995,0.49701185,0.49728801,1.43888012
98.8700,0.49908594,2.86458685,0.59773035,0.49701187,0.49728778,1.43888109
98.8800,0.49908586,2.86458724,0.59773074,0.49701189,0.49728756,1.43888205
98.8900,0.49908579,2.86458763,0.59773113,0.49701191,0.49728733,1.43888302
98.9000,0.49908571,2.86458802,0.59773152,0.49701192,0.49728711,1.43888398
98.9100,0.49908564,2.86458841,0.59773191,0.49701194,0.49728688,1.43888495
98.9200,0.49908557,2.86458879,0.59773230,0.49701196,0.49728666,1.43888591
98.9300,0.49908549,2.86458918,0.59773269,0.49701198,0.49728644,1.43888687
98.9400,0.49908542,2.86458957,0.59773308,0.49701199,0.49728621,1.43888784
98.9500,0.49908534,2.86458995,0.59773347,0.49701201,0.49728599,1.43888880
98.9600,0.49908527,2.86459034,0.59773386,0.49701203,0.49728577,1.43888976
98.9700,0.49908520,2.86459073,0.59773425,0.49701204,0.49728554,1.43889072
98.9800,0.49908512,2.86459111,0.59773463,0.49701206,0.49728532,1.43889168
98.9900,0.49908505,2.86459150,0.59773502,0.49701208,0.49728510,1.43889263
99.0000,0.49908498,2.86459188,0.59773541,0.49701210,0.49728487,1.43889359
99.0100,0.49908490,2.86459227,0.59773580,0.49701211,0.49728465,1.43889455
99.0200,0.49908483,2.86459265,0.59773619,0.49701213,0.49728443,1.43889550
99.0300,0.49908476,2.86459303,0.59773657,0.49701215,0.49728421,1.43889646
99.0400,0.49908468,2.86459342,0.59773696,0.49701216,0.49728398,1.43889741
99.0500,0.49908461,2.86459380,0.59773735,0.49701218,0.49728376,1.43889837
99.0600,0.49908454,2.86459418,0.59773773,0.49701220,0.49728354,1.43889932
99.0700,0.49908446,2.86459457,0.59773812,0.49701221,0.49728332,1.43890027
99.0800,0.49908439,2.86459495,0.59773850,0.49701223,0.49728310,1.43890122
99.0900,0.49908432,2.86459533,0.59773889,0.49701225,0.49728288,1.43890217
99.1000,0.49908425,2.86459571,0.59773927,0.49701227,0.49728266,1.43890312
99.1100,0.49908417,2.86459610,0.59773966,0.49701228,0.49728244,1.43890407
99.1200,0.49908410,2.86459648,0.59774004,0.49701230,0.49728222,1.43890502
99.1300,0.49908403,2.86459686,0.59774042,0.49701232,0.49728200,1.43890596
99.1400,0.49908396,2.86459724,0.59774081,0.49701233,0.49728178,1.43890691
99.1500,0.49908388,2.86459762,0.59774119,0.49701235,0.49728156,1.43890786
99.1600,0.49908381,2.86459800,0.59774157,0.49701237,0.49728134,1.43890880
99.1700,0.49908374,2.86459838,0.59774196,0.49701238,0.49728112,1.43890974
99.1800,0.49908367,2.86459876,0.59774234,0.49701240,0.49728090,1.43891069
99.1900,0.49908359,2.86459914,0.59774272,0.49701242,0.49728068,1.43891163
99.2000,0.49908352,2.86459952,0.59774310,0.49701243,0.49728046,1.43891257
99.2100,0.49908345,2.86459989,0.59774349,0.49701245,0.49728024,1.43891351
99.2200,0.49908338,2.86460027,0.59774387,0.49701247,0.49728002,1.43891445
99.2300,0.49908330,2.86460065,0.59774425,0.49701248,0.49727980,1.43891539
99.2400,0.49908323,2.86460103,0.59774463,0.49701250,0.49727958,1.43891633
99.2500,0.49908316,2.86460141,0.59774501,0.49701252,0.49727937,1.43891727
99.2600,0.49908309,2.86460178,0.59774539,0.49701253,0.49727915,1.43891820
99.2700,0.49908302,2.86460216,0.59774577,0.49701255,0.49727893,1.43891914
99.2800,0.49908295,2.86460254,0.59774615,0.49701257,0.49727871,1.43892007
99.2900,0.49908287,2.86460291,0.59774653,0.49701258,0.49727850,1.43892101
99.3000,0.49908280,2.86460329,0.59774691,0.49701260,0.49727828,1.43892194
99.3100,0.49908273,2.86460366,0.59774728,0.49701262,0.49727806,1.43892287
99.3200,0.49908266,2.86460404,0.59774766,0.49701263,0.49727785,1.43892381
99.3300,0.49908259,2.86460441,0.59774804,0.49701265,0.49727763,1.43892474
99.3400,0.49908252,2.86460479,0.59774842,0.49701267,0.49727741,1.43892567
99.3500,0.49908244,2.86460516,0.59774880,0.49701268,0.49727720,1.43892660
99.3600,0.49908237,2.86460554,0.59774917,0.49701270,0.49727698,1.43892753
99.3700,0.49908230,2.86460591,0.59774955,0.49701271,0.49727677,1.43892845
99.3800,0.49908223,2.86460628,0.59774993,0.49701273,0.49727655,1.43892938
99.3900,0.49908216,2.86460666,0.59775030,0.49701275,0.49727633,1.43893031
99.4000,0.49908209,2.86460703,0.59775068,0.49701276,0.49727612,1.43893123
99.4100,0.49908202,2.86460740,0.59775105,0.49701278,0.49727590,1.43893216
99.4200,0.49908195,2.86460778,0.59775143,0.49701280,0.49727569,1.43893308
99.4300,0.49908188,2.86460815,0.59775180,0.49701281,0.49727547,1.43893401
99.4400,0.49908181,2.86460852,0.59775218,0.49701283,0.49727526,1.43893493
99.4500,0.49908173,2.86460889,0.59775255,0.49701285,0.49727505,1.43893585
99.4600,0.49908166,2.86460926,0.59775293,0.49701286,0.49727483,1.43893677
99.4700,0.49908159,2.86460963,0.59775330,0.49701288,0.49727462,1.43893769
99.4800,0.49908152,2.86461000,0.59775368,0.49701289,0.49727440,1.43893861
99.4900,0.49908145,2.86461037,0.59775405,0.49701291,0.49727419,1.43893953
99.5000,0.49908138,2.86461074,0.59775442,0.49701293,0.49727398,1.43894045
99.5100,0.49908131,2.86461111,0.59775479,0.49701294,0.49727376,1.43894137
99.5200,0.49908124,2.86461148,0.59775517,0.49701296,0.49727355,1.43894228
99.5300,0.49908117,2.86461185,0.59775554,0.49701297,0.49727334,1.43894320
99.5400,0.49908110,2.86461222,0.59775591,0.49701299,0.49727312,1.43894412
99.5500,0.49908103,2.86461259,0.59775628,0.49701301,0.49727291,1.43894503
99.5600,0.49908096,2.86461296,0.59775665,0.49701302,0.49727270,1.43894594
99.5700,0.49908089,2.86461332,0.59775702,0.49701304,0.49727249,1.43894686
99.5800,0.49908082,2.86461369,0.59775740,0.49701305,0.49727228,1.43894777
99.5900,0.49908075,2.86461406,0.59775777,0.49701307,0.49727206,1.43894868
99.6000,0.49908068,2.86461443,0.59775814,0.49701309,0.49727185,1.43894959
99.6100,0.49908061,2.86461479,0.59775851,0.49701310,0.49727164,1.43895050
99.6200,0.49908054,2.86461516,0.59775888,0.49701312,0.49727143,1.43895141
99.6300,0.49908047,2.86461552,0.59775924,0.49701313,0.49727122,1.43895232
99.6400,0.49908040,2.86461589,0.59775961,0.49701315,0.49727101,1.43895323
99.6500,0.49908033,2.86461626,0.59775998,0.49701317,0.49727080,1.43895413
99.6600,0.49908026,2.86461662,0.59776035,0.49701318,0.49727059,1.43895504
99.6700,0.49908019,2.86461699,0.59776072,0.49701320,0.49727038,1.43895594
99.6800,0.49908012,2.86461735,0.59776109,0.49701321,0.49727017,1.43895685
99.6900,0.49908005,2.86461771,0.59776145,0.49701323,0.49726996,1.43895775
99.7000,0.49907998,2.86461808,0.59776182,0.49701325,0.49726975,1.43895865
99.7100,0.49907991,2.86461844,0.59776219,0.49701326,0.49726954,1.43895956
99.7200,0.49907984,2.86461881,0.59776256,0.49701328,0.49726933,1.43896046
99.7300,0.49907978,2.86461917,0.59776292,0.49701329,0.49726912,1.43896136
99.7400,0.49907971,2.86461953,0.59776329,0.49701331,0.49726891,1.43896226
99.7500,0.49907964,2.86461989,0.59776365,0.49701332,0.49726870,1.43896316
99.7600,0.49907957,2.86462026,0.59776402,0.49701334,0.49726849,1.43896406
99.7700,0.49907950,2.86462062,0.59776438,0.49701336,0.49726828,1.43896495
99.7800,0.49907943,2.86462098,0.59776475,0.49701337,0.49726807,1.43896585
99.7900,0.49907936,2.86462134,0.59776511,0.49701339,0.49726787,1.43896675
99.8000,0.49907929,2.86462170,0.59776548,0.49701340,0.49726766,1.43896764
99.8100,0.49907922,2.86462206,0.59776584,0.49701342,0.49726745,1.43896854
99.8200,0.49907916,2.86462242,0.59776621,0.49701343,0.49726724,1.43896943
99.8300,0.49907909,2.86462278,0.59776657,0.49701345,0.49726704,1.43897032
99.8400,0.49907902,2.86462314,0.59776693,0.49701347,0.49726683,1.43897122
99.8500,0.49907895,2.86462350,0.59776730,0.49701348,0.49726662,1.43897211
99.8600,0.49907888,2.86462386,0.59776766,0.49701350,0.49726641,1.43897300
99.8700,0.49907881,2.86462422,0.59776802,0.49701351,0.49726621,1.43897389
99.8800,0.49907874,2.86462458,0.59776838,0.49701353,0.49726600,1.43897478
99.8900,0.49907868,2.86462494,0.59776875,0.49701354,0.49726579,1.43897567
99.9000,0.49907861,2.86462530,0.59776911,0.49701356,0.49726559,1.43897656
99.9100,0.49907854,2.86462566,0.59776947,0.49701357,0.49726538,1.43897744
99.9200,0.49907847,2.86462601,0.59776983,0.49701359,0.49726518,1.43897833
99.9300,0.49907840,2.86462637,0.59777019,0.49701360,0.49726497,1.43897922
99.9400,0.49907834,2.86462673,0.59777055,0.49701362,0.49726476,1.43898010
99.9500,0.49907827,2.86462709,0.59777091,0.49701364,0.49726456,1.43898099
99.9600,0.49907820,2.86462744,0.59777127,0.49701365,0.49726435,1.43898187
99.9700,0.49907813,2.86462780,0.59777163,0.49701367,0.49726415,1.43898275
99.9800,0.49907806,2.86462815,0.59777199,0.49701368,0.49726394,1.43898363
99.9900,0.49907800,2.86462851,0.59777235,0.49701370,0.49726374,1.43898452
100.0000,0.49907793,2.86462887,0.59777271,0.49701371,0.49726353,1.43898540
